id,slot_type,filler,mode,source_subtitle_id,freq,pos_tag,prep,remix_type,remix_prep,remix_word_count,centroid_dot,norm_sq,token_count,popularity_score
2980875,list_item,science,strict,862,39,,,,,,,,,0.3333333333333333
2980876,list_item,decision making,strict,862,1,,,,,,,,,0.3010299956639812
2980877,list_item,race,strict,961,72,,,,,,,,,0.5
2980878,list_item,group identity,strict,961,1,,,,,,,,,0.3010299956639812
2980879,list_item,sailors,strict,1225,2,,,,,,,,,0.9789807220306499
2980880,list_item,slaves,strict,1225,4,,,,,,,,,0.739490361015325
2980881,list_item,commoners,strict,1225,2,,,,,,,,,0.9789807220306499
2980882,list_item,Mark Klett,strict,1541,2,,,,,,,,,0.5
2980883,list_item,photography,strict,1541,9,,,,,,,,,0.5
2980884,list_item,Walter Hagen,strict,1704,2,,,,,,,,,0.5
2980885,list_item,Bobby Jones,strict,1704,4,,,,,,,,,0.5
2980886,list_item,citizens,strict,1975,2,,,,,,,,,0.47712125471966244
2980887,list_item,politicians,strict,1975,4,,,,,,,,,0.5
2980888,list_item,ideas,strict,2619,1,,,,,,,,,0.3010299956639812
2980889,list_item,public policy,strict,2619,2,,,,,,,,,0.47712125471966244
2980890,list_item,capitalism,strict,3192,4,,,,,,,,,0.0
2980891,list_item,politics,strict,3192,78,,,,,,,,,0.548628573254241
2980892,list_item,Marx,strict,3676,3,,,,,,,,,0.25
2980893,list_item,Keynes,strict,3676,1,,,,,,,,,0.3010299956639812
2980894,list_item,disability,strict,4933,2,,,,,,,,,0.47712125471966244
2980895,list_item,insurance,strict,4933,2,,,,,,,,,0.47712125471966244
2980896,list_item,Krafft-Ebing,strict,4962,1,,,,,,,,,0.3010299956639812
2980897,list_item,psychiatry,strict,4962,2,,,,,,,,,0.47712125471966244
2980898,list_item,Fritz Haber,strict,6255,4,,,,,,,,,0.5
2980899,list_item,Carl Bosch,strict,6255,3,,,,,,,,,0.5
2980900,list_item,China,strict,6816,18,,,,,,,,,0.600352592923728
2980901,list_item,Britain,strict,6816,20,,,,,,,,,0.7118837537142206
2980902,list_item,France,strict,6816,13,,,,,,,,,0.6596219571424258
2980903,list_item,trash taste,strict,8459,1,,,,,,,,,0.3010299956639812
2980904,list_item,popular power,strict,8459,1,,,,,,,,,0.3010299956639812
2980905,list_item,extreme capitalism,strict,8866,2,,,,,,,,,0.5
2980906,list_item,market populism,strict,8866,2,,,,,,,,,0.5
2980907,list_item,institutions,strict,10262,9,,,,,,,,,1.0
2980908,list_item,strategic restraint,strict,10262,1,,,,,,,,,0.3010299956639812
2980909,list_item,redistricting,strict,10896,1,,,,,,,,,0.3010299956639812
2980910,list_item,kinship,strict,11174,2,,,,,,,,,0.47712125471966244
2980911,list_item,gender,strict,11174,34,,,,,,,,,0.0
2980912,list_item,computers,strict,11724,1,,,,,,,,,0.3010299956639812
2980913,list_item,hypertext,strict,11724,3,,,,,,,,,0.5
2980914,list_item,evolution,strict,11784,14,,,,,,,,,1.1760912590556813
2980915,list_item,cell biology,strict,11784,1,,,,,,,,,0.3010299956639812
2980916,list_item,culture,strict,12464,44,,,,,,,,,0.5
2980917,list_item,ideology,strict,12464,14,,,,,,,,,1.1760912590556813
2980918,list_item,history,strict,14110,32,,,,,,,,,0.25
2980919,list_item,myth,strict,14110,15,,,,,,,,,0.0
2980920,list_item,hunters,strict,15280,2,,,,,,,,,0.47712125471966244
2980921,list_item,farmers,strict,15280,2,,,,,,,,,0.47712125471966244
2980922,list_item,deliberation,strict,15420,1,,,,,,,,,0.3010299956639812
2980923,list_item,motivation,strict,15420,1,,,,,,,,,0.3010299956639812
2980924,list_item,ethics,strict,17199,12,,,,,,,,,0.0
2980925,list_item,Fort Sumter,strict,17746,2,,,,,,,,,0.5
2980926,list_item,Charleston,strict,17746,2,,,,,,,,,0.5
2980927,list_item,cultural politics,strict,18032,1,,,,,,,,,0.3010299956639812
2980928,list_item,nationalism,strict,18032,13,,,,,,,,,0.5
2980929,list_item,patients,strict,19184,2,,,,,,,,,0.47712125471966244
2980930,list_item,doctors,strict,19184,3,,,,,,,,,0.563776540853449
2980931,list_item,neoliberalism,strict,19261,3,,,,,,,,,0.6020599913279624
2980932,list_item,deindustrialization,strict,19261,1,,,,,,,,,0.3010299956639812
2980933,list_item,philosophy,strict,20181,11,,,,,,,,,1.0791812460476249
2980934,list_item,law,strict,20181,25,,,,,,,,,0.18107523116833513
2980935,list_item,Douglas Engelbart,strict,20484,1,,,,,,,,,0.3010299956639812
2980936,list_item,coevolution,strict,20484,1,,,,,,,,,0.3010299956639812
2980937,list_item,partisanship,strict,21707,1,,,,,,,,,0.3010299956639812
2980938,list_item,state failure,strict,22413,1,,,,,,,,,0.3010299956639812
2980939,list_item,regional politics,strict,22413,1,,,,,,,,,0.3010299956639812
2980940,list_item,incrementalism,strict,22572,1,,,,,,,,,0.3010299956639812
2980941,list_item,worldview,strict,22572,1,,,,,,,,,0.3010299956639812
2980942,list_item,squatters,strict,22811,1,,,,,,,,,0.3010299956639812
2980943,list_item,poachers,strict,22811,1,,,,,,,,,0.3010299956639812
2980944,list_item,thieves,strict,22811,1,,,,,,,,,0.3010299956639812
2980945,list_item,poetics,strict,23301,1,,,,,,,,,0.3010299956639812
2980946,list_item,metaphysics,strict,23301,2,,,,,,,,,0.47712125471966244
2980947,list_item,elites,strict,23455,3,,,,,,,,,0.6020599913279624
2980948,list_item,special interests,strict,23455,2,,,,,,,,,0.47712125471966244
2980949,list_item,leaders,strict,24450,2,,,,,,,,,0.47712125471966244
2980950,list_item,followers,strict,24450,2,,,,,,,,,0.47712125471966244
2980951,list_item,Girodet,strict,25405,1,,,,,,,,,0.3010299956639812
2980952,list_item,Balzac,strict,25405,4,,,,,,,,,0.25
2980953,list_item,James Gibson,strict,25791,2,,,,,,,,,0.5
2980954,list_item,Roger Barker,strict,25791,2,,,,,,,,,0.5
2980955,list_item,academics,strict,26115,1,,,,,,,,,0.3010299956639812
2980956,list_item,clothes,strict,26666,2,,,,,,,,,0.8415186645848972
2980957,list_item,character,strict,26666,3,,,,,,,,,0.8415186645848972
2980958,list_item,government,strict,27065,2,,,,,,,,,0.47712125471966244
2980959,list_item,lawsuits,strict,27065,1,,,,,,,,,0.3010299956639812
2980960,list_item,crisis,strict,29751,6,,,,,,,,,0.8450980400142568
2980961,list_item,tradition,strict,29751,5,,,,,,,,,0.7781512503836436
2980962,list_item,war,strict,33178,19,,,,,,,,,0.6062096882723018
2980963,list_item,Switzerland,strict,33178,2,,,,,,,,,0.5
2980964,list_item,genes,strict,35357,6,,,,,,,,,0.5
2980965,list_item,environment,strict,35357,7,,,,,,,,,0.5
2980966,list_item,internationalization,strict,38604,1,,,,,,,,,0.3010299956639812
2980967,list_item,political change,strict,38604,1,,,,,,,,,0.3010299956639812
2980968,list_item,ethnicity,strict,39013,5,,,,,,,,,0.7781512503836436
2980969,list_item,racism,strict,39013,2,,,,,,,,,0.47712125471966244
2980970,list_item,tribalism,strict,39013,1,,,,,,,,,0.3010299956639812
2980971,list_item,problems,strict,43447,3,,,,,,,,,0.6020599913279624
2980972,list_item,policies,strict,43447,2,,,,,,,,,0.47712125471966244
2980973,list_item,perspectives,strict,43447,1,,,,,,,,,0.3010299956639812
2980974,list_item,aesthetics,strict,45865,4,,,,,,,,,0.6989700043360189
2980975,list_item,India,strict,47023,8,,,,,,,,,0.5
2980976,list_item,Sri Lanka,strict,47023,3,,,,,,,,,0.5
2980977,list_item,manhood,strict,52210,1,,,,,,,,,0.3010299956639812
2980978,list_item,work routines,strict,55789,1,,,,,,,,,0.3010299956639812
2980979,list_item,professional ideologies,strict,55789,1,,,,,,,,,0.3010299956639812
2980980,list_item,competition,strict,290322,5,,,,,,,,,0.0
2980981,list_item,oligopoly,strict,290322,1,,,,,,,,,0.3010299956639812
2980982,list_item,trade,strict,343383,1,,,,,,,,,0.3010299956639812
2980983,list_item,tariffs,strict,343383,1,,,,,,,,,0.3010299956639812
2980984,list_item,Priestley,strict,344003,1,,,,,,,,,0.3010299956639812
2980985,list_item,Lavoisier,strict,344003,1,,,,,,,,,0.3010299956639812
2980986,list_item,forestry,strict,351226,1,,,,,,,,,0.3010299956639812
2980987,list_item,agriculture,strict,351226,5,,,,,,,,,0.0
2980988,list_item,policy,strict,382967,6,,,,,,,,,0.0
2980989,list_item,cubism,strict,383895,2,,,,,,,,,0.47712125471966244
2980990,list_item,Stieglitz,strict,383895,2,,,,,,,,,0.5
2980991,list_item,technocracy,strict,410914,2,,,,,,,,,0.0
2980992,list_item,power,strict,410914,38,,,,,,,,,0.5
2980993,list_item,Roosevelt,strict,434087,4,,,,,,,,,0.25
2980994,list_item,Marshall,strict,434087,5,,,,,,,,,0.5493225754236191
2980995,list_item,suburbanization,strict,436685,1,,,,,,,,,0.3010299956639812
2980996,list_item,minority opportunity,strict,436685,1,,,,,,,,,0.3010299956639812
2980997,list_item,poets,strict,464248,2,,,,,,,,,0.0
2980998,list_item,playwrights,strict,464248,2,,,,,,,,,0.0
2980999,list_item,Arms,strict,469933,2,,,,,,,,,0.0
2981000,list_item,technology,strict,469933,25,,,,,,,,,0.16666666666666666
2981001,list_item,exports,strict,484262,2,,,,,,,,,0.47712125471966244
2981002,list_item,imports,strict,484262,2,,,,,,,,,0.47712125471966244
2981003,list_item,Technology,strict,484398,49,,,,,,,,,0.5
2981004,list_item,faith,strict,484398,10,,,,,,,,,1.0413926851582251
2981005,list_item,soldiers,strict,490262,4,,,,,,,,,0.0
2981006,list_item,group frequency correlations,strict,499093,2,,,,,,,,,0.0
2981007,list_item,sample handling,strict,499093,2,,,,,,,,,0.0
2981008,list_item,Lincoln,strict,505118,7,,,,,,,,,0.5
2981009,list_item,Massachusetts,strict,505118,2,,,,,,,,,0.5
2981010,list_item,party,strict,531818,1,,,,,,,,,0.3010299956639812
2981011,list_item,section,strict,531818,1,,,,,,,,,0.3010299956639812
2981012,list_item,Shakespeare,strict,534232,10,,,,,,,,,0.3333333333333333
2981013,list_item,Dostoevsky,strict,534232,1,,,,,,,,,0.3010299956639812
2981014,list_item,Roentgenologic anatomy,strict,541416,1,,,,,,,,,0.3010299956639812
2981015,list_item,diagnosis,strict,541416,2,,,,,,,,,0.0
2981016,list_item,Lexington,strict,553845,3,,,,,,,,,0.029460810579012797
2981017,list_item,Concord,strict,553845,3,,,,,,,,,0.029460810579012797
2981018,list_item,individualism,strict,566764,3,,,,,,,,,0.0
2981019,list_item,collectivism,strict,566764,3,,,,,,,,,0.0
2981020,list_item,children,strict,571814,6,,,,,,,,,0.5198010247577299
2981021,list_item,inequality,strict,571814,3,,,,,,,,,0.6020599913279624
2981022,list_item,Egypt,strict,572057,8,,,,,,,,,0.3804665847733119
2981023,list_item,economics,strict,598136,4,,,,,,,,,0.6989700043360189
2981024,list_item,society,strict,598136,9,,,,,,,,,0.0
2981025,list_item,Kissinger,strict,605640,8,,,,,,,,,0.39218516337546144
2981026,list_item,Nixon,strict,605640,9,,,,,,,,,0.39218516337546144
2981027,list_item,youth,strict,615054,2,,,,,,,,,0.47712125471966244
2981028,list_item,poverty,strict,615054,11,,,,,,,,,0.16095876461296846
2981029,list_item,housing policy,strict,617581,1,,,,,,,,,0.3010299956639812
2981030,list_item,conflict,strict,617581,2,,,,,,,,,0.47712125471966244
2981031,list_item,social change,strict,638976,2,,,,,,,,,0.47712125471966244
2981032,list_item,political consciousness,strict,638976,1,,,,,,,,,0.3010299956639812
2981033,list_item,hedonism,strict,640630,1,,,,,,,,,0.3010299956639812
2981034,list_item,morality,strict,640630,6,,,,,,,,,0.0
2981035,list_item,Spain,strict,644964,4,,,,,,,,,0.3333333333333333
2981036,list_item,ancient Egypt,strict,645838,2,,,,,,,,,0.47712125471966244
2981037,list_item,Alexander,strict,645838,3,,,,,,,,,0.5
2981038,list_item,Israel,strict,651299,10,,,,,,,,,0.3403944966404184
2981039,list_item,modernity,strict,651299,20,,,,,,,,,0.0
2981040,list_item,spirituality,strict,674836,4,,,,,,,,,0.5
2981041,list_item,Judaism,strict,674836,8,,,,,,,,,0.5
2981042,list_item,pluralism,strict,677569,4,,,,,,,,,0.0
2981043,list_item,corporatism,strict,677569,2,,,,,,,,,0.0
2981044,list_item,designs,strict,679609,3,,,,,,,,,0.6020599913279624
2981045,list_item,models,strict,679609,3,,,,,,,,,0.6020599913279624
2981046,list_item,life,strict,679701,14,,,,,,,,,0.3333333333333333
2981047,list_item,liberty,strict,679701,12,,,,,,,,,0.3333333333333333
2981048,list_item,mythology,strict,680778,3,,,,,,,,,0.5
2981049,list_item,sexuality,strict,680778,4,,,,,,,,,0.5
2981050,list_item,Emperor Ferdinand II,strict,681441,2,,,,,,,,,0.5
2981051,list_item,William Lamormaini,strict,681441,2,,,,,,,,,0.5
2981052,list_item,S.J,strict,681441,1,,,,,,,,,0.3010299956639812
2981053,list_item,costs,strict,693545,1,,,,,,,,,0.3010299956639812
2981054,list_item,James F.B.yrnes,strict,706441,3,,,,,,,,,0.25
2981055,list_item,Truman,strict,706441,7,,,,,,,,,0.5
2981056,list_item,folklore,strict,707420,2,,,,,,,,,0.47712125471966244
2981057,list_item,private institutions,strict,709791,1,,,,,,,,,0.3010299956639812
2981058,list_item,temperature,strict,737419,2,,,,,,,,,0.47712125471966244
2981059,list_item,pressure,strict,737419,1,,,,,,,,,0.3010299956639812
2981060,list_item,composition,strict,737419,2,,,,,,,,,0.47712125471966244
2981061,list_item,plant closings,strict,748262,2,,,,,,,,,0.0
2981062,list_item,community abandonment,strict,748262,2,,,,,,,,,0.0
2981063,list_item,Sylvester Graham,strict,748476,1,,,,,,,,,0.3010299956639812
2981064,list_item,health reform,strict,748476,1,,,,,,,,,0.3010299956639812
2981065,list_item,Iberia,strict,752125,1,,,,,,,,,0.3010299956639812
2981066,list_item,Latin America,strict,752125,4,,,,,,,,,0.25
2981067,list_item,Trollope,strict,755646,2,,,,,,,,,0.47712125471966244
2981068,list_item,fox-hunting,strict,755646,2,,,,,,,,,0.47712125471966244
2981069,list_item,Islam,strict,755961,24,,,,,,,,,0.7241395532925464
2981070,list_item,alcoholism,strict,755961,3,,,,,,,,,0.6020599913279624
2981071,list_item,revolution,strict,761866,10,,,,,,,,,0.46733241152020993
2981072,list_item,counter-revolution,strict,761866,3,,,,,,,,,0.6020599913279624
2981073,list_item,migrants,strict,766021,1,,,,,,,,,0.3010299956639812
2981074,list_item,nativists,strict,766021,1,,,,,,,,,0.3010299956639812
2981075,list_item,art,strict,769093,21,,,,,,,,,0.5862655173162258
2981076,list_item,production,strict,769315,1,,,,,,,,,0.3010299956639812
2981077,list_item,knowledge,strict,769315,3,,,,,,,,,0.6020599913279624
2981078,list_item,extraction,strict,775058,3,,,,,,,,,0.0
2981079,list_item,unequal exchange,strict,775058,3,,,,,,,,,0.0
2981080,list_item,marriage,strict,777582,3,,,,,,,,,0.0
2981081,list_item,love,strict,778860,10,,,,,,,,,0.23402522611441512
2981082,list_item,form,strict,779409,2,,,,,,,,,0.47712125471966244
2981083,list_item,metaphor,strict,779409,2,,,,,,,,,0.47712125471966244
2981084,list_item,Kurd Lasswitz,strict,782571,1,,,,,,,,,0.3010299956639812
2981085,list_item,Hans Dominik,strict,782571,1,,,,,,,,,0.3010299956639812
2981086,list_item,examinations,strict,786478,2,,,,,,,,,0.0
2981087,list_item,state,strict,790257,5,,,,,,,,,0.0
2981088,list_item,geology,strict,803261,2,,,,,,,,,0.0
2981089,list_item,astronomy,strict,803261,3,,,,,,,,,0.0
2981090,list_item,institutionalization,strict,804685,1,,,,,,,,,0.3010299956639812
2981091,list_item,diversity,strict,804685,2,,,,,,,,,0.47712125471966244
2981092,list_item,nature,strict,807024,9,,,,,,,,,1.0
2981093,list_item,capital,strict,807024,6,,,,,,,,,0.8450980400142568
2981094,list_item,economic restructuring,strict,808791,1,,,,,,,,,0.3010299956639812
2981095,list_item,unemployment,strict,808791,2,,,,,,,,,0.47712125471966244
2981096,list_item,psychology,strict,809802,4,,,,,,,,,0.0
2981097,list_item,Bell,strict,810331,2,,,,,,,,,0.0
2981098,list_item,Western Electric,strict,810331,2,,,,,,,,,0.0
2981099,list_item,quantum physics,strict,811958,2,,,,,,,,,0.47712125471966244
2981100,list_item,molecular biology,strict,811958,1,,,,,,,,,0.3010299956639812
2981101,list_item,narcissism,strict,812241,1,,,,,,,,,0.3010299956639812
2981102,list_item,genetics,strict,812885,5,,,,,,,,,0.0
2981103,list_item,Russia,strict,813093,19,,,,,,,,,0.528856467183534
2981104,list_item,Kelsen,strict,832115,1,,,,,,,,,0.3010299956639812
2981105,list_item,Mises,strict,832115,1,,,,,,,,,0.3010299956639812
2981106,list_item,linguistics,strict,839001,1,,,,,,,,,0.3010299956639812
2981107,list_item,stylistics,strict,839001,1,,,,,,,,,0.3010299956639812
2981108,list_item,Randolph Bourne,strict,845214,1,,,,,,,,,0.3010299956639812
2981109,list_item,Alfred Stieglitz,strict,845214,1,,,,,,,,,0.3010299956639812
2981110,list_item,Marxism,strict,846127,4,,,,,,,,,0.16666666666666666
2981111,list_item,feminism,strict,846127,10,,,,,,,,,0.5
2981112,list_item,Mill,strict,849990,1,,,,,,,,,0.3010299956639812
2981113,list_item,Newman,strict,849990,1,,,,,,,,,0.3010299956639812
2981114,list_item,water,strict,851169,6,,,,,,,,,0.5
2981115,list_item,aridity,strict,851169,2,,,,,,,,,0.5
2981116,list_item,nation,strict,884962,5,,,,,,,,,0.7781512503836436
2981117,list_item,class,strict,884962,16,,,,,,,,,0.25
2981118,list_item,literature,strict,892534,23,,,,,,,,,0.5
2981119,list_item,film,strict,892534,8,,,,,,,,,0.5
2981120,list_item,alcohol,strict,892591,3,,,,,,,,,0.0
2981121,list_item,drugs,strict,892591,4,,,,,,,,,0.0
2981122,list_item,lawmakers,strict,913753,4,,,,,,,,,0.40001985282858676
2981123,list_item,lobbyists,strict,913753,4,,,,,,,,,0.40001985282858676
2981124,list_item,Freud,strict,915269,11,,,,,,,,,0.5533908684364729
2981125,list_item,atheism,strict,915269,1,,,,,,,,,0.3010299956639812
2981126,list_item,relativity,strict,916502,1,,,,,,,,,0.3010299956639812
2981127,list_item,black holes,strict,916502,1,,,,,,,,,0.3010299956639812
2981128,list_item,imitation,strict,917338,5,,,,,,,,,0.25
2981129,list_item,rivalry,strict,917338,4,,,,,,,,,0.3791456436913482
2981130,list_item,expansion,strict,917468,1,,,,,,,,,0.3010299956639812
2981131,list_item,settlement,strict,917468,1,,,,,,,,,0.3010299956639812
2981132,list_item,philosophical anthropology,strict,917475,1,,,,,,,,,0.3010299956639812
2981133,list_item,ambiguity,strict,920131,3,,,,,,,,,0.5
2981134,list_item,agreement,strict,920131,1,,,,,,,,,0.3010299956639812
2981135,list_item,diffusion,strict,925060,1,,,,,,,,,0.3010299956639812
2981136,list_item,dependency,strict,925060,1,,,,,,,,,0.3010299956639812
2981137,list_item,spirit,strict,927995,4,,,,,,,,,0.5
2981138,list_item,men,strict,932387,7,,,,,,,,,0.5
2981139,list_item,mines,strict,932387,1,,,,,,,,,0.3010299956639812
2981140,list_item,royalism,strict,951905,1,,,,,,,,,0.3010299956639812
2981141,list_item,Boulangism,strict,951905,3,,,,,,,,,0.25
2981142,list_item,Sadat,strict,954803,1,,,,,,,,,0.3010299956639812
2981143,list_item,peace,strict,954803,4,,,,,,,,,0.0
2981144,list_item,fairness,strict,956123,2,,,,,,,,,0.0
2981145,list_item,efficiency,strict,956123,2,,,,,,,,,0.0
2981146,list_item,progression,strict,958373,1,,,,,,,,,0.3010299956639812
2981147,list_item,polysemy,strict,958627,1,,,,,,,,,0.3010299956639812
2981148,list_item,semantics,strict,958627,2,,,,,,,,,0.47712125471966244
2981149,list_item,self,strict,959613,1,,,,,,,,,0.3010299956639812
2981150,list_item,consciousness,strict,959613,4,,,,,,,,,0.6231355227786175
2981151,list_item,parties,strict,960128,2,,,,,,,,,0.5
2981152,list_item,elections,strict,960128,4,,,,,,,,,0.5
2981153,list_item,rhetoric,strict,960305,6,,,,,,,,,0.8450980400142568
2981154,list_item,personal growth,strict,960744,1,,,,,,,,,0.3010299956639812
2981155,list_item,Thomas Monaghan,strict,968353,2,,,,,,,,,0.0
2981156,list_item,Gunnar Birkerts,strict,968353,2,,,,,,,,,0.0
2981157,list_item,Chamberlain,strict,991149,1,,,,,,,,,0.3010299956639812
2981158,list_item,appeasement,strict,991149,1,,,,,,,,,0.3010299956639812
2981159,list_item,writers,strict,991272,1,,,,,,,,,0.3010299956639812
2981160,list_item,Western regionalism,strict,991272,1,,,,,,,,,0.3010299956639812
2981161,list_item,memory,strict,991477,12,,,,,,,,,0.2739128209502687
2981162,list_item,nostalgia,strict,991477,6,,,,,,,,,0.25
2981163,list_item,marketing,strict,992084,3,,,,,,,,,0.6020599913279624
2981164,list_item,meanings,strict,992084,1,,,,,,,,,0.3010299956639812
2981165,list_item,taste,strict,993428,2,,,,,,,,,0.47712125471966244
2981166,list_item,travel,strict,993428,2,,,,,,,,,0.47712125471966244
2981167,list_item,Vico,strict,998452,1,,,,,,,,,0.3010299956639812
2981168,list_item,Ahmet Ertegun,strict,1001304,2,,,,,,,,,0.12766631515584903
2981169,list_item,Atlantic Records,strict,1001304,2,,,,,,,,,0.12766631515584903
2981170,list_item,hypermedia,strict,1001738,6,,,,,,,,,0.5
2981171,list_item,property,strict,1003577,7,,,,,,,,,0.0
2981172,list_item,poetry,strict,1004388,10,,,,,,,,,0.16666666666666666
2981173,list_item,parents,strict,1004967,6,,,,,,,,,0.8450980400142568
2981174,list_item,infants,strict,1004967,2,,,,,,,,,0.47712125471966244
2981175,list_item,Tibet,strict,1005198,2,,,,,,,,,0.5
2981176,list_item,travel writing,strict,1005198,2,,,,,,,,,0.5
2981177,list_item,migration,strict,1005301,5,,,,,,,,,0.5
2981178,list_item,psychoanalysis,strict,1006321,6,,,,,,,,,0.5
2981179,list_item,gnosis,strict,1006485,1,,,,,,,,,0.3010299956639812
2981180,list_item,kabala,strict,1006485,1,,,,,,,,,0.3010299956639812
2981181,list_item,existentialism,strict,1006485,1,,,,,,,,,0.3010299956639812
2981182,list_item,Niels Bohr,strict,1006705,2,,,,,,,,,0.5
2981183,list_item,philanthropy,strict,1006705,2,,,,,,,,,0.47712125471966244
2981184,list_item,Sakharov,strict,1006724,1,,,,,,,,,0.3010299956639812
2981185,list_item,food,strict,1007181,4,,,,,,,,,0.7063493714251485
2981186,list_item,structure,strict,1009072,1,,,,,,,,,0.3010299956639812
2981187,list_item,agency,strict,1009072,1,,,,,,,,,0.3010299956639812
2981188,list_item,rhetorics,strict,1009450,1,,,,,,,,,0.3010299956639812
2981189,list_item,allegory,strict,1009450,2,,,,,,,,,0.47712125471966244
2981190,list_item,people,strict,1022242,12,,,,,,,,,0.5
2981191,list_item,policy dilemmas,strict,1031275,2,,,,,,,,,0.47712125471966244
2981192,list_item,courts,strict,1035191,2,,,,,,,,,0.47712125471966244
2981193,list_item,administrative tribunals,strict,1035191,1,,,,,,,,,0.3010299956639812
2981194,list_item,Coatesville,strict,1036598,1,,,,,,,,,0.3010299956639812
2981195,list_item,Pennsylvania,strict,1036598,2,,,,,,,,,0.47712125471966244
2981196,list_item,German cinema,strict,1037831,1,,,,,,,,,0.3010299956639812
2981197,list_item,expressionism,strict,1037831,1,,,,,,,,,0.3010299956639812
2981198,list_item,Dante,strict,1038765,6,,,,,,,,,0.16666666666666666
2981199,list_item,Spenser,strict,1038765,6,,,,,,,,,0.0
2981200,list_item,Milton,strict,1038765,6,,,,,,,,,0.16666666666666666
2981201,list_item,truth,strict,1038924,5,,,,,,,,,0.3138331575779245
2981202,list_item,fiction,strict,1038924,6,,,,,,,,,0.8450980400142568
2981203,list_item,verbal play,strict,1039323,2,,,,,,,,,0.5
2981204,list_item,interpretation,strict,1039323,3,,,,,,,,,0.5
2981205,list_item,Rorty,strict,1039680,2,,,,,,,,,0.5
2981206,list_item,critical theory,strict,1039680,1,,,,,,,,,0.3010299956639812
2981207,list_item,Henry James,strict,1040723,2,,,,,,,,,0.5
2981208,list_item,William James,strict,1040723,2,,,,,,,,,0.5
2981209,list_item,women,strict,1042447,25,,,,,,,,,0.2024105639228266
2981210,list_item,friendship,strict,1042447,3,,,,,,,,,0.0
2981211,list_item,privilege,strict,1043777,7,,,,,,,,,0.06907552117871536
2981212,list_item,sports,strict,1045267,2,,,,,,,,,0.5
2981213,list_item,homosexuality,strict,1045267,4,,,,,,,,,0.5
2981214,list_item,Brutus,strict,1045845,1,,,,,,,,,0.3010299956639812
2981215,list_item,Hamlet,strict,1045845,1,,,,,,,,,0.3010299956639812
2981216,list_item,rules,strict,1046845,1,,,,,,,,,0.3010299956639812
2981217,list_item,urban design,strict,1048351,1,,,,,,,,,0.3010299956639812
2981218,list_item,military culture,strict,1048351,1,,,,,,,,,0.3010299956639812
2981219,list_item,evolutionism,strict,1048603,1,,,,,,,,,0.3010299956639812
2981220,list_item,entrepreneurship,strict,1049284,5,,,,,,,,,0.0
2981221,list_item,petty capitalism,strict,1049284,1,,,,,,,,,0.3010299956639812
2981222,list_item,Lacan,strict,1050662,9,,,,,,,,,0.5
2981223,list_item,arms transfers,strict,1051207,2,,,,,,,,,0.0
2981224,list_item,global interventionism,strict,1051207,2,,,,,,,,,0.0
2981225,list_item,Popo Molefe,strict,1051214,1,,,,,,,,,0.3010299956639812
2981226,list_item,Patrick Lekota,strict,1051214,1,,,,,,,,,0.3010299956639812
2981227,list_item,energy,strict,1054286,4,,,,,,,,,0.6989700043360189
2981228,list_item,fatigue,strict,1054286,2,,,,,,,,,0.47712125471966244
2981229,list_item,American Indians,strict,1055545,2,,,,,,,,,0.0
2981230,list_item,cowboys,strict,1055545,1,,,,,,,,,0.3010299956639812
2981231,list_item,apple recipes,strict,1057885,1,,,,,,,,,0.3010299956639812
2981232,list_item,anecdotes,strict,1057885,1,,,,,,,,,0.3010299956639812
2981233,list_item,enlightenment,strict,1065958,6,,,,,,,,,0.8450980400142568
2981234,list_item,Psalms,strict,1075547,1,,,,,,,,,0.3010299956639812
2981235,list_item,legitimacy,strict,1076218,3,,,,,,,,,0.6020599913279624
2981236,list_item,Foucault,strict,1077670,6,,,,,,,,,0.3333333333333333
2981237,list_item,Rank,strict,1078673,3,,,,,,,,,0.5
2981238,list_item,Winnicott,strict,1078673,3,,,,,,,,,0.5
2981239,list_item,democratization,strict,1080761,1,,,,,,,,,0.3010299956639812
2981240,list_item,social justice,strict,1080761,1,,,,,,,,,0.3010299956639812
2981241,list_item,prejudice,strict,1084116,2,,,,,,,,,0.47712125471966244
2981242,list_item,Charlayne Hunter,strict,1084331,2,,,,,,,,,0.5
2981243,list_item,Hamilton Holmes,strict,1084331,2,,,,,,,,,0.5
2981244,list_item,Sartre,strict,1086146,7,,,,,,,,,0.5
2981245,list_item,paternity,strict,1086146,1,,,,,,,,,0.3010299956639812
2981246,list_item,German immigrants,strict,1087860,1,,,,,,,,,0.3010299956639812
2981247,list_item,labor conflict,strict,1087860,1,,,,,,,,,0.3010299956639812
2981248,list_item,futurism,strict,1090269,2,,,,,,,,,0.47712125471966244
2981249,list_item,intellectual labor,strict,1091548,1,,,,,,,,,0.3010299956639812
2981250,list_item,Coke,strict,1091775,3,,,,,,,,,0.0
2981251,list_item,Hobbes,strict,1091775,6,,,,,,,,,0.3333333333333333
2981252,list_item,chaos,strict,1093422,9,,,,,,,,,0.3333333333333333
2981253,list_item,creativity,strict,1093422,5,,,,,,,,,0.4551823429308217
2981254,list_item,machismo,strict,1093854,1,,,,,,,,,0.3010299956639812
2981255,list_item,danger,strict,1093854,1,,,,,,,,,0.3010299956639812
2981256,list_item,Wittgenstein,strict,1094553,2,,,,,,,,,0.47712125471966244
2981257,list_item,Heidegger,strict,1094553,5,,,,,,,,,0.16666666666666666
2981258,list_item,Germany,strict,1095428,13,,,,,,,,,0.7118837537142206
2981259,list_item,arms races,strict,1095847,1,,,,,,,,,0.3010299956639812
2981260,list_item,arms control,strict,1095847,1,,,,,,,,,0.3010299956639812
2981261,list_item,butter,strict,1109188,1,,,,,,,,,0.3010299956639812
2981262,list_item,margarine,strict,1109188,1,,,,,,,,,0.3010299956639812
2981263,list_item,theology,strict,1122586,4,,,,,,,,,0.6989700043360189
2981264,list_item,Clarence Thomas,strict,1122898,2,,,,,,,,,0.47712125471966244
2981265,list_item,Anita Hill,strict,1122898,1,,,,,,,,,0.3010299956639812
2981266,list_item,Robert Bork,strict,1125934,1,,,,,,,,,0.3010299956639812
2981267,list_item,multimedia,strict,1125985,3,,,,,,,,,0.5
2981268,list_item,information,strict,1125990,2,,,,,,,,,0.47712125471966244
2981269,list_item,social knowledge,strict,1125990,1,,,,,,,,,0.3010299956639812
2981270,list_item,land,strict,1126270,4,,,,,,,,,0.6989700043360189
2981271,list_item,colonialism,strict,1128063,3,,,,,,,,,0.6020599913279624
2981272,list_item,Federalists,strict,1131368,2,,,,,,,,,0.5
2981273,list_item,taxation,strict,1131368,1,,,,,,,,,0.3010299956639812
2981274,list_item,Magna Carta,strict,1131386,4,,,,,,,,,0.0
2981275,list_item,ancient constitution,strict,1131386,3,,,,,,,,,0.0
2981276,list_item,Jesse Jackson,strict,1131658,1,,,,,,,,,0.3010299956639812
2981277,list_item,Pat Robertson,strict,1131658,1,,,,,,,,,0.3010299956639812
2981278,list_item,Ephesus,strict,1132176,2,,,,,,,,,0.5
2981279,list_item,Asia,strict,1132176,4,,,,,,,,,0.5
2981280,list_item,religion,strict,1132415,29,,,,,,,,,0.014408564501668447
2981281,list_item,God,strict,1133709,25,,,,,,,,,0.5
2981282,list_item,creation,strict,1133709,1,,,,,,,,,0.3010299956639812
2981283,list_item,music,strict,1135707,6,,,,,,,,,0.8450980400142568
2981284,list_item,representation,strict,1135707,5,,,,,,,,,0.5
2981285,list_item,Mary Wroth,strict,1137256,1,,,,,,,,,0.3010299956639812
2981286,list_item,William Herbert,strict,1137256,1,,,,,,,,,0.3010299956639812
2981287,list_item,Locke,strict,1138153,4,,,,,,,,,0.3333333333333333
2981288,list_item,consent,strict,1138153,2,,,,,,,,,0.5
2981289,list_item,merchants,strict,1140073,1,,,,,,,,,0.3010299956639812
2981290,list_item,Canada,strict,1141131,4,,,,,,,,,0.6615263035781146
2981291,list_item,Australia,strict,1141131,3,,,,,,,,,0.6020599913279624
2981292,list_item,Jung,strict,1141304,3,,,,,,,,,0.5
2981293,list_item,Sophia,strict,1141304,1,,,,,,,,,0.3010299956639812
2981294,list_item,geography,strict,1142356,3,,,,,,,,,0.6020599913279624
2981295,list_item,Brian Mulroney,strict,1149507,2,,,,,,,,,0.0
2981296,list_item,big business,strict,1149507,5,,,,,,,,,0.0
2981297,list_item,computer software,strict,1156217,1,,,,,,,,,0.3010299956639812
2981298,list_item,intellectual property,strict,1156217,2,,,,,,,,,0.47712125471966244
2981299,list_item,Hunt,strict,1165200,1,,,,,,,,,0.3010299956639812
2981300,list_item,Cobbett,strict,1165200,1,,,,,,,,,0.3010299956639812
2981301,list_item,Hazlitt,strict,1165200,1,,,,,,,,,0.3010299956639812
2981302,list_item,privatization,strict,1166566,2,,,,,,,,,0.47712125471966244
2981303,list_item,galactic halos,strict,1171731,1,,,,,,,,,0.3010299956639812
2981304,list_item,cold dark matter,strict,1171731,1,,,,,,,,,0.3010299956639812
2981305,list_item,cultures,strict,1173853,2,,,,,,,,,0.47712125471966244
2981306,list_item,Hitchcock,strict,1174558,2,,,,,,,,,0.5
2981307,list_item,homophobia,strict,1174558,1,,,,,,,,,0.3010299956639812
2981308,list_item,Martin Luther King,strict,1174572,4,,,,,,,,,0.5
2981309,list_item,Jr,strict,1174572,10,,,,,,,,,0.5
2981310,list_item,entertainment,strict,1175040,2,,,,,,,,,0.47712125471966244
2981311,list_item,sex,strict,1175799,17,,,,,,,,,0.5
2981312,list_item,anthropology,strict,1178032,4,,,,,,,,,0.25
2981313,list_item,interactions,strict,1182034,1,,,,,,,,,0.3010299956639812
2981314,list_item,tacit understandings,strict,1182034,1,,,,,,,,,0.3010299956639812
2981315,list_item,earth,strict,1182577,1,,,,,,,,,0.3010299956639812
2981316,list_item,theory,strict,1184512,6,,,,,,,,,0.0
2981317,list_item,gossip,strict,1184932,1,,,,,,,,,0.3010299956639812
2981318,list_item,landscape,strict,1185730,6,,,,,,,,,0.25
2981319,list_item,government funding,strict,1186330,1,,,,,,,,,0.3010299956639812
2981320,list_item,corruption,strict,1186330,5,,,,,,,,,0.144545450142916
2981321,list_item,ethnography,strict,1186372,4,,,,,,,,,0.6989700043360189
2981322,list_item,talk radio,strict,1186438,1,,,,,,,,,0.3010299956639812
2981323,list_item,money,strict,1189069,11,,,,,,,,,0.3333333333333333
2981324,list_item,plantations,strict,1190000,1,,,,,,,,,0.3010299956639812
2981325,list_item,gardens,strict,1190000,1,,,,,,,,,0.3010299956639812
2981326,list_item,cinema,strict,1197257,4,,,,,,,,,0.6989700043360189
2981327,list_item,legislatures,strict,1200447,1,,,,,,,,,0.3010299956639812
2981328,list_item,southern cosmopolitanism,strict,1210646,1,,,,,,,,,0.3010299956639812
2981329,list_item,internationalism,strict,1210646,2,,,,,,,,,0.47712125471966244
2981330,list_item,British adventure,strict,1214386,1,,,,,,,,,0.3010299956639812
2981331,list_item,empire,strict,1214386,12,,,,,,,,,0.8233540551781047
2981332,list_item,Newton,strict,1215409,4,,,,,,,,,0.3839500102674642
2981333,list_item,Einstein,strict,1215409,5,,,,,,,,,0.6024231037696759
2981334,list_item,societies,strict,1215468,1,,,,,,,,,0.3010299956639812
2981335,list_item,armed forces,strict,1215468,1,,,,,,,,,0.3010299956639812
2981336,list_item,Buddhists,strict,1217080,4,,,,,,,,,0.058124446283534664
2981337,list_item,feminists,strict,1217080,3,,,,,,,,,0.6020599913279624
2981338,list_item,Washington,strict,1218165,6,,,,,,,,,0.5780320213906422
2981339,list_item,Wall Street,strict,1218165,8,,,,,,,,,0.5520213475937615
2981340,list_item,Stalin,strict,1218942,6,,,,,,,,,0.3333333333333333
2981341,list_item,Hitler,strict,1218942,4,,,,,,,,,0.4418602752780685
2981342,list_item,Yeltsin,strict,1218965,2,,,,,,,,,0.5
2981343,list_item,Gorbachev,strict,1218965,6,,,,,,,,,0.5
2981344,list_item,markets,strict,1219055,4,,,,,,,,,0.6989700043360189
2981345,list_item,welfare,strict,1219055,2,,,,,,,,,0.47712125471966244
2981346,list_item,yeoman households,strict,1221270,1,,,,,,,,,0.3010299956639812
2981347,list_item,gender relations,strict,1221270,1,,,,,,,,,0.3010299956639812
2981348,list_item,William Gwin,strict,1222902,3,,,,,,,,,0.5
2981349,list_item,David Broderick,strict,1222902,3,,,,,,,,,0.5
2981350,list_item,engineering,strict,1223235,1,,,,,,,,,0.3010299956639812
2981351,list_item,poltergeists,strict,1225579,2,,,,,,,,,0.5
2981352,list_item,pranksters,strict,1225579,2,,,,,,,,,0.5
2981353,list_item,temperance,strict,1225717,1,,,,,,,,,0.3010299956639812
2981354,list_item,suffrage,strict,1225717,1,,,,,,,,,0.3010299956639812
2981355,list_item,participation,strict,1226354,3,,,,,,,,,0.0
2981356,list_item,lawyers,strict,1226779,1,,,,,,,,,0.3010299956639812
2981357,list_item,accountants,strict,1226779,1,,,,,,,,,0.3010299956639812
2981358,list_item,architecture,strict,1229120,14,,,,,,,,,0.0
2981359,list_item,Walter Wriston,strict,1230539,2,,,,,,,,,0.5
2981360,list_item,Citibank,strict,1230539,2,,,,,,,,,0.5
2981361,list_item,strategy,strict,1231105,8,,,,,,,,,0.9542425094393249
2981362,list_item,vagueness,strict,1232585,1,,,,,,,,,0.3010299956639812
2981363,list_item,rationality,strict,1232585,3,,,,,,,,,0.6020599913279624
2981364,list_item,conservation,strict,1239760,4,,,,,,,,,0.6755952757875558
2981365,list_item,analysis,strict,1239760,1,,,,,,,,,0.3010299956639812
2981366,list_item,Cuba,strict,1245006,3,,,,,,,,,0.5
2981367,list_item,Cold War America,strict,1245006,1,,,,,,,,,0.3010299956639812
2981368,list_item,prayer,strict,1250260,1,,,,,,,,,0.3010299956639812
2981369,list_item,spiritual warfare,strict,1250260,1,,,,,,,,,0.3010299956639812
2981370,list_item,climate change,strict,1254552,3,,,,,,,,,0.0
2981371,list_item,biodiversity,strict,1254552,2,,,,,,,,,0.0
2981372,list_item,order,strict,1255210,2,,,,,,,,,0.5
2981373,list_item,intelligence,strict,1266857,2,,,,,,,,,0.5
2981374,list_item,Arabs,strict,1267361,7,,,,,,,,,0.538989854274889
2981375,list_item,Jews,strict,1267361,22,,,,,,,,,0.6378872394512807
2981376,list_item,Arnold Hoffmann,strict,1268923,1,,,,,,,,,0.3010299956639812
2981377,list_item,area studies,strict,1269775,1,,,,,,,,,0.3010299956639812
2981378,list_item,development studies,strict,1269775,1,,,,,,,,,0.3010299956639812
2981379,list_item,preservation,strict,1270793,2,,,,,,,,,0.47712125471966244
2981380,list_item,progressivism,strict,1270793,1,,,,,,,,,0.3010299956639812
2981381,list_item,deviance,strict,1271585,1,,,,,,,,,0.3010299956639812
2981382,list_item,human rights,strict,1272239,9,,,,,,,,,0.5
2981383,list_item,medical ethics,strict,1272239,1,,,,,,,,,0.3010299956639812
2981384,list_item,pagan authors,strict,1272873,1,,,,,,,,,0.3010299956639812
2981385,list_item,Ukrainians,strict,1272873,1,,,,,,,,,0.3010299956639812
2981386,list_item,legend,strict,1273508,1,,,,,,,,,0.3010299956639812
2981387,list_item,Descartes,strict,1273522,5,,,,,,,,,0.5
2981388,list_item,housing,strict,1274769,2,,,,,,,,,0.47712125471966244
2981389,list_item,appropriation,strict,1275356,1,,,,,,,,,0.3010299956639812
2981390,list_item,Hellenism,strict,1275588,1,,,,,,,,,0.3010299956639812
2981391,list_item,modernism,strict,1275588,7,,,,,,,,,0.9030899869919435
2981392,list_item,alienation,strict,1278331,2,,,,,,,,,0.47712125471966244
2981393,list_item,emancipation,strict,1278331,1,,,,,,,,,0.3010299956639812
2981394,list_item,language,strict,1278384,11,,,,,,,,,1.0791812460476249
2981395,list_item,literary form,strict,1278384,1,,,,,,,,,0.3010299956639812
2981396,list_item,Meriwether Lewis,strict,1281675,4,,,,,,,,,0.3299013677348575
2981397,list_item,Thomas Jefferson,strict,1281675,10,,,,,,,,,0.6677945956424732
2981398,list_item,psychotherapy,strict,1282035,2,,,,,,,,,0.47712125471966244
2981399,list_item,addiction,strict,1282035,1,,,,,,,,,0.3010299956639812
2981400,list_item,space,strict,1282168,7,,,,,,,,,0.31156776138930875
2981401,list_item,cognition,strict,1283132,1,,,,,,,,,0.3010299956639812
2981402,list_item,origins,strict,1283671,3,,,,,,,,,0.0
2981403,list_item,hospitals,strict,1284404,1,,,,,,,,,0.3010299956639812
2981404,list_item,nurses,strict,1284404,1,,,,,,,,,0.3010299956639812
2981405,list_item,Persia,strict,1284985,5,,,,,,,,,0.28657224640075346
2981406,list_item,Darwin,strict,1287064,11,,,,,,,,,0.3333333333333333
2981407,list_item,Anglicans,strict,1287064,1,,,,,,,,,0.3010299956639812
2981408,list_item,Catholics,strict,1287064,11,,,,,,,,,0.5
2981409,list_item,FDR,strict,1287127,4,,,,,,,,,0.5
2981410,list_item,presidential power,strict,1287127,1,,,,,,,,,0.3010299956639812
2981411,list_item,development,strict,1287280,2,,,,,,,,,0.47712125471966244
2981412,list_item,violence,strict,1287373,14,,,,,,,,,1.1760912590556813
2981413,list_item,colonization,strict,1288112,4,,,,,,,,,0.0
2981414,list_item,human ethology,strict,1288364,1,,,,,,,,,0.3010299956639812
2981415,list_item,global chaos,strict,1293206,1,,,,,,,,,0.3010299956639812
2981416,list_item,new technology,strict,1304296,1,,,,,,,,,0.3010299956639812
2981417,list_item,yesterday,strict,1305984,1,,,,,,,,,0.3010299956639812
2981418,list_item,today,strict,1305984,1,,,,,,,,,0.3010299956639812
2981419,list_item,motorcycles,strict,1318599,1,,,,,,,,,0.3010299956639812
2981420,list_item,eschatology,strict,1321311,2,,,,,,,,,0.47712125471966244
2981421,list_item,escapology,strict,1321311,1,,,,,,,,,0.3010299956639812
2981422,list_item,Yeats,strict,1321345,4,,,,,,,,,0.5
2981423,list_item,Pound,strict,1321345,5,,,,,,,,,0.5
2981424,list_item,Eliot,strict,1321345,7,,,,,,,,,0.5
2981425,list_item,Mormons,strict,1323004,5,,,,,,,,,0.5
2981426,list_item,myths,strict,1323004,3,,,,,,,,,0.6020599913279624
2981427,list_item,Haim Zhitlowski,strict,1323074,1,,,,,,,,,0.3010299956639812
2981428,list_item,Simon Dubnow,strict,1323074,1,,,,,,,,,0.3010299956639812
2981429,list_item,Ahad Ha-Am,strict,1323074,1,,,,,,,,,0.3010299956639812
2981430,list_item,complexity,strict,1325231,8,,,,,,,,,0.25
2981431,list_item,Indians,strict,1327291,17,,,,,,,,,0.5
2981432,list_item,Europeans,strict,1327291,4,,,,,,,,,0.5
2981433,list_item,coffee,strict,1329147,1,,,,,,,,,0.3010299956639812
2981434,list_item,comforters,strict,1329147,1,,,,,,,,,0.3010299956639812
2981435,list_item,logic,strict,1330809,5,,,,,,,,,0.0
2981436,list_item,intuition,strict,1330809,2,,,,,,,,,0.0
2981437,list_item,democratic action,strict,1331314,1,,,,,,,,,0.3010299956639812
2981438,list_item,judgmental biases,strict,1332219,1,,,,,,,,,0.3010299956639812
2981439,list_item,research methods,strict,1332219,1,,,,,,,,,0.3010299956639812
2981440,list_item,lesbians,strict,1333019,1,,,,,,,,,0.3010299956639812
2981441,list_item,monophylety,strict,1333608,1,,,,,,,,,0.3010299956639812
2981442,list_item,romance,strict,1334405,1,,,,,,,,,0.3010299956639812
2981443,list_item,Thomas Paine,strict,1335626,2,,,,,,,,,0.5
2981444,list_item,Mary Wollstonecraft,strict,1335626,2,,,,,,,,,0.5
2981445,list_item,Helen Maria Williams,strict,1335626,2,,,,,,,,,0.5
2981446,list_item,Sumter,strict,1335891,2,,,,,,,,,0.8669660144382121
2981447,list_item,secession,strict,1335891,1,,,,,,,,,0.3010299956639812
2981448,list_item,health,strict,1336203,6,,,,,,,,,0.0
2981449,list_item,sarcasm,strict,1336369,1,,,,,,,,,0.3010299956639812
2981450,list_item,Meyer Levin,strict,1339271,1,,,,,,,,,0.3010299956639812
2981451,list_item,Lillian Hellman,strict,1339271,3,,,,,,,,,0.5
2981452,list_item,Kenneth Burke,strict,1341199,1,,,,,,,,,0.3010299956639812
2981453,list_item,conscience,strict,1341202,1,,,,,,,,,0.3010299956639812
2981454,list_item,community,strict,1341202,7,,,,,,,,,0.0
2981455,list_item,drama,strict,1341328,3,,,,,,,,,0.6020599913279624
2981456,list_item,place,strict,1341348,4,,,,,,,,,0.6989700043360189
2981457,list_item,pride,strict,1341348,1,,,,,,,,,0.3010299956639812
2981458,list_item,Europe,strict,1341769,19,,,,,,,,,0.545433831906224
2981459,list_item,catastrophe,strict,1341808,4,,,,,,,,,0.8655470287924651
2981460,list_item,security,strict,1341978,8,,,,,,,,,0.0
2981461,list_item,identity,strict,1341983,14,,,,,,,,,0.0
2981462,list_item,Jonson,strict,1342493,2,,,,,,,,,0.0
2981463,list_item,Middleton,strict,1342493,2,,,,,,,,,0.0
2981464,list_item,Essex,strict,1353439,1,,,,,,,,,0.3010299956639812
2981465,list_item,England,strict,1353439,2,,,,,,,,,0.5
2981466,list_item,orality,strict,1355101,1,,,,,,,,,0.3010299956639812
2981467,list_item,texts,strict,1355101,1,,,,,,,,,0.3010299956639812
2981468,list_item,Trudeau,strict,1357945,1,,,,,,,,,0.3010299956639812
2981469,list_item,Mulroney,strict,1357945,1,,,,,,,,,0.3010299956639812
2981470,list_item,tragedy,strict,1367745,3,,,,,,,,,0.3401842028243671
2981471,list_item,environmental decline,strict,1370153,2,,,,,,,,,0.5
2981472,list_item,social conflict,strict,1370153,2,,,,,,,,,0.5
2981473,list_item,pedagogy,strict,1374924,3,,,,,,,,,0.6020599913279624
2981474,list_item,Montaigne,strict,1375197,1,,,,,,,,,0.3010299956639812
2981475,list_item,reproduction,strict,1376057,1,,,,,,,,,0.3010299956639812
2981476,list_item,electroshock,strict,1376799,1,,,,,,,,,0.3010299956639812
2981477,list_item,presidents,strict,1377058,2,,,,,,,,,0.8753792439572954
2981478,list_item,advisers,strict,1377058,1,,,,,,,,,0.3010299956639812
2981479,list_item,deconstruction,strict,1378402,2,,,,,,,,,0.5
2981480,list_item,Marvell,strict,1378759,4,,,,,,,,,0.25
2981481,list_item,market exchange,strict,1379726,1,,,,,,,,,0.3010299956639812
2981482,list_item,messianism,strict,1380396,2,,,,,,,,,0.47712125471966244
2981483,list_item,pharisaism,strict,1380396,1,,,,,,,,,0.3010299956639812
2981484,list_item,Hollywood,strict,1380418,12,,,,,,,,,0.5264161359350923
2981485,list_item,Scribners,strict,1380418,2,,,,,,,,,0.5792484078052769
2981486,list_item,clicks,strict,1380680,1,,,,,,,,,0.3010299956639812
2981487,list_item,Smith,strict,1380750,2,,,,,,,,,0.0
2981488,list_item,Hamilton,strict,1380750,1,,,,,,,,,0.3010299956639812
2981489,list_item,genocide,strict,1381179,4,,,,,,,,,0.6989700043360189
2981490,list_item,pornography,strict,1381179,1,,,,,,,,,0.3010299956639812
2981491,list_item,socialism,strict,1382263,1,,,,,,,,,0.3010299956639812
2981492,list_item,business culture,strict,1383054,2,,,,,,,,,0.5500080734673056
2981493,list_item,counterculture,strict,1383054,2,,,,,,,,,0.5500080734673056
2981494,list_item,George Augustus Sala,strict,1383659,2,,,,,,,,,0.5
2981495,list_item,Edmund Yates,strict,1383659,2,,,,,,,,,0.5
2981496,list_item,Arthur Schlesinger,strict,1383717,2,,,,,,,,,0.5
2981497,list_item,angels,strict,1384402,1,,,,,,,,,0.3010299956639812
2981498,list_item,sadomasochism,strict,1384402,1,,,,,,,,,0.3010299956639812
2981499,list_item,jobs,strict,1384864,3,,,,,,,,,0.6020599913279624
2981500,list_item,collaboration,strict,1384871,1,,,,,,,,,0.3010299956639812
2981501,list_item,coordination,strict,1384871,1,,,,,,,,,0.3010299956639812
2981502,list_item,New York,strict,1385744,11,,,,,,,,,0.5
2981503,list_item,D.C,strict,1385744,2,,,,,,,,,0.47712125471966244
2981504,list_item,L.A,strict,1385744,2,,,,,,,,,0.47712125471966244
2981505,list_item,Swiss banks,strict,1385948,1,,,,,,,,,0.3010299956639812
2981506,list_item,Nazi gold,strict,1385948,1,,,,,,,,,0.3010299956639812
2981507,list_item,labor,strict,1386661,5,,,,,,,,,0.7781512503836436
2981508,list_item,intellectuals,strict,1386661,2,,,,,,,,,0.47712125471966244
2981509,list_item,difference,strict,1387668,2,,,,,,,,,0.0
2981510,list_item,home ownership,strict,1387931,1,,,,,,,,,0.3010299956639812
2981511,list_item,wilderness,strict,1389954,1,,,,,,,,,0.3010299956639812
2981512,list_item,healing,strict,1389954,2,,,,,,,,,0.0
2981513,list_item,national cultures,strict,1390269,1,,,,,,,,,0.3010299956639812
2981514,list_item,sexual identity politics,strict,1390269,1,,,,,,,,,0.3010299956639812
2981515,list_item,Hegel,strict,1391372,6,,,,,,,,,0.5
2981516,list_item,Nietzsche,strict,1391372,6,,,,,,,,,0.16666666666666666
2981517,list_item,U.S.L.atinos,strict,1394274,2,,,,,,,,,0.5
2981518,list_item,Latin Americans,strict,1394274,3,,,,,,,,,0.5
2981519,list_item,Williams,strict,1396128,2,,,,,,,,,0.5
2981520,list_item,decadence,strict,1398899,1,,,,,,,,,0.3010299956639812
2981521,list_item,conspiracy,strict,1398899,2,,,,,,,,,0.47712125471966244
2981522,list_item,sanctity,strict,1401544,1,,,,,,,,,0.3010299956639812
2981523,list_item,health care,strict,1402253,1,,,,,,,,,0.3010299956639812
2981524,list_item,tax-exempt finance,strict,1402253,1,,,,,,,,,0.3010299956639812
2981525,list_item,pollution control,strict,1403225,1,,,,,,,,,0.3010299956639812
2981526,list_item,policy reform,strict,1403225,1,,,,,,,,,0.3010299956639812
2981527,list_item,enculturation,strict,1415533,1,,,,,,,,,0.3010299956639812
2981528,list_item,acculturation,strict,1415533,1,,,,,,,,,0.3010299956639812
2981529,list_item,evil eye,strict,1415558,2,,,,,,,,,0.5
2981530,list_item,sovereignty,strict,1419136,3,,,,,,,,,0.6020599913279624
2981531,list_item,boys,strict,1421003,1,,,,,,,,,0.3010299956639812
2981532,list_item,girls,strict,1421003,1,,,,,,,,,0.3010299956639812
2981533,list_item,Martina,strict,1423662,2,,,,,,,,,0.5
2981534,list_item,kd,strict,1423662,1,,,,,,,,,0.3010299956639812
2981535,list_item,social idealism,strict,1428382,1,,,,,,,,,0.3010299956639812
2981536,list_item,religious nationalism,strict,1428382,1,,,,,,,,,0.3010299956639812
2981537,list_item,Eisenhower,strict,1429504,5,,,,,,,,,0.34774189783500176
2981538,list_item,Kennedy,strict,1429504,8,,,,,,,,,0.5
2981539,list_item,Rhodes scholars,strict,1431616,1,,,,,,,,,0.3010299956639812
2981540,list_item,Oxford,strict,1431616,1,,,,,,,,,0.3010299956639812
2981541,list_item,theater,strict,1432689,2,,,,,,,,,0.47712125471966244
2981542,list_item,AIDS,strict,1432689,10,,,,,,,,,0.5
2981543,list_item,Henry Fielding,strict,1433050,2,,,,,,,,,0.5
2981544,list_item,Jane Austen,strict,1433050,3,,,,,,,,,0.25
2981545,list_item,mother-tongue fascism,strict,1433302,1,,,,,,,,,0.3010299956639812
2981546,list_item,hemophilia,strict,1433588,1,,,,,,,,,0.3010299956639812
2981547,list_item,Jack Welch,strict,1433999,2,,,,,,,,,0.6660364897933333
2981548,list_item,General Electric,strict,1433999,2,,,,,,,,,0.6660364897933333
2981549,list_item,Gertrude Stein,strict,1435158,3,,,,,,,,,0.5
2981550,list_item,Virgil Thomson,strict,1435158,3,,,,,,,,,0.5
2981551,list_item,Lew Wasserman,strict,1435767,2,,,,,,,,,0.5
2981552,list_item,MCA,strict,1435767,2,,,,,,,,,0.5
2981553,list_item,smugglers,strict,1438160,2,,,,,,,,,0.47712125471966244
2981554,list_item,warlords,strict,1438160,3,,,,,,,,,0.6020599913279624
2981555,list_item,spies,strict,1438160,3,,,,,,,,,0.6020599913279624
2981556,list_item,patriarchy,strict,1438904,1,,,,,,,,,0.3010299956639812
2981557,list_item,asteroids,strict,1439744,2,,,,,,,,,0.5101703285288599
2981558,list_item,tidal waves,strict,1439744,1,,,,,,,,,0.3010299956639812
2981559,list_item,murder,strict,1441104,12,,,,,,,,,0.5
2981560,list_item,vengeance,strict,1441104,2,,,,,,,,,0.47712125471966244
2981561,list_item,decency,strict,1444155,1,,,,,,,,,0.3010299956639812
2981562,list_item,education,strict,1445808,10,,,,,,,,,0.6129108321859543
2981563,list_item,school mix,strict,1446482,1,,,,,,,,,0.3010299956639812
2981564,list_item,school effectiveness,strict,1446482,1,,,,,,,,,0.3010299956639812
2981565,list_item,tigers,strict,1446576,1,,,,,,,,,0.3010299956639812
2981566,list_item,devils,strict,1446576,1,,,,,,,,,0.3010299956639812
2981567,list_item,Pensacola,strict,1447856,2,,,,,,,,,0.5
2981568,list_item,Pentecostalism,strict,1447856,2,,,,,,,,,0.5
2981569,list_item,imperialism,strict,1448063,3,,,,,,,,,0.5
2981570,list_item,visual culture,strict,1448200,2,,,,,,,,,0.47712125471966244
2981571,list_item,fossils,strict,1448375,1,,,,,,,,,0.3010299956639812
2981572,list_item,public culture,strict,1448651,1,,,,,,,,,0.3010299956639812
2981573,list_item,debtors,strict,1451237,1,,,,,,,,,0.3010299956639812
2981574,list_item,Lazarus,strict,1451454,2,,,,,,,,,0.0
2981575,list_item,Gislebertus,strict,1451454,2,,,,,,,,,0.0
2981576,list_item,trust,strict,1451930,1,,,,,,,,,0.3010299956639812
2981577,list_item,self-transformation,strict,1462099,1,,,,,,,,,0.3010299956639812
2981578,list_item,causal randomness,strict,1465155,1,,,,,,,,,0.3010299956639812
2981579,list_item,complete wave mechanics,strict,1465155,1,,,,,,,,,0.3010299956639812
2981580,list_item,business,strict,1467216,5,,,,,,,,,0.5
2981581,list_item,pharaohs,strict,1472713,4,,,,,,,,,0.3405634117210595
2981582,list_item,Freemasons,strict,1472713,5,,,,,,,,,0.3405634117210595
2981583,list_item,ecumenical ethical engagement,strict,1477091,1,,,,,,,,,0.3010299956639812
2981584,list_item,moral formation,strict,1477091,1,,,,,,,,,0.3010299956639812
2981585,list_item,punishment,strict,1483168,2,,,,,,,,,0.47712125471966244
2981586,list_item,boundary maintenance,strict,1483168,1,,,,,,,,,0.3010299956639812
2981587,list_item,American families,strict,1484163,1,,,,,,,,,0.3010299956639812
2981588,list_item,child guidance,strict,1484163,1,,,,,,,,,0.3010299956639812
2981589,list_item,hallucinogens,strict,1484557,1,,,,,,,,,0.3010299956639812
2981590,list_item,wobblies,strict,1487352,1,,,,,,,,,0.3010299956639812
2981591,list_item,craft workers,strict,1487352,1,,,,,,,,,0.3010299956639812
2981592,list_item,George Washington,strict,1488010,4,,,,,,,,,0.3141602696627428
2981593,list_item,James Madison,strict,1488010,4,,,,,,,,,0.3914005065979938
2981594,list_item,civil society,strict,1488293,2,,,,,,,,,0.47712125471966244
2981595,list_item,consumption,strict,1488875,1,,,,,,,,,0.3010299956639812
2981596,list_item,states,strict,1489276,5,,,,,,,,,0.7781512503836436
2981597,list_item,communities,strict,1489276,3,,,,,,,,,0.6020599913279624
2981598,list_item,salmon,strict,1489971,2,,,,,,,,,0.047825641900537404
2981599,list_item,biology,strict,1489971,2,,,,,,,,,0.47712125471966244
2981600,list_item,adoption,strict,1491072,2,,,,,,,,,0.47712125471966244
2981601,list_item,infertility,strict,1491072,2,,,,,,,,,0.47712125471966244
2981602,list_item,modern cardinals,strict,1492607,1,,,,,,,,,0.3010299956639812
2981603,list_item,conclaves,strict,1492607,1,,,,,,,,,0.3010299956639812
2981604,list_item,voodoo,strict,1493834,1,,,,,,,,,0.3010299956639812
2981605,list_item,Ramzi Yousef,strict,1496286,2,,,,,,,,,0.5
2981606,list_item,Osama Bin Laden,strict,1496286,1,,,,,,,,,0.3010299956639812
2981607,list_item,weather,strict,1496991,6,,,,,,,,,0.3333333333333333
2981608,list_item,basketball,strict,1497385,1,,,,,,,,,0.3010299956639812
2981609,list_item,corporate greed,strict,1497385,1,,,,,,,,,0.3010299956639812
2981610,list_item,elitism,strict,1497796,1,,,,,,,,,0.3010299956639812
2981611,list_item,gender equality,strict,1497796,1,,,,,,,,,0.3010299956639812
2981612,list_item,Schulz,strict,1497899,1,,,,,,,,,0.3010299956639812
2981613,list_item,Levi,strict,1497899,1,,,,,,,,,0.3010299956639812
2981614,list_item,Spiegelman,strict,1497899,1,,,,,,,,,0.3010299956639812
2981615,list_item,Alexander Hamilton,strict,1498346,5,,,,,,,,,0.38506849457728
2981616,list_item,Aaron Burr,strict,1498346,3,,,,,,,,,0.42863749663451856
2981617,list_item,monuments,strict,1499050,3,,,,,,,,,0.6020599913279624
2981618,list_item,economic growth,strict,1499910,1,,,,,,,,,0.3010299956639812
2981619,list_item,institutional failure,strict,1499910,1,,,,,,,,,0.3010299956639812
2981620,list_item,emotions,strict,1500379,2,,,,,,,,,0.47712125471966244
2981621,list_item,Johnson,strict,1503324,4,,,,,,,,,0.0
2981622,list_item,aged women,strict,1504227,1,,,,,,,,,0.3010299956639812
2981623,list_item,cultural practice,strict,1504840,1,,,,,,,,,0.3010299956639812
2981624,list_item,car sales,strict,1505346,1,,,,,,,,,0.3010299956639812
2981625,list_item,peacekeepers,strict,1506061,2,,,,,,,,,0.47712125471966244
2981626,list_item,Reagan,strict,1506560,7,,,,,,,,,0.5
2981627,list_item,Star Wars,strict,1506560,3,,,,,,,,,0.25
2981628,list_item,Mao,strict,1511645,2,,,,,,,,,0.5
2981629,list_item,population,strict,1512152,3,,,,,,,,,0.6020599913279624
2981630,list_item,immigration,strict,1512291,5,,,,,,,,,0.5
2981631,list_item,Audie Murphy,strict,1513722,2,,,,,,,,,0.5
2981632,list_item,Vietnam,strict,1513722,4,,,,,,,,,0.5
2981633,list_item,democratic accountability,strict,1516689,1,,,,,,,,,0.3010299956639812
2981634,list_item,home,strict,1529075,1,,,,,,,,,0.3010299956639812
2981635,list_item,school,strict,1529075,1,,,,,,,,,0.3010299956639812
2981636,list_item,monsanto,strict,1533925,1,,,,,,,,,0.3010299956639812
2981637,list_item,genetic engineering,strict,1533925,1,,,,,,,,,0.3010299956639812
2981638,list_item,miners,strict,1536172,1,,,,,,,,,0.3010299956639812
2981639,list_item,musicians,strict,1536172,2,,,,,,,,,0.47712125471966244
2981640,list_item,salesgirls,strict,1536172,1,,,,,,,,,0.3010299956639812
2981641,list_item,cultural despair,strict,1536292,1,,,,,,,,,0.3010299956639812
2981642,list_item,military nationalism,strict,1536292,1,,,,,,,,,0.3010299956639812
2981643,list_item,Bram Stoker,strict,1536520,2,,,,,,,,,0.5865694015506018
2981644,list_item,Irishness,strict,1536520,2,,,,,,,,,0.5865694015506018
2981645,list_item,Bismarck,strict,1536581,3,,,,,,,,,0.4502949263360251
2981646,list_item,Napoleon III,strict,1536581,3,,,,,,,,,0.2002949263360251
2981647,list_item,surveillance,strict,1537020,3,,,,,,,,,0.03678180432433771
2981648,list_item,resistance,strict,1537020,5,,,,,,,,,0.5
2981649,list_item,international norms,strict,1539798,1,,,,,,,,,0.3010299956639812
2981650,list_item,ambition,strict,1540608,3,,,,,,,,,0.6020599913279624
2981651,list_item,Ted Hughes,strict,1540652,2,,,,,,,,,0.9681837902531978
2981652,list_item,Sylvia Plath,strict,1540652,2,,,,,,,,,0.9681837902531978
2981653,list_item,Woolf,strict,1540743,2,,,,,,,,,0.5
2981654,list_item,Marion,strict,1540959,2,,,,,,,,,0.5
2981655,list_item,Derrida,strict,1540959,8,,,,,,,,,0.5
2981656,list_item,Bosnia,strict,1541334,4,,,,,,,,,0.5
2981657,list_item,Kosovo,strict,1541334,3,,,,,,,,,0.5
2981658,list_item,freedom,strict,1541991,6,,,,,,,,,0.0
2981659,list_item,risk,strict,1542351,6,,,,,,,,,0.8450980400142568
2981660,list_item,uncertainty,strict,1542351,1,,,,,,,,,0.3010299956639812
2981661,list_item,fans,strict,1542403,3,,,,,,,,,0.6020599913279624
2981662,list_item,stars,strict,1542403,2,,,,,,,,,0.47712125471966244
2981663,list_item,scientific passions,strict,1545242,2,,,,,,,,,0.47712125471966244
2981664,list_item,religious beliefs,strict,1545242,2,,,,,,,,,0.47712125471966244
2981665,list_item,fieldwork,strict,1545430,1,,,,,,,,,0.3010299956639812
2981666,list_item,networks,strict,1545430,6,,,,,,,,,0.3333333333333333
2981667,list_item,literary experiment,strict,1547585,1,,,,,,,,,0.3010299956639812
2981668,list_item,psychosis,strict,1547585,1,,,,,,,,,0.3010299956639812
2981669,list_item,unity,strict,1550019,1,,,,,,,,,0.3010299956639812
2981670,list_item,discord,strict,1550019,1,,,,,,,,,0.3010299956639812
2981671,list_item,vampires,strict,1550054,2,,,,,,,,,0.47712125471966244
2981672,list_item,cyborgs,strict,1550054,1,,,,,,,,,0.3010299956639812
2981673,list_item,mothers,strict,1551246,2,,,,,,,,,0.47712125471966244
2981674,list_item,daughters,strict,1551246,2,,,,,,,,,0.47712125471966244
2981675,list_item,authority,strict,1552523,3,,,,,,,,,0.6020599913279624
2981676,list_item,seduction,strict,1552523,1,,,,,,,,,0.3010299956639812
2981677,list_item,transference,strict,1552523,1,,,,,,,,,0.3010299956639812
2981678,list_item,witchcraft,strict,1552707,1,,,,,,,,,0.3010299956639812
2981679,list_item,emotion,strict,1553169,4,,,,,,,,,0.0
2981680,list_item,narrative,strict,1553169,1,,,,,,,,,0.3010299956639812
2981681,list_item,Picasso,strict,1555879,4,,,,,,,,,0.5912525997024348
2981682,list_item,Modigliani,strict,1555879,2,,,,,,,,,0.9272726119975272
2981683,list_item,Matisse,strict,1555879,5,,,,,,,,,0.6634277096912506
2981684,list_item,casseroles,strict,1555991,1,,,,,,,,,0.3010299956639812
2981685,list_item,compensatory education,strict,1556123,1,,,,,,,,,0.3010299956639812
2981686,list_item,Emil Hurja,strict,1557265,2,,,,,,,,,0.5
2981687,list_item,Franklin Roosevelt,strict,1557265,2,,,,,,,,,0.5
2981688,list_item,wealth,strict,1558169,6,,,,,,,,,0.5726357922020208
2981689,list_item,intranets,strict,1559101,1,,,,,,,,,0.3010299956639812
2981690,list_item,productivity,strict,1559101,3,,,,,,,,,0.6020599913279624
2981691,list_item,clientelism,strict,1560809,1,,,,,,,,,0.3010299956639812
2981692,list_item,neoliberal state reform,strict,1560809,1,,,,,,,,,0.3010299956639812
2981693,list_item,squarks,strict,1562322,1,,,,,,,,,0.3010299956639812
2981694,list_item,photinos,strict,1562322,1,,,,,,,,,0.3010299956639812
2981695,list_item,biotech,strict,1563236,1,,,,,,,,,0.3010299956639812
2981696,list_item,big money,strict,1563236,1,,,,,,,,,0.3010299956639812
2981697,list_item,passion,strict,1566144,3,,,,,,,,,0.6020599913279624
2981698,list_item,priority,strict,1571143,2,,,,,,,,,0.47712125471966244
2981699,list_item,position,strict,1571143,2,,,,,,,,,0.47712125471966244
2981700,list_item,Rwanda,strict,1577009,2,,,,,,,,,0.5
2981701,list_item,Burundi,strict,1577009,1,,,,,,,,,0.3010299956639812
2981702,list_item,Ukrainian displaced persons,strict,1578550,1,,,,,,,,,0.3010299956639812
2981703,list_item,Canadians,strict,1581370,2,,,,,,,,,0.5
2981704,list_item,youth culture,strict,1581372,1,,,,,,,,,0.3010299956639812
2981705,list_item,book publishing,strict,1581372,1,,,,,,,,,0.3010299956639812
2981706,list_item,Roger Casement,strict,1588045,1,,,,,,,,,0.3010299956639812
2981707,list_item,John Amery,strict,1588045,1,,,,,,,,,0.3010299956639812
2981708,list_item,Osama bin Laden,strict,1591641,4,,,,,,,,,0.7009006062514617
2981709,list_item,radical Islam,strict,1591641,4,,,,,,,,,0.9018012125029233
2981710,list_item,creationism,strict,1591815,1,,,,,,,,,0.3010299956639812
2981711,list_item,scientism,strict,1591815,1,,,,,,,,,0.3010299956639812
2981712,list_item,Hanoi,strict,1592082,2,,,,,,,,,0.5
2981713,list_item,trends,strict,1592222,2,,,,,,,,,0.47712125471966244
2981714,list_item,promotion,strict,1593080,1,,,,,,,,,0.3010299956639812
2981715,list_item,dollars,strict,1593644,1,,,,,,,,,0.3010299956639812
2981716,list_item,deflation,strict,1593644,1,,,,,,,,,0.3010299956639812
2981717,list_item,queer anatomy,strict,1595014,1,,,,,,,,,0.3010299956639812
2981718,list_item,kingship,strict,1595324,1,,,,,,,,,0.3010299956639812
2981719,list_item,democracy,strict,1595324,7,,,,,,,,,0.0
2981720,list_item,Starkey,strict,1595682,3,,,,,,,,,0.25
2981721,list_item,Boyle,strict,1595682,3,,,,,,,,,0.25
2981722,list_item,college,strict,1595715,1,,,,,,,,,0.3010299956639812
2981723,list_item,contemporary literature,strict,1595769,1,,,,,,,,,0.3010299956639812
2981724,list_item,popular culture,strict,1595769,2,,,,,,,,,0.47712125471966244
2981725,list_item,adolescence,strict,1595909,1,,,,,,,,,0.3010299956639812
2981726,list_item,parenting,strict,1595909,1,,,,,,,,,0.3010299956639812
2981727,list_item,accountability,strict,1596274,2,,,,,,,,,0.0
2981728,list_item,clones,strict,1596947,1,,,,,,,,,0.3010299956639812
2981729,list_item,medicine,strict,1597538,3,,,,,,,,,0.6020599913279624
2981730,list_item,histories,strict,1597898,1,,,,,,,,,0.3010299956639812
2981731,list_item,identities,strict,1597898,2,,,,,,,,,0.47712125471966244
2981732,list_item,translation,strict,1598224,5,,,,,,,,,0.5
2981733,list_item,pop culture,strict,1598659,1,,,,,,,,,0.3010299956639812
2981734,list_item,neo-conservatism,strict,1598748,1,,,,,,,,,0.3010299956639812
2981735,list_item,polls,strict,1599016,1,,,,,,,,,0.3010299956639812
2981736,list_item,Thomas Edison,strict,1599195,4,,,,,,,,,0.25
2981737,list_item,George Westinghouse,strict,1599195,2,,,,,,,,,0.0
2981738,list_item,Leninism,strict,1601771,2,,,,,,,,,0.5
2981739,list_item,anti-Leninist Marxism,strict,1601771,1,,,,,,,,,0.3010299956639812
2981740,list_item,greed,strict,1604294,7,,,,,,,,,0.5
2981741,list_item,ego,strict,1604294,2,,,,,,,,,0.47712125471966244
2981742,list_item,Louis XVI,strict,1604433,3,,,,,,,,,0.25
2981743,list_item,Marie Antoinette,strict,1604433,3,,,,,,,,,0.25
2981744,list_item,Harvard,strict,1606190,4,,,,,,,,,0.16666666666666666
2981745,list_item,minds,strict,1607455,1,,,,,,,,,0.3010299956639812
2981746,list_item,technologies,strict,1607455,1,,,,,,,,,0.3010299956639812
2981747,list_item,ambivalence,strict,1607501,2,,,,,,,,,0.0
2981748,list_item,John Smith,strict,1607828,2,,,,,,,,,0.5
2981749,list_item,Pocahontas,strict,1607828,5,,,,,,,,,0.3333333333333333
2981750,list_item,Henry Ford,strict,1608467,3,,,,,,,,,0.5
2981751,list_item,Charles Lindbergh,strict,1608467,4,,,,,,,,,0.25
2981752,list_item,intervention,strict,1609705,3,,,,,,,,,0.5
2981753,list_item,Harry Vardon,strict,1609902,1,,,,,,,,,0.3010299956639812
2981754,list_item,Francis Ouimet,strict,1609902,2,,,,,,,,,0.47712125471966244
2981755,list_item,presence,strict,1610738,2,,,,,,,,,0.5
2981756,list_item,theatricality,strict,1610738,1,,,,,,,,,0.3010299956639812
2981757,list_item,sound recording,strict,1610999,1,,,,,,,,,0.3010299956639812
2981758,list_item,disembodiment,strict,1610999,1,,,,,,,,,0.3010299956639812
2981759,list_item,experts,strict,1611762,1,,,,,,,,,0.3010299956639812
2981760,list_item,mediation,strict,1611891,2,,,,,,,,,0.5
2981761,list_item,arbitration,strict,1611891,3,,,,,,,,,0.5
2981762,list_item,special operations,strict,1618740,1,,,,,,,,,0.3010299956639812
2981763,list_item,commandos,strict,1618740,1,,,,,,,,,0.3010299956639812
2981764,list_item,Great Britain,strict,1619379,4,,,,,,,,,0.2137999181066452
2981765,list_item,Montesquieu,strict,1619887,4,,,,,,,,,0.5
2981766,list_item,Blackstone,strict,1619887,3,,,,,,,,,0.5
2981767,list_item,enterprise,strict,1621133,1,,,,,,,,,0.3010299956639812
2981768,list_item,Imperial Spain,strict,1621398,2,,,,,,,,,0.5
2981769,list_item,transvestite drama,strict,1621398,2,,,,,,,,,0.5
2981770,list_item,Henry Cavendish,strict,1621909,2,,,,,,,,,0.5
2981771,list_item,natural philosophy,strict,1621909,1,,,,,,,,,0.3010299956639812
2981772,list_item,Tony Blair,strict,1633637,3,,,,,,,,,0.0
2981773,list_item,new Labour,strict,1633637,1,,,,,,,,,0.3010299956639812
2981774,list_item,electricity,strict,1633855,1,,,,,,,,,0.3010299956639812
2981775,list_item,sonics,strict,1633855,1,,,,,,,,,0.3010299956639812
2981776,list_item,Sir Ronald Trotter,strict,1636332,1,,,,,,,,,0.3010299956639812
2981777,list_item,Hugh Fletcher,strict,1636332,1,,,,,,,,,0.3010299956639812
2981778,list_item,child abuse,strict,1640038,2,,,,,,,,,0.47712125471966244
2981779,list_item,child protection,strict,1640038,1,,,,,,,,,0.3010299956639812
2981780,list_item,imagination,strict,1641569,5,,,,,,,,,0.33900731327528444
2981781,list_item,globalization,strict,1641601,10,,,,,,,,,1.0413926851582251
2981782,list_item,governments,strict,1641601,1,,,,,,,,,0.3010299956639812
2981783,list_item,Mawson,strict,1641758,2,,,,,,,,,0.5
2981784,list_item,Flynn,strict,1641758,2,,,,,,,,,0.5
2981785,list_item,energy costs,strict,1641767,1,,,,,,,,,0.3010299956639812
2981786,list_item,minerals,strict,1641767,1,,,,,,,,,0.3010299956639812
2981787,list_item,best practices,strict,1642670,1,,,,,,,,,0.3010299956639812
2981788,list_item,international experiences,strict,1642670,1,,,,,,,,,0.3010299956639812
2981789,list_item,bananas,strict,1643913,1,,,,,,,,,0.3010299956639812
2981790,list_item,powwow dance,strict,1644850,1,,,,,,,,,0.3010299956639812
2981791,list_item,radio,strict,1644850,2,,,,,,,,,0.47712125471966244
2981792,list_item,japonism,strict,1647892,1,,,,,,,,,0.3010299956639812
2981793,list_item,orientalism,strict,1647892,1,,,,,,,,,0.3010299956639812
2981794,list_item,humanism,strict,1647902,2,,,,,,,,,0.0
2981795,list_item,Reformation,strict,1647902,1,,,,,,,,,0.3010299956639812
2981796,list_item,Japan,strict,1649885,5,,,,,,,,,0.16666666666666666
2981797,list_item,America,strict,1649885,45,,,,,,,,,0.6353449178719335
2981798,list_item,slavery,strict,1650965,7,,,,,,,,,0.5
2981799,list_item,property rights,strict,1650965,2,,,,,,,,,0.5
2981800,list_item,mergers,strict,1651238,1,,,,,,,,,0.3010299956639812
2981801,list_item,Stevie Wonder,strict,1651390,2,,,,,,,,,0.5792484078052769
2981802,list_item,Aretha Franklin,strict,1651390,2,,,,,,,,,0.5792484078052769
2981803,list_item,Curtis Mayfield,strict,1651390,2,,,,,,,,,0.5792484078052769
2981804,list_item,New York City,strict,1653088,6,,,,,,,,,0.6842329510609894
2981805,list_item,Reconstruction,strict,1653088,9,,,,,,,,,0.6478968403396078
2981806,list_item,silent western films,strict,1653842,1,,,,,,,,,0.3010299956639812
2981807,list_item,American culture,strict,1653842,1,,,,,,,,,0.3010299956639812
2981808,list_item,armadillos,strict,1653915,1,,,,,,,,,0.3010299956639812
2981809,list_item,outlaws,strict,1653915,1,,,,,,,,,0.3010299956639812
2981810,list_item,state power,strict,1653980,2,,,,,,,,,0.47712125471966244
2981811,list_item,global markets,strict,1653980,2,,,,,,,,,0.47712125471966244
2981812,list_item,regional identity,strict,1654650,2,,,,,,,,,0.5
2981813,list_item,American teenagers,strict,1655213,1,,,,,,,,,0.3010299956639812
2981814,list_item,schools,strict,1655213,4,,,,,,,,,0.6989700043360189
2981815,list_item,automatism,strict,1656452,1,,,,,,,,,0.3010299956639812
2981816,list_item,environmental mutagens,strict,1656562,1,,,,,,,,,0.3010299956639812
2981817,list_item,scientist activism,strict,1656562,1,,,,,,,,,0.3010299956639812
2981818,list_item,aviators,strict,1657819,1,,,,,,,,,0.3010299956639812
2981819,list_item,businessmen,strict,1657819,1,,,,,,,,,0.3010299956639812
2981820,list_item,Louis Sullivan,strict,1658139,1,,,,,,,,,0.3010299956639812
2981821,list_item,Frank Lloyd Wright,strict,1658139,1,,,,,,,,,0.3010299956639812
2981822,list_item,baby food,strict,1659244,1,,,,,,,,,0.3010299956639812
2981823,list_item,Joyce,strict,1659692,2,,,,,,,,,0.0
2981824,list_item,Aquinas,strict,1659692,3,,,,,,,,,0.0
2981825,list_item,Asian Americans,strict,1659989,4,,,,,,,,,0.0
2981826,list_item,Margaret Fox,strict,1660686,1,,,,,,,,,0.3010299956639812
2981827,list_item,Elisha Kent Kane,strict,1660686,1,,,,,,,,,0.3010299956639812
2981828,list_item,whiteness,strict,1661001,1,,,,,,,,,0.3010299956639812
2981829,list_item,samizdat,strict,1661886,2,,,,,,,,,0.0
2981830,list_item,deprivation,strict,1661886,2,,,,,,,,,0.0
2981831,list_item,curriculum,strict,1665583,2,,,,,,,,,0.47712125471966244
2981832,list_item,Steve Case,strict,1665651,4,,,,,,,,,0.5
2981833,list_item,Jerry Levin,strict,1665651,4,,,,,,,,,0.5
2981834,list_item,interaction design,strict,1665988,2,,,,,,,,,0.47712125471966244
2981835,list_item,digital art,strict,1665988,1,,,,,,,,,0.3010299956639812
2981836,list_item,militarism,strict,1668150,1,,,,,,,,,0.3010299956639812
2981837,list_item,secrecy,strict,1668150,1,,,,,,,,,0.3010299956639812
2981838,list_item,crippled workingmen,strict,1668380,1,,,,,,,,,0.3010299956639812
2981839,list_item,destitute widows,strict,1668380,1,,,,,,,,,0.3010299956639812
2981840,list_item,time,strict,1669309,4,,,,,,,,,0.0
2981841,list_item,Miramax,strict,1671057,2,,,,,,,,,0.5
2981842,list_item,Sundance,strict,1671057,2,,,,,,,,,0.5
2981843,list_item,modern physics,strict,1672284,1,,,,,,,,,0.3010299956639812
2981844,list_item,reform,strict,1682676,3,,,,,,,,,0.0
2981845,list_item,dynamisms,strict,1686337,1,,,,,,,,,0.3010299956639812
2981846,list_item,forces,strict,1686337,1,,,,,,,,,0.3010299956639812
2981847,list_item,corporate crime,strict,1691233,1,,,,,,,,,0.3010299956639812
2981848,list_item,corporate law,strict,1691233,1,,,,,,,,,0.3010299956639812
2981849,list_item,conquest,strict,1695722,2,,,,,,,,,0.0
2981850,list_item,leadership,strict,1695742,4,,,,,,,,,0.0
2981851,list_item,mass mobilization,strict,1696960,1,,,,,,,,,0.3010299956639812
2981852,list_item,civil war,strict,1696960,2,,,,,,,,,0.5
2981853,list_item,oil,strict,1698391,3,,,,,,,,,0.6020599913279624
2981854,list_item,vanity,strict,1698511,2,,,,,,,,,0.5
2981855,list_item,Konrad Lorenz,strict,1707343,2,,,,,,,,,0.5
2981856,list_item,Niko Tinbergen,strict,1707343,2,,,,,,,,,0.5
2981857,list_item,colonists,strict,1708487,2,,,,,,,,,0.47712125471966244
2981858,list_item,terror,strict,1709375,5,,,,,,,,,0.11890968954149192
2981859,list_item,geeks,strict,1710025,2,,,,,,,,,0.6554192805066351
2981860,list_item,gangsters,strict,1710025,2,,,,,,,,,0.6554192805066351
2981861,list_item,prison movements,strict,1710793,1,,,,,,,,,0.3010299956639812
2981862,list_item,civilians,strict,1710916,1,,,,,,,,,0.3010299956639812
2981863,list_item,memes,strict,1710973,1,,,,,,,,,0.3010299956639812
2981864,list_item,media,strict,1711365,8,,,,,,,,,0.9542425094393249
2981865,list_item,realism,strict,1711471,1,,,,,,,,,0.3010299956639812
2981866,list_item,magic,strict,1711471,2,,,,,,,,,0.47712125471966244
2981867,list_item,fathers,strict,1713765,1,,,,,,,,,0.3010299956639812
2981868,list_item,historical scholarship,strict,1714094,1,,,,,,,,,0.3010299956639812
2981869,list_item,norms,strict,1715013,3,,,,,,,,,0.6020599913279624
2981870,list_item,neuroscience,strict,1715237,1,,,,,,,,,0.3010299956639812
2981871,list_item,molecular medicine,strict,1715237,1,,,,,,,,,0.3010299956639812
2981872,list_item,masculinity,strict,1716252,3,,,,,,,,,0.6020599913279624
2981873,list_item,movies,strict,1717608,3,,,,,,,,,0.6020599913279624
2981874,list_item,Pearl S.B.uck,strict,1718252,2,,,,,,,,,0.0
2981875,list_item,Anna May Wong,strict,1718252,2,,,,,,,,,0.0
2981876,list_item,Mayling Soong,strict,1718252,2,,,,,,,,,0.0
2981877,list_item,creative writing,strict,1719860,1,,,,,,,,,0.3010299956639812
2981878,list_item,Argentine orientalism,strict,1721228,3,,,,,,,,,0.5
2981879,list_item,Arab immigrants,strict,1721228,3,,,,,,,,,0.5
2981880,list_item,Charles Darwin,strict,1721651,3,,,,,,,,,0.7572528722637922
2981881,list_item,Alexander Agassiz,strict,1721651,2,,,,,,,,,0.8150654170420933
2981882,list_item,slavery extension,strict,1721841,1,,,,,,,,,0.3010299956639812
2981883,list_item,Arnold Palmer,strict,1722715,1,,,,,,,,,0.3010299956639812
2981884,list_item,Jack Nicklaus,strict,1722715,1,,,,,,,,,0.3010299956639812
2981885,list_item,Tiger Woods,strict,1722715,1,,,,,,,,,0.3010299956639812
2981886,list_item,Civil War,strict,1722995,11,,,,,,,,,0.5
2981887,list_item,tomb raiders,strict,1726369,1,,,,,,,,,0.3010299956639812
2981888,list_item,William McChesney Martin,strict,1726787,1,,,,,,,,,0.3010299956639812
2981889,list_item,hybrid discourses,strict,1727003,1,,,,,,,,,0.3010299956639812
2981890,list_item,geopolitics,strict,1727866,3,,,,,,,,,0.0
2981891,list_item,patrons,strict,1728134,4,,,,,,,,,0.25
2981892,list_item,patronage,strict,1728134,1,,,,,,,,,0.3010299956639812
2981893,list_item,anti-social behaviour,strict,1728821,1,,,,,,,,,0.3010299956639812
2981894,list_item,ADHD,strict,1728821,2,,,,,,,,,0.5
2981895,list_item,Franklin,strict,1730243,3,,,,,,,,,0.8922964698766755
2981896,list_item,indigeneity,strict,1730705,1,,,,,,,,,0.3010299956639812
2981897,list_item,cosmology,strict,1730705,2,,,,,,,,,0.47712125471966244
2981898,list_item,skills,strict,1730873,2,,,,,,,,,0.47712125471966244
2981899,list_item,orthodoxy,strict,1731596,1,,,,,,,,,0.3010299956639812
2981900,list_item,nonobservance,strict,1731596,1,,,,,,,,,0.3010299956639812
2981901,list_item,humanity,strict,1731675,1,,,,,,,,,0.3010299956639812
2981902,list_item,justice,strict,1731675,2,,,,,,,,,0.0
2981903,list_item,Chay Burgess,strict,1733198,1,,,,,,,,,0.3010299956639812
2981904,list_item,individuals,strict,1734448,1,,,,,,,,,0.3010299956639812
2981905,list_item,scientific method,strict,1735828,2,,,,,,,,,0.47712125471966244
2981906,list_item,Jesus,strict,1736485,9,,,,,,,,,0.5
2981907,list_item,Mary Magdalene,strict,1736485,4,,,,,,,,,0.322778458594829
2981908,list_item,administrative justice,strict,1739863,1,,,,,,,,,0.3010299956639812
2981909,list_item,moral reasoning,strict,1741587,1,,,,,,,,,0.3010299956639812
2981910,list_item,criminal conduct,strict,1741587,1,,,,,,,,,0.3010299956639812
2981911,list_item,reception,strict,1744375,1,,,,,,,,,0.3010299956639812
2981912,list_item,communion,strict,1744375,1,,,,,,,,,0.3010299956639812
2981913,list_item,Denis Donoghue,strict,1744997,2,,,,,,,,,0.0
2981914,list_item,Frank Kermode,strict,1744997,2,,,,,,,,,0.0
2981915,list_item,George Steiner,strict,1744997,2,,,,,,,,,0.0
2981916,list_item,vision,strict,1745109,2,,,,,,,,,0.47712125471966244
2981917,list_item,aircraft,strict,1750689,1,,,,,,,,,0.3010299956639812
2981918,list_item,spacecraft,strict,1750689,1,,,,,,,,,0.3010299956639812
2981919,list_item,growth,strict,1753325,2,,,,,,,,,0.47712125471966244
2981920,list_item,church,strict,1754858,4,,,,,,,,,0.6989700043360189
2981921,list_item,biotechnology,strict,1755633,1,,,,,,,,,0.3010299956639812
2981922,list_item,world trade,strict,1755633,2,,,,,,,,,0.47712125471966244
2981923,list_item,Namibia,strict,1756529,1,,,,,,,,,0.3010299956639812
2981924,list_item,De Beers,strict,1756529,1,,,,,,,,,0.3010299956639812
2981925,list_item,invention,strict,1764069,2,,,,,,,,,0.47712125471966244
2981926,list_item,prehistoric technologies,strict,1768097,1,,,,,,,,,0.3010299956639812
2981927,list_item,extraterrestrial intervention,strict,1768097,1,,,,,,,,,0.3010299956639812
2981928,list_item,Winston Churchill,strict,1769365,3,,,,,,,,,0.450531909293319
2981929,list_item,Lord Dowding,strict,1769365,3,,,,,,,,,0.450531909293319
2981930,list_item,radar,strict,1769365,2,,,,,,,,,0.401063818586638
2981931,list_item,Daisaku Ikeda,strict,1770788,2,,,,,,,,,0.5
2981932,list_item,Soka Gakkai,strict,1770788,2,,,,,,,,,0.5
2981933,list_item,humiliation,strict,1771216,1,,,,,,,,,0.3010299956639812
2981934,list_item,transformation,strict,1771216,1,,,,,,,,,0.3010299956639812
2981935,list_item,civil Islam,strict,1772097,1,,,,,,,,,0.3010299956639812
2981936,list_item,terrorism,strict,1772097,2,,,,,,,,,0.47712125471966244
2981937,list_item,imperial fantasies,strict,1772126,1,,,,,,,,,0.3010299956639812
2981938,list_item,right-wing ambitions,strict,1772126,1,,,,,,,,,0.3010299956639812
2981939,list_item,Chestnut Street,strict,1772241,2,,,,,,,,,0.5
2981940,list_item,Philadelphia,strict,1772241,2,,,,,,,,,0.5
2981941,list_item,social life,strict,1772544,2,,,,,,,,,0.47712125471966244
2981942,list_item,local memory,strict,1773858,1,,,,,,,,,0.3010299956639812
2981943,list_item,linkages,strict,1775130,1,,,,,,,,,0.3010299956639812
2981944,list_item,persuasion,strict,1777668,2,,,,,,,,,0.47712125471966244
2981945,list_item,context,strict,1778212,2,,,,,,,,,0.47712125471966244
2981946,list_item,content,strict,1778212,1,,,,,,,,,0.3010299956639812
2981947,list_item,Tel Aviv,strict,1778984,1,,,,,,,,,0.3010299956639812
2981948,list_item,Elijah Muhammad,strict,1778992,2,,,,,,,,,0.5
2981949,list_item,Louis Farrakhan,strict,1778992,2,,,,,,,,,0.5
2981950,list_item,Watergate,strict,1779312,2,,,,,,,,,0.0
2981951,list_item,Warhol,strict,1779312,2,,,,,,,,,0.0
2981952,list_item,vacation,strict,1779500,1,,,,,,,,,0.3010299956639812
2981953,list_item,universities,strict,1779696,2,,,,,,,,,0.0
2981954,list_item,facts,strict,1780478,2,,,,,,,,,0.0
2981955,list_item,fictions,strict,1780478,1,,,,,,,,,0.3010299956639812
2981956,list_item,Illuminati,strict,1781517,2,,,,,,,,,0.0
2981957,list_item,Rosicrucians,strict,1781517,2,,,,,,,,,0.0
2981958,list_item,Latina immigrants,strict,1782121,1,,,,,,,,,0.3010299956639812
2981959,list_item,low-wage jobs,strict,1782121,1,,,,,,,,,0.3010299956639812
2981960,list_item,Q,strict,1783205,1,,,,,,,,,0.3010299956639812
2981961,list_item,Sigmund Freud,strict,1784629,2,,,,,,,,,0.5
2981962,list_item,James Jackson Putnam,strict,1784629,2,,,,,,,,,0.5
2981963,list_item,Flannery O'Connor,strict,1785646,2,,,,,,,,,0.5
2981964,list_item,St. Thomas,strict,1785646,2,,,,,,,,,0.5
2981965,list_item,Enigma,strict,1785672,1,,,,,,,,,0.3010299956639812
2981966,list_item,Ultra,strict,1785672,1,,,,,,,,,0.3010299956639812
2981967,list_item,feminist philosophy,strict,1785919,1,,,,,,,,,0.3010299956639812
2981968,list_item,Giuliani,strict,1786456,4,,,,,,,,,0.5
2981969,list_item,General MacArthur,strict,1786488,2,,,,,,,,,0.0
2981970,list_item,Emperor Hirohito,strict,1786488,2,,,,,,,,,0.0
2981971,list_item,Bill Russell,strict,1787636,3,,,,,,,,,0.36523839814239567
2981972,list_item,Wilt Chamberlain,strict,1787636,3,,,,,,,,,0.36523839814239567
2981973,list_item,Jefferson,strict,1789455,4,,,,,,,,,0.3662150502824127
2981974,list_item,Dzogchen,strict,1789579,3,,,,,,,,,0.25
2981975,list_item,Bon,strict,1789579,3,,,,,,,,,0.25
2981976,list_item,Isadora Duncan,strict,1790880,3,,,,,,,,,0.25
2981977,list_item,Martha Graham,strict,1790880,3,,,,,,,,,0.25
2981978,list_item,prizes,strict,1790911,1,,,,,,,,,0.3010299956639812
2981979,list_item,awards,strict,1790911,1,,,,,,,,,0.3010299956639812
2981980,list_item,commodity trade,strict,1791120,1,,,,,,,,,0.3010299956639812
2981981,list_item,Samuel Insull,strict,1791625,1,,,,,,,,,0.3010299956639812
2981982,list_item,climate,strict,1792622,5,,,,,,,,,0.4868851012215378
2981983,list_item,Ekaterina Dashkova,strict,1793679,1,,,,,,,,,0.3010299956639812
2981984,list_item,Benjamin Franklin,strict,1793679,2,,,,,,,,,0.5
2981985,list_item,nanotechnology,strict,1795781,1,,,,,,,,,0.3010299956639812
2981986,list_item,Clinton,strict,1796570,1,,,,,,,,,0.3010299956639812
2981987,list_item,polemics,strict,1806221,2,,,,,,,,,0.0
2981988,list_item,paraenesis,strict,1806221,2,,,,,,,,,0.0
2981989,list_item,Birt,strict,1806975,2,,,,,,,,,0.5
2981990,list_item,Dyke,strict,1806975,2,,,,,,,,,0.5
2981991,list_item,Indonesia,strict,1807187,2,,,,,,,,,0.47712125471966244
2981992,list_item,death,strict,1816615,5,,,,,,,,,0.3067387625398543
2981993,list_item,Johan Gunnar Andersson,strict,1817798,1,,,,,,,,,0.3010299956639812
2981994,list_item,Ding Wenjiang,strict,1817798,1,,,,,,,,,0.3010299956639812
2981995,list_item,high stakes,strict,1823213,1,,,,,,,,,0.3010299956639812
2981996,list_item,Spirit,strict,1825538,4,,,,,,,,,0.3333333333333333
2981997,list_item,Opportunity,strict,1825538,3,,,,,,,,,0.0
2981998,list_item,Beowulf,strict,1828150,2,,,,,,,,,0.5
2981999,list_item,travel narratives,strict,1828338,1,,,,,,,,,0.3010299956639812
2982000,list_item,Mithras,strict,1829162,2,,,,,,,,,0.5
2982001,list_item,Paul,strict,1829162,4,,,,,,,,,0.5
2982002,list_item,Harry Truman,strict,1829860,2,,,,,,,,,0.5
2982003,list_item,containment,strict,1829860,1,,,,,,,,,0.3010299956639812
2982004,list_item,ecology,strict,1830164,3,,,,,,,,,0.6020599913279624
2982005,list_item,cognitive processes,strict,1830164,1,,,,,,,,,0.3010299956639812
2982006,list_item,cupcakes,strict,1830493,1,,,,,,,,,0.3010299956639812
2982007,list_item,cartoons,strict,1830493,1,,,,,,,,,0.3010299956639812
2982008,list_item,kickball,strict,1830493,1,,,,,,,,,0.3010299956639812
2982009,list_item,citizenship,strict,1831075,5,,,,,,,,,0.0
2982010,list_item,exile,strict,1831075,2,,,,,,,,,0.47712125471966244
2982011,list_item,Protestant best sellers,strict,1831499,1,,,,,,,,,0.3010299956639812
2982012,list_item,private devotion,strict,1831499,1,,,,,,,,,0.3010299956639812
2982013,list_item,subcultural education,strict,1832135,1,,,,,,,,,0.3010299956639812
2982014,list_item,theological boundaries,strict,1832135,1,,,,,,,,,0.3010299956639812
2982015,list_item,Socrates,strict,1832325,1,,,,,,,,,0.3010299956639812
2982016,list_item,Davidson,strict,1832997,2,,,,,,,,,0.0
2982017,list_item,Warren county,strict,1833920,1,,,,,,,,,0.3010299956639812
2982018,list_item,PCBS,strict,1833920,1,,,,,,,,,0.3010299956639812
2982019,list_item,testimony,strict,1834179,1,,,,,,,,,0.3010299956639812
2982020,list_item,flotsam,strict,1834292,1,,,,,,,,,0.3010299956639812
2982021,list_item,jetsam,strict,1834292,1,,,,,,,,,0.3010299956639812
2982022,list_item,residence,strict,1834469,1,,,,,,,,,0.3010299956639812
2982023,list_item,nuclear proliferation,strict,1834787,1,,,,,,,,,0.3010299956639812
2982024,list_item,global insecurity,strict,1834787,1,,,,,,,,,0.3010299956639812
2982025,list_item,Cuban arts,strict,1834930,1,,,,,,,,,0.3010299956639812
2982026,list_item,afterlife,strict,1834958,2,,,,,,,,,0.47712125471966244
2982027,list_item,gender impersonation,strict,1836681,1,,,,,,,,,0.3010299956639812
2982028,list_item,captivity,strict,1836681,2,,,,,,,,,0.47712125471966244
2982029,list_item,public debt,strict,1836853,1,,,,,,,,,0.3010299956639812
2982030,list_item,illness,strict,1837078,1,,,,,,,,,0.3010299956639812
2982031,list_item,gnostic vision,strict,1837703,1,,,,,,,,,0.3010299956639812
2982032,list_item,sacred ecology,strict,1837703,1,,,,,,,,,0.3010299956639812
2982033,list_item,Mary Rogers,strict,1838250,2,,,,,,,,,0.4274754084163287
2982034,list_item,Edgar Allan Poe,strict,1838250,2,,,,,,,,,0.4274754084163287
2982035,list_item,luxury,strict,1838255,1,,,,,,,,,0.3010299956639812
2982036,list_item,patriotism,strict,1838255,1,,,,,,,,,0.3010299956639812
2982037,list_item,nothingness,strict,1838278,2,,,,,,,,,0.0
2982038,list_item,Hart Crane,strict,1838471,2,,,,,,,,,0.5
2982039,list_item,hospitality,strict,1839723,1,,,,,,,,,0.3010299956639812
2982040,list_item,femininity,strict,1839723,1,,,,,,,,,0.3010299956639812
2982041,list_item,Brandt,strict,1841186,4,,,,,,,,,0.3333333333333333
2982042,list_item,Civil Rights,strict,1841231,4,,,,,,,,,0.3333333333333333
2982043,list_item,Machiavelli,strict,1841399,2,,,,,,,,,0.0
2982044,list_item,petticoats,strict,1842115,2,,,,,,,,,0.0
2982045,list_item,martyrdom,strict,1842490,1,,,,,,,,,0.3010299956639812
2982046,list_item,empty space,strict,1842820,1,,,,,,,,,0.3010299956639812
2982047,list_item,urban anxiety,strict,1842820,1,,,,,,,,,0.3010299956639812
2982048,list_item,liberal war,strict,1843182,1,,,,,,,,,0.3010299956639812
2982049,list_item,prisons,strict,1844364,1,,,,,,,,,0.3010299956639812
2982050,list_item,David,strict,1844528,2,,,,,,,,,0.0
2982051,list_item,Canova,strict,1844528,1,,,,,,,,,0.3010299956639812
2982052,list_item,Frederick Douglass,strict,1844672,5,,,,,,,,,0.5463508646673849
2982053,list_item,Abraham Lincoln,strict,1844672,5,,,,,,,,,0.32754503474480007
2982054,list_item,family rights,strict,1845785,1,,,,,,,,,0.3010299956639812
2982055,list_item,Fort DeRussy,strict,1846284,2,,,,,,,,,0.7100477069569824
2982056,list_item,Louisiana,strict,1846284,4,,,,,,,,,0.3550238534784912
2982057,list_item,al-Qa'ida,strict,1846606,1,,,,,,,,,0.3010299956639812
2982058,list_item,tourism,strict,1848308,1,,,,,,,,,0.3010299956639812
2982059,list_item,heritage,strict,1848308,1,,,,,,,,,0.3010299956639812
2982060,list_item,high tech,strict,1848507,1,,,,,,,,,0.3010299956639812
2982061,list_item,Pascal,strict,1848825,2,,,,,,,,,0.5
2982062,list_item,Leibniz,strict,1848825,2,,,,,,,,,0.5
2982063,list_item,strange weather,strict,1849217,1,,,,,,,,,0.3010299956639812
2982064,list_item,future Katrinas,strict,1849217,1,,,,,,,,,0.3010299956639812
2982065,list_item,surveys,strict,1850182,1,,,,,,,,,0.3010299956639812
2982066,list_item,commonsense thinking,strict,1850426,1,,,,,,,,,0.3010299956639812
2982067,list_item,artificial intelligence,strict,1850426,2,,,,,,,,,0.0
2982068,list_item,generation,strict,1850604,1,,,,,,,,,0.3010299956639812
2982069,list_item,Rachel Carson,strict,1852726,3,,,,,,,,,0.6440412223804746
2982070,list_item,Silent spring,strict,1852726,2,,,,,,,,,0.7880824447609492
2982071,list_item,Greece,strict,1852813,4,,,,,,,,,0.2299834404477599
2982072,list_item,design,strict,1852944,4,,,,,,,,,0.6989700043360189
2982073,list_item,plague,strict,1853729,1,,,,,,,,,0.3010299956639812
2982074,list_item,sportsmanship,strict,1855334,1,,,,,,,,,0.3010299956639812
2982075,list_item,modesty,strict,1855334,1,,,,,,,,,0.3010299956639812
2982076,list_item,aestheticism,strict,1855429,1,,,,,,,,,0.3010299956639812
2982077,list_item,economic prospects,strict,1857963,1,,,,,,,,,0.3010299956639812
2982078,list_item,long-term debt sustainability,strict,1857963,1,,,,,,,,,0.3010299956639812
2982079,list_item,New Labour,strict,1865163,3,,,,,,,,,0.5
2982080,list_item,British democracy,strict,1865163,2,,,,,,,,,0.5
2982081,list_item,household,strict,1870495,1,,,,,,,,,0.3010299956639812
2982082,list_item,Iraq,strict,1872443,5,,,,,,,,,0.5
2982083,list_item,vegetation,strict,1874073,1,,,,,,,,,0.3010299956639812
2982084,list_item,compliance,strict,1875131,1,,,,,,,,,0.3010299956639812
2982085,list_item,son preference,strict,1876581,1,,,,,,,,,0.3010299956639812
2982086,list_item,gender status,strict,1876581,1,,,,,,,,,0.3010299956639812
2982087,list_item,modification,strict,1879847,1,,,,,,,,,0.3010299956639812
2982088,list_item,clocks,strict,1888662,2,,,,,,,,,0.5
2982089,list_item,calendars,strict,1888662,2,,,,,,,,,0.5
2982090,list_item,evangelization,strict,1892136,1,,,,,,,,,0.3010299956639812
2982091,list_item,conversion,strict,1892136,2,,,,,,,,,0.0
2982092,list_item,dark matter,strict,1894469,2,,,,,,,,,0.5
2982093,list_item,dark energy,strict,1894469,2,,,,,,,,,0.5
2982094,list_item,Koreans,strict,1896953,3,,,,,,,,,0.5
2982095,list_item,Americans,strict,1896953,3,,,,,,,,,0.5
2982096,list_item,mythistory,strict,1897255,1,,,,,,,,,0.3010299956639812
2982097,list_item,blind Republicans,strict,1897577,1,,,,,,,,,0.3010299956639812
2982098,list_item,lame Democrats,strict,1897577,1,,,,,,,,,0.3010299956639812
2982099,list_item,responsibility,strict,1898738,3,,,,,,,,,0.6020599913279624
2982100,list_item,Bataille,strict,1898916,4,,,,,,,,,0.0
2982101,list_item,organic farming,strict,1900164,1,,,,,,,,,0.3010299956639812
2982102,list_item,publishers,strict,1900215,1,,,,,,,,,0.3010299956639812
2982103,list_item,designers,strict,1900215,1,,,,,,,,,0.3010299956639812
2982104,list_item,therapy,strict,1900442,1,,,,,,,,,0.3010299956639812
2982105,list_item,judgments,strict,1900548,1,,,,,,,,,0.3010299956639812
2982106,list_item,progressions,strict,1900548,1,,,,,,,,,0.3010299956639812
2982107,list_item,capitalists,strict,1901498,1,,,,,,,,,0.3010299956639812
2982108,list_item,con men,strict,1901498,1,,,,,,,,,0.3010299956639812
2982109,list_item,William,strict,1903280,2,,,,,,,,,0.5
2982110,list_item,Harry,strict,1903280,2,,,,,,,,,0.5
2982111,list_item,Charles,strict,1903280,1,,,,,,,,,0.3010299956639812
2982112,list_item,comics,strict,1903567,1,,,,,,,,,0.3010299956639812
2982113,list_item,pollution,strict,1904349,1,,,,,,,,,0.3010299956639812
2982114,list_item,Paris,strict,1906343,5,,,,,,,,,0.5
2982115,list_item,feminist ethics,strict,1906974,1,,,,,,,,,0.3010299956639812
2982116,list_item,personal choice,strict,1906974,2,,,,,,,,,0.47712125471966244
2982117,list_item,region,strict,1907086,2,,,,,,,,,0.47712125471966244
2982118,list_item,biological weapons,strict,1907501,2,,,,,,,,,0.47712125471966244
2982119,list_item,life sciences,strict,1907501,1,,,,,,,,,0.3010299956639812
2982120,list_item,providence,strict,1907789,1,,,,,,,,,0.3010299956639812
2982121,list_item,global crises,strict,1909666,1,,,,,,,,,0.3010299956639812
2982122,list_item,mules,strict,1910073,1,,,,,,,,,0.3010299956639812
2982123,list_item,machines,strict,1910073,2,,,,,,,,,0.47712125471966244
2982124,list_item,earthquakes,strict,1910125,1,,,,,,,,,0.3010299956639812
2982125,list_item,archaeology,strict,1910125,4,,,,,,,,,0.6989700043360189
2982126,list_item,Chesterton,strict,1910285,2,,,,,,,,,0.5
2982127,list_item,Tolkien,strict,1910285,2,,,,,,,,,0.5
2982128,list_item,madness,strict,1911649,6,,,,,,,,,0.05673876253985433
2982129,list_item,MySpace,strict,1911856,2,,,,,,,,,0.5
2982130,list_item,YouTube,strict,1911856,2,,,,,,,,,0.5
2982131,list_item,H-bombs,strict,1912348,1,,,,,,,,,0.3010299956639812
2982132,list_item,Inupiat Eskimos,strict,1912348,2,,,,,,,,,0.0
2982133,list_item,public health,strict,1912562,2,,,,,,,,,0.47712125471966244
2982134,list_item,dress,strict,1913039,1,,,,,,,,,0.3010299956639812
2982135,list_item,adornment,strict,1913039,1,,,,,,,,,0.3010299956639812
2982136,list_item,fetish,strict,1913464,2,,,,,,,,,0.5
2982137,list_item,sanctions,strict,1915882,2,,,,,,,,,0.5
2982138,list_item,wars,strict,1915882,1,,,,,,,,,0.3010299956639812
2982139,list_item,hypnotic crimes,strict,1916743,1,,,,,,,,,0.3010299956639812
2982140,list_item,corporate fiction,strict,1916743,1,,,,,,,,,0.3010299956639812
2982141,list_item,Hemingway,strict,1916893,2,,,,,,,,,0.5
2982142,list_item,Fitzgerald,strict,1916893,2,,,,,,,,,0.5
2982143,list_item,Faulkner,strict,1916893,2,,,,,,,,,0.5
2982144,list_item,Jim Thorpe,strict,1917205,4,,,,,,,,,0.9295224744282786
2982145,list_item,Dwight Eisenhower,strict,1917205,4,,,,,,,,,0.9295224744282786
2982146,list_item,Pop Warner,strict,1917205,4,,,,,,,,,0.9295224744282786
2982147,list_item,cancer,strict,1917539,1,,,,,,,,,0.3010299956639812
2982148,list_item,Duluth,strict,1918280,2,,,,,,,,,0.5
2982149,list_item,U.S.S.teel,strict,1918280,1,,,,,,,,,0.3010299956639812
2982150,list_item,teachers,strict,1918677,1,,,,,,,,,0.3010299956639812
2982151,list_item,New England,strict,1919212,2,,,,,,,,,0.5
2982152,list_item,Colombia,strict,1919212,2,,,,,,,,,0.5
2982153,list_item,territory,strict,1920096,3,,,,,,,,,0.6020599913279624
2982154,list_item,dirty deals,strict,1920317,1,,,,,,,,,0.3010299956639812
2982155,list_item,unpaid claims,strict,1920317,1,,,,,,,,,0.3010299956639812
2982156,list_item,gnomai,strict,1920457,1,,,,,,,,,0.3010299956639812
2982157,list_item,sustainability,strict,1921722,2,,,,,,,,,0.47712125471966244
2982158,list_item,Black America,strict,1922460,2,,,,,,,,,0.5
2982159,list_item,Black leadership,strict,1922460,1,,,,,,,,,0.3010299956639812
2982160,list_item,Origen,strict,1926034,4,,,,,,,,,0.0
2982161,list_item,Eusebius,strict,1926034,3,,,,,,,,,0.0
2982162,list_item,regeneration,strict,1929179,1,,,,,,,,,0.3010299956639812
2982163,list_item,commerce,strict,1930265,3,,,,,,,,,0.0
2982164,list_item,temper tantrums,strict,1930888,1,,,,,,,,,0.3010299956639812
2982165,list_item,F words,strict,1930888,1,,,,,,,,,0.3010299956639812
2982166,list_item,professional work,strict,1931757,1,,,,,,,,,0.3010299956639812
2982167,list_item,pragmatics,strict,1939824,2,,,,,,,,,0.47712125471966244
2982168,list_item,Ronald Turpin,strict,1944226,2,,,,,,,,,0.5
2982169,list_item,Arthur Lucas,strict,1944226,2,,,,,,,,,0.5
2982170,list_item,school desegregation,strict,1948637,1,,,,,,,,,0.3010299956639812
2982171,list_item,Justice Department enforcement,strict,1948637,1,,,,,,,,,0.3010299956639812
2982172,list_item,vernacular risk perception,strict,1953503,1,,,,,,,,,0.3010299956639812
2982173,list_item,wonkonians,strict,1958224,1,,,,,,,,,0.3010299956639812
2982174,list_item,gekkonians,strict,1958224,1,,,,,,,,,0.3010299956639812
2982175,list_item,transit,strict,1959544,1,,,,,,,,,0.3010299956639812
2982176,list_item,real estate,strict,1959544,3,,,,,,,,,0.6020599913279624
2982177,list_item,jazz,strict,1960668,3,,,,,,,,,0.6020599913279624
2982178,list_item,commercialism,strict,1961261,1,,,,,,,,,0.3010299956639812
2982179,list_item,exploitation,strict,1961261,1,,,,,,,,,0.3010299956639812
2982180,list_item,idealists,strict,1961433,1,,,,,,,,,0.3010299956639812
2982181,list_item,entrepreneurs,strict,1961433,1,,,,,,,,,0.3010299956639812
2982182,list_item,refugees,strict,1962190,2,,,,,,,,,0.47712125471966244
2982183,list_item,Harold John Ockenga,strict,1963722,2,,,,,,,,,0.5
2982184,list_item,Billy Graham,strict,1963722,2,,,,,,,,,0.5
2982185,list_item,Hawthorne,strict,1964189,1,,,,,,,,,0.3010299956639812
2982186,list_item,Melville,strict,1964189,1,,,,,,,,,0.3010299956639812
2982187,list_item,autoethnography,strict,1964444,1,,,,,,,,,0.3010299956639812
2982188,list_item,lordship,strict,1964994,2,,,,,,,,,0.47712125471966244
2982189,list_item,secularity,strict,1966631,1,,,,,,,,,0.3010299956639812
2982190,list_item,Al Qaeda,strict,1966742,2,,,,,,,,,0.5
2982191,list_item,Salafi Jihad,strict,1966742,2,,,,,,,,,0.5
2982192,list_item,phenomenology,strict,1966925,1,,,,,,,,,0.3010299956639812
2982193,list_item,Alexander Blok,strict,1967340,2,,,,,,,,,0.5
2982194,list_item,Zinaida Gippius,strict,1967340,2,,,,,,,,,0.5
2982195,list_item,Jewish literature,strict,1967718,1,,,,,,,,,0.3010299956639812
2982196,list_item,expulsion,strict,1967718,1,,,,,,,,,0.3010299956639812
2982197,list_item,African migration,strict,1968391,1,,,,,,,,,0.3010299956639812
2982198,list_item,Amy Tan,strict,1968884,1,,,,,,,,,0.3010299956639812
2982199,list_item,Stewart Wallace,strict,1968884,1,,,,,,,,,0.3010299956639812
2982200,list_item,private citizens,strict,1969270,1,,,,,,,,,0.3010299956639812
2982201,list_item,popular press,strict,1969270,1,,,,,,,,,0.3010299956639812
2982202,list_item,professionals,strict,1969429,1,,,,,,,,,0.3010299956639812
2982203,list_item,Chinese alchemists,strict,1969562,1,,,,,,,,,0.3010299956639812
2982204,list_item,Jewish kabbalists,strict,1969562,1,,,,,,,,,0.3010299956639812
2982205,list_item,eugenics,strict,1970110,3,,,,,,,,,0.6020599913279624
2982206,list_item,teen phenoms,strict,1970699,1,,,,,,,,,0.3010299956639812
2982207,list_item,mad parents,strict,1970699,1,,,,,,,,,0.3010299956639812
2982208,list_item,swing science,strict,1970699,1,,,,,,,,,0.3010299956639812
2982209,list_item,Gilroy,strict,1970823,2,,,,,,,,,0.5
2982210,list_item,garlic,strict,1970823,1,,,,,,,,,0.3010299956639812
2982211,list_item,anthrax,strict,1971632,1,,,,,,,,,0.3010299956639812
2982212,list_item,influenza,strict,1971632,1,,,,,,,,,0.3010299956639812
2982213,list_item,labour,strict,1971898,1,,,,,,,,,0.3010299956639812
2982214,list_item,shipwreck,strict,1972212,2,,,,,,,,,0.12766631515584903
2982215,list_item,survival,strict,1972212,3,,,,,,,,,0.6020599913279624
2982216,list_item,white mothers,strict,1972712,1,,,,,,,,,0.3010299956639812
2982217,list_item,international adoption,strict,1972712,1,,,,,,,,,0.3010299956639812
2982218,list_item,queer parents,strict,1974472,1,,,,,,,,,0.3010299956639812
2982219,list_item,judges,strict,1974472,1,,,,,,,,,0.3010299956639812
2982220,list_item,rulers,strict,1974496,2,,,,,,,,,0.47712125471966244
2982221,list_item,rabbis,strict,1974728,1,,,,,,,,,0.3010299956639812
2982222,list_item,Kierkegaard,strict,1974741,5,,,,,,,,,0.3333333333333333
2982223,list_item,Aristotle,strict,1974741,2,,,,,,,,,0.5
2982224,list_item,mythography,strict,1976409,1,,,,,,,,,0.3010299956639812
2982225,list_item,ostrich feathers,strict,1977690,1,,,,,,,,,0.3010299956639812
2982226,list_item,material culture,strict,1977840,1,,,,,,,,,0.3010299956639812
2982227,list_item,hope,strict,1978722,2,,,,,,,,,0.0
2982228,list_item,mixed martial arts,strict,1980254,1,,,,,,,,,0.3010299956639812
2982229,list_item,Pat Miletich,strict,1980254,2,,,,,,,,,0.5
2982230,list_item,Plato,strict,1980603,5,,,,,,,,,0.16666666666666666
2982231,list_item,spin,strict,1980778,1,,,,,,,,,0.3010299956639812
2982232,list_item,public relations,strict,1980778,1,,,,,,,,,0.3010299956639812
2982233,list_item,Imperial Russia,strict,1980919,2,,,,,,,,,0.0
2982234,list_item,Washington politics,strict,1982268,1,,,,,,,,,0.3010299956639812
2982235,list_item,world poverty,strict,1982268,1,,,,,,,,,0.3010299956639812
2982236,list_item,human resilience,strict,1984158,1,,,,,,,,,0.3010299956639812
2982237,list_item,ecological vulnerability,strict,1984158,1,,,,,,,,,0.3010299956639812
2982238,list_item,Ben Bernanke,strict,1984993,3,,,,,,,,,0.5792484078052769
2982239,list_item,Alan Greenspan,strict,1984993,3,,,,,,,,,0.5792484078052769
2982240,list_item,Masons,strict,1985037,3,,,,,,,,,0.5
2982241,list_item,mysteries,strict,1985037,1,,,,,,,,,0.3010299956639812
2982242,list_item,regionalism,strict,1985927,2,,,,,,,,,0.47712125471966244
2982243,list_item,Charles Coolidge Parlin,strict,1986121,2,,,,,,,,,0.5
2982244,list_item,Curtis Publishing Company,strict,1986121,2,,,,,,,,,0.5
2982245,list_item,Greek tragedy,strict,1986449,1,,,,,,,,,0.3010299956639812
2982246,list_item,sexual difference,strict,1986449,1,,,,,,,,,0.3010299956639812
2982247,list_item,movements,strict,1986631,1,,,,,,,,,0.3010299956639812
2982248,list_item,Quakers,strict,1986865,1,,,,,,,,,0.3010299956639812
2982249,list_item,African Americans,strict,1986865,6,,,,,,,,,0.3333333333333333
2982250,list_item,rebels,strict,1986959,1,,,,,,,,,0.3010299956639812
2982251,list_item,reactionaries,strict,1986959,1,,,,,,,,,0.3010299956639812
2982252,list_item,cotton,strict,1987503,1,,,,,,,,,0.3010299956639812
2982253,list_item,federal politics,strict,1987503,1,,,,,,,,,0.3010299956639812
2982254,list_item,supremacy,strict,1988046,1,,,,,,,,,0.3010299956639812
2982255,list_item,inferiority,strict,1988046,1,,,,,,,,,0.3010299956639812
2982256,list_item,high-risk lending,strict,1988536,2,,,,,,,,,0.47712125471966244
2982257,list_item,deregulation,strict,1988536,2,,,,,,,,,0.47712125471966244
2982258,list_item,communication,strict,1989134,2,,,,,,,,,0.47712125471966244
2982259,list_item,Hugh Hammond Bennett,strict,1989386,1,,,,,,,,,0.3010299956639812
2982260,list_item,Aldo Leopold,strict,1989386,1,,,,,,,,,0.3010299956639812
2982261,list_item,wine,strict,1989560,1,,,,,,,,,0.3010299956639812
2982262,list_item,values,strict,1991130,1,,,,,,,,,0.3010299956639812
2982263,list_item,evidence,strict,1993655,2,,,,,,,,,0.47712125471966244
2982264,list_item,lies,strict,1994636,7,,,,,,,,,0.39442084413625156
2982265,list_item,political leaders,strict,1994829,2,,,,,,,,,0.5
2982266,list_item,moral values,strict,1994829,2,,,,,,,,,0.5
2982267,list_item,St. Paul,strict,1995468,1,,,,,,,,,0.3010299956639812
2982268,list_item,Roman intelligence,strict,1995468,1,,,,,,,,,0.3010299956639812
2982269,list_item,Ben Bickerstaff,strict,1996114,2,,,,,,,,,0.5
2982270,list_item,Northeast Texans,strict,1996114,2,,,,,,,,,0.5
2982271,list_item,crime,strict,1996588,4,,,,,,,,,0.0
2982272,list_item,exclusion,strict,1996588,1,,,,,,,,,0.3010299956639812
2982273,list_item,civil rights,strict,2003679,1,,,,,,,,,0.3010299956639812
2982274,list_item,global revolt,strict,2003679,1,,,,,,,,,0.3010299956639812
2982275,list_item,Darien,strict,2004564,2,,,,,,,,,0.5
2982276,list_item,Union,strict,2004564,2,,,,,,,,,0.5
2982277,list_item,betrayal,strict,2006099,4,,,,,,,,,0.42344472032311653
2982278,list_item,revolutionaries,strict,2010367,2,,,,,,,,,0.47712125471966244
2982279,list_item,rock stars,strict,2010367,2,,,,,,,,,0.47712125471966244
2982280,list_item,Gulf security,strict,2011902,1,,,,,,,,,0.3010299956639812
2982281,list_item,principles,strict,2015363,2,,,,,,,,,0.47712125471966244
2982282,list_item,practices,strict,2015363,1,,,,,,,,,0.3010299956639812
2982283,list_item,employers,strict,2017147,1,,,,,,,,,0.3010299956639812
2982284,list_item,unions,strict,2017147,2,,,,,,,,,0.47712125471966244
2982285,list_item,Atlantic slavery,strict,2025422,1,,,,,,,,,0.3010299956639812
2982286,list_item,freedom suits,strict,2025422,1,,,,,,,,,0.3010299956639812
2982287,list_item,cultural encounter,strict,2025959,1,,,,,,,,,0.3010299956639812
2982288,list_item,imperial vision,strict,2025959,1,,,,,,,,,0.3010299956639812
2982289,list_item,experience,strict,2026212,1,,,,,,,,,0.3010299956639812
2982290,list_item,secret government,strict,2026326,1,,,,,,,,,0.3010299956639812
2982291,list_item,war crimes,strict,2026326,1,,,,,,,,,0.3010299956639812
2982292,list_item,Buddhism,strict,2026614,4,,,,,,,,,0.5
2982293,list_item,Selena,strict,2026715,2,,,,,,,,,0.5
2982294,list_item,Latinos,strict,2026715,6,,,,,,,,,0.16666666666666666
2982295,list_item,coroners,strict,2027103,1,,,,,,,,,0.3010299956639812
2982296,list_item,medical examiners,strict,2027103,1,,,,,,,,,0.3010299956639812
2982297,list_item,Josephus,strict,2027482,2,,,,,,,,,0.5
2982298,list_item,Masada,strict,2027482,2,,,,,,,,,0.5
2982299,list_item,heroes,strict,2027946,3,,,,,,,,,0.6020599913279624
2982300,list_item,rogues,strict,2027946,2,,,,,,,,,0.47712125471966244
2982301,list_item,Paul Nitze,strict,2029346,2,,,,,,,,,0.5
2982302,list_item,George Kennan,strict,2029346,2,,,,,,,,,0.5
2982303,list_item,Actium,strict,2029871,2,,,,,,,,,0.5
2982304,list_item,Apollo,strict,2029871,2,,,,,,,,,0.5
2982305,list_item,creative visual thinkers,strict,2031504,1,,,,,,,,,0.3010299956639812
2982306,list_item,gifted dyslexics,strict,2031504,1,,,,,,,,,0.3010299956639812
2982307,list_item,bribes,strict,2032114,1,,,,,,,,,0.3010299956639812
2982308,list_item,natural disasters,strict,2032333,1,,,,,,,,,0.3010299956639812
2982309,list_item,global warming,strict,2032333,1,,,,,,,,,0.3010299956639812
2982310,list_item,Proust,strict,2032366,2,,,,,,,,,0.5
2982311,list_item,colonial legacy,strict,2032800,1,,,,,,,,,0.3010299956639812
2982312,list_item,innovation,strict,2034562,3,,,,,,,,,0.6020599913279624
2982313,list_item,activists,strict,2035221,1,,,,,,,,,0.3010299956639812
2982314,list_item,bureaucrats,strict,2035221,1,,,,,,,,,0.3010299956639812
2982315,list_item,bindlestiffs,strict,2035637,1,,,,,,,,,0.3010299956639812
2982316,list_item,fruit tramps,strict,2035637,1,,,,,,,,,0.3010299956639812
2982317,list_item,immunity,strict,2036468,1,,,,,,,,,0.3010299956639812
2982318,list_item,biopolitics,strict,2036468,3,,,,,,,,,0.6020599913279624
2982319,list_item,free markets,strict,2038853,3,,,,,,,,,0.6020599913279624
2982320,list_item,corporate thieves,strict,2038853,1,,,,,,,,,0.3010299956639812
2982321,list_item,malaria,strict,2039142,1,,,,,,,,,0.3010299956639812
2982322,list_item,yellow fever,strict,2039142,1,,,,,,,,,0.3010299956639812
2982323,list_item,poisonous products,strict,2039589,1,,,,,,,,,0.3010299956639812
2982324,list_item,human health,strict,2039589,1,,,,,,,,,0.3010299956639812
2982325,list_item,dharma,strict,2039785,1,,,,,,,,,0.3010299956639812
2982326,list_item,vegetarians,strict,2040918,1,,,,,,,,,0.3010299956639812
2982327,list_item,Mexican peasants,strict,2041983,1,,,,,,,,,0.3010299956639812
2982328,list_item,national projects,strict,2041983,1,,,,,,,,,0.3010299956639812
2982329,list_item,nonviolence,strict,2042085,1,,,,,,,,,0.3010299956639812
2982330,list_item,honor,strict,2043381,1,,,,,,,,,0.3010299956639812
2982331,list_item,idealism,strict,2043381,1,,,,,,,,,0.3010299956639812
2982332,list_item,Sarah,strict,2043475,1,,,,,,,,,0.3010299956639812
2982333,list_item,Michelle,strict,2043475,1,,,,,,,,,0.3010299956639812
2982334,list_item,Hillary,strict,2043475,3,,,,,,,,,0.5
2982335,list_item,Amundsen,strict,2043876,1,,,,,,,,,0.3010299956639812
2982336,list_item,Scott,strict,2043876,3,,,,,,,,,0.33672725054244323
2982337,list_item,Georgia,strict,2044455,2,,,,,,,,,0.5
2982338,list_item,disease,strict,2044515,2,,,,,,,,,0.47377020244307555
2982339,list_item,livestock economies,strict,2044515,1,,,,,,,,,0.3010299956639812
2982340,list_item,Dorothea Lange,strict,2044660,2,,,,,,,,,0.5
2982341,list_item,Paul Taylor,strict,2044660,2,,,,,,,,,0.5
2982342,list_item,Protestants,strict,2045618,5,,,,,,,,,0.5
2982343,list_item,Samuel Baker,strict,2046339,2,,,,,,,,,0.5
2982344,list_item,Charles Gordon,strict,2046339,2,,,,,,,,,0.5
2982345,list_item,Barthes,strict,2046526,3,,,,,,,,,0.25
2982346,list_item,Blanchot,strict,2046526,3,,,,,,,,,0.0
2982347,list_item,martyrs,strict,2047621,1,,,,,,,,,0.3010299956639812
2982348,list_item,colonial expansion,strict,2048817,1,,,,,,,,,0.3010299956639812
2982349,list_item,native resistance,strict,2048817,1,,,,,,,,,0.3010299956639812
2982350,list_item,reason,strict,2050252,2,,,,,,,,,0.47712125471966244
2982351,list_item,magic bullets,strict,2050692,1,,,,,,,,,0.3010299956639812
2982352,list_item,psychiatric drugs,strict,2050692,1,,,,,,,,,0.3010299956639812
2982353,list_item,hegemonic discourse,strict,2050752,1,,,,,,,,,0.3010299956639812
2982354,list_item,public opinion,strict,2050752,2,,,,,,,,,0.0
2982355,list_item,feast,strict,2051722,1,,,,,,,,,0.3010299956639812
2982356,list_item,famine,strict,2051722,1,,,,,,,,,0.3010299956639812
2982357,list_item,authoritarianism,strict,2052309,1,,,,,,,,,0.3010299956639812
2982358,list_item,attachment therapy,strict,2052801,1,,,,,,,,,0.3010299956639812
2982359,list_item,pain,strict,2053364,1,,,,,,,,,0.3010299956639812
2982360,list_item,Primo Levi,strict,2055371,2,,,,,,,,,0.0
2982361,list_item,deceit,strict,2055786,4,,,,,,,,,0.8186290648169054
2982362,list_item,Anfield,strict,2056801,2,,,,,,,,,0.5
2982363,list_item,Breckfield,strict,2056801,2,,,,,,,,,0.5
2982364,list_item,landscape history,strict,2061190,1,,,,,,,,,0.3010299956639812
2982365,list_item,fascism,strict,2061360,2,,,,,,,,,0.5
2982366,list_item,economic drivers,strict,2067377,1,,,,,,,,,0.3010299956639812
2982367,list_item,environmental implications,strict,2067377,1,,,,,,,,,0.3010299956639812
2982368,list_item,xenophobia,strict,2068625,1,,,,,,,,,0.3010299956639812
2982369,list_item,loyalty,strict,2075480,1,,,,,,,,,0.3010299956639812
2982370,list_item,Dickens,strict,2075519,3,,,,,,,,,0.25
2982371,list_item,indigenous epistemes,strict,2078317,1,,,,,,,,,0.3010299956639812
2982372,list_item,Know-Nothings,strict,2078345,1,,,,,,,,,0.3010299956639812
2982373,list_item,alms house scandals,strict,2078345,1,,,,,,,,,0.3010299956639812
2982374,list_item,laughter,strict,2081742,1,,,,,,,,,0.3010299956639812
2982375,list_item,land rents,strict,2082217,1,,,,,,,,,0.3010299956639812
2982376,list_item,local productivity,strict,2082217,1,,,,,,,,,0.3010299956639812
2982377,list_item,fashion,strict,2085547,2,,,,,,,,,0.47712125471966244
2982378,list_item,fantasy,strict,2085547,1,,,,,,,,,0.3010299956639812
2982379,list_item,Orthodoxy,strict,2085679,1,,,,,,,,,0.3010299956639812
2982380,list_item,international security,strict,2085837,1,,,,,,,,,0.3010299956639812
2982381,list_item,codes,strict,2085837,1,,,,,,,,,0.3010299956639812
2982382,list_item,modern architecture,strict,2089047,1,,,,,,,,,0.3010299956639812
2982383,list_item,building restoration,strict,2089047,1,,,,,,,,,0.3010299956639812
2982384,list_item,Ramus,strict,2090121,2,,,,,,,,,0.5
2982385,list_item,Savile,strict,2090121,2,,,,,,,,,0.5
2982386,list_item,mathematics,strict,2090518,1,,,,,,,,,0.3010299956639812
2982387,list_item,anxiety,strict,2091424,2,,,,,,,,,0.47712125471966244
2982388,list_item,transnationalism,strict,2091863,1,,,,,,,,,0.3010299956639812
2982389,list_item,consociation,strict,2091926,1,,,,,,,,,0.3010299956639812
2982390,list_item,DNA,strict,2093264,1,,,,,,,,,0.3010299956639812
2982391,list_item,quantum bits,strict,2093264,1,,,,,,,,,0.3010299956639812
2982392,list_item,Christians,strict,2093385,4,,,,,,,,,0.3333333333333333
2982393,list_item,porn,strict,2093385,1,,,,,,,,,0.3010299956639812
2982394,list_item,Phoenicians,strict,2093948,2,,,,,,,,,0.5
2982395,list_item,Elizabeth Taylor,strict,2094286,2,,,,,,,,,0.47712125471966244
2982396,list_item,Richard Burton,strict,2094286,2,,,,,,,,,0.47712125471966244
2982397,list_item,popular tradition,strict,2094341,1,,,,,,,,,0.3010299956639812
2982398,list_item,cultural dialogue,strict,2094341,1,,,,,,,,,0.3010299956639812
2982399,list_item,statistical power,strict,2094478,1,,,,,,,,,0.3010299956639812
2982400,list_item,meta-analysis,strict,2094478,1,,,,,,,,,0.3010299956639812
2982401,list_item,body,strict,2095019,2,,,,,,,,,0.0
2982402,list_item,Shi'ism,strict,2095101,1,,,,,,,,,0.3010299956639812
2982403,list_item,Henry Goldman,strict,2095397,2,,,,,,,,,0.5
2982404,list_item,Goldman Sachs,strict,2095397,2,,,,,,,,,0.5
2982405,list_item,Richard Nixon,strict,2096104,2,,,,,,,,,0.549787597226264
2982406,list_item,Jack Anderson,strict,2096104,2,,,,,,,,,0.549787597226264
2982407,list_item,football,strict,2097657,1,,,,,,,,,0.3010299956639812
2982408,list_item,Bible,strict,2098629,2,,,,,,,,,0.5
2982409,list_item,disgrace,strict,2099412,1,,,,,,,,,0.3010299956639812
2982410,list_item,peers,strict,2100177,1,,,,,,,,,0.3010299956639812
2982411,list_item,mindfulness,strict,2101919,1,,,,,,,,,0.3010299956639812
2982412,list_item,fools,strict,2103510,1,,,,,,,,,0.3010299956639812
2982413,list_item,social movements,strict,2103542,1,,,,,,,,,0.3010299956639812
2982414,list_item,constitutional reform,strict,2107106,1,,,,,,,,,0.3010299956639812
2982415,list_item,liberalism,strict,2107106,3,,,,,,,,,0.6020599913279624
2982416,list_item,George Gipp,strict,2107136,3,,,,,,,,,0.25
2982417,list_item,Knute Rockne,strict,2107136,3,,,,,,,,,0.25
2982418,list_item,laws,strict,2107443,1,,,,,,,,,0.3010299956639812
2982419,list_item,plain-folk religion,strict,2107625,1,,,,,,,,,0.3010299956639812
2982420,list_item,grassroots politics,strict,2107625,1,,,,,,,,,0.3010299956639812
2982421,list_item,autonomy,strict,2107769,3,,,,,,,,,0.5
2982422,list_item,capacity,strict,2107769,1,,,,,,,,,0.3010299956639812
2982423,list_item,cosmic visions,strict,2108819,1,,,,,,,,,0.3010299956639812
2982424,list_item,Telos,strict,2109348,1,,,,,,,,,0.3010299956639812
2982425,list_item,Paul Piccone,strict,2109348,1,,,,,,,,,0.3010299956639812
2982426,list_item,contestation,strict,2110856,1,,,,,,,,,0.3010299956639812
2982427,list_item,ubiquitous computing,strict,2111079,1,,,,,,,,,0.3010299956639812
2982428,list_item,workers,strict,2111252,1,,,,,,,,,0.3010299956639812
2982429,list_item,insecurity,strict,2111713,1,,,,,,,,,0.3010299956639812
2982430,list_item,independence,strict,2111713,2,,,,,,,,,0.0
2982431,list_item,happiness,strict,2112087,1,,,,,,,,,0.3010299956639812
2982432,list_item,private property,strict,2112087,2,,,,,,,,,0.47712125471966244
2982433,list_item,cruelty,strict,2112628,1,,,,,,,,,0.3010299956639812
2982434,list_item,asset price swings,strict,2113606,1,,,,,,,,,0.3010299956639812
2982435,list_item,Daniel Lerner,strict,2113948,2,,,,,,,,,0.0
2982436,list_item,mass media,strict,2113948,1,,,,,,,,,0.3010299956639812
2982437,list_item,Pakistan,strict,2114100,6,,,,,,,,,0.5
2982438,list_item,Gustav Hasford,strict,2114191,2,,,,,,,,,0.0
2982439,list_item,Ron Kovic,strict,2114191,2,,,,,,,,,0.0
2982440,list_item,Tim O'Brien,strict,2114191,1,,,,,,,,,0.3010299956639812
2982441,list_item,avatars,strict,2114524,1,,,,,,,,,0.3010299956639812
2982442,list_item,eternal life,strict,2114524,1,,,,,,,,,0.3010299956639812
2982443,list_item,new worlds,strict,2114524,1,,,,,,,,,0.3010299956639812
2982444,list_item,Dryden,strict,2115975,2,,,,,,,,,0.0
2982445,list_item,Pope,strict,2115975,2,,,,,,,,,0.0
2982446,list_item,rock,strict,2116286,1,,,,,,,,,0.3010299956639812
2982447,list_item,funk,strict,2116286,1,,,,,,,,,0.3010299956639812
2982448,list_item,opera,strict,2116315,1,,,,,,,,,0.3010299956639812
2982449,list_item,Dempsey,strict,2116408,2,,,,,,,,,0.0
2982450,list_item,Carpentier,strict,2116408,2,,,,,,,,,0.0
2982451,list_item,poverty reduction strategies,strict,2116882,1,,,,,,,,,0.3010299956639812
2982452,list_item,international law,strict,2116882,1,,,,,,,,,0.3010299956639812
2982453,list_item,sensitivity,strict,2117425,1,,,,,,,,,0.3010299956639812
2982454,list_item,Mary McCarthy,strict,2117547,2,,,,,,,,,0.5
2982455,list_item,black women,strict,2118810,1,,,,,,,,,0.3010299956639812
2982456,list_item,American communism,strict,2118810,1,,,,,,,,,0.3010299956639812
2982457,list_item,intimacy,strict,2119761,1,,,,,,,,,0.3010299956639812
2982458,list_item,muscles,strict,2120597,1,,,,,,,,,0.3010299956639812
2982459,list_item,diamonds,strict,2120597,1,,,,,,,,,0.3010299956639812
2982460,list_item,tankers,strict,2121543,1,,,,,,,,,0.3010299956639812
2982461,list_item,pirates,strict,2121543,1,,,,,,,,,0.3010299956639812
2982462,list_item,sport,strict,2125252,3,,,,,,,,,0.6020599913279624
2982463,list_item,recreation,strict,2125252,1,,,,,,,,,0.3010299956639812
2982464,list_item,couples,strict,2125594,1,,,,,,,,,0.3010299956639812
2982465,list_item,Sufism,strict,2126026,4,,,,,,,,,0.25
2982466,list_item,Gurdjieff,strict,2126026,2,,,,,,,,,0.5
2982467,list_item,Hindi,strict,2129592,3,,,,,,,,,0.0
2982468,list_item,Urdu,strict,2129592,3,,,,,,,,,0.0
2982469,list_item,paradigms,strict,2133487,1,,,,,,,,,0.3010299956639812
2982470,list_item,ideologies,strict,2133487,1,,,,,,,,,0.3010299956639812
2982471,list_item,authenticity,strict,2142755,1,,,,,,,,,0.3010299956639812
2982472,list_item,historical semantics,strict,2143018,1,,,,,,,,,0.3010299956639812
2982473,list_item,Iran,strict,2143503,4,,,,,,,,,0.5
2982474,list_item,genius,strict,2144402,1,,,,,,,,,0.3010299956639812
2982475,list_item,cycles,strict,2145377,1,,,,,,,,,0.3010299956639812
2982476,list_item,seasons,strict,2145377,1,,,,,,,,,0.3010299956639812
2982477,list_item,oxygen,strict,2147015,1,,,,,,,,,0.3010299956639812
2982478,list_item,fanaticism,strict,2149789,1,,,,,,,,,0.3010299956639812
2982479,list_item,electrical analogies,strict,2154837,1,,,,,,,,,0.3010299956639812
2982480,list_item,engineering practice,strict,2154837,1,,,,,,,,,0.3010299956639812
2982481,list_item,tribes,strict,2157702,1,,,,,,,,,0.3010299956639812
2982482,list_item,romanticism,strict,2157967,5,,,,,,,,,0.0
2982483,list_item,independent judges,strict,2158878,1,,,,,,,,,0.3010299956639812
2982484,list_item,teens,strict,2159667,1,,,,,,,,,0.3010299956639812
2982485,list_item,social policy,strict,2159699,1,,,,,,,,,0.3010299956639812
2982486,list_item,climate politics,strict,2159785,1,,,,,,,,,0.3010299956639812
2982487,list_item,obesity,strict,2159939,1,,,,,,,,,0.3010299956639812
2982488,list_item,food justice,strict,2159939,1,,,,,,,,,0.3010299956639812
2982489,list_item,John Adams,strict,2160608,5,,,,,,,,,0.43720339139521663
2982490,list_item,medicare,strict,2160835,1,,,,,,,,,0.3010299956639812
2982491,list_item,Mariano Rivera,strict,2161417,2,,,,,,,,,0.5
2982492,list_item,Bronx dreams,strict,2161417,1,,,,,,,,,0.3010299956639812
2982493,list_item,pinstripe legends,strict,2161417,1,,,,,,,,,0.3010299956639812
2982494,list_item,size,strict,2161468,1,,,,,,,,,0.3010299956639812
2982495,list_item,hegemony,strict,2162694,1,,,,,,,,,0.3010299956639812
2982496,list_item,economic change,strict,2162990,1,,,,,,,,,0.3010299956639812
2982497,list_item,service work,strict,2163249,1,,,,,,,,,0.3010299956639812
2982498,list_item,collectivity,strict,2163897,1,,,,,,,,,0.3010299956639812
2982499,list_item,fuel cells,strict,2164606,1,,,,,,,,,0.3010299956639812
2982500,list_item,Bjorn Borg,strict,2164721,2,,,,,,,,,0.5
2982501,list_item,John McEnroe,strict,2164721,1,,,,,,,,,0.3010299956639812
2982502,list_item,public administration,strict,2164758,1,,,,,,,,,0.3010299956639812
2982503,list_item,family,strict,2164995,1,,,,,,,,,0.3010299956639812
2982504,list_item,rap,strict,2166328,2,,,,,,,,,0.47712125471966244
2982505,list_item,John Calvin,strict,2167156,2,,,,,,,,,0.0
2982506,list_item,practical formation,strict,2167156,1,,,,,,,,,0.3010299956639812
2982507,list_item,Dada,strict,2167430,1,,,,,,,,,0.3010299956639812
2982508,list_item,Neo-Dada,strict,2167430,1,,,,,,,,,0.3010299956639812
2982509,list_item,cooperation,strict,2169154,1,,,,,,,,,0.3010299956639812
2982510,list_item,zazen,strict,2169738,1,,,,,,,,,0.3010299956639812
2982511,list_item,Dogen,strict,2169738,1,,,,,,,,,0.3010299956639812
2982512,list_item,torture,strict,2170043,1,,,,,,,,,0.3010299956639812
2982513,list_item,baseball,strict,2170419,1,,,,,,,,,0.3010299956639812
2982514,list_item,militant secularism,strict,2171514,1,,,,,,,,,0.3010299956639812
2982515,list_item,Gustavo Dudamel,strict,2171734,2,,,,,,,,,0.5
2982516,list_item,El Sistema,strict,2171734,1,,,,,,,,,0.3010299956639812
2982517,list_item,Cranach,strict,2172168,2,,,,,,,,,0.0
2982518,list_item,Luther,strict,2172168,4,,,,,,,,,0.0
2982519,list_item,Hurricane Katrina,strict,2172580,2,,,,,,,,,0.5
2982520,list_item,late capitalism,strict,2172580,1,,,,,,,,,0.3010299956639812
2982521,list_item,Yiddish Socialists,strict,2172628,2,,,,,,,,,0.5
2982522,list_item,garment workers,strict,2172628,1,,,,,,,,,0.3010299956639812
2982523,list_item,gay men,strict,2174499,1,,,,,,,,,0.3010299956639812
2982524,list_item,resurrection,strict,2174793,1,,,,,,,,,0.3010299956639812
2982525,list_item,retail,strict,2174795,1,,,,,,,,,0.3010299956639812
2982526,list_item,administrative violence,strict,2175886,2,,,,,,,,,0.47712125471966244
2982527,list_item,critical trans politics,strict,2175886,2,,,,,,,,,0.47712125471966244
2982528,list_item,Hannibal,strict,2176895,2,,,,,,,,,0.5
2982529,list_item,Caesar,strict,2176895,3,,,,,,,,,0.25
2982530,list_item,risks,strict,2177153,1,,,,,,,,,0.3010299956639812
2982531,list_item,rights,strict,2177153,3,,,,,,,,,0.0
2982532,list_item,transplants,strict,2177488,1,,,,,,,,,0.3010299956639812
2982533,list_item,outposts,strict,2177488,1,,,,,,,,,0.3010299956639812
2982534,list_item,radical environmentalists,strict,2178232,1,,,,,,,,,0.3010299956639812
2982535,list_item,criminal pseudo-scientists,strict,2178232,1,,,,,,,,,0.3010299956639812
2982536,list_item,Fiat,strict,2178835,2,,,,,,,,,0.5
2982537,list_item,Chrysler,strict,2178835,2,,,,,,,,,0.5
2982538,list_item,conservatism,strict,2180254,1,,,,,,,,,0.3010299956639812
2982539,list_item,authors,strict,2180512,1,,,,,,,,,0.3010299956639812
2982540,list_item,books,strict,2180512,1,,,,,,,,,0.3010299956639812
2982541,list_item,John Cage,strict,2181556,2,,,,,,,,,0.5
2982542,list_item,Zen Buddhism,strict,2181556,1,,,,,,,,,0.3010299956639812
2982543,list_item,debt,strict,2181652,1,,,,,,,,,0.3010299956639812
2982544,list_item,black mobilization,strict,2182872,1,,,,,,,,,0.3010299956639812
2982545,list_item,republican growth,strict,2182872,1,,,,,,,,,0.3010299956639812
2982546,list_item,James Taylor,strict,2183060,2,,,,,,,,,0.5
2982547,list_item,Jackson Browne,strict,2183060,2,,,,,,,,,0.5
2982548,list_item,Cat Stevens,strict,2183060,2,,,,,,,,,0.5
2982549,list_item,suppletion,strict,2183870,1,,,,,,,,,0.3010299956639812
2982550,list_item,superlatives,strict,2183870,1,,,,,,,,,0.3010299956639812
2982551,list_item,classical scholarship,strict,2184787,1,,,,,,,,,0.3010299956639812
2982552,list_item,Christian theology,strict,2184787,1,,,,,,,,,0.3010299956639812
2982553,list_item,Van Gogh,strict,2184818,3,,,,,,,,,0.5
2982554,list_item,forgery,strict,2184818,1,,,,,,,,,0.3010299956639812
2982555,list_item,Carter,strict,2185311,2,,,,,,,,,0.5
2982556,list_item,corporate criminals,strict,2185637,1,,,,,,,,,0.3010299956639812
2982557,list_item,political corruption,strict,2185637,1,,,,,,,,,0.3010299956639812
2982558,list_item,treasure,strict,2186694,1,,,,,,,,,0.3010299956639812
2982559,list_item,Christopher Columbus,strict,2186889,3,,,,,,,,,0.5
2982560,list_item,John Cabot,strict,2186889,3,,,,,,,,,0.5
2982561,list_item,reality,strict,2187519,2,,,,,,,,,0.47712125471966244
2982562,list_item,Mestizos,strict,2189452,2,,,,,,,,,0.0
2982563,list_item,tax,strict,2192575,1,,,,,,,,,0.3010299956639812
2982564,list_item,discretion,strict,2192575,1,,,,,,,,,0.3010299956639812
2982565,list_item,physiognomy,strict,2196109,1,,,,,,,,,0.3010299956639812
2982566,list_item,cultural rhetorics,strict,2196109,1,,,,,,,,,0.3010299956639812
2982567,list_item,injury,strict,2200314,1,,,,,,,,,0.3010299956639812
2982568,list_item,brotherhood,strict,2203922,1,,,,,,,,,0.3010299956639812
2982569,list_item,St Andrews,strict,2205230,1,,,,,,,,,0.3010299956639812
2982570,list_item,scandal,strict,2205230,3,,,,,,,,,0.144545450142916
2982571,list_item,Samuel Holland,strict,2206458,1,,,,,,,,,0.3010299956639812
2982572,list_item,J.W.F.D.es Barres,strict,2206458,1,,,,,,,,,0.3010299956639812
2982573,list_item,school segregation,strict,2206505,1,,,,,,,,,0.3010299956639812
2982574,list_item,anti-racism,strict,2206505,1,,,,,,,,,0.3010299956639812
2982575,list_item,Daniel Defoe,strict,2208648,2,,,,,,,,,0.5
2982576,list_item,Robert Knox,strict,2208648,2,,,,,,,,,0.5
2982577,list_item,cultural context,strict,2213159,1,,,,,,,,,0.3010299956639812
2982578,list_item,rhetorical strategy,strict,2213159,1,,,,,,,,,0.3010299956639812
2982579,list_item,manslaughter,strict,2214137,1,,,,,,,,,0.3010299956639812
2982580,list_item,fame,strict,2220005,1,,,,,,,,,0.3010299956639812
2982581,list_item,bullshit,strict,2220417,1,,,,,,,,,0.3010299956639812
2982582,list_item,H.G.W.ells,strict,2220853,1,,,,,,,,,0.3010299956639812
2982583,list_item,museums,strict,2223052,2,,,,,,,,,0.0
2982584,list_item,patterns,strict,2223251,1,,,,,,,,,0.3010299956639812
2982585,list_item,Africans,strict,2223382,1,,,,,,,,,0.3010299956639812
2982586,list_item,profit,strict,2223689,1,,,,,,,,,0.3010299956639812
2982587,list_item,Hayek,strict,2223774,2,,,,,,,,,0.5
2982588,list_item,Friedman,strict,2223774,2,,,,,,,,,0.5
2982589,list_item,Little Crow,strict,2223910,2,,,,,,,,,0.47712125471966244
2982590,list_item,Bradley Manning,strict,2224443,2,,,,,,,,,0.9121531073028554
2982591,list_item,Wikileaks,strict,2224443,2,,,,,,,,,0.9121531073028554
2982592,list_item,implementation,strict,2225090,1,,,,,,,,,0.3010299956639812
2982593,list_item,Soviet spies,strict,2225122,1,,,,,,,,,0.3010299956639812
2982594,list_item,Nazi priests,strict,2225122,1,,,,,,,,,0.3010299956639812
2982595,list_item,bombmakers,strict,2225617,1,,,,,,,,,0.3010299956639812
2982596,list_item,insurgents,strict,2225617,1,,,,,,,,,0.3010299956639812
2982597,list_item,stream restoration,strict,2225998,1,,,,,,,,,0.3010299956639812
2982598,list_item,trees,strict,2226213,1,,,,,,,,,0.3010299956639812
2982599,list_item,forests,strict,2226213,1,,,,,,,,,0.3010299956639812
2982600,list_item,Palm Beach,strict,2226328,3,,,,,,,,,0.5
2982601,list_item,tropical glamour,strict,2226328,1,,,,,,,,,0.3010299956639812
2982602,list_item,tropical exuberance,strict,2226532,1,,,,,,,,,0.3010299956639812
2982603,list_item,constitutions,strict,2226616,1,,,,,,,,,0.3010299956639812
2982604,list_item,Delaware,strict,2226917,2,,,,,,,,,0.5
2982605,list_item,desegregation,strict,2226917,1,,,,,,,,,0.3010299956639812
2982606,list_item,consumers,strict,2227566,1,,,,,,,,,0.3010299956639812
2982607,list_item,spiritual empowerment,strict,2229041,1,,,,,,,,,0.3010299956639812
2982608,list_item,benevolence,strict,2229041,1,,,,,,,,,0.3010299956639812
2982609,list_item,cash,strict,2229127,1,,,,,,,,,0.3010299956639812
2982610,list_item,cows,strict,2229127,1,,,,,,,,,0.3010299956639812
2982611,list_item,political protest,strict,2229474,1,,,,,,,,,0.3010299956639812
2982612,list_item,suicidal violence,strict,2229474,1,,,,,,,,,0.3010299956639812
2982613,list_item,brewing techniques,strict,2230229,1,,,,,,,,,0.3010299956639812
2982614,list_item,recipes,strict,2230229,1,,,,,,,,,0.3010299956639812
2982615,list_item,Florence,strict,2230502,2,,,,,,,,,0.5
2982616,list_item,Constantinople,strict,2230502,2,,,,,,,,,0.5
2982617,list_item,Harold Washington,strict,2232250,2,,,,,,,,,0.5
2982618,list_item,Chicago politics,strict,2232250,1,,,,,,,,,0.3010299956639812
2982619,list_item,salvation,strict,2232310,2,,,,,,,,,0.47712125471966244
2982620,list_item,grit,strict,2232659,1,,,,,,,,,0.3010299956639812
2982621,list_item,curiosity,strict,2232659,1,,,,,,,,,0.3010299956639812
2982622,list_item,Polk,strict,2233131,1,,,,,,,,,0.3010299956639812
2982623,list_item,Clay,strict,2233131,1,,,,,,,,,0.3010299956639812
2982624,list_item,literacy,strict,2233596,1,,,,,,,,,0.3010299956639812
2982625,list_item,manifest destiny,strict,2234071,1,,,,,,,,,0.3010299956639812
2982626,list_item,medievalism,strict,2234756,1,,,,,,,,,0.3010299956639812
2982627,list_item,jurisprudence,strict,2235118,1,,,,,,,,,0.3010299956639812
2982628,list_item,Tesla,strict,2235453,1,,,,,,,,,0.3010299956639812
2982629,list_item,cold fusion,strict,2235453,1,,,,,,,,,0.3010299956639812
2982630,list_item,antigravity,strict,2235453,1,,,,,,,,,0.3010299956639812
2982631,list_item,digital subjectivities,strict,2236343,1,,,,,,,,,0.3010299956639812
2982632,list_item,unhuman subjects,strict,2236343,1,,,,,,,,,0.3010299956639812
2982633,list_item,opportunism,strict,2237310,1,,,,,,,,,0.3010299956639812
2982634,list_item,common ground,strict,2237542,1,,,,,,,,,0.3010299956639812
2982635,list_item,common language,strict,2237542,1,,,,,,,,,0.3010299956639812
2982636,list_item,John Maynard Keynes,strict,2241854,2,,,,,,,,,0.8646529480104274
2982637,list_item,Harry Dexter White,strict,2241854,2,,,,,,,,,0.8646529480104274
2982638,list_item,Black genius,strict,2243802,1,,,,,,,,,0.3010299956639812
2982639,list_item,jazz history,strict,2243802,1,,,,,,,,,0.3010299956639812
2982640,list_item,physicalism,strict,2244171,1,,,,,,,,,0.3010299956639812
2982641,list_item,dualism,strict,2244171,1,,,,,,,,,0.3010299956639812
2982642,list_item,compassion,strict,2244373,1,,,,,,,,,0.3010299956639812
2982643,list_item,ozone healing,strict,2244451,1,,,,,,,,,0.3010299956639812
2982644,list_item,microcrystals,strict,2244451,1,,,,,,,,,0.3010299956639812
2982645,list_item,frequency therapy,strict,2244451,1,,,,,,,,,0.3010299956639812
2982646,list_item,big copper,strict,2245170,1,,,,,,,,,0.3010299956639812
2982647,list_item,bad water,strict,2245170,1,,,,,,,,,0.3010299956639812
2982648,list_item,Sherwood Anderson,strict,2246138,1,,,,,,,,,0.3010299956639812
2982649,list_item,Midwestern modernism,strict,2246138,1,,,,,,,,,0.3010299956639812
2982650,list_item,families,strict,2246783,1,,,,,,,,,0.3010299956639812
2982651,list_item,victims,strict,2246783,1,,,,,,,,,0.3010299956639812
2982652,list_item,new consciousness,strict,2246992,1,,,,,,,,,0.3010299956639812
2982653,list_item,quantum resonance,strict,2246992,1,,,,,,,,,0.3010299956639812
2982654,list_item,compilations,strict,2247013,1,,,,,,,,,0.3010299956639812
2982655,list_item,collections,strict,2247013,1,,,,,,,,,0.3010299956639812
2982656,list_item,Power,strict,2247370,59,,,,,,,,,0.8580265715179293
2982657,list_item,Repression,strict,2247370,4,,,,,,,,,0.16666666666666666
2982658,list_item,Galvani,strict,2247645,2,,,,,,,,,0.5
2982659,list_item,Volta,strict,2247645,2,,,,,,,,,0.5
2982660,list_item,Stephen Strasburg,strict,2247785,2,,,,,,,,,0.0
2982661,list_item,Bryce Harper,strict,2247785,2,,,,,,,,,0.0
2982662,list_item,nuclear weapons,strict,2247924,1,,,,,,,,,0.3010299956639812
2982663,list_item,counterinsurgency,strict,2247924,1,,,,,,,,,0.3010299956639812
2982664,list_item,imperial folly,strict,2249525,3,,,,,,,,,0.8186290648169054
2982665,list_item,mysticism,strict,2249761,2,,,,,,,,,0.47712125471966244
2982666,list_item,Frank Hague,strict,2250499,2,,,,,,,,,0.5
2982667,list_item,Nucky Johnson,strict,2250499,2,,,,,,,,,0.5
2982668,list_item,biblical precedent,strict,2251425,1,,,,,,,,,0.3010299956639812
2982669,list_item,governance,strict,2251863,2,,,,,,,,,0.47712125471966244
2982670,list_item,documentary film,strict,2252114,1,,,,,,,,,0.3010299956639812
2982671,list_item,hitmen,strict,2252421,1,,,,,,,,,0.3010299956639812
2982672,list_item,Fuchs,strict,2262976,2,,,,,,,,,0.5
2982673,list_item,cultural criminology,strict,2265502,1,,,,,,,,,0.3010299956639812
2982674,list_item,control,strict,2265502,1,,,,,,,,,0.3010299956639812
2982675,list_item,Caputo,strict,2270384,2,,,,,,,,,0.5
2982676,list_item,symbol,strict,2270660,1,,,,,,,,,0.3010299956639812
2982677,list_item,good neighbourhoods,strict,2274770,1,,,,,,,,,0.3010299956639812
2982678,list_item,crazy politics,strict,2274770,1,,,,,,,,,0.3010299956639812
2982679,list_item,Austin Farrer,strict,2276224,1,,,,,,,,,0.3010299956639812
2982680,list_item,fideism,strict,2276224,1,,,,,,,,,0.3010299956639812
2982681,list_item,Salafis,strict,2278007,2,,,,,,,,,0.5
2982682,list_item,heavy metal muslims,strict,2278007,1,,,,,,,,,0.3010299956639812
2982683,list_item,procrastination,strict,2281452,1,,,,,,,,,0.3010299956639812
2982684,list_item,privacy,strict,2285868,1,,,,,,,,,0.3010299956639812
2982685,list_item,Levinas,strict,2286101,2,,,,,,,,,0.5
2982686,list_item,total war,strict,2286133,1,,,,,,,,,0.3010299956639812
2982687,list_item,Bolsheviks,strict,2286228,2,,,,,,,,,0.5
2982688,list_item,boyars,strict,2286228,1,,,,,,,,,0.3010299956639812
2982689,list_item,Expertise,strict,2286719,2,,,,,,,,,0.5
2982690,list_item,classics,strict,2286827,1,,,,,,,,,0.3010299956639812
2982691,list_item,civilization,strict,2286827,1,,,,,,,,,0.3010299956639812
2982692,list_item,cities,strict,2287798,1,,,,,,,,,0.3010299956639812
2982693,list_item,labels,strict,2287798,1,,,,,,,,,0.3010299956639812
2982694,list_item,La Guardia,strict,2288501,1,,,,,,,,,0.3010299956639812
2982695,list_item,visual arts,strict,2289319,1,,,,,,,,,0.3010299956639812
2982696,list_item,trinities,strict,2289768,1,,,,,,,,,0.3010299956639812
2982697,list_item,diversities,strict,2289768,1,,,,,,,,,0.3010299956639812
2982698,list_item,Andy Warhol,strict,2289967,1,,,,,,,,,0.3010299956639812
2982699,list_item,Gerhard Richter,strict,2289967,1,,,,,,,,,0.3010299956639812
2982700,list_item,Louisa May Alcott,strict,2290025,2,,,,,,,,,0.5
2982701,list_item,Edith Wharton,strict,2290025,2,,,,,,,,,0.5
2982702,list_item,surfers,strict,2290792,1,,,,,,,,,0.3010299956639812
2982703,list_item,scammers,strict,2290792,1,,,,,,,,,0.3010299956639812
2982704,list_item,zoos,strict,2291272,1,,,,,,,,,0.3010299956639812
2982705,list_item,Yasser Arafat,strict,2291800,2,,,,,,,,,0.5
2982706,list_item,Mahmoud Abbas,strict,2291800,2,,,,,,,,,0.5
2982707,list_item,cricket,strict,2292568,1,,,,,,,,,0.3010299956639812
2982708,list_item,Leslie Martin,strict,2292695,2,,,,,,,,,0.5
2982709,list_item,Harold Wilson,strict,2292695,2,,,,,,,,,0.5
2982710,list_item,meditation,strict,2293064,1,,,,,,,,,0.3010299956639812
2982711,list_item,Charles Stratton,strict,2294484,2,,,,,,,,,0.0
2982712,list_item,P.T. Barnum,strict,2294484,3,,,,,,,,,0.1891998617696262
2982713,list_item,Eddie Rickenbacker,strict,2294560,2,,,,,,,,,0.0
2982714,list_item,Jimmy Doolittle,strict,2294560,2,,,,,,,,,0.0
2982715,list_item,transformative politics,strict,2296226,1,,,,,,,,,0.3010299956639812
2982716,list_item,new institutions,strict,2296226,1,,,,,,,,,0.3010299956639812
2982717,list_item,London,strict,2296298,2,,,,,,,,,0.5
2982718,list_item,types,strict,2296570,1,,,,,,,,,0.3010299956639812
2982719,list_item,strategies,strict,2296570,1,,,,,,,,,0.3010299956639812
2982720,list_item,Douglas,strict,2296648,2,,,,,,,,,0.5
2982721,list_item,IVF,strict,2296849,2,,,,,,,,,0.5
2982722,list_item,stem cells,strict,2296849,1,,,,,,,,,0.3010299956639812
2982723,list_item,Muslims,strict,2296872,3,,,,,,,,,0.25
2982724,list_item,Newark,strict,2297547,3,,,,,,,,,0.25
2982725,list_item,Cory Booker,strict,2297547,3,,,,,,,,,0.25
2982726,list_item,private life,strict,2297571,1,,,,,,,,,0.3010299956639812
2982727,list_item,public goods,strict,2297571,1,,,,,,,,,0.3010299956639812
2982728,list_item,market entry,strict,2297846,1,,,,,,,,,0.3010299956639812
2982729,list_item,competitive strategy,strict,2297846,1,,,,,,,,,0.3010299956639812
2982730,list_item,Maps,strict,2297975,3,,,,,,,,,0.25
2982731,list_item,Lyndon Johnson,strict,2298428,1,,,,,,,,,0.3010299956639812
2982732,list_item,North Korea,strict,2298428,1,,,,,,,,,0.3010299956639812
2982733,list_item,bass,strict,2298484,1,,,,,,,,,0.3010299956639812
2982734,list_item,espresso,strict,2298484,1,,,,,,,,,0.3010299956639812
2982735,list_item,Albert Camus,strict,2298814,2,,,,,,,,,0.5
2982736,list_item,postmodernity,strict,2298814,1,,,,,,,,,0.3010299956639812
2982737,list_item,Irving Berlin,strict,2298823,2,,,,,,,,,0.5
2982738,list_item,Woody Guthrie,strict,2298823,2,,,,,,,,,0.5
2982739,list_item,philosophical method,strict,2299860,1,,,,,,,,,0.3010299956639812
2982740,list_item,David Hume,strict,2299860,3,,,,,,,,,0.0
2982741,list_item,Theodore Roosevelt,strict,2300066,4,,,,,,,,,0.48883426904311345
2982742,list_item,William Howard Taft,strict,2300066,3,,,,,,,,,0.6020599913279624
2982743,list_item,philosophical justifications,strict,2300297,1,,,,,,,,,0.3010299956639812
2982744,list_item,economic explanations,strict,2300297,1,,,,,,,,,0.3010299956639812
2982745,list_item,renegade chefs,strict,2300405,2,,,,,,,,,0.0
2982746,list_item,fearless eaters,strict,2300405,2,,,,,,,,,0.0
2982747,list_item,Crane,strict,2300998,2,,,,,,,,,0.5
2982748,list_item,Carrington,strict,2300998,2,,,,,,,,,0.5
2982749,list_item,Gershwin,strict,2300998,2,,,,,,,,,0.5
2982750,list_item,historians,strict,2301251,2,,,,,,,,,0.47712125471966244
2982751,list_item,Nigerian psychiatrists,strict,2301773,1,,,,,,,,,0.3010299956639812
2982752,list_item,decolonization,strict,2301773,2,,,,,,,,,0.47712125471966244
2982753,list_item,mayhem,strict,2302113,4,,,,,,,,,0.0
2982754,list_item,autocracy,strict,2302175,1,,,,,,,,,0.3010299956639812
2982755,list_item,early childhood trauma,strict,2303146,1,,,,,,,,,0.3010299956639812
2982756,list_item,adult crime,strict,2303146,1,,,,,,,,,0.3010299956639812
2982757,list_item,portrait,strict,2303629,1,,,,,,,,,0.3010299956639812
2982758,list_item,animals,strict,2304508,1,,,,,,,,,0.3010299956639812
2982759,list_item,contestations,strict,2305192,1,,,,,,,,,0.3010299956639812
2982760,list_item,circumventions,strict,2305192,1,,,,,,,,,0.3010299956639812
2982761,list_item,family dynamics,strict,2305206,2,,,,,,,,,0.47712125471966244
2982762,list_item,health care issues,strict,2305206,1,,,,,,,,,0.3010299956639812
2982763,list_item,Spaniards,strict,2306216,3,,,,,,,,,0.0
2982764,list_item,challenges,strict,2311767,1,,,,,,,,,0.3010299956639812
2982765,list_item,psychedelics,strict,2311849,1,,,,,,,,,0.3010299956639812
2982766,list_item,immigrant workers,strict,2311988,2,,,,,,,,,0.12766631515584903
2982767,list_item,loss,strict,2313246,1,,,,,,,,,0.3010299956639812
2982768,list_item,responsibilities,strict,2313256,1,,,,,,,,,0.3010299956639812
2982769,list_item,primitivism,strict,2314121,1,,,,,,,,,0.3010299956639812
2982770,list_item,millennialism,strict,2314121,1,,,,,,,,,0.3010299956639812
2982771,list_item,biopics,strict,2314169,1,,,,,,,,,0.3010299956639812
2982772,list_item,celebrity culture,strict,2314169,1,,,,,,,,,0.3010299956639812
2982773,list_item,self-government,strict,2314761,1,,,,,,,,,0.3010299956639812
2982774,list_item,human rights defenders,strict,2317666,1,,,,,,,,,0.3010299956639812
2982775,list_item,impunity,strict,2317666,1,,,,,,,,,0.3010299956639812
2982776,list_item,state control,strict,2319375,1,,,,,,,,,0.3010299956639812
2982777,list_item,museum,strict,2319375,1,,,,,,,,,0.3010299956639812
2982778,list_item,wishful thinking,strict,2320666,1,,,,,,,,,0.3010299956639812
2982779,list_item,objects,strict,2321604,1,,,,,,,,,0.3010299956639812
2982780,list_item,geographies,strict,2321604,1,,,,,,,,,0.3010299956639812
2982781,list_item,arms,strict,2325520,1,,,,,,,,,0.3010299956639812
2982782,list_item,neuromania,strict,2328011,1,,,,,,,,,0.3010299956639812
2982783,list_item,Darwinitis,strict,2328011,2,,,,,,,,,0.5
2982784,list_item,associations,strict,2333191,1,,,,,,,,,0.3010299956639812
2982785,list_item,public life,strict,2333191,1,,,,,,,,,0.3010299956639812
2982786,list_item,Sunnis,strict,2333816,2,,,,,,,,,0.5
2982787,list_item,Shi'is,strict,2333816,1,,,,,,,,,0.3010299956639812
2982788,list_item,envy,strict,2334367,1,,,,,,,,,0.3010299956639812
2982789,list_item,animation,strict,2335328,2,,,,,,,,,0.5
2982790,list_item,intermedia,strict,2335381,1,,,,,,,,,0.3010299956639812
2982791,list_item,degradation,strict,2335406,1,,,,,,,,,0.3010299956639812
2982792,list_item,porno chic,strict,2335406,1,,,,,,,,,0.3010299956639812
2982793,list_item,self-deception,strict,2337745,1,,,,,,,,,0.3010299956639812
2982794,list_item,false beliefs,strict,2337745,1,,,,,,,,,0.3010299956639812
2982795,list_item,human evolution,strict,2339143,1,,,,,,,,,0.3010299956639812
2982796,list_item,partnerships,strict,2341294,1,,,,,,,,,0.3010299956639812
2982797,list_item,transformistas,strict,2342198,1,,,,,,,,,0.3010299956639812
2982798,list_item,beauty queens,strict,2342198,1,,,,,,,,,0.3010299956639812
2982799,list_item,Zhan Zhuang,strict,2342293,2,,,,,,,,,0.0
2982800,list_item,Yi Qi Gong,strict,2342293,2,,,,,,,,,0.0
2982801,list_item,American film,strict,2342533,1,,,,,,,,,0.3010299956639812
2982802,list_item,artists,strict,2342863,3,,,,,,,,,0.25
2982803,list_item,materials,strict,2342863,1,,,,,,,,,0.3010299956639812
2982804,list_item,Hatzaad Harishon,strict,2345413,2,,,,,,,,,0.5
2982805,list_item,Black Jews,strict,2345413,2,,,,,,,,,0.5
2982806,list_item,Anglos,strict,2347279,2,,,,,,,,,0.0
2982807,list_item,transparency,strict,2347418,1,,,,,,,,,0.3010299956639812
2982808,list_item,confidence-building,strict,2347418,1,,,,,,,,,0.3010299956639812
2982809,list_item,apologies,strict,2347619,1,,,,,,,,,0.3010299956639812
2982810,list_item,Charley Patton,strict,2348159,2,,,,,,,,,0.0
2982811,list_item,Jimmie Rodgers,strict,2348159,2,,,,,,,,,0.0
2982812,list_item,Romans,strict,2348254,2,,,,,,,,,0.5
2982813,list_item,Persians,strict,2348254,3,,,,,,,,,0.5
2982814,list_item,Pleiadians,strict,2348374,2,,,,,,,,,0.5
2982815,list_item,watchers,strict,2348374,1,,,,,,,,,0.3010299956639812
2982816,list_item,jail,strict,2348382,1,,,,,,,,,0.3010299956639812
2982817,list_item,membership,strict,2348509,1,,,,,,,,,0.3010299956639812
2982818,list_item,Christian ritual,strict,2348738,1,,,,,,,,,0.3010299956639812
2982819,list_item,biblical narrative,strict,2348738,1,,,,,,,,,0.3010299956639812
2982820,list_item,Poland,strict,2349242,2,,,,,,,,,0.5
2982821,list_item,beard cutting,strict,2349265,1,,,,,,,,,0.3010299956639812
2982822,list_item,hate crimes,strict,2349265,1,,,,,,,,,0.3010299956639812
2982823,list_item,War,strict,2349879,19,,,,,,,,,0.596018199782661
2982824,list_item,Shaka,strict,2349879,2,,,,,,,,,0.5
2982825,list_item,kids,strict,2349902,1,,,,,,,,,0.3010299956639812
2982826,list_item,suburban elites,strict,2350872,1,,,,,,,,,0.3010299956639812
2982827,list_item,third-sector organizations,strict,2350872,1,,,,,,,,,0.3010299956639812
2982828,list_item,fraud,strict,2351232,2,,,,,,,,,0.47712125471966244
2982829,list_item,confidence,strict,2351232,2,,,,,,,,,0.47712125471966244
2982830,list_item,oppression,strict,2351960,1,,,,,,,,,0.3010299956639812
2982831,list_item,neutrality,strict,2352321,1,,,,,,,,,0.3010299956639812
2982832,list_item,young people,strict,2353201,1,,,,,,,,,0.3010299956639812
2982833,list_item,Daoism,strict,2353411,2,,,,,,,,,0.5
2982834,list_item,territorial networks,strict,2353411,1,,,,,,,,,0.3010299956639812
2982835,list_item,Rawls,strict,2353445,2,,,,,,,,,0.5
2982836,list_item,Kratochwil,strict,2353445,2,,,,,,,,,0.5
2982837,list_item,globalisation,strict,2356012,1,,,,,,,,,0.3010299956639812
2982838,list_item,Guinness,strict,2356012,3,,,,,,,,,0.5
2982839,list_item,W.E.B.D.u Bois,strict,2356396,1,,,,,,,,,0.3010299956639812
2982840,list_item,Langston Hughes,strict,2356396,1,,,,,,,,,0.3010299956639812
2982841,list_item,Paul Robeson,strict,2356396,1,,,,,,,,,0.3010299956639812
2982842,list_item,elite narratives,strict,2356603,1,,,,,,,,,0.3010299956639812
2982843,list_item,public spaces,strict,2356603,1,,,,,,,,,0.3010299956639812
2982844,list_item,distance,strict,2357135,1,,,,,,,,,0.3010299956639812
2982845,list_item,Kerouac,strict,2357795,2,,,,,,,,,0.5
2982846,list_item,Pollock,strict,2357795,2,,,,,,,,,0.5
2982847,list_item,literary history,strict,2358013,1,,,,,,,,,0.3010299956639812
2982848,list_item,materiality,strict,2359047,1,,,,,,,,,0.3010299956639812
2982849,list_item,ragtime,strict,2359259,1,,,,,,,,,0.3010299956639812
2982850,list_item,revivalism,strict,2359786,2,,,,,,,,,0.47712125471966244
2982851,list_item,black markets,strict,2360147,1,,,,,,,,,0.3010299956639812
2982852,list_item,broken states,strict,2360147,1,,,,,,,,,0.3010299956639812
2982853,list_item,narco wars,strict,2361671,1,,,,,,,,,0.3010299956639812
2982854,list_item,big pharma,strict,2361671,2,,,,,,,,,0.563776540853449
2982855,list_item,Hasidism,strict,2361818,2,,,,,,,,,0.5
2982856,list_item,Christianity,strict,2361818,14,,,,,,,,,0.5
2982857,list_item,continuity,strict,2362439,1,,,,,,,,,0.3010299956639812
2982858,list_item,Bush,strict,2362501,4,,,,,,,,,0.16666666666666666
2982859,list_item,Kohl,strict,2362501,2,,,,,,,,,0.5
2982860,list_item,Kitty Genovese,strict,2364051,2,,,,,,,,,0.5
2982861,list_item,exploration,strict,2364077,1,,,,,,,,,0.3010299956639812
2982862,list_item,Negritude,strict,2364550,2,,,,,,,,,0.5
2982863,list_item,triumph,strict,2364800,1,,,,,,,,,0.3010299956639812
2982864,list_item,social activism,strict,2364961,1,,,,,,,,,0.3010299956639812
2982865,list_item,regime collapse,strict,2364961,1,,,,,,,,,0.3010299956639812
2982866,list_item,imperial legacy,strict,2365597,1,,,,,,,,,0.3010299956639812
2982867,list_item,wartime experience,strict,2365597,1,,,,,,,,,0.3010299956639812
2982868,list_item,Flint,strict,2367070,1,,,,,,,,,0.3010299956639812
2982869,list_item,Michigan,strict,2367070,1,,,,,,,,,0.3010299956639812
2982870,list_item,New England Indians,strict,2367317,2,,,,,,,,,0.5
2982871,list_item,tumult,strict,2369096,1,,,,,,,,,0.3010299956639812
2982872,list_item,heroics,strict,2369096,1,,,,,,,,,0.3010299956639812
2982873,list_item,current issues,strict,2370250,1,,,,,,,,,0.3010299956639812
2982874,list_item,partition,strict,2372985,1,,,,,,,,,0.3010299956639812
2982875,list_item,political settlements,strict,2373877,1,,,,,,,,,0.3010299956639812
2982876,list_item,informal institutions,strict,2373877,1,,,,,,,,,0.3010299956639812
2982877,list_item,Marikana,strict,2375414,1,,,,,,,,,0.3010299956639812
2982878,list_item,mining,strict,2375414,1,,,,,,,,,0.3010299956639812
2982879,list_item,Boccaccio,strict,2380302,2,,,,,,,,,0.5
2982880,list_item,extent,strict,2380386,1,,,,,,,,,0.3010299956639812
2982881,list_item,timescale,strict,2380386,1,,,,,,,,,0.3010299956639812
2982882,list_item,New Orleans,strict,2380690,1,,,,,,,,,0.3010299956639812
2982883,list_item,East Liverpool,strict,2380695,1,,,,,,,,,0.3010299956639812
2982884,list_item,Ohio,strict,2380695,2,,,,,,,,,0.0
2982885,list_item,John Stuart-Glennie,strict,2382336,2,,,,,,,,,0.5
2982886,list_item,Karl Jaspers,strict,2382336,2,,,,,,,,,0.5
2982887,list_item,wise use,strict,2382706,1,,,,,,,,,0.3010299956639812
2982888,list_item,dominion theology,strict,2382706,1,,,,,,,,,0.3010299956639812
2982889,list_item,Glendale,strict,2383193,1,,,,,,,,,0.3010299956639812
2982890,list_item,Bound Brook,strict,2383220,1,,,,,,,,,0.3010299956639812
2982891,list_item,New Jersey,strict,2383220,2,,,,,,,,,0.47712125471966244
2982892,list_item,Bellport,strict,2383254,1,,,,,,,,,0.3010299956639812
2982893,list_item,Captain John Smith,strict,2384464,3,,,,,,,,,0.25
2982894,list_item,Nutley,strict,2385274,1,,,,,,,,,0.3010299956639812
2982895,list_item,detective stories,strict,2386158,1,,,,,,,,,0.3010299956639812
2982896,list_item,spy novels,strict,2386158,1,,,,,,,,,0.3010299956639812
2982897,list_item,John Brown,strict,2387385,2,,,,,,,,,0.5
2982898,list_item,coin,strict,2389757,1,,,,,,,,,0.3010299956639812
2982899,list_item,currency,strict,2389757,1,,,,,,,,,0.3010299956639812
2982900,list_item,immigrant youth,strict,2389779,1,,,,,,,,,0.3010299956639812
2982901,list_item,school choice,strict,2389779,1,,,,,,,,,0.3010299956639812
2982902,list_item,moral theology,strict,2390547,1,,,,,,,,,0.3010299956639812
2982903,list_item,social anthropology,strict,2390547,1,,,,,,,,,0.3010299956639812
2982904,list_item,swindlers,strict,2390645,1,,,,,,,,,0.3010299956639812
2982905,list_item,frauds,strict,2390645,1,,,,,,,,,0.3010299956639812
2982906,list_item,de-extinction,strict,2394366,1,,,,,,,,,0.3010299956639812
2982907,list_item,Vatican II,strict,2395579,1,,,,,,,,,0.3010299956639812
2982908,list_item,Pope Francis,strict,2395579,1,,,,,,,,,0.3010299956639812
2982909,list_item,disaster,strict,2396253,1,,,,,,,,,0.3010299956639812
2982910,list_item,industry,strict,2396366,1,,,,,,,,,0.3010299956639812
2982911,list_item,Otis Redding,strict,2396655,2,,,,,,,,,0.778833925097839
2982912,list_item,Stax Records,strict,2396655,2,,,,,,,,,0.778833925097839
2982913,list_item,aristocrats,strict,2397737,1,,,,,,,,,0.3010299956639812
2982914,list_item,math,strict,2397797,1,,,,,,,,,0.3010299956639812
2982915,list_item,miracles,strict,2397797,1,,,,,,,,,0.3010299956639812
2982916,list_item,conceptual issues,strict,2398241,1,,,,,,,,,0.3010299956639812
2982917,list_item,applications,strict,2398241,1,,,,,,,,,0.3010299956639812
2982918,list_item,global ambitions,strict,2398308,1,,,,,,,,,0.3010299956639812
2982919,list_item,Hinduism,strict,2398355,1,,,,,,,,,0.3010299956639812
2982920,list_item,mass militarization,strict,2399084,1,,,,,,,,,0.3010299956639812
2982921,list_item,public images,strict,2399098,1,,,,,,,,,0.3010299956639812
2982922,list_item,private memories,strict,2399098,1,,,,,,,,,0.3010299956639812
2982923,list_item,languages,strict,2400077,1,,,,,,,,,0.3010299956639812
2982924,list_item,Qian Zhongshu,strict,2400475,1,,,,,,,,,0.3010299956639812
2982925,list_item,Yang Jiang,strict,2400475,1,,,,,,,,,0.3010299956639812
2982926,list_item,bodies,strict,2401006,1,,,,,,,,,0.3010299956639812
2982927,list_item,souls,strict,2401006,1,,,,,,,,,0.3010299956639812
2982928,list_item,Christ,strict,2401057,2,,,,,,,,,0.5
2982929,list_item,shadow banking,strict,2401147,1,,,,,,,,,0.3010299956639812
2982930,list_item,re-regulation,strict,2401147,1,,,,,,,,,0.3010299956639812
2982931,list_item,Moral Mondays,strict,2401679,1,,,,,,,,,0.3010299956639812
2982932,list_item,fusion politics,strict,2401679,1,,,,,,,,,0.3010299956639812
2982933,list_item,deterrence,strict,2401824,1,,,,,,,,,0.3010299956639812
2982934,list_item,taboo,strict,2401824,1,,,,,,,,,0.3010299956639812
2982935,list_item,political thought,strict,2401915,1,,,,,,,,,0.3010299956639812
2982936,list_item,job loss,strict,2403215,1,,,,,,,,,0.3010299956639812
2982937,list_item,jail growth,strict,2403215,1,,,,,,,,,0.3010299956639812
2982938,list_item,Patton,strict,2403292,3,,,,,,,,,0.25
2982939,list_item,MacArthur,strict,2403292,2,,,,,,,,,0.5
2982940,list_item,British sport,strict,2403458,1,,,,,,,,,0.3010299956639812
2982941,list_item,African knowledge,strict,2403458,1,,,,,,,,,0.3010299956639812
2982942,list_item,Syria,strict,2404271,3,,,,,,,,,0.5
2982943,list_item,Palestine,strict,2404271,2,,,,,,,,,0.5
2982944,list_item,Russian literature,strict,2405605,1,,,,,,,,,0.3010299956639812
2982945,list_item,Japanese mediation,strict,2405605,1,,,,,,,,,0.3010299956639812
2982946,list_item,story,strict,2405923,1,,,,,,,,,0.3010299956639812
2982947,list_item,Wolcott Gibbs,strict,2406659,2,,,,,,,,,0.6169695628246669
2982948,list_item,E.B. White,strict,2406659,2,,,,,,,,,0.6169695628246669
2982949,list_item,James Thurber,strict,2406659,2,,,,,,,,,0.6169695628246669
2982950,list_item,credible commitment,strict,2407396,1,,,,,,,,,0.3010299956639812
2982951,list_item,Solidarity,strict,2407637,2,,,,,,,,,0.5
2982952,list_item,martial law,strict,2407637,1,,,,,,,,,0.3010299956639812
2982953,list_item,heresiology,strict,2407967,1,,,,,,,,,0.3010299956639812
2982954,list_item,materialism,strict,2408553,1,,,,,,,,,0.3010299956639812
2982955,list_item,conceptuality,strict,2408553,1,,,,,,,,,0.3010299956639812
2982956,list_item,Mexico,strict,2408604,2,,,,,,,,,0.5
2982957,list_item,Eurasianism,strict,2408856,2,,,,,,,,,0.5
2982958,list_item,patient care,strict,2409741,1,,,,,,,,,0.3010299956639812
2982959,list_item,local elites,strict,2409785,1,,,,,,,,,0.3010299956639812
2982960,list_item,colonial authority,strict,2409785,1,,,,,,,,,0.3010299956639812
2982961,list_item,John Hay,strict,2410093,2,,,,,,,,,0.5
2982962,list_item,Mark Twain,strict,2410093,3,,,,,,,,,0.4944171345215567
2982963,list_item,transitional justice,strict,2411010,1,,,,,,,,,0.3010299956639812
2982964,list_item,domestic change,strict,2411010,1,,,,,,,,,0.3010299956639812
2982965,list_item,Transantiago,strict,2411856,2,,,,,,,,,0.5
2982966,list_item,human devices,strict,2411856,1,,,,,,,,,0.3010299956639812
2982967,list_item,improvisation,strict,2412873,1,,,,,,,,,0.3010299956639812
2982968,list_item,Alexander Henry Higginson,strict,2413082,2,,,,,,,,,0.5
2982969,list_item,Harry Worcester Smith,strict,2413082,2,,,,,,,,,0.5
2982970,list_item,collection,strict,2414581,2,,,,,,,,,0.0
2982971,list_item,entanglement,strict,2414581,1,,,,,,,,,0.3010299956639812
2982972,list_item,exhibition,strict,2415290,1,,,,,,,,,0.3010299956639812
2982973,list_item,Hopewell Township,strict,2422601,1,,,,,,,,,0.3010299956639812
2982974,list_item,Aliquippa,strict,2422601,1,,,,,,,,,0.3010299956639812
2982975,list_item,Brooklyn,strict,2422633,1,,,,,,,,,0.3010299956639812
2982976,list_item,media moguls,strict,2422658,1,,,,,,,,,0.3010299956639812
2982977,list_item,whistleblowers,strict,2422658,1,,,,,,,,,0.3010299956639812
2982978,list_item,Trinitarian piety,strict,2423316,1,,,,,,,,,0.3010299956639812
2982979,list_item,public worship,strict,2423316,1,,,,,,,,,0.3010299956639812
2982980,list_item,global governance,strict,2424730,1,,,,,,,,,0.3010299956639812
2982981,list_item,office,strict,2424897,1,,,,,,,,,0.3010299956639812
2982982,list_item,connoisseurship,strict,2425799,1,,,,,,,,,0.3010299956639812
2982983,list_item,opium,strict,2425873,1,,,,,,,,,0.3010299956639812
2982984,list_item,Readers,strict,2448571,2,,,,,,,,,0.25
2982985,list_item,Readability,strict,2448571,1,,,,,,,,,0.0
2982986,list_item,Stephen Mopope,strict,2459484,1,,,,,,,,,0.0
2982987,list_item,Oscar Jacobson,strict,2459484,1,,,,,,,,,0.0
2982988,list_item,Confidence,strict,2459858,2,,,,,,,,,0.5
2982989,list_item,Curiosity,strict,2459858,4,,,,,,,,,0.3333333333333333
2982990,list_item,Drama,strict,2460296,4,,,,,,,,,0.5
2982991,list_item,Fame,strict,2460296,4,,,,,,,,,0.5
2982992,list_item,Size,strict,2460565,1,,,,,,,,,0.5
2982993,list_item,Revolution,strict,2460687,9,,,,,,,,,0.7073598487321338
2982994,list_item,Counter-Revolution,strict,2460687,1,,,,,,,,,0.5
2982995,list_item,Modernity,strict,2460904,19,,,,,,,,,0.5
2982996,list_item,Locality,strict,2460904,1,,,,,,,,,0.5
2982997,list_item,Trajectories,strict,2461064,1,,,,,,,,,0.5
2982998,list_item,Imbalances,strict,2461064,1,,,,,,,,,0.5
2982999,list_item,Charles Olson,strict,2461135,1,,,,,,,,,0.5
2983000,list_item,State Power,strict,2462567,3,,,,,,,,,0.5
2983001,list_item,Global Markets,strict,2462567,3,,,,,,,,,0.5
2983002,list_item,Mission,strict,2463361,5,,,,,,,,,0.5
2983003,list_item,Theological Education,strict,2463361,1,,,,,,,,,0.5
2983004,list_item,Trinitarian Piety,strict,2463838,1,,,,,,,,,0.0
2983005,list_item,Public Worship,strict,2463838,1,,,,,,,,,0.0
2983006,list_item,Religious Freedom,strict,2464182,1,,,,,,,,,0.5
2983007,list_item,Sexual Freedom,strict,2464182,1,,,,,,,,,0.5
2983008,list_item,States,strict,2465148,7,,,,,,,,,0.5
2983009,list_item,Markets,strict,2465148,7,,,,,,,,,0.5
2983010,list_item,Saul Holiff,strict,2465183,1,,,,,,,,,0.5
2983011,list_item,Johnny Cash,strict,2465183,1,,,,,,,,,0.5
2983012,list_item,Subcultural Education,strict,2465351,1,,,,,,,,,0.0
2983013,list_item,Theological Boundaries,strict,2465351,1,,,,,,,,,0.0
2983014,list_item,Gender,strict,2466021,55,,,,,,,,,0.6734457900916503
2983015,list_item,Performance,strict,2466021,5,,,,,,,,,0.5
2983016,list_item,Squatters,strict,2467168,2,,,,,,,,,0.2614057835025164
2983017,list_item,Statesmen,strict,2467168,1,,,,,,,,,0.022811567005032844
2983018,list_item,Activism,strict,2467589,3,,,,,,,,,0.16666666666666666
2983019,list_item,Language,strict,2467589,10,,,,,,,,,0.5
2983020,list_item,Culture,strict,2468968,44,,,,,,,,,0.7554472538309404
2983021,list_item,John Paul II,strict,2478417,2,,,,,,,,,0.5
2983022,list_item,Ronald Reagan,strict,2478417,2,,,,,,,,,0.5
2983023,list_item,Disorders,strict,2487677,1,,,,,,,,,0.0
2983024,list_item,Diagnoses,strict,2487677,1,,,,,,,,,0.0
2983025,list_item,Patients,strict,2489342,3,,,,,,,,,0.3333333333333333
2983026,list_item,Doctors,strict,2489342,6,,,,,,,,,0.5
2983027,list_item,Anti-Social Behaviour,strict,2491715,1,,,,,,,,,0.5
2983028,list_item,Intervention,strict,2493075,2,,,,,,,,,0.5
2983029,list_item,Human Rights,strict,2493075,12,,,,,,,,,0.5
2983030,list_item,Young People,strict,2494158,3,,,,,,,,,0.3333333333333333
2983031,list_item,Television News,strict,2494158,1,,,,,,,,,0.5
2983032,list_item,Turkey,strict,2505270,2,,,,,,,,,0.25
2983033,list_item,Novel Treatment Developments,strict,2505986,1,,,,,,,,,0.5
2983034,list_item,Patient Insights,strict,2505986,1,,,,,,,,,0.5
2983035,list_item,Bananas,strict,2506383,1,,,,,,,,,0.5
2983036,list_item,Business,strict,2506383,8,,,,,,,,,0.5
2983037,list_item,Health Span,strict,2507152,3,,,,,,,,,0.5473431361074729
2983038,list_item,Life Span,strict,2507152,3,,,,,,,,,0.5473431361074729
2983039,list_item,Traders,strict,2507167,1,,,,,,,,,0.5
2983040,list_item,Disrupters,strict,2507167,1,,,,,,,,,0.5
2983041,list_item,Coffee,strict,2508012,2,,,,,,,,,0.25
2983042,list_item,Comforters,strict,2508012,2,,,,,,,,,0.25
2983043,list_item,Legitimacy,strict,2510560,4,,,,,,,,,0.3333333333333333
2983044,list_item,Architecture,strict,2516502,20,,,,,,,,,0.5
2983045,list_item,Retail,strict,2516502,2,,,,,,,,,0.5
2983046,list_item,Political Leaders,strict,2516991,2,,,,,,,,,0.25
2983047,list_item,Moral Values,strict,2516991,2,,,,,,,,,0.25
2983048,list_item,Lesbians,strict,2517046,1,,,,,,,,,0.5
2983049,list_item,Feminists,strict,2517046,3,,,,,,,,,0.20541629752235643
2983050,list_item,Genius,strict,2521287,2,,,,,,,,,0.25
2983051,list_item,Risk,strict,2521287,9,,,,,,,,,0.5
2983052,list_item,Context,strict,2522266,3,,,,,,,,,0.3333333333333333
2983053,list_item,Content,strict,2522266,1,,,,,,,,,0.5
2983054,list_item,Race,strict,2526537,115,,,,,,,,,0.8675034330772712
2983055,list_item,Class,strict,2526537,15,,,,,,,,,0.5
2983056,list_item,Sex,strict,2526751,20,,,,,,,,,0.6044031358060642
2983057,list_item,Violence,strict,2526751,24,,,,,,,,,0.5
2983058,list_item,Profanity,strict,2526751,1,,,,,,,,,0.5
2983059,list_item,Foreign Policy,strict,2527025,1,,,,,,,,,0.5
2983060,list_item,Overstories,strict,2528648,1,,,,,,,,,0.5
2983061,list_item,Superspreaders,strict,2528648,1,,,,,,,,,0.5
2983062,list_item,College,strict,2536129,2,,,,,,,,,0.5
2983063,list_item,Identity,strict,2536129,20,,,,,,,,,0.5
2983064,list_item,Censorship,strict,2551331,4,,,,,,,,,0.5
2983065,list_item,Dark Stars,strict,2551492,1,,,,,,,,,0.5
2983066,list_item,Blown Minds,strict,2551492,1,,,,,,,,,0.5
2983067,list_item,Crime,strict,2551542,9,,,,,,,,,0.5
2983068,list_item,Globalization,strict,2552411,11,,,,,,,,,0.5601956321259899
2983069,list_item,Individual Rights,strict,2552411,1,,,,,,,,,0.5
2983070,list_item,Ethnography,strict,2552678,4,,,,,,,,,0.5
2983071,list_item,Heresiology,strict,2552678,1,,,,,,,,,0.5
2983072,list_item,Punishment,strict,2552697,4,,,,,,,,,0.5
2983073,list_item,Clientelism,strict,2553227,2,,,,,,,,,0.5
2983074,list_item,Neoliberal State Reform,strict,2553227,2,,,,,,,,,0.5
2983075,list_item,Medicine,strict,2553681,8,,,,,,,,,0.5
2983076,list_item,Medievalism,strict,2553681,1,,,,,,,,,0.5
2983077,list_item,Neuromania,strict,2553783,1,,,,,,,,,0.5
2983078,list_item,Autonomy,strict,2553823,4,,,,,,,,,0.5
2983079,list_item,Self-Government,strict,2553823,1,,,,,,,,,0.5
2983080,list_item,Consociation,strict,2554034,1,,,,,,,,,0.5
2983081,list_item,Louis XIV,strict,2554468,3,,,,,,,,,0.38567309633158126
2983082,list_item,Colbert de Torcy,strict,2554468,1,,,,,,,,,0.5
2983083,list_item,Conflict,strict,2555466,6,,,,,,,,,0.5
2983084,list_item,Compromise,strict,2555466,1,,,,,,,,,0.5
2983085,list_item,Adumbration,strict,2556501,1,,,,,,,,,0.5
2983086,list_item,Alterity,strict,2556501,2,,,,,,,,,0.5
2983087,list_item,Love,strict,2560726,11,,,,,,,,,0.6156092705027151
2983088,list_item,Loss,strict,2560726,6,,,,,,,,,0.6156092705027151
2983089,list_item,Salvation,strict,2570221,2,,,,,,,,,0.25
2983090,list_item,Gay Men,strict,2571584,1,,,,,,,,,0.5
2983091,list_item,Food,strict,2572420,8,,,,,,,,,0.7587612641408378
2983092,list_item,Wine,strict,2572420,3,,,,,,,,,0.4693222513392575
2983093,list_item,Parents,strict,2574531,7,,,,,,,,,0.6042239234638159
2983094,list_item,Infants,strict,2574531,4,,,,,,,,,0.5
2983095,list_item,Rulers,strict,2578650,2,,,,,,,,,0.5
2983096,list_item,Aristocrats,strict,2578650,1,,,,,,,,,0.5
2983097,list_item,Rationality,strict,2580204,4,,,,,,,,,0.5
2983098,list_item,Ethics,strict,2580204,14,,,,,,,,,0.5
2983099,list_item,Blood,strict,2582050,3,,,,,,,,,0.2952590070569503
2983100,list_item,Body Snatching,strict,2582050,1,,,,,,,,,0.8857770211708509
2983101,list_item,Art,strict,2596490,26,,,,,,,,,0.6122411406896431
2983102,list_item,Psychoanalysis,strict,2596760,7,,,,,,,,,0.5
2983103,list_item,Mysticism,strict,2596760,6,,,,,,,,,0.3333333333333333
2983104,list_item,Politics,strict,2597214,82,,,,,,,,,0.7358134398421788
2983105,list_item,Religion,strict,2597527,45,,,,,,,,,0.6313785939768465
2983106,list_item,Justice,strict,2597527,12,,,,,,,,,0.5899362902457207
2983107,list_item,Bombmakers,strict,2597761,1,,,,,,,,,0.5
2983108,list_item,Insurgents,strict,2597761,1,,,,,,,,,0.5
2983109,list_item,History,strict,2597947,39,,,,,,,,,0.5
2983110,list_item,Myth,strict,2597947,12,,,,,,,,,0.6115453887707348
2983111,list_item,Rhetoric,strict,2599097,11,,,,,,,,,0.5
2983112,list_item,Theoretical Ambiguity,strict,2599097,1,,,,,,,,,0.5
2983113,list_item,John Cade,strict,2600463,1,,,,,,,,,0.02118348992125511
2983114,list_item,Lithium,strict,2600463,1,,,,,,,,,0.02118348992125511
2983115,list_item,Stanley Kubrick,strict,2601902,3,,,,,,,,,0.5607231766292778
2983116,list_item,Arthur C.C.larke,strict,2601902,2,,,,,,,,,0.5910847649439168
2983117,list_item,Opera,strict,2602920,3,,,,,,,,,0.3333333333333333
2983118,list_item,Homosexuality,strict,2602920,4,,,,,,,,,0.5362095271172441
2983119,list_item,Sport,strict,2605320,3,,,,,,,,,0.5
2983120,list_item,Recreation,strict,2605320,1,,,,,,,,,0.5
2983121,list_item,Artisan Mobility,strict,2605623,1,,,,,,,,,0.0
2983122,list_item,Innovation,strict,2605623,9,,,,,,,,,0.5
2983123,list_item,John Hughes,strict,2613754,1,,,,,,,,,0.5
2983124,list_item,Concepts,strict,2613781,3,,,,,,,,,0.3333333333333333
2983125,list_item,Delivery,strict,2613781,2,,,,,,,,,0.5
2983126,list_item,Empathy,strict,2614553,1,,,,,,,,,0.0
2983127,list_item,Science,strict,2614553,46,,,,,,,,,0.7208000730044505
2983128,list_item,Real Estate,strict,2617040,4,,,,,,,,,0.5
2983129,list_item,Entertainment,strict,2617040,2,,,,,,,,,0.5
2983130,list_item,Enlistment,strict,2625370,1,,,,,,,,,0.5
2983131,list_item,Masculinity,strict,2625370,7,,,,,,,,,0.5
2983132,list_item,Sorensen,strict,2625543,1,,,,,,,,,0.5
2983133,list_item,Complexity,strict,2628223,8,,,,,,,,,0.6803506679432507
2983134,list_item,Biosemiotics,strict,2628223,1,,,,,,,,,0.0
2983135,list_item,Literary Form,strict,2629011,1,,,,,,,,,0.5
2983136,list_item,Rousseau,strict,2640290,1,,,,,,,,,0.0
2983137,list_item,Revolutionaries,strict,2641693,2,,,,,,,,,0.6627904129171027
2983138,list_item,Rock Stars,strict,2641693,2,,,,,,,,,0.6627904129171027
2983139,list_item,Irving Greenberg,strict,2642353,2,,,,,,,,,0.5
2983140,list_item,Encounter,strict,2642353,1,,,,,,,,,0.5
2983141,list_item,Interaction Design,strict,2642830,2,,,,,,,,,0.5
2983142,list_item,Digital Art,strict,2642830,1,,,,,,,,,0.5
2983143,list_item,Bodies,strict,2644573,2,,,,,,,,,0.5
2983144,list_item,Beauty,strict,2644573,2,,,,,,,,,0.5
2983145,list_item,Texts,strict,2645502,1,,,,,,,,,0.5
2983146,list_item,Photos,strict,2645502,1,,,,,,,,,0.5
2983147,list_item,Kranky,strict,2648890,2,,,,,,,,,0.22619947409154065
2983148,list_item,Chicago,strict,2648890,2,,,,,,,,,0.22619947409154065
2983149,list_item,Nativism,strict,2652540,1,,,,,,,,,0.5
2983150,list_item,Armed Vigilantism,strict,2652540,1,,,,,,,,,0.5
2983151,list_item,Mysteries,strict,2661254,3,,,,,,,,,0.3333333333333333
2983152,list_item,Original Thinkers,strict,2670310,1,,,,,,,,,0.0
2983153,list_item,Doers,strict,2670310,1,,,,,,,,,0.0
2983154,list_item,Fighters,strict,2670310,1,,,,,,,,,0.0
2983155,list_item,Friendship,strict,2675495,6,,,,,,,,,0.5981855206559069
2983156,list_item,Ambition,strict,2675495,5,,,,,,,,,0.7170264388458959
2983157,list_item,Garment Unions,strict,2685961,2,,,,,,,,,0.25
2983158,list_item,American Labor,strict,2685961,2,,,,,,,,,0.25
2983159,list_item,Johnny Unitas,strict,2687836,1,,,,,,,,,0.5
2983160,list_item,Don Shula,strict,2687836,1,,,,,,,,,0.5
2983161,list_item,Faith,strict,2688533,19,,,,,,,,,0.6377667613454879
2983162,list_item,Hope,strict,2688533,8,,,,,,,,,0.6923239263890832
2983163,list_item,Modernism,strict,2688832,7,,,,,,,,,0.5
2983164,list_item,Mother-Tongue Fascism,strict,2689154,1,,,,,,,,,0.5
2983165,list_item,Alienation,strict,2689177,2,,,,,,,,,0.5
2983166,list_item,Emancipation,strict,2689177,1,,,,,,,,,0.5
2983167,list_item,Detection,strict,2689408,1,,,,,,,,,0.38366877724020254
2983168,list_item,Passion,strict,2689858,3,,,,,,,,,0.5681103245113649
2983169,list_item,Purity,strict,2689858,2,,,,,,,,,0.6021654867670473
2983170,list_item,Armed Conflict,strict,2690180,2,,,,,,,,,0.5
2983171,list_item,Civil-Military Relations,strict,2690180,2,,,,,,,,,0.5
2983172,list_item,Cosmic Visions,strict,2690619,1,,,,,,,,,0.5
2983173,list_item,Regionalism,strict,2690619,1,,,,,,,,,0.5
2983174,list_item,Metaphor,strict,2692134,3,,,,,,,,,0.5
2983175,list_item,Classics,strict,2694542,1,,,,,,,,,0.5
2983176,list_item,Civilization,strict,2694542,2,,,,,,,,,0.25
2983177,list_item,Heat Waves,strict,2695921,1,,,,,,,,,0.5
2983178,list_item,Floods,strict,2695921,1,,,,,,,,,0.5
2983179,list_item,Storms,strict,2695921,1,,,,,,,,,0.5
2983180,list_item,Disease,strict,2696143,3,,,,,,,,,0.44894260383604845
2983181,list_item,Livestock Economies,strict,2696143,1,,,,,,,,,0.0
2983182,list_item,Scandal,strict,2706389,5,,,,,,,,,0.6044031358060642
2983183,list_item,Sleaze,strict,2706389,1,,,,,,,,,0.5
2983184,list_item,Robert Kennedy,strict,2708871,1,,,,,,,,,0.5
2983185,list_item,Cesar Chavez,strict,2708871,1,,,,,,,,,0.5
2983186,list_item,H.D.,strict,2713133,1,,,,,,,,,0.5
2983187,list_item,Pacific Palisades,strict,2714652,1,,,,,,,,,0.0
2983188,list_item,German Exiles,strict,2714652,1,,,,,,,,,0.0
2983189,list_item,Polemic,strict,2714660,1,,,,,,,,,0.5
2983190,list_item,Print,strict,2714660,2,,,,,,,,,0.5
2983191,list_item,dogs,strict,2729917,2,,,,,,,,,0.49781326670987036
2983192,list_item,Landscape,strict,2730252,5,,,,,,,,,0.6264590146760375
2983193,list_item,Money,strict,2730252,17,,,,,,,,,0.9213193369262237
2983194,list_item,Murder,strict,2730601,22,,,,,,,,,0.8404805345927354
2983195,list_item,Fraud,strict,2730601,3,,,,,,,,,0.5
2983196,list_item,Philosophy,strict,2731383,12,,,,,,,,,0.5424973294103302
2983197,list_item,Form,strict,2731383,2,,,,,,,,,0.25
2983198,list_item,Corporations,strict,2731434,1,,,,,,,,,0.5
2983199,list_item,Workers,strict,2731434,3,,,,,,,,,0.5
2983200,list_item,Bureaucrats,strict,2731434,3,,,,,,,,,0.5
2983201,list_item,Debtors,strict,2731664,1,,,,,,,,,0.5
2983202,list_item,Slaves,strict,2731664,2,,,,,,,,,0.5
2983203,list_item,Urban Space,strict,2733013,1,,,,,,,,,0.5
2983204,list_item,Poverty Reduction Strategies,strict,2733094,1,,,,,,,,,0.5
2983205,list_item,International Law,strict,2733094,4,,,,,,,,,0.3333333333333333
2983206,list_item,Land,strict,2733747,4,,,,,,,,,0.6497035985398266
2983207,list_item,Piracy,strict,2735433,1,,,,,,,,,0.5
2983208,list_item,Cord-Cutting,strict,2735433,1,,,,,,,,,0.5
2983209,list_item,Sam Snead,strict,2738134,1,,,,,,,,,0.17420151979398144
2983210,list_item,Byron Nelson,strict,2738134,1,,,,,,,,,0.17420151979398144
2983211,list_item,Ben Hogan,strict,2738134,1,,,,,,,,,0.17420151979398144
2983212,list_item,Gratitude,strict,2738614,1,,,,,,,,,0.5
2983213,list_item,Grace,strict,2738614,2,,,,,,,,,0.25
2983214,list_item,Mexican Americans,strict,2740336,1,,,,,,,,,0.5
2983215,list_item,School Desegregation,strict,2740336,2,,,,,,,,,0.25
2983216,list_item,Extractivism,strict,2740367,1,,,,,,,,,0.5
2983217,list_item,Law,strict,2741154,26,,,,,,,,,0.5
2983218,list_item,Ethnicity,strict,2741552,6,,,,,,,,,0.5
2983219,list_item,Racism,strict,2748192,5,,,,,,,,,0.29670454836894455
2983220,list_item,Racial Discrimination,strict,2748192,1,,,,,,,,,0.0
2983221,list_item,Hegemony,strict,2757567,5,,,,,,,,,0.5
2983222,list_item,Privatization,strict,2759797,5,,,,,,,,,0.45513378881248384
2983223,list_item,Property,strict,2759797,5,,,,,,,,,0.5
2983224,list_item,Martha Washington,strict,2774224,2,,,,,,,,,0.33710075989699073
2983225,list_item,Abigail Adams,strict,2774224,2,,,,,,,,,0.33710075989699073
2983226,list_item,Dolley Madison,strict,2774224,2,,,,,,,,,0.33710075989699073
2983227,list_item,Previous Life Memories,strict,2777744,1,,,,,,,,,0.5
2983228,list_item,Discourses,strict,2777744,1,,,,,,,,,0.5
2983229,list_item,Diplomacy,strict,2777855,4,,,,,,,,,0.5
2983230,list_item,Covert Action,strict,2777855,1,,,,,,,,,0.5
2983231,list_item,Music,strict,2777869,13,,,,,,,,,0.6520289402282785
2983232,list_item,Space,strict,2781052,9,,,,,,,,,0.6218893778910611
2983233,list_item,Cosmopolitics,strict,2784233,1,,,,,,,,,0.5
2983234,list_item,Precaution,strict,2784233,1,,,,,,,,,0.5
2983235,list_item,Cryptocurrency,strict,2785131,2,,,,,,,,,0.4664667730984653
2983236,list_item,Casino Capitalism,strict,2785131,1,,,,,,,,,0.9329335461969306
2983237,list_item,Ezra,strict,2791177,1,,,,,,,,,0.0
2983238,list_item,Nehemiah,strict,2791177,1,,,,,,,,,0.0
2983239,list_item,Carausius,strict,2795078,1,,,,,,,,,0.5
2983240,list_item,Constantius Chlorus,strict,2795078,1,,,,,,,,,0.5
2983241,list_item,Romantics,strict,2797482,1,,,,,,,,,0.5
2983242,list_item,Rationalists,strict,2797482,1,,,,,,,,,0.5
2983243,list_item,Tourism,strict,2797519,3,,,,,,,,,0.5
2983244,list_item,Heritage,strict,2797519,3,,,,,,,,,0.3333333333333333
2983245,list_item,Antisemitism,strict,2797542,5,,,,,,,,,0.3333333333333333
2983246,list_item,Evolution,strict,2807024,15,,,,,,,,,0.6803506679432507
2983247,list_item,Schools,strict,2818677,4,,,,,,,,,0.4089540995975522
2983248,list_item,Police,strict,2818677,3,,,,,,,,,0.4089540995975522
2983249,list_item,Capitalism,strict,2818770,14,,,,,,,,,0.5
2983250,list_item,Welfare,strict,2818770,5,,,,,,,,,0.5
2983251,list_item,Therapy,strict,2819818,1,,,,,,,,,0.5
2983252,list_item,Emotions,strict,2819818,6,,,,,,,,,0.5
2983253,list_item,Capitalists,strict,2820291,1,,,,,,,,,0.5
2983254,list_item,con Men,strict,2820291,1,,,,,,,,,0.5
2983255,list_item,Good Neighbourhoods,strict,2820382,1,,,,,,,,,0.5
2983256,list_item,Crazy Politics,strict,2820382,1,,,,,,,,,0.5
2983257,list_item,Outlaws,strict,2822900,2,,,,,,,,,0.4167274522597402
2983258,list_item,Freaks,strict,2822900,1,,,,,,,,,0.0
2983259,list_item,Shamans,strict,2822900,1,,,,,,,,,0.0
2983260,list_item,Conservation,strict,2824105,6,,,,,,,,,0.523657029049173
2983261,list_item,Eugenics,strict,2824105,4,,,,,,,,,0.5
2983262,list_item,Ecology,strict,2827831,5,,,,,,,,,0.5
2983263,list_item,Cognitive Processes,strict,2827831,1,,,,,,,,,0.5
2983264,list_item,Internationalization,strict,2828417,1,,,,,,,,,0.5
2983265,list_item,Political Change,strict,2828417,1,,,,,,,,,0.5
2983266,list_item,Teachers,strict,2829433,2,,,,,,,,,0.5
2983267,list_item,Postcolonial Ontology,strict,2837564,1,,,,,,,,,0.0
2983268,list_item,Historical Sociology,strict,2837564,1,,,,,,,,,0.0
2983269,list_item,Merchants,strict,2848560,1,,,,,,,,,0.3558201667540892
2983270,list_item,Anarchy,strict,2851902,2,,,,,,,,,0.25
2983271,list_item,Entrepeneurship,strict,2862795,1,,,,,,,,,0.5
2983272,list_item,Spies,strict,2863317,5,,,,,,,,,0.5
2983273,list_item,Spymasters,strict,2863317,1,,,,,,,,,0.0
2983274,list_item,Private Life,strict,2863824,1,,,,,,,,,0.5
2983275,list_item,Public Goods,strict,2863824,1,,,,,,,,,0.5
2983276,list_item,Rights,strict,2863855,8,,,,,,,,,0.5
2983277,list_item,Responsibilities,strict,2863855,1,,,,,,,,,0.5
2983278,list_item,Appeasement,strict,2864175,1,,,,,,,,,0.5
2983279,list_item,Collective Insecurity,strict,2864175,1,,,,,,,,,0.5
2983280,list_item,Immigration,strict,2864228,12,,,,,,,,,0.6075229911409921
2983281,list_item,Decency,strict,2864259,2,,,,,,,,,0.25
2983282,list_item,Disciplines,strict,2868638,1,,,,,,,,,0.5
2983283,list_item,Subjects,strict,2868638,2,,,,,,,,,0.25
2983284,list_item,Samizdat,strict,2872638,2,,,,,,,,,0.5
2983285,list_item,Deprivation,strict,2872638,2,,,,,,,,,0.5
2983286,list_item,Sarcasm,strict,2873788,1,,,,,,,,,0.5
2983287,list_item,Plant Medicine,strict,2874680,1,,,,,,,,,0.0
2983288,list_item,scholarship,strict,2878380,1,,,,,,,,,0.0
2983289,list_item,commemoration,strict,2878380,1,,,,,,,,,0.0
2983290,list_item,Social Movements,strict,2879102,2,,,,,,,,,0.5
2983291,list_item,Anthrax,strict,2880486,2,,,,,,,,,0.25
2983292,list_item,Influenza,strict,2880486,3,,,,,,,,,0.29279990784641746
2983293,list_item,Dynamite,strict,2883799,1,,,,,,,,,0.5
2983294,list_item,Nitrates,strict,2883799,1,,,,,,,,,0.5
2983295,list_item,Geomorphology,strict,2885553,2,,,,,,,,,0.25
2983296,list_item,Theodor Herzl,strict,2894166,1,,,,,,,,,0.5
2983297,list_item,Chaim Weizmann,strict,2894166,1,,,,,,,,,0.5
2983298,list_item,David Ben-Gurion,strict,2894166,1,,,,,,,,,0.5
2983299,list_item,Pastors,strict,2906846,1,,,,,,,,,0.0
2983300,list_item,Congregations,strict,2906846,1,,,,,,,,,0.0
2983301,list_item,Chaucer,strict,2907633,1,,,,,,,,,0.5
2983302,list_item,Vernacular Fable,strict,2907633,1,,,,,,,,,0.5
2983303,list_item,Poachers,strict,2907908,1,,,,,,,,,0.5
2983304,list_item,Thieves,strict,2907908,2,,,,,,,,,0.4903015852851492
2983305,list_item,Labor,strict,2908076,8,,,,,,,,,0.5
2983306,list_item,Citizenship,strict,2908076,5,,,,,,,,,0.5
2983307,list_item,Polish Jews,strict,2909677,1,,,,,,,,,0.5
2983308,list_item,Interwar Migration,strict,2909677,1,,,,,,,,,0.5
2983309,list_item,Planning,strict,2910293,2,,,,,,,,,0.25
2983310,list_item,Women,strict,2910386,18,,,,,,,,,0.5
2983311,list_item,Narration,strict,2911424,2,,,,,,,,,0.25
2983312,list_item,Media,strict,2911424,12,,,,,,,,,0.5
2983313,list_item,Jackson,strict,2911598,1,,,,,,,,,0.0
2983314,list_item,Charvel,strict,2911598,1,,,,,,,,,0.0
2983315,list_item,Genes,strict,2914003,8,,,,,,,,,0.5
2983316,list_item,Development,strict,2914003,6,,,,,,,,,0.5
2983317,list_item,Art1,strict,2914453,1,,,,,,,,,0.0
2983318,list_item,Frederick Hammersley,strict,2914453,1,,,,,,,,,0.0
2983319,list_item,Film,strict,2916579,6,,,,,,,,,0.5
2983320,list_item,Visual Arts,strict,2916579,2,,,,,,,,,0.5
2983321,list_item,Life,strict,2917012,24,,,,,,,,,0.5
2983322,list_item,Liberty,strict,2917012,16,,,,,,,,,0.5840667417167366
2983323,list_item,Self-Deception,strict,2917180,1,,,,,,,,,0.5833938374596007
2983324,list_item,False Beliefs,strict,2917180,1,,,,,,,,,0.5833938374596007
2983325,list_item,Soviet Spies,strict,2920995,2,,,,,,,,,0.0
2983326,list_item,Nazi Priests,strict,2920995,2,,,,,,,,,0.0
2983327,list_item,Protest,strict,2923070,2,,,,,,,,,0.5
2983328,list_item,Diefenbaker,strict,2923942,1,,,,,,,,,0.5
2983329,list_item,Pearson,strict,2923942,1,,,,,,,,,0.5
2983330,list_item,Fascism,strict,2924440,3,,,,,,,,,0.4380671796895845
2983331,list_item,Administrative Justice,strict,2924442,1,,,,,,,,,0.5
2983332,list_item,Youth,strict,2926116,4,,,,,,,,,0.5
2983333,list_item,Inequality,strict,2926116,7,,,,,,,,,0.5475799309952584
2983334,list_item,Entrepreneurship,strict,2928597,4,,,,,,,,,0.5
2983335,list_item,Petty Capitalism,strict,2928597,1,,,,,,,,,0.5
2983336,list_item,oil Company Profits,strict,2931410,1,,,,,,,,,0.0
2983337,list_item,Runaway Prices,strict,2931410,1,,,,,,,,,0.0
2983338,list_item,Nature,strict,2934392,10,,,,,,,,,0.5
2983339,list_item,Capital,strict,2934392,7,,,,,,,,,0.5
2983340,list_item,Domestication,strict,2934644,1,,,,,,,,,0.0
2983341,list_item,Persistence,strict,2934644,1,,,,,,,,,0.0
2983342,list_item,Yeoman Households,strict,2935065,1,,,,,,,,,0.5
2983343,list_item,Gender Relations,strict,2935065,1,,,,,,,,,0.5
2983344,list_item,Greed,strict,2935902,4,,,,,,,,,0.38747850710672793
2983345,list_item,Business Culture,strict,2937444,1,,,,,,,,,0.5986402536871555
2983346,list_item,Counterculture,strict,2937444,1,,,,,,,,,0.5986402536871555
2983347,list_item,Goddesses,strict,2949751,2,,,,,,,,,0.25
2983348,list_item,Mandalas,strict,2949751,1,,,,,,,,,0.0
2983349,list_item,Early Modern Conversion,strict,2950009,2,,,,,,,,,0.5
2983350,list_item,Documentary Film,strict,2951011,1,,,,,,,,,0.5
2983351,list_item,Memory,strict,2951011,18,,,,,,,,,0.5
2983352,list_item,Criminalization,strict,2951949,1,,,,,,,,,0.0
2983353,list_item,Economics,strict,2951949,9,,,,,,,,,0.5601956321259899
2983354,list_item,Total War,strict,2953460,1,,,,,,,,,0.5
2983355,list_item,Figure Skating,strict,2953728,1,,,,,,,,,0.0
2983356,list_item,Practices,strict,2953822,1,,,,,,,,,0.0
2983357,list_item,Socialization,strict,2953822,1,,,,,,,,,0.0
2983358,list_item,Government,strict,2954943,3,,,,,,,,,0.3333333333333333
2983359,list_item,Lawsuits,strict,2954943,1,,,,,,,,,0.5
2983360,list_item,Degradation,strict,2955976,1,,,,,,,,,0.0
2983361,list_item,Porno Chic,strict,2955976,1,,,,,,,,,0.0
2983362,list_item,H.G. Wells,strict,2955984,2,,,,,,,,,0.25
2983363,list_item,Florence Deeks,strict,2955984,1,,,,,,,,,0.0
2983364,list_item,Peace,strict,2958356,4,,,,,,,,,0.3333333333333333
2983365,list_item,Graffiti,strict,2960339,2,,,,,,,,,0.5
2983366,list_item,Street Art,strict,2960339,1,,,,,,,,,0.5
2983367,list_item,Responsibility,strict,2964639,2,,,,,,,,,0.5
2983368,list_item,Indigenous Epistemes,strict,2964639,1,,,,,,,,,0.5
2983369,list_item,Morphology,strict,2966887,1,,,,,,,,,0.5
2983370,list_item,Behavior,strict,2966887,1,,,,,,,,,0.5
2983371,list_item,Feminism,strict,2969321,11,,,,,,,,,0.5
2983372,list_item,Price Competition,strict,2971239,1,,,,,,,,,0.0
2983373,list_item,Advertising,strict,2971239,5,,,,,,,,,0.5
2983374,list_item,Independence,strict,2971667,1,,,,,,,,,0.5
2983375,list_item,Aesthetics,strict,2971739,6,,,,,,,,,0.5
2983376,list_item,Character,strict,2974962,2,,,,,,,,,0.25
2983377,list_item,Essence,strict,2974962,1,,,,,,,,,0.5
2983378,list_item,Football,strict,2977260,4,,,,,,,,,0.5
2983379,list_item,Police Violence,strict,2977283,1,,,,,,,,,0.35452861394850554
2983380,list_item,Eyespell,strict,2978297,1,,,,,,,,,0.0
2983381,list_item,Earth,strict,2978297,2,,,,,,,,,0.25
2983382,list_item,Militarism,strict,2979785,2,,,,,,,,,0.25
2983383,list_item,Secrecy,strict,2979785,1,,,,,,,,,0.5
2983384,list_item,Shidehara Kijuro,strict,2992724,1,,,,,,,,,0.5
2983385,list_item,Pacifism,strict,2992724,2,,,,,,,,,0.5
2983386,list_item,Ostrich Feathers,strict,2993413,3,,,,,,,,,0.16666666666666666
2983387,list_item,Consent,strict,2993634,1,,,,,,,,,0.5
2983388,list_item,Freedom,strict,2993792,10,,,,,,,,,0.5
2983389,list_item,Emotion,strict,2994111,5,,,,,,,,,0.5
2983390,list_item,Disablement,strict,2995665,1,,,,,,,,,0.5
2983391,list_item,Radicalism,strict,2995665,4,,,,,,,,,0.5
2983392,list_item,Bergson,strict,2998779,1,,,,,,,,,0.5
2983393,list_item,Whitehead,strict,2998779,1,,,,,,,,,0.5
2983394,list_item,Vivien Leigh,strict,3000198,2,,,,,,,,,0.5842686840068612
2983395,list_item,Laurence Olivier,strict,3000198,2,,,,,,,,,0.5842686840068612
2983396,list_item,Democratization,strict,3001749,3,,,,,,,,,0.3333333333333333
2983397,list_item,Social Justice,strict,3001749,3,,,,,,,,,0.3333333333333333
2983398,list_item,Horses,strict,3002390,1,,,,,,,,,0.5
2983399,list_item,Human Society,strict,3002390,1,,,,,,,,,0.5
2983400,list_item,Schizophrenia,strict,3011918,2,,,,,,,,,0.25
2983401,list_item,Epilepsy,strict,3011918,1,,,,,,,,,0.5
2983402,list_item,Information,strict,3012305,5,,,,,,,,,0.5
2983403,list_item,Hype,strict,3012817,1,,,,,,,,,0.7889171798192665
2983404,list_item,Chinese Alchemists,strict,3014275,1,,,,,,,,,0.5
2983405,list_item,Jewish Kabbalists,strict,3014275,1,,,,,,,,,0.5
2983406,list_item,Equal Dignity,strict,3018883,1,,,,,,,,,0.0
2983407,list_item,Wrongful Discrimination,strict,3018883,1,,,,,,,,,0.0
2983408,list_item,Russell Simmons,strict,3023789,1,,,,,,,,,0.15364891414101223
2983409,list_item,Rick Rubin,strict,3023789,1,,,,,,,,,0.15364891414101223
2983410,list_item,direct action,strict,3029022,1,,,,,,,,,0.5930132907312694
2983411,list_item,hacktivism,strict,3029022,1,,,,,,,,,0.5930132907312694
2983412,list_item,Spirituality,strict,3036477,5,,,,,,,,,0.523657029049173
2983413,list_item,False Prophets,strict,3037276,1,,,,,,,,,0.6632214915548527
2983414,list_item,Free Markets,strict,3037276,4,,,,,,,,,0.6443182498173271
2983415,list_item,Musical Invention,strict,3039827,1,,,,,,,,,0.5
2983416,list_item,Collaboration,strict,3039827,3,,,,,,,,,0.5
2983417,list_item,Insurance,strict,3040653,3,,,,,,,,,0.16666666666666666
2983418,list_item,Smugglers,strict,3040701,2,,,,,,,,,0.5
2983419,list_item,Warlords,strict,3040701,2,,,,,,,,,0.5
2983420,list_item,Martyrdom,strict,3040985,2,,,,,,,,,0.5
2983421,list_item,Crisis,strict,3041062,9,,,,,,,,,0.5
2983422,list_item,Jennifer Doudna,strict,3044484,4,,,,,,,,,0.3325397584713448
2983423,list_item,Gene Editing,strict,3044484,4,,,,,,,,,0.3325397584713448
2983424,list_item,Education,strict,3045264,9,,,,,,,,,0.5812367104458867
2983425,list_item,Narrative,strict,3052982,3,,,,,,,,,0.16666666666666666
2983426,list_item,Tradition,strict,3052982,13,,,,,,,,,0.5
2983427,list_item,Enforcement,strict,3055776,1,,,,,,,,,0.5
2983428,list_item,Endorsements,strict,3055776,1,,,,,,,,,0.5
2983429,list_item,Durs Grünbein,strict,3056178,1,,,,,,,,,0.0
2983430,list_item,Cognition,strict,3057249,4,,,,,,,,,0.5
2983431,list_item,Knowledge,strict,3057772,6,,,,,,,,,0.5
2983432,list_item,Relationships,strict,3057772,2,,,,,,,,,0.25
2983433,list_item,Mass Mobilization,strict,3064454,3,,,,,,,,,0.25
2983434,list_item,Representation,strict,3064546,8,,,,,,,,,0.5
2983435,list_item,Swiss Banks,strict,3064562,1,,,,,,,,,0.5
2983436,list_item,Nazi Gold,strict,3064562,1,,,,,,,,,0.5
2983437,list_item,inducements,strict,3078447,1,,,,,,,,,0.5
2983438,list_item,Young Creatives,strict,3078478,1,,,,,,,,,0.5
2983439,list_item,Tech Ingenuity,strict,3078478,1,,,,,,,,,0.5
2983440,list_item,Madness,strict,3078792,2,,,,,,,,,0.6499188579575246
2983441,list_item,Mayhem,strict,3078792,5,,,,,,,,,0.6511628801481842
2983442,list_item,Neuroscience,strict,3079604,4,,,,,,,,,0.5
2983443,list_item,Embodiment,strict,3079604,3,,,,,,,,,0.5
2983444,list_item,Buckminster Fuller,strict,3080235,1,,,,,,,,,0.0
2983445,list_item,Carbondale,strict,3080235,1,,,,,,,,,0.0
2983446,list_item,Illinois,strict,3080235,1,,,,,,,,,0.0
2983447,list_item,Dancers,strict,3080305,2,,,,,,,,,0.5
2983448,list_item,Painters,strict,3080305,1,,,,,,,,,0.5
2983449,list_item,Krishnamurti,strict,3081071,1,,,,,,,,,0.0
2983450,list_item,Rudolf Steiner,strict,3081071,1,,,,,,,,,0.0
2983451,list_item,Valentin Tomberg,strict,3081071,1,,,,,,,,,0.0
2983452,list_item,California,strict,3081913,2,,,,,,,,,0.25
2983453,list_item,Theology,strict,3082004,6,,,,,,,,,0.5
2983454,list_item,Mothers,strict,3084317,3,,,,,,,,,0.47595491648793936
2983455,list_item,Fathers,strict,3084317,1,,,,,,,,,0.9278647494638183
2983456,list_item,Slavery,strict,3084993,13,,,,,,,,,0.7025883971779999
2983457,list_item,Rap,strict,3093376,2,,,,,,,,,0.5
2983458,list_item,infrastructure,strict,3094056,1,,,,,,,,,0.0
2983459,list_item,Ilyenkov,strict,3098748,1,,,,,,,,,0.5
2983460,list_item,Vygotsky,strict,3098748,1,,,,,,,,,0.5
2983461,list_item,Forests,strict,3106214,1,,,,,,,,,0.5
2983462,list_item,Corals,strict,3106214,1,,,,,,,,,0.5
2983463,list_item,Consciousness,strict,3106214,8,,,,,,,,,0.5
2983464,list_item,Imagination,strict,3109541,3,,,,,,,,,0.3834081955958866
2983465,list_item,Sportsmanship,strict,3109801,1,,,,,,,,,0.0
2983466,list_item,Modesty,strict,3109801,1,,,,,,,,,0.0
2983467,list_item,Famine,strict,3121217,6,,,,,,,,,0.5
2983468,list_item,Frauds,strict,3122307,3,,,,,,,,,0.16666666666666666
2983469,list_item,Quacks,strict,3122307,2,,,,,,,,,0.25
2983470,list_item,Tuskegee,strict,3122436,1,,,,,,,,,0.5
2983471,list_item,Colonialism,strict,3122436,7,,,,,,,,,0.5
2983472,list_item,Geography,strict,3124000,7,,,,,,,,,0.5
2983473,list_item,Genocide,strict,3124000,5,,,,,,,,,0.5
2983474,list_item,Faction,strict,3124106,1,,,,,,,,,0.5
2983475,list_item,Jurisprudence,strict,3125100,1,,,,,,,,,0.5
2983476,list_item,Dollars,strict,3130798,1,,,,,,,,,0.5
2983477,list_item,Deflation,strict,3130798,1,,,,,,,,,0.5
2983478,list_item,Constitutional Reform,strict,3132014,1,,,,,,,,,0.5
2983479,list_item,Liberalism,strict,3132014,6,,,,,,,,,0.5
2983480,list_item,Democracy,strict,3145464,12,,,,,,,,,0.5658954898144902
2983481,list_item,Influence,strict,3148772,1,,,,,,,,,0.5
2983482,list_item,Palestinian refugees,strict,3149284,1,,,,,,,,,0.0
2983483,list_item,U.S. policy,strict,3149284,1,,,,,,,,,0.0
2983484,list_item,Bad Science,strict,3150264,1,,,,,,,,,0.5
2983485,list_item,Bad Medicine,strict,3150264,1,,,,,,,,,0.5
2983486,list_item,Plague,strict,3164111,2,,,,,,,,,0.6204623369060893
2983487,list_item,Empire,strict,3164111,20,,,,,,,,,0.5803082246040595
2983488,list_item,Biological Weapons,strict,3164505,1,,,,,,,,,0.5
2983489,list_item,Life Sciences,strict,3164505,1,,,,,,,,,0.5
2983490,list_item,Relevance,strict,3165172,1,,,,,,,,,0.5
2983491,list_item,Cancer,strict,3166997,4,,,,,,,,,0.16666666666666666
2983492,list_item,Crises,strict,3168140,2,,,,,,,,,0.5
2983493,list_item,Mass Opinion,strict,3168140,1,,,,,,,,,0.5
2983494,list_item,Infrastructure,strict,3168574,4,,,,,,,,,0.5475799309952584
2983495,list_item,Society,strict,3170548,10,,,,,,,,,0.5
2983496,list_item,Lázaro Cárdenas,strict,3173066,2,,,,,,,,,0.25
2983497,list_item,Michoacán Peasants,strict,3173066,2,,,,,,,,,0.25
2983498,list_item,Garlic,strict,3173535,1,,,,,,,,,0.5
2983499,list_item,Human Evolution,strict,3173553,1,,,,,,,,,0.5
2983500,list_item,Archaeology,strict,3173553,8,,,,,,,,,0.5
2983501,list_item,Exclusion,strict,3173599,2,,,,,,,,,0.5
2983502,list_item,Myths,strict,3174532,3,,,,,,,,,0.5
2983503,list_item,Con Men,strict,3184320,3,,,,,,,,,0.5218134845330898
2983504,list_item,Corruption,strict,3184320,8,,,,,,,,,0.5512169748431678
2983505,list_item,Musicians,strict,3186125,2,,,,,,,,,0.25
2983506,list_item,Elections,strict,3186132,1,,,,,,,,,0.5
2983507,list_item,Legislatures,strict,3186132,1,,,,,,,,,0.5
2983508,list_item,sociology,strict,3202767,1,,,,,,,,,0.5
2983509,list_item,Armenians,strict,3206489,1,,,,,,,,,0.5
2983510,list_item,Turks,strict,3206489,2,,,,,,,,,0.25
2983511,list_item,Saddam Hussein,strict,3206924,1,,,,,,,,,0.5
2983512,list_item,Stories,strict,3207032,1,,,,,,,,,0.5
2983513,list_item,Reflections,strict,3207032,2,,,,,,,,,0.5
2983514,list_item,Classic Novels,strict,3208121,1,,,,,,,,,0.5
2983515,list_item,Autistic Readers,strict,3208121,1,,,,,,,,,0.5
2983516,list_item,Daystar Productions,strict,3208206,1,,,,,,,,,0.0
2983517,list_item,Kate Manx,strict,3208206,1,,,,,,,,,0.0
2983518,list_item,Clones,strict,3209378,1,,,,,,,,,0.5
2983519,list_item,Trump,strict,3213523,6,,,,,,,,,0.3762974113667276
2983520,list_item,Mueller,strict,3213523,1,,,,,,,,,0.25806501784508507
2983521,list_item,Politricks,strict,3214584,1,,,,,,,,,0.5
2983522,list_item,Basketball,strict,3215987,3,,,,,,,,,0.545220493530612
2983523,list_item,Corporate Greed,strict,3215987,3,,,,,,,,,0.5
2983524,list_item,Free Love,strict,3216240,1,,,,,,,,,0.9551142641605435
2983525,list_item,Psychotherapy,strict,3216240,3,,,,,,,,,0.4850380880535145
2983526,list_item,Policy,strict,3217070,7,,,,,,,,,0.5
2983527,list_item,Charity,strict,3225644,3,,,,,,,,,0.3333333333333333
2983528,list_item,Decadence,strict,3226550,1,,,,,,,,,0.5
2983529,list_item,Conspiracy,strict,3226550,3,,,,,,,,,0.5291394083737724
2983530,list_item,Reproduction,strict,3234723,1,,,,,,,,,0.7665967417313517
2983531,list_item,Corporate Law,strict,3236121,1,,,,,,,,,0.5
2983532,list_item,Corporate Crime,strict,3236121,1,,,,,,,,,0.5
2983533,list_item,punk rock,strict,3247999,1,,,,,,,,,0.43466482304041987
2983534,list_item,Oil,strict,3249310,7,,,,,,,,,0.6636453583320224
2983535,list_item,Homelessness,strict,3249926,1,,,,,,,,,0.5
2983536,list_item,Public Space,strict,3249926,1,,,,,,,,,0.5
2983537,list_item,Risks,strict,3251112,1,,,,,,,,,0.5
2983538,list_item,Covid-19,strict,3251235,2,,,,,,,,,0.25
2983539,list_item,Racial Injustice,strict,3251235,1,,,,,,,,,0.0
2983540,list_item,Jerry Sandusky,strict,3254636,1,,,,,,,,,0.4938717262222677
2983541,list_item,Penn State,strict,3254636,1,,,,,,,,,0.4938717262222677
2983542,list_item,Pedagogy,strict,3254863,2,,,,,,,,,0.5
2983543,list_item,Triumph,strict,3255016,3,,,,,,,,,0.16666666666666666
2983544,list_item,Tragedy,strict,3255016,5,,,,,,,,,0.16666666666666666
2983545,list_item,AI,strict,3265621,4,,,,,,,,,0.3333333333333333
2983546,list_item,Games,strict,3265621,1,,,,,,,,,0.5
2983547,list_item,Holbein,strict,3267468,1,,,,,,,,,0.0
2983548,list_item,Burgkmair,strict,3267468,1,,,,,,,,,0.0
2983549,list_item,Composition,strict,3268365,3,,,,,,,,,0.16666666666666666
2983550,list_item,Creative Writing,strict,3268365,2,,,,,,,,,0.0
2983551,list_item,Alien Encounters,strict,3275441,1,,,,,,,,,0.5097123424674985
2983552,list_item,Hard Science,strict,3275441,1,,,,,,,,,0.5097123424674985
2983553,list_item,John Ford,strict,3275471,1,,,,,,,,,0.5
2983554,list_item,John Wayne,strict,3275471,2,,,,,,,,,0.25
2983555,list_item,Geek,strict,3276475,1,,,,,,,,,0.750851086510911
2983556,list_item,Gangsters,strict,3276475,1,,,,,,,,,0.750851086510911
2983557,list_item,Economic Growth,strict,3278978,2,,,,,,,,,0.0
2983558,list_item,Institutional Failure,strict,3278978,1,,,,,,,,,0.0
2983559,list_item,Conflicts,strict,3290715,1,,,,,,,,,0.5
2983560,list_item,Dilemmas,strict,3290715,1,,,,,,,,,0.5
2983561,list_item,Selfistans,strict,3290915,1,,,,,,,,,0.5
2983562,list_item,Secession,strict,3290915,6,,,,,,,,,0.6770046264471672
2983563,list_item,Fans,strict,3291050,3,,,,,,,,,0.3333333333333333
2983564,list_item,Vampires,strict,3297986,3,,,,,,,,,0.16666666666666666
2983565,list_item,Cyborgs,strict,3297986,2,,,,,,,,,0.25
2983566,list_item,Westward Expansion,strict,3307010,2,,,,,,,,,0.25
2983567,list_item,Landscapes,strict,3309334,1,,,,,,,,,0.5
2983568,list_item,Housing,strict,3309334,4,,,,,,,,,0.35814360347328694
2983569,list_item,Luxury,strict,3320234,1,,,,,,,,,0.5
2983570,list_item,Patriotism,strict,3320234,2,,,,,,,,,0.5
2983571,list_item,Smart Robots,strict,3332474,1,,,,,,,,,0.5
2983572,list_item,Conscious Computers,strict,3332474,1,,,,,,,,,0.5
2983573,list_item,Progress,strict,3332903,2,,,,,,,,,0.21817959638109805
2983574,list_item,Insincerity,strict,3333078,1,,,,,,,,,0.5
2983575,list_item,Irresponsibility,strict,3333078,1,,,,,,,,,0.5
2983576,list_item,Imam W.D. Mohammed,strict,3339058,1,,,,,,,,,0.5
2983577,list_item,Islamic Reform,strict,3339058,1,,,,,,,,,0.5
2983578,list_item,International Justice,strict,3340213,1,,,,,,,,,0.5
2983579,list_item,Federalism,strict,3340213,1,,,,,,,,,0.5
2983580,list_item,Conservatism,strict,3341024,1,,,,,,,,,0.5
2983581,list_item,Theater,strict,3342217,2,,,,,,,,,0.25
2983582,list_item,Metatheater,strict,3342217,1,,,,,,,,,0.5
2983583,list_item,Glory,strict,3347959,2,,,,,,,,,0.25
2983584,list_item,Business Strategy,strict,3352133,1,,,,,,,,,0.0
2983585,list_item,Human Actions,strict,3352133,1,,,,,,,,,0.0
2983586,list_item,Victims,strict,3352281,2,,,,,,,,,0.25
2983587,list_item,Perpetrators,strict,3352281,1,,,,,,,,,0.0
2983588,list_item,Postmodernity,strict,3353219,1,,,,,,,,,0.5
2983589,list_item,Blacks,strict,3354069,1,,,,,,,,,0.0
2983590,list_item,Romance,strict,3357273,3,,,,,,,,,0.3333333333333333
2983591,list_item,patrimony,strict,3358181,1,,,,,,,,,0.0
2983592,list_item,Armadillos,strict,3361344,1,,,,,,,,,0.8334549045194805
2983593,list_item,Israelis,strict,3373308,1,,,,,,,,,0.5
2983594,list_item,H-Bombs,strict,3374751,1,,,,,,,,,0.0
2983595,list_item,Electric Guitars,strict,3380704,1,,,,,,,,,0.5
2983596,list_item,Fast Cars,strict,3380704,1,,,,,,,,,0.5
2983597,list_item,Tundra Beavers,strict,3380907,1,,,,,,,,,0.5
2983598,list_item,Quaking Bogs,strict,3380907,1,,,,,,,,,0.5
2983599,list_item,Obesity,strict,3382121,2,,,,,,,,,0.5
2983600,list_item,Security Discourses,strict,3395014,1,,,,,,,,,0.5
2983601,list_item,Immigrant Demonization,strict,3395014,1,,,,,,,,,0.5
2983602,list_item,Corporate Lawyers,strict,3416397,1,,,,,,,,,0.5
2983603,list_item,Statecraft,strict,3416397,1,,,,,,,,,0.5
2983604,list_item,Drugs,strict,3417971,5,,,,,,,,,0.3403944966404184
2983605,list_item,Jihad,strict,3417971,1,,,,,,,,,0.5
2983606,list_item,Ayahuasca,strict,3418311,1,,,,,,,,,0.4056193454657368
2983607,list_item,Tobacco,strict,3418311,1,,,,,,,,,0.4056193454657368
2983608,list_item,Corporate Power,strict,3419807,4,,,,,,,,,0.5
2983609,list_item,Civic Activism,strict,3419807,1,,,,,,,,,0.5
2983610,list_item,Translation,strict,3419864,5,,,,,,,,,0.3333333333333333
2983611,list_item,Imitation,strict,3419864,1,,,,,,,,,0.0
2983612,list_item,Lynn Margulis,strict,3420243,1,,,,,,,,,0.5
2983613,list_item,Neocybernetics,strict,3420243,1,,,,,,,,,0.5
2983614,list_item,Greek Tragedy,strict,3420932,1,,,,,,,,,0.5
2983615,list_item,Sexual Difference,strict,3420932,1,,,,,,,,,0.5
2983616,list_item,Peak Oil,strict,3420997,4,,,,,,,,,0.3333333333333333
2983617,list_item,Psychology,strict,3420997,6,,,,,,,,,0.5
2983618,list_item,Philosophical Justifications,strict,3424226,2,,,,,,,,,0.25
2983619,list_item,Economic Explanations,strict,3424226,2,,,,,,,,,0.25
2983620,list_item,Personal Autonomy,strict,3424374,1,,,,,,,,,0.5
2983621,list_item,Indigenous Resilience,strict,3434981,1,,,,,,,,,0.5
2983622,list_item,Colonial Rivalries,strict,3434981,1,,,,,,,,,0.5
2983623,list_item,Imperial Violence,strict,3435540,1,,,,,,,,,0.0
2983624,list_item,State Destruction,strict,3435540,1,,,,,,,,,0.0
2983625,list_item,international human rights,strict,3452292,1,,,,,,,,,0.0
2983626,list_item,Ontology,strict,3456510,2,,,,,,,,,0.5
2983627,list_item,Anarchism,strict,3457641,4,,,,,,,,,0.5
2983628,list_item,Industrial Education,strict,3459656,1,,,,,,,,,0.5
2983629,list_item,Fearless Knights,strict,3461477,1,,,,,,,,,0.5
2983630,list_item,Ruthless Princes,strict,3461477,1,,,,,,,,,0.5
2983631,list_item,Art Police,strict,3462472,1,,,,,,,,,0.5
2983632,list_item,Tomb Robbers,strict,3462472,1,,,,,,,,,0.5
2983633,list_item,Spin,strict,3462788,2,,,,,,,,,0.25
2983634,list_item,Public Relations,strict,3462788,2,,,,,,,,,0.25
2983635,list_item,Tomb Raiders,strict,3463138,1,,,,,,,,,0.5
2983636,list_item,Feast,strict,3466627,2,,,,,,,,,0.5
2983637,list_item,Reason,strict,3466795,7,,,,,,,,,0.5
2983638,list_item,Capacity,strict,3466805,1,,,,,,,,,0.5
2983639,list_item,Refugees,strict,3467142,3,,,,,,,,,0.5
2983640,list_item,Maine Statehood,strict,3481516,1,,,,,,,,,0.5
2983641,list_item,Historical Commemoration,strict,3481516,1,,,,,,,,,0.5
2983642,list_item,Political Accountability,strict,3481754,1,,,,,,,,,0.5
2983643,list_item,Surveillance Capitalism,strict,3483059,1,,,,,,,,,0.0
2983644,list_item,Military Contracting,strict,3483059,1,,,,,,,,,0.0
2983645,list_item,spiritualism,strict,3494163,1,,,,,,,,,0.0
2983646,list_item,William Mcchesney Martin,strict,3498406,1,,,,,,,,,0.5
2983647,list_item,Vision,strict,3498475,2,,,,,,,,,0.5998409689783152
2983648,list_item,Leadership,strict,3498475,6,,,,,,,,,0.5665606459855435
2983649,list_item,Gangs,strict,3499190,1,,,,,,,,,0.5
2983650,list_item,Drill Music,strict,3499190,1,,,,,,,,,0.5
2983651,list_item,Literature,strict,3500142,22,,,,,,,,,0.5
2983652,list_item,Local Memory,strict,3500142,1,,,,,,,,,0.5
2983653,list_item,Exiles,strict,3500512,1,,,,,,,,,0.5
2983654,list_item,Émigrés,strict,3500512,1,,,,,,,,,0.5
2983655,list_item,High Stakes,strict,3500634,1,,,,,,,,,0.5
2983656,list_item,Killer Sharks,strict,3500634,1,,,,,,,,,0.5
2983657,list_item,Convergence,strict,3502393,1,,,,,,,,,0.5
2983658,list_item,Divergence,strict,3502393,1,,,,,,,,,0.5
2983659,list_item,Diversity,strict,3502401,3,,,,,,,,,0.16666666666666666
2983660,list_item,Poverty,strict,3505496,11,,,,,,,,,0.5
2983661,list_item,Legal Cultures,strict,3506735,1,,,,,,,,,0.5
2983662,list_item,Extra-Legal Reasoning,strict,3506735,1,,,,,,,,,0.5
2983663,list_item,Panpsychism,strict,3507358,1,,,,,,,,,0.5
2983664,list_item,Animism,strict,3507358,2,,,,,,,,,0.5
2983665,list_item,Institutional Logics,strict,3514763,1,,,,,,,,,0.5
2983666,list_item,Legal Risk,strict,3514763,1,,,,,,,,,0.5
2983667,list_item,Imperial Ambition,strict,3516818,1,,,,,,,,,0.9855191297924879
2983668,list_item,First Contact,strict,3516818,1,,,,,,,,,0.9855191297924879
2983669,list_item,Annie Sullivan,strict,3518650,3,,,,,,,,,0.16666666666666666
2983670,list_item,Franklin Sanborn,strict,3518650,3,,,,,,,,,0.16666666666666666
2983671,list_item,Blacklists,strict,3522597,1,,,,,,,,,0.0
2983672,list_item,Mccarthyism,strict,3522597,1,,,,,,,,,0.0
2983673,list_item,objectivity,strict,3535956,1,,,,,,,,,0.0
2983674,list_item,trickster,strict,3535956,1,,,,,,,,,0.0
2983675,list_item,Feminisim,strict,3538930,1,,,,,,,,,0.5
2983676,list_item,Labour,strict,3541421,4,,,,,,,,,0.5
2983677,list_item,Experiment,strict,3541621,1,,,,,,,,,0.5
2983678,list_item,Propaganda,strict,3541631,2,,,,,,,,,0.0
2983679,list_item,Presidential Politics,strict,3541631,1,,,,,,,,,0.0
2983680,list_item,Barbarian Conquerors,strict,3542632,1,,,,,,,,,0.5
2983681,list_item,Universal Conquest,strict,3542632,1,,,,,,,,,0.5
2983682,list_item,Virtual Spaces,strict,3555168,1,,,,,,,,,0.5
2983683,list_item,Drug Trajectories,strict,3555168,1,,,,,,,,,0.5
2983684,list_item,Negotiations,strict,3557954,1,,,,,,,,,0.5
2983685,list_item,Healthcare,strict,3557954,1,,,,,,,,,0.5
2983686,list_item,Nation,strict,3558761,6,,,,,,,,,0.5
2983687,list_item,Hamas,strict,3563618,1,,,,,,,,,0.5
2983688,list_item,Poetry,strict,3563736,11,,,,,,,,,0.5
2983689,list_item,Landmarks,strict,3565052,1,,,,,,,,,0.0
2983690,list_item,Secret Love,strict,3565052,1,,,,,,,,,0.0
2983691,list_item,Arms Races,strict,3568556,1,,,,,,,,,0.5
2983692,list_item,Arms Control,strict,3568556,1,,,,,,,,,0.5
2983693,list_item,Stereotypes,strict,3579569,1,,,,,,,,,0.5
2983694,list_item,Protestant Best Sellers,strict,3579853,1,,,,,,,,,0.0
2983695,list_item,Private Devotion,strict,3579853,1,,,,,,,,,0.0
2983696,list_item,Intimacy,strict,3579862,5,,,,,,,,,0.5
2983697,list_item,Identification,strict,3579862,1,,,,,,,,,0.5
2983698,list_item,Richard Branson,strict,3580557,1,,,,,,,,,0.5
2983699,list_item,Percy Barnevik,strict,3580557,1,,,,,,,,,0.5
2983700,list_item,David Simon,strict,3580557,1,,,,,,,,,0.5
2983701,list_item,Creation,strict,3580923,4,,,,,,,,,0.16666666666666666
2983702,list_item,Fiction,strict,3582166,7,,,,,,,,,0.5
2983703,list_item,Scottish Whigs,strict,3585090,1,,,,,,,,,0.5
2983704,list_item,English Radicals,strict,3585090,1,,,,,,,,,0.5
2983705,list_item,Region,strict,3585104,1,,,,,,,,,0.5
2983706,list_item,Armed Squads,strict,3585139,2,,,,,,,,,0.25
2983707,list_item,Political Violence,strict,3585139,2,,,,,,,,,0.25
2983708,list_item,Adoption,strict,3593546,2,,,,,,,,,0.25
2983709,list_item,Persuasion,strict,3594811,2,,,,,,,,,0.5
2983710,list_item,Alcohol,strict,3594833,1,,,,,,,,,0.5
2983711,list_item,Autocracy,strict,3594833,2,,,,,,,,,0.36343114939632826
2983712,list_item,Reds,strict,3596332,1,,,,,,,,,0.5
2983713,list_item,Greys,strict,3596332,1,,,,,,,,,0.5
2983714,list_item,David Hartman,strict,3597865,1,,,,,,,,,0.5
2983715,list_item,Jonathan Sacks,strict,3597865,1,,,,,,,,,0.5
2983716,list_item,Redemption,strict,3599719,2,,,,,,,,,0.25
2983717,list_item,Jürgen Klopp,strict,3599751,1,,,,,,,,,0.5
2983718,list_item,Liverpool,strict,3599751,1,,,,,,,,,0.5
2983719,list_item,APIs,strict,3600519,1,,,,,,,,,0.0
2983720,list_item,Optionality,strict,3600519,1,,,,,,,,,0.0
2983721,list_item,Continuity,strict,3600891,1,,,,,,,,,0.5
2983722,list_item,Family Dynamics,strict,3600891,1,,,,,,,,,0.5
2983723,list_item,Facts,strict,3609432,2,,,,,,,,,0.5
2983724,list_item,Fictions,strict,3609432,2,,,,,,,,,0.5
2983725,list_item,Burial,strict,3620624,2,,,,,,,,,0.5
2983726,list_item,Ancestral Politics,strict,3620624,1,,,,,,,,,0.5
2983727,list_item,Social Change,strict,3622078,4,,,,,,,,,0.5
2983728,list_item,Political Consciousness,strict,3622078,1,,,,,,,,,0.5
2983729,list_item,Patriarchy,strict,3623745,3,,,,,,,,,0.3333333333333333
2983730,list_item,Nuclear Proliferation,strict,3626054,1,,,,,,,,,0.5
2983731,list_item,Global Insecurity,strict,3626054,1,,,,,,,,,0.5
2983732,list_item,Attire,strict,3628300,1,,,,,,,,,0.5
2983733,list_item,Etiquette,strict,3628300,1,,,,,,,,,0.5
2983734,list_item,Cannabis Legalization,strict,3639778,1,,,,,,,,,0.5
2983735,list_item,Racial Capitalism,strict,3639778,1,,,,,,,,,0.5
2983736,list_item,Authority,strict,3640817,4,,,,,,,,,0.5
2983737,list_item,Evolutionary Psychology,strict,3643061,1,,,,,,,,,0.0
2983738,list_item,Kings,strict,3647341,3,,,,,,,,,0.3723253146331634
2983739,list_item,Temples,strict,3647341,2,,,,,,,,,0.25
2983740,list_item,Forgery,strict,3662538,1,,,,,,,,,0.5
2983741,list_item,Asset Price Swings,strict,3662640,1,,,,,,,,,0.5
2983742,list_item,Secularization,strict,3663170,1,,,,,,,,,0.5
2983743,list_item,Mythography,strict,3664243,1,,,,,,,,,0.5
2983744,list_item,Black Masculinity,strict,3664583,1,,,,,,,,,0.5
2983745,list_item,Millennials,strict,3664583,1,,,,,,,,,0.5
2983746,list_item,Presidential Power,strict,3665147,1,,,,,,,,,0.5
2983747,list_item,Resistance,strict,3665412,6,,,,,,,,,0.34093718900167763
2983748,list_item,Richer Voters,strict,3665524,1,,,,,,,,,0.5
2983749,list_item,Poorer Voters,strict,3665524,1,,,,,,,,,0.5
2983750,list_item,Himmler,strict,3666149,2,,,,,,,,,0.6627904129171027
2983751,list_item,Big Data,strict,3667459,1,,,,,,,,,0.5
2983752,list_item,Start-Ups,strict,3667459,1,,,,,,,,,0.5
2983753,list_item,Avatars,strict,3668144,1,,,,,,,,,0.5
2983754,list_item,Eternal Life,strict,3668144,1,,,,,,,,,0.5
2983755,list_item,New Worlds,strict,3668144,1,,,,,,,,,0.5
2983756,list_item,Sequences,strict,3670663,1,,,,,,,,,0.5
2983757,list_item,Affordances,strict,3670663,1,,,,,,,,,0.5
2983758,list_item,Gödel,strict,3671233,1,,,,,,,,,0.5
2983759,list_item,Civil Society,strict,3676512,3,,,,,,,,,0.3333333333333333
2983760,list_item,Governance,strict,3676512,6,,,,,,,,,0.5
2983761,list_item,Tony Hsieh,strict,3680276,1,,,,,,,,,0.5
2983762,list_item,Zappos,strict,3680276,1,,,,,,,,,0.5
2983763,list_item,Ambiguity,strict,3702905,1,,,,,,,,,0.5
2983764,list_item,Disenchantment,strict,3702917,2,,,,,,,,,0.25
2983765,list_item,Reform,strict,3702917,6,,,,,,,,,0.5
2983766,list_item,Institutions,strict,3703022,11,,,,,,,,,0.5
2983767,list_item,Families,strict,3703022,3,,,,,,,,,0.5
2983768,list_item,Expectations,strict,3703569,1,,,,,,,,,0.5
2983769,list_item,Terrorism,strict,3703895,4,,,,,,,,,0.5
2983770,list_item,Defense,strict,3704951,1,,,,,,,,,0.5
2983771,list_item,Strategy,strict,3704951,11,,,,,,,,,0.5
2983772,list_item,Innis,strict,3705198,1,,,,,,,,,0.5
2983773,list_item,Judgmental Biases,strict,3705882,1,,,,,,,,,0.5
2983774,list_item,Research Methods,strict,3705882,1,,,,,,,,,0.5
2983775,list_item,Max Hoffman,strict,3706541,1,,,,,,,,,0.0
2983776,list_item,Fred Oppenheimer,strict,3706541,1,,,,,,,,,0.0
2983777,list_item,Bob Lutz,strict,3706541,1,,,,,,,,,0.0
2983778,list_item,Voice,strict,3707897,2,,,,,,,,,0.25
2983779,list_item,Choice,strict,3707897,2,,,,,,,,,0.25
2983780,list_item,Prisons,strict,3710627,1,,,,,,,,,0.5
2983781,list_item,Gradual Abolition,strict,3720925,1,,,,,,,,,0.5
2983782,list_item,Black Legal Culture,strict,3720925,1,,,,,,,,,0.5
2983783,list_item,Division,strict,3721220,2,,,,,,,,,0.391425021837421
2983784,list_item,Plant Closings,strict,3729206,1,,,,,,,,,0.0
2983785,list_item,Community Abandonment,strict,3729206,1,,,,,,,,,0.0
2983786,list_item,Jamestown,strict,3742262,1,,,,,,,,,0.12766631515584903
2983787,list_item,Surveillance,strict,3743008,5,,,,,,,,,0.5
2983788,list_item,Environmental Technologies,strict,3743126,1,,,,,,,,,0.5709710871475191
2983789,list_item,Innovation Policy,strict,3743126,1,,,,,,,,,0.5709710871475191
2983790,list_item,Disease Interventions,strict,3743520,1,,,,,,,,,0.5
2983791,list_item,Animals,strict,3744044,5,,,,,,,,,0.5
2983792,list_item,Humans,strict,3744044,2,,,,,,,,,0.25
2983793,list_item,Forensics,strict,3746221,1,,,,,,,,,0.5
2983794,list_item,Salvation History,strict,3746225,1,,,,,,,,,0.0
2983795,list_item,Promises,strict,3749354,2,,,,,,,,,0.5
2983796,list_item,Parenthood,strict,3749354,1,,,,,,,,,0.5
2983797,list_item,Home,strict,3750443,2,,,,,,,,,0.25
2983798,list_item,School,strict,3750443,3,,,,,,,,,0.3333333333333333
2983799,list_item,Necrophilia,strict,3752826,1,,,,,,,,,0.0
2983800,list_item,Necromancy,strict,3752826,1,,,,,,,,,0.0
2983801,list_item,Court Politics,strict,3755410,1,,,,,,,,,0.0
2983802,list_item,Jesuits,strict,3755410,1,,,,,,,,,0.0
2983803,list_item,Fellowship,strict,3768610,4,,,,,,,,,0.16666666666666666
2983804,list_item,Avant-Garde,strict,3771687,2,,,,,,,,,0.5
2983805,list_item,Avant Guerre,strict,3771687,1,,,,,,,,,0.5
2983806,list_item,Ideology,strict,3782804,15,,,,,,,,,0.5
2983807,list_item,Newspapers,strict,3783342,1,,,,,,,,,0.5
2983808,list_item,Sociability,strict,3783342,1,,,,,,,,,0.5
2983809,list_item,Baptists,strict,3784198,2,,,,,,,,,0.5
2983810,list_item,Missions,strict,3784198,1,,,,,,,,,0.5
2983811,list_item,Mass Shootings,strict,3784684,1,,,,,,,,,0.5
2983812,list_item,R V Ryan,strict,3785532,1,,,,,,,,,0.5
2983813,list_item,Domestic Abuse,strict,3785532,1,,,,,,,,,0.5
2983814,list_item,Algorithms,strict,3785538,1,,,,,,,,,0.5
2983815,list_item,Film Choice,strict,3785538,1,,,,,,,,,0.5
2983816,list_item,Stolen Elections,strict,3785653,1,,,,,,,,,0.5
2983817,list_item,Southern Politics,strict,3785653,1,,,,,,,,,0.5
2983818,list_item,Scripture,strict,3785803,1,,,,,,,,,0.5
2983819,list_item,Deliberation,strict,3786078,1,,,,,,,,,0.5
2983820,list_item,Motivation,strict,3786078,1,,,,,,,,,0.5
2983821,list_item,Shadow Banks,strict,3786323,1,,,,,,,,,0.9180151892881593
2983822,list_item,Ghost Cities,strict,3786323,1,,,,,,,,,0.9180151892881593
2983823,list_item,Massive Loans,strict,3786323,1,,,,,,,,,0.9180151892881593
2983824,list_item,Fake News,strict,3786499,2,,,,,,,,,0.25
2983825,list_item,Revivalism,strict,3788810,1,,,,,,,,,0.5
2983826,list_item,Consumption,strict,3792365,2,,,,,,,,,0.5
2983827,list_item,Economies,strict,3792365,1,,,,,,,,,0.5
2983828,list_item,Statistical Power,strict,3792638,1,,,,,,,,,0.5
2983829,list_item,Meta-Analysis,strict,3792638,1,,,,,,,,,0.5
2983830,list_item,Time,strict,3801548,7,,,,,,,,,0.6218893778910611
2983831,list_item,Uncertainty,strict,3801548,3,,,,,,,,,0.3333333333333333
2983832,list_item,Photography,strict,3801673,6,,,,,,,,,0.5
2983833,list_item,Shirley Temple Black,strict,3807086,1,,,,,,,,,0.0
2983834,list_item,Rose Kushner,strict,3807086,1,,,,,,,,,0.0
2983835,list_item,Evelyn Lauder,strict,3807086,1,,,,,,,,,0.0
2983836,list_item,Nazi Germany,strict,3808501,1,,,,,,,,,0.5
2983837,list_item,Soviet Russia,strict,3808501,1,,,,,,,,,0.5
2983838,list_item,Computer Software,strict,3809263,2,,,,,,,,,0.5
2983839,list_item,Intellectual Property,strict,3809263,5,,,,,,,,,0.5
2983840,list_item,Legend,strict,3810314,1,,,,,,,,,0.0
2983841,list_item,Hedonism,strict,3810390,1,,,,,,,,,0.5
2983842,list_item,Morality,strict,3810390,3,,,,,,,,,0.3333333333333333
2983843,list_item,Jobs,strict,3824273,3,,,,,,,,,0.3333333333333333
2983844,list_item,Industry,strict,3825874,1,,,,,,,,,0.5
2983845,list_item,Narcissism,strict,3827794,4,,,,,,,,,0.16666666666666666
2983846,list_item,St. Benedict,strict,3828226,1,,,,,,,,,0.0
2983847,list_item,Charlemagne,strict,3828226,1,,,,,,,,,0.0
2983848,list_item,Carnage,strict,3829897,1,,,,,,,,,0.5
2983849,list_item,Cover-Up,strict,3829897,1,,,,,,,,,0.5
2983850,list_item,Mughal India,strict,3831329,1,,,,,,,,,0.5
2983851,list_item,Transnationalism,strict,3832229,1,,,,,,,,,0.5
2983852,list_item,Admen,strict,3837594,1,,,,,,,,,0.5
2983853,list_item,Mark,strict,3837634,1,,,,,,,,,0.5
2983854,list_item,John,strict,3837634,1,,,,,,,,,0.5
2983855,list_item,Regulation,strict,3841693,3,,,,,,,,,0.3333333333333333
2983856,list_item,Diaries,strict,3842869,1,,,,,,,,,0.5
2983857,list_item,Memoirs,strict,3842869,1,,,,,,,,,0.5
2983858,list_item,Nearness,strict,3843412,1,,,,,,,,,0.5
2983859,list_item,Perspective,strict,3848807,1,,,,,,,,,0.5
2983860,list_item,voluntary agency,strict,3856391,1,,,,,,,,,0.0
2983861,list_item,Sustainable Engineering,strict,3863758,1,,,,,,,,,0.5
2983862,list_item,Reaction,strict,3865738,1,,,,,,,,,0.5
2983863,list_item,Mobility,strict,3866654,3,,,,,,,,,0.3333333333333333
2983864,list_item,Adults,strict,3867557,1,,,,,,,,,0.5
2983865,list_item,Children,strict,3867557,4,,,,,,,,,0.5
2983866,list_item,Security,strict,3870770,6,,,,,,,,,0.5
2983867,list_item,Edupunks,strict,3870848,1,,,,,,,,,0.0
2983868,list_item,Edupreneurs,strict,3870848,1,,,,,,,,,0.0
2983869,list_item,Kink,strict,3877590,1,,,,,,,,,0.3565315386669442
2983870,list_item,Pleasure,strict,3877590,1,,,,,,,,,0.3565315386669442
2983871,list_item,Cadavers,strict,3880953,1,,,,,,,,,0.5
2983872,list_item,Abjection,strict,3880953,1,,,,,,,,,0.5
2983873,list_item,Anarchists,strict,3881076,1,,,,,,,,,0.0
2983874,list_item,Aliens,strict,3881076,1,,,,,,,,,0.0
2983875,list_item,Gossip,strict,3889571,1,,,,,,,,,0.5
2983876,list_item,Reception,strict,3889729,2,,,,,,,,,0.5
2983877,list_item,Communion,strict,3889729,2,,,,,,,,,0.5
2983878,list_item,Indecency,strict,3891463,2,,,,,,,,,0.5
2983879,list_item,Supertankers,strict,3893148,1,,,,,,,,,0.0
2983880,list_item,sonar,strict,3893148,1,,,,,,,,,0.0
2983881,list_item,dreamers,strict,3902308,1,,,,,,,,,0.18326253240875467
2983882,list_item,mavericks,strict,3902308,1,,,,,,,,,0.18326253240875467
2983883,list_item,Market Exchange,strict,3905937,1,,,,,,,,,0.5
2983884,list_item,Orality,strict,3906112,1,,,,,,,,,0.5
2983885,list_item,Antiquity,strict,3906588,1,,,,,,,,,0.0
2983886,list_item,Transgression,strict,3907216,1,,,,,,,,,0.5
2983887,list_item,Borders,strict,3908837,2,,,,,,,,,0.5
2983888,list_item,Mobilities,strict,3908837,2,,,,,,,,,0.5
2983889,list_item,Saravia,strict,3911877,1,,,,,,,,,0.5
2983890,list_item,Villalon,strict,3911877,1,,,,,,,,,0.5
2983891,list_item,Wealth,strict,3917136,8,,,,,,,,,0.5930334193551318
2983892,list_item,Rebellion,strict,3920760,2,,,,,,,,,0.5551555992025181
2983893,list_item,Telecommunications,strict,3920931,1,,,,,,,,,0.5
2983894,list_item,Speech Synthesis,strict,3920931,1,,,,,,,,,0.5
2983895,list_item,Karma,strict,3923231,1,,,,,,,,,0.7017703862992246
2983896,list_item,Reincarnation,strict,3923231,1,,,,,,,,,0.7017703862992246
2983897,list_item,Brookline,strict,3942746,1,,,,,,,,,0.5
2983898,list_item,Cinema,strict,3943076,6,,,,,,,,,0.5
2983899,list_item,Migration,strict,3943078,8,,,,,,,,,0.5
2983900,list_item,Minorities,strict,3943078,1,,,,,,,,,0.5
2983901,list_item,Lordship,strict,3943696,2,,,,,,,,,0.5
2983902,list_item,College Costs,strict,3943769,1,,,,,,,,,0.5
2983903,list_item,Financial Aid,strict,3943769,1,,,,,,,,,0.5
2983904,list_item,Community,strict,3944549,6,,,,,,,,,0.3333333333333333
2983905,list_item,Generosity,strict,3944549,1,,,,,,,,,0.0
2983906,list_item,Exploration,strict,3945182,2,,,,,,,,,0.25
2983907,list_item,Tools,strict,3948833,1,,,,,,,,,0.5
2983908,list_item,Trends,strict,3948833,3,,,,,,,,,0.3333333333333333
2983909,list_item,Foreign Spies,strict,3951297,1,,,,,,,,,0.922419232230387
2983910,list_item,Moles,strict,3951297,1,,,,,,,,,0.922419232230387
2983911,list_item,Saboteurs,strict,3951297,1,,,,,,,,,0.922419232230387
2983912,list_item,British imperialism,strict,3956601,1,,,,,,,,,0.0
2983913,list_item,Rules,strict,3961559,2,,,,,,,,,0.5
2983914,list_item,Moguls,strict,3969851,1,,,,,,,,,0.0
2983915,list_item,Mobsters,strict,3969851,1,,,,,,,,,0.0
2983916,list_item,Megastars,strict,3969851,1,,,,,,,,,0.0
2983917,list_item,baby boomers,strict,3981625,1,,,,,,,,,0.0
2983918,list_item,Obama,strict,3982197,2,,,,,,,,,0.25
2983919,list_item,Diabetes,strict,3982735,1,,,,,,,,,0.5
2983920,list_item,Insulin,strict,3982735,1,,,,,,,,,0.5
2983921,list_item,Sanctions,strict,3984811,1,,,,,,,,,0.5
2983922,list_item,Wars,strict,3984811,1,,,,,,,,,0.5
2983923,list_item,Ted Turner,strict,3985118,2,,,,,,,,,0.30629755013555043
2983924,list_item,CNN,strict,3985118,2,,,,,,,,,0.30629755013555043
2983925,list_item,Peasants,strict,3986910,2,,,,,,,,,0.25
2983926,list_item,Indigenous Peoples,strict,3986910,3,,,,,,,,,0.3333333333333333
2983927,list_item,Pohnpei,strict,3987175,1,,,,,,,,,0.5
2983928,list_item,Nan Madol,strict,3987175,1,,,,,,,,,0.5
2983929,list_item,Water,strict,3987866,4,,,,,,,,,0.6920958714991275
2983930,list_item,Civil Rights Law,strict,3995265,1,,,,,,,,,0.6570327348518302
2983931,list_item,Corporate America,strict,3995265,1,,,,,,,,,0.6570327348518302
2983932,list_item,Health,strict,4000356,6,,,,,,,,,0.6375381864707018
2983933,list_item,Parsis,strict,4001046,1,,,,,,,,,0.5
2983934,list_item,physicists,strict,4014277,1,,,,,,,,,0.5
2983935,list_item,Surface,strict,4022260,1,,,,,,,,,0.0
2983936,list_item,Finish,strict,4022260,1,,,,,,,,,0.0
2983937,list_item,Membership,strict,4022593,1,,,,,,,,,0.5
2983938,list_item,Societies,strict,4023568,1,,,,,,,,,0.5
2983939,list_item,Earthquakes,strict,4025584,2,,,,,,,,,0.5
2983940,list_item,Prophecy,strict,4025584,2,,,,,,,,,0.5
2983941,list_item,Conceptual Issues,strict,4026536,1,,,,,,,,,0.5
2983942,list_item,Applications,strict,4026536,1,,,,,,,,,0.5
2983943,list_item,Henry VIII,strict,4028681,1,,,,,,,,,0.5
2983944,list_item,Thomas Cromwell,strict,4028681,1,,,,,,,,,0.5
2983945,list_item,Tropical Glamour,strict,4029712,1,,,,,,,,,0.5
2983946,list_item,K.C. Irving,strict,4030701,1,,,,,,,,,0.0
2983947,list_item,Arthur Irving,strict,4030701,1,,,,,,,,,0.0
2983948,list_item,Australian Popular Culture,strict,4031167,1,,,,,,,,,0.5
2983949,list_item,Warfare,strict,4031173,1,,,,,,,,,0.8491644018714076
2983950,list_item,Constitutions,strict,4031173,2,,,,,,,,,0.6745822009357039
2983951,list_item,equality,strict,4031371,1,,,,,,,,,0.5
2983952,list_item,Disability,strict,4031477,5,,,,,,,,,0.5
2983953,list_item,Family,strict,4035505,2,,,,,,,,,0.25
2983954,list_item,Post-Apocalyptic Love,strict,4037986,1,,,,,,,,,0.0
2983955,list_item,Zombie Horror,strict,4037986,1,,,,,,,,,0.0
2983956,list_item,Belief,strict,4038417,3,,,,,,,,,0.3333333333333333
2983957,list_item,Territory,strict,4039486,3,,,,,,,,,0.3333333333333333
2983958,list_item,Romanticism,strict,4040651,5,,,,,,,,,0.5
2983959,list_item,Ukraine,strict,4040676,1,,,,,,,,,0.5
2983960,list_item,Price,strict,4041776,1,,,,,,,,,0.0
2983961,list_item,Liberal Europe,strict,4048050,1,,,,,,,,,0.8498496864546632
2983962,list_item,Bob Gibson,strict,4061225,1,,,,,,,,,0.357828859153297
2983963,list_item,Denny McLain,strict,4061225,1,,,,,,,,,0.357828859153297
2983964,list_item,Growth,strict,4062111,1,,,,,,,,,0.5
2983965,list_item,Herbert C.P.ell,strict,4062242,1,,,,,,,,,0.5
2983966,list_item,Franklin D.R.oosevelt,strict,4062242,1,,,,,,,,,0.5
2983967,list_item,J.R. Seeley,strict,4062567,1,,,,,,,,,0.5
2983968,list_item,Finance,strict,4066103,1,,,,,,,,,0.5
2983969,list_item,Dynamisms,strict,4067502,1,,,,,,,,,0.0
2983970,list_item,Forces,strict,4067502,1,,,,,,,,,0.0
2983971,list_item,Addiction,strict,4081621,2,,,,,,,,,0.25
2983972,list_item,Immigrants,strict,4081732,4,,,,,,,,,0.3333333333333333
2983973,list_item,coexistence,strict,4087286,1,,,,,,,,,0.0
2983974,list_item,Literacy,strict,4100881,1,,,,,,,,,0.0
2983975,list_item,Death,strict,4101545,4,,,,,,,,,0.16666666666666666
2983976,list_item,Irony,strict,4101545,2,,,,,,,,,0.0
2983977,list_item,Deviance,strict,4101632,1,,,,,,,,,0.5
2983978,list_item,Liberal Protestants,strict,4103616,1,,,,,,,,,0.5
2983979,list_item,Pierre Bayle,strict,4104599,1,,,,,,,,,0.5
2983980,list_item,Isaac Newton,strict,4104599,1,,,,,,,,,0.5
2983981,list_item,Intermedia,strict,4105391,1,,,,,,,,,0.5
2983982,list_item,Activists,strict,4107937,1,,,,,,,,,0.5
2983983,list_item,Population,strict,4109506,4,,,,,,,,,0.5
2983984,list_item,Politeness,strict,4115391,1,,,,,,,,,0.0
2983985,list_item,Systems,strict,4118553,2,,,,,,,,,0.5
2983986,list_item,Species,strict,4118553,2,,,,,,,,,0.5
2983987,list_item,Doug Williams,strict,4119010,1,,,,,,,,,0.7240611710209356
2983988,list_item,Vince Evans,strict,4119010,1,,,,,,,,,0.7240611710209356
2983989,list_item,Bankruptcy,strict,4120383,1,,,,,,,,,0.0
2983990,list_item,Injustice,strict,4124647,3,,,,,,,,,0.0
2983991,list_item,Cash,strict,4126105,1,,,,,,,,,0.5
2983992,list_item,Cows,strict,4126105,1,,,,,,,,,0.5
2983993,list_item,Folklore,strict,4140419,3,,,,,,,,,0.5
2983994,list_item,Fossil Hunters,strict,4141607,1,,,,,,,,,0.5
2983995,list_item,Tycoons,strict,4141607,1,,,,,,,,,0.5
2983996,list_item,Empty Space,strict,4142531,1,,,,,,,,,0.5
2983997,list_item,Urban Anxiety,strict,4142531,1,,,,,,,,,0.5
2983998,list_item,Consequentialism,strict,4142774,2,,,,,,,,,0.5
2983999,list_item,Action-Guidance,strict,4142774,2,,,,,,,,,0.5
2984000,list_item,Elite Narratives,strict,4143452,1,,,,,,,,,0.0
2984001,list_item,Public Spaces,strict,4143452,1,,,,,,,,,0.0
2984002,list_item,Natural Disasters,strict,4146172,1,,,,,,,,,0.5612295677406964
2984003,list_item,Manmade Catastrophes,strict,4146172,1,,,,,,,,,0.5612295677406964
2984004,list_item,Definitions,strict,4146318,1,,,,,,,,,0.5
2984005,list_item,Pathophysiology,strict,4146318,1,,,,,,,,,0.5
2984006,list_item,Orson Welles,strict,4148253,1,,,,,,,,,0.5
2984007,list_item,Alfred Hitchcock,strict,4148253,1,,,,,,,,,0.5
2984008,list_item,Mergers,strict,4148980,2,,,,,,,,,0.5
2984009,list_item,evaluation,strict,4153878,1,,,,,,,,,0.0
2984010,list_item,treatment,strict,4153878,2,,,,,,,,,0.0
2984011,list_item,Warships,strict,4154343,1,,,,,,,,,0.5
2984012,list_item,Prisoners,strict,4157067,1,,,,,,,,,0.5
2984013,list_item,U.S. Steel,strict,4157376,1,,,,,,,,,0.5
2984014,list_item,more technology,strict,4178868,1,,,,,,,,,0.0
2984015,list_item,fewer lawyers,strict,4178868,1,,,,,,,,,0.0
2984016,list_item,party transformation,strict,4178904,1,,,,,,,,,0.0
2984017,list_item,Equality,strict,4180638,1,,,,,,,,,0.7006325012357321
2984018,list_item,Presidents,strict,4180645,2,,,,,,,,,0.5
2984019,list_item,Generals,strict,4180645,1,,,,,,,,,0.5
2984020,list_item,Torture,strict,4181366,1,,,,,,,,,0.5
2984021,list_item,American Teenagers,strict,4181390,2,,,,,,,,,0.25
2984022,list_item,Creative Flux,strict,4181750,1,,,,,,,,,0.5
2984023,list_item,Genetic Dialogism,strict,4181750,1,,,,,,,,,0.5
2984024,list_item,Cotton,strict,4184488,3,,,,,,,,,0.5
2984025,list_item,Federal Politics,strict,4184488,1,,,,,,,,,0.5
2984026,list_item,Trust,strict,4184518,4,,,,,,,,,0.3333333333333333
2984027,list_item,Wahoo,strict,4184937,1,,,,,,,,,0.5
2984028,list_item,Joe Willie,strict,4184937,1,,,,,,,,,0.5
2984029,list_item,Giant Law Firms,strict,4185908,2,,,,,,,,,0.45276056074813276
2984030,list_item,Donald Trump,strict,4185908,8,,,,,,,,,0.7496912374738919
2984031,list_item,Sports,strict,4186227,2,,,,,,,,,0.25
2984032,list_item,Settlement,strict,4186826,2,,,,,,,,,0.0
2984033,list_item,Churches,strict,4186826,2,,,,,,,,,0.0
2984034,list_item,Parliaments,strict,4187285,1,,,,,,,,,0.5
2984035,list_item,Brexit,strict,4187285,2,,,,,,,,,0.25
2984036,list_item,Movies,strict,4187306,2,,,,,,,,,0.5
2984037,list_item,Marketing,strict,4187306,5,,,,,,,,,0.5
2984038,list_item,Subjectivity,strict,4196091,2,,,,,,,,,0.25
2984039,list_item,Impartiality,strict,4196091,1,,,,,,,,,0.5
2984040,list_item,California Gold,strict,4198088,1,,,,,,,,,0.5
2984041,list_item,Chinese Migration,strict,4198088,1,,,,,,,,,0.5
2984042,list_item,Self-Transformation,strict,4198998,1,,,,,,,,,0.5
2984043,list_item,Professional Work,strict,4205658,1,,,,,,,,,0.5
2984044,list_item,Public Compulsion,strict,4205976,1,,,,,,,,,0.3010299956639812
2984045,list_item,Private Responsibility,strict,4205976,1,,,,,,,,,0.3010299956639812
2984046,list_item,HUAC,strict,4217932,2,,,,,,,,,0.25
2984047,list_item,customary law,strict,4217987,1,,,,,,,,,0.0
2984048,list_item,land conflicts,strict,4217987,1,,,,,,,,,0.0
2984049,list_item,famines,strict,4218090,1,,,,,,,,,0.08651646250996912
2984050,list_item,fevers,strict,4218090,1,,,,,,,,,0.08651646250996912
2984051,list_item,Moral Revolution,strict,4218181,1,,,,,,,,,0.5
2984052,list_item,Military Might,strict,4218181,1,,,,,,,,,0.5
2984053,list_item,Pictures,strict,4218235,2,,,,,,,,,0.25
2984054,list_item,Diagrams,strict,4218235,1,,,,,,,,,0.5
2984055,list_item,Popular Visual Culture,strict,4218309,2,,,,,,,,,0.0
2984056,list_item,Early Cinema,strict,4218309,2,,,,,,,,,0.0
2984057,list_item,Nationalism,strict,4219063,16,,,,,,,,,0.5493448753153779
2984058,list_item,Socialism,strict,4219063,1,,,,,,,,,0.5
2984059,list_item,Terror,strict,4223525,5,,,,,,,,,0.5911570208186862
2984060,list_item,Pollution Control,strict,4223546,1,,,,,,,,,0.5
2984061,list_item,Policy Reform,strict,4223546,1,,,,,,,,,0.5
2984062,list_item,Collectivism,strict,4227705,3,,,,,,,,,0.16666666666666666
2984063,list_item,Urban Citizenship,strict,4233611,1,,,,,,,,,0.5
2984064,list_item,Self-Ownership,strict,4241247,1,,,,,,,,,0.0
2984065,list_item,Populism,strict,4257062,4,,,,,,,,,0.5
2984066,list_item,Soldiers,strict,4257497,4,,,,,,,,,0.5
2984067,list_item,Pornography,strict,4257497,1,,,,,,,,,0.5
2984068,list_item,Espionage,strict,4257724,2,,,,,,,,,0.36343114939632826
2984069,list_item,Vengeance,strict,4257724,3,,,,,,,,,0.2422874329308855
2984070,list_item,Genetic Strangers,strict,4258241,1,,,,,,,,,0.5
2984071,list_item,Sperm Donor Siblings,strict,4258241,1,,,,,,,,,0.5
2984072,list_item,Strategic Restraint,strict,4258321,1,,,,,,,,,0.5
2984073,list_item,Gnostic Vision,strict,4259818,1,,,,,,,,,0.5
2984074,list_item,Sacred Ecology,strict,4259818,1,,,,,,,,,0.5
2984075,list_item,Service Design,strict,4261245,1,,,,,,,,,0.22686229879265654
2984076,list_item,Synchronicity,strict,4263701,1,,,,,,,,,0.5
2984077,list_item,Prophetism,strict,4265900,1,,,,,,,,,0.5
2984078,list_item,Messianism,strict,4265900,1,,,,,,,,,0.5
2984079,list_item,Mies,strict,4270602,1,,,,,,,,,0.0
2984080,list_item,IBM,strict,4270602,1,,,,,,,,,0.0
2984081,list_item,Anthropology,strict,4271181,2,,,,,,,,,0.5
2984082,list_item,Colonial Development,strict,4271181,1,,,,,,,,,0.5
2984083,list_item,John Tyler,strict,4274978,1,,,,,,,,,0.5
2984084,list_item,Sam Houston,strict,4274978,1,,,,,,,,,0.5
2984085,list_item,Line,strict,4284251,1,,,,,,,,,0.0
2984086,list_item,Color,strict,4284251,1,,,,,,,,,0.0
2984087,list_item,Cuban Arts,strict,4285026,2,,,,,,,,,0.5
2984088,list_item,convivencia,strict,4285289,1,,,,,,,,,0.0
2984089,list_item,Contemporary Art,strict,4297033,1,,,,,,,,,0.5
2984090,list_item,Urban Culture,strict,4297033,1,,,,,,,,,0.5
2984091,list_item,Prehistoric Technologies,strict,4297115,1,,,,,,,,,0.5
2984092,list_item,Extraterrestrial Intervention,strict,4297115,1,,,,,,,,,0.5
2984093,list_item,Watchers,strict,4297210,1,,,,,,,,,0.5
2984094,list_item,Florida,strict,4297249,1,,,,,,,,,0.5
2984095,list_item,Black Abolitionists,strict,4298401,1,,,,,,,,,0.35746405220273614
2984096,list_item,Jürgen Habermas,strict,4298572,1,,,,,,,,,0.5
2984097,list_item,Reinhold Niebuhr,strict,4298572,1,,,,,,,,,0.5
2984098,list_item,Veterans,strict,4299279,1,,,,,,,,,0.5
2984099,list_item,National Liberation,strict,4300191,1,,,,,,,,,0.5
2984100,list_item,Phenomenology,strict,4301564,4,,,,,,,,,0.5
2984101,list_item,Boys,strict,4305574,2,,,,,,,,,0.25
2984102,list_item,Baseball,strict,4305574,2,,,,,,,,,0.25
2984103,list_item,Ray Dalio,strict,4310207,1,,,,,,,,,0.5
2984104,list_item,Bridgewater Associates,strict,4310207,1,,,,,,,,,0.5
2984105,list_item,Tyranny,strict,4317007,1,,,,,,,,,0.0
2984106,list_item,Madison,strict,4319136,1,,,,,,,,,0.0
2984107,list_item,Britons,strict,4323710,2,,,,,,,,,0.5
2984108,list_item,Transfer,strict,4334568,1,,,,,,,,,0.5
2984109,list_item,Partition,strict,4334568,1,,,,,,,,,0.5
2984110,list_item,Transitional Justice,strict,4335501,1,,,,,,,,,0.5
2984111,list_item,Domestic Change,strict,4335501,1,,,,,,,,,0.5
2984112,list_item,Vocation,strict,4339144,1,,,,,,,,,0.5
2984113,list_item,User Innovation,strict,4339392,1,,,,,,,,,0.5
2984114,list_item,New Communities,strict,4339392,1,,,,,,,,,0.5
2984115,list_item,Assassination,strict,4339506,3,,,,,,,,,0.195806075040439
2984116,list_item,Tracing Roots,strict,4339642,1,,,,,,,,,0.5
2984117,list_item,Footprints,strict,4339642,1,,,,,,,,,0.5
2984118,list_item,Benedict XVI,strict,4340290,1,,,,,,,,,0.5
2984119,list_item,Bart Ehrman,strict,4340290,1,,,,,,,,,0.5
2984120,list_item,Queer Parents,strict,4351437,2,,,,,,,,,0.25
2984121,list_item,Judges,strict,4351437,2,,,,,,,,,0.25
2984122,list_item,Military Struggles,strict,4357727,1,,,,,,,,,0.0
2984123,list_item,NATO Challenges,strict,4357727,1,,,,,,,,,0.0
2984124,list_item,German Idealism,strict,4359134,1,,,,,,,,,0.5
2984125,list_item,Revolutionary Households,strict,4359141,1,,,,,,,,,0.5
2984126,list_item,Military Occupation,strict,4359141,1,,,,,,,,,0.5
2984127,list_item,African American Resistance,strict,4359221,1,,,,,,,,,0.5
2984128,list_item,Free-Soil Politics,strict,4359221,1,,,,,,,,,0.5
2984129,list_item,Parliament,strict,4373122,1,,,,,,,,,0.5
2984130,list_item,Napoleon,strict,4374176,2,,,,,,,,,0.25
2984131,list_item,Lord Byron,strict,4374176,2,,,,,,,,,0.25
2984132,list_item,Vows,strict,4375838,1,,,,,,,,,0.5
2984133,list_item,Sacraments,strict,4375838,1,,,,,,,,,0.5
2984134,list_item,Realism,strict,4378794,2,,,,,,,,,0.25
2984135,list_item,Allegory,strict,4378794,2,,,,,,,,,0.5
2984136,list_item,Singularity,strict,4379301,1,,,,,,,,,0.5
2984137,list_item,Superhumans,strict,4379301,1,,,,,,,,,0.5
2984138,list_item,Islamist Violence,strict,4380836,1,,,,,,,,,0.5
2984139,list_item,Political Wisdom,strict,4391629,1,,,,,,,,,0.0
2984140,list_item,Divine Justice,strict,4391629,1,,,,,,,,,0.0
2984141,list_item,bureaucracy,strict,4411351,1,,,,,,,,,0.0
2984142,list_item,power politics,strict,4411351,1,,,,,,,,,0.0
2984143,list_item,Weed,strict,4411831,1,,,,,,,,,0.0
2984144,list_item,John Deakin,strict,4411869,1,,,,,,,,,0.03678180432433771
2984145,list_item,Didier Anzieu,strict,4412872,1,,,,,,,,,0.5
2984146,list_item,Iridium,strict,4413438,1,,,,,,,,,0.5
2984147,list_item,Motorola,strict,4413438,1,,,,,,,,,0.5
2984148,list_item,Critical Theory,strict,4414046,3,,,,,,,,,0.5
2984149,list_item,Pluralism,strict,4414046,3,,,,,,,,,0.5
2984150,list_item,La Peyrère,strict,4414463,1,,,,,,,,,0.5
2984151,list_item,Spinoza,strict,4414463,1,,,,,,,,,0.5
2984152,list_item,Hybrid Orders,strict,4416301,1,,,,,,,,,0.5
2984153,list_item,Centralia,strict,4416724,1,,,,,,,,,0.5
2984154,list_item,World Empire,strict,4416724,1,,,,,,,,,0.5
2984155,list_item,Status,strict,4417259,1,,,,,,,,,0.5
2984156,list_item,Chaos,strict,4418825,6,,,,,,,,,0.3333333333333333
2984157,list_item,Post-Communist Thresholds,strict,4420128,1,,,,,,,,,0.5
2984158,list_item,Critical Aesthetics,strict,4420128,1,,,,,,,,,0.5
2984159,list_item,Artisans,strict,4429229,1,,,,,,,,,0.5
2984160,list_item,Global Warming,strict,4431166,1,,,,,,,,,0.0
2984161,list_item,Scrotal Heat,strict,4431166,1,,,,,,,,,0.0
2984162,list_item,Illumination,strict,4432200,1,,,,,,,,,0.0
2984163,list_item,Exploitation,strict,4435909,1,,,,,,,,,0.5
2984164,list_item,Plagiarism,strict,4435991,1,,,,,,,,,0.0
2984165,list_item,Stream Restoration,strict,4436048,1,,,,,,,,,0.5
2984166,list_item,Neoliberalism,strict,4436048,6,,,,,,,,,0.5
2984167,list_item,Extraction,strict,4436695,1,,,,,,,,,0.5
2984168,list_item,Unequal Exchange,strict,4436695,1,,,,,,,,,0.5
2984169,list_item,Freemasonry,strict,4438077,2,,,,,,,,,0.0
2984170,list_item,Principle,strict,4439295,1,,,,,,,,,0.5
2984171,list_item,Boundary Maintenance,strict,4439333,1,,,,,,,,,0.03678180432433771
2984172,list_item,freemasons,strict,4446962,1,,,,,,,,,0.0
2984173,list_item,paralanguage,strict,4448142,1,,,,,,,,,0.5
2984174,list_item,Ski Bums,strict,4452467,1,,,,,,,,,0.8443289028201912
2984175,list_item,Ski Towns,strict,4452467,1,,,,,,,,,0.8443289028201912
2984176,list_item,Humanity,strict,4452866,1,,,,,,,,,0.5
2984177,list_item,Political Protest,strict,4457821,2,,,,,,,,,0.0
2984178,list_item,Suicidal Violence,strict,4457821,2,,,,,,,,,0.0
2984179,list_item,Political Thought,strict,4457846,1,,,,,,,,,0.5
2984180,list_item,Polarization,strict,4466768,1,,,,,,,,,0.5
2984181,list_item,Moralization,strict,4466768,1,,,,,,,,,0.5
2984182,list_item,Eric Voegelin,strict,4469362,1,,,,,,,,,0.0
2984183,list_item,Leo Strauss,strict,4469362,1,,,,,,,,,0.0
2984184,list_item,Justice Department Enforcement,strict,4469706,1,,,,,,,,,0.0
2984185,list_item,Retribution,strict,4472658,2,,,,,,,,,0.25
2984186,list_item,Generation,strict,4476444,2,,,,,,,,,0.5861404542098902
2984187,list_item,Palestinians,strict,4478652,1,,,,,,,,,0.0
2984188,list_item,Zionists,strict,4478652,1,,,,,,,,,0.0
2984189,list_item,leisure,strict,4485145,1,,,,,,,,,0.3010299956639812
2984190,list_item,Cuckoos,strict,4488442,1,,,,,,,,,0.5
2984191,list_item,Cuckolds,strict,4488442,1,,,,,,,,,0.5
2984192,list_item,Guns,strict,4488505,2,,,,,,,,,0.0
2984193,list_item,Materialism,strict,4489107,1,,,,,,,,,0.5
2984194,list_item,Conceptuality,strict,4489107,1,,,,,,,,,0.5
2984195,list_item,Doors,strict,4489847,1,,,,,,,,,0.0
2984196,list_item,Closure Systems,strict,4489847,1,,,,,,,,,0.0
2984197,list_item,American Intellectuals,strict,4490107,1,,,,,,,,,0.5
2984198,list_item,Modern Literature,strict,4490107,1,,,,,,,,,0.5
2984199,list_item,Movements,strict,4490218,1,,,,,,,,,0.0
2984200,list_item,Participation,strict,4490218,2,,,,,,,,,0.25
2984201,list_item,Jazz,strict,4490997,2,,,,,,,,,0.25
2984202,list_item,Collage,strict,4490997,1,,,,,,,,,0.5
2984203,list_item,Individualism,strict,4491673,2,,,,,,,,,0.5
2984204,list_item,Territorial Networks,strict,4492035,1,,,,,,,,,0.5
2984205,list_item,National Identity,strict,4504298,1,,,,,,,,,0.5
2984206,list_item,Hymns,strict,4510797,1,,,,,,,,,0.0
2984207,list_item,Documents,strict,4512075,1,,,,,,,,,0.5
2984208,list_item,anticolonial elites,strict,4525688,1,,,,,,,,,0.5
2984209,list_item,sovereign rights,strict,4525688,1,,,,,,,,,0.5
2984210,list_item,Gamification,strict,4528167,1,,,,,,,,,0.5
2984211,list_item,Gameful Design,strict,4528167,1,,,,,,,,,0.5
2984212,list_item,Modeling,strict,4528288,1,,,,,,,,,0.5
2984213,list_item,Estimation,strict,4528288,1,,,,,,,,,0.5
2984214,list_item,Emergency Legislation,strict,4531548,1,,,,,,,,,0.5
2984215,list_item,Precarity,strict,4542874,1,,,,,,,,,0.0
2984216,list_item,Decolonization,strict,4565135,2,,,,,,,,,0.5
2984217,list_item,Artificial Intelligence,strict,4567264,2,,,,,,,,,0.41520857565704616
2984218,list_item,Statistics,strict,4567264,2,,,,,,,,,0.16520857565704614
2984219,list_item,Leaders,strict,4569353,5,,,,,,,,,0.5
2984220,list_item,Followers,strict,4569353,4,,,,,,,,,0.3333333333333333
2984221,list_item,Citizen-Consumers,strict,4572021,1,,,,,,,,,0.5
2984222,list_item,Drinking Water,strict,4572021,1,,,,,,,,,0.5
2984223,list_item,Hafez al-Assad,strict,4576804,1,,,,,,,,,0.0
2984224,list_item,Henry Kissinger,strict,4576804,1,,,,,,,,,0.0
2984225,list_item,State,strict,4579429,6,,,,,,,,,0.5
2984226,list_item,Humiliation,strict,4582951,1,,,,,,,,,0.5
2984227,list_item,Transformation,strict,4582951,2,,,,,,,,,0.25
2984228,list_item,Robert Deniro,strict,4584350,1,,,,,,,,,0.0
2984229,list_item,Haunted Graveyards,strict,4588587,3,,,,,,,,,0.4561763947707666
2984230,list_item,Embalming Secrets,strict,4588587,3,,,,,,,,,0.4561763947707666
2984231,list_item,Molecular Medicine,strict,4588647,1,,,,,,,,,0.5
2984232,list_item,Prison Movements,strict,4589471,1,,,,,,,,,0.5
2984233,list_item,Generations,strict,4602298,1,,,,,,,,,0.5
2984234,list_item,Disruption,strict,4602298,3,,,,,,,,,0.3333333333333333
2984235,list_item,Surfers,strict,4602538,1,,,,,,,,,0.5
2984236,list_item,Scammers,strict,4602538,1,,,,,,,,,0.5
2984237,list_item,Elitism,strict,4604052,2,,,,,,,,,0.5
2984238,list_item,Gender Equality,strict,4604052,2,,,,,,,,,0.5
2984239,list_item,Personhood,strict,4604534,2,,,,,,,,,0.5
2984240,list_item,German Cinema,strict,4604732,1,,,,,,,,,0.5
2984241,list_item,Expressionism,strict,4604732,1,,,,,,,,,0.5
2984242,list_item,Banking,strict,4604947,1,,,,,,,,,0.8610220226133264
2984243,list_item,Deconstruction,strict,4605065,2,,,,,,,,,0.5
2984244,list_item,Negative Theology,strict,4605065,1,,,,,,,,,0.5
2984245,list_item,Ashes,strict,4605097,1,,,,,,,,,0.0
2984246,list_item,Diamonds,strict,4605097,2,,,,,,,,,0.0
2984247,list_item,Courage,strict,4606057,1,,,,,,,,,0.25073340838340336
2984248,list_item,Academic Freedom,strict,4606058,1,,,,,,,,,0.5
2984249,list_item,Humanizing Education,strict,4606058,1,,,,,,,,,0.5
2984250,list_item,DiMaggio,strict,4607254,1,,,,,,,,,0.5
2984251,list_item,Mantle,strict,4607254,1,,,,,,,,,0.5
2984252,list_item,Chinese Money,strict,4607335,2,,,,,,,,,0.25
2984253,list_item,American Power,strict,4607335,3,,,,,,,,,0.3333333333333333
2984254,list_item,Ice Ages,strict,4610783,1,,,,,,,,,0.0
2984255,list_item,Human Origins,strict,4610783,1,,,,,,,,,0.0
2984256,list_item,Mining,strict,4618907,1,,,,,,,,,0.5
2984257,list_item,Techno-Utopian Imaginaries,strict,4618907,1,,,,,,,,,0.5
2984258,list_item,Perception,strict,4620584,2,,,,,,,,,0.5
2984259,list_item,Vincennes,strict,4620637,1,,,,,,,,,0.5
2984260,list_item,Prophetstown,strict,4620637,1,,,,,,,,,0.5
2984261,list_item,Imperialism,strict,4626931,2,,,,,,,,,0.5740173129730668
2984262,list_item,Divine Vengeance,strict,4627554,1,,,,,,,,,0.0
2984263,list_item,Comedy,strict,4643455,2,,,,,,,,,0.5
2984264,list_item,Infertility,strict,4647795,2,,,,,,,,,0.25
2984265,list_item,Agency,strict,4656696,2,,,,,,,,,0.5
2984266,list_item,Richard Sudell,strict,4656838,1,,,,,,,,,0.5
2984267,list_item,Suburbia,strict,4656838,1,,,,,,,,,0.5
2984268,list_item,Strange Weather,strict,4665189,2,,,,,,,,,0.25
2984269,list_item,Future Katrinas,strict,4665189,2,,,,,,,,,0.25
2984270,list_item,Cultural Politics,strict,4666996,2,,,,,,,,,0.5
2984271,list_item,Ebola,strict,4678459,1,,,,,,,,,0.3783997235392524
2984272,list_item,Awe,strict,4679860,1,,,,,,,,,0.5
2984273,list_item,Urban Redevelopment,strict,4679891,1,,,,,,,,,0.5
2984274,list_item,Unions,strict,4680600,2,,,,,,,,,0.25
2984275,list_item,Immigrant Workers,strict,4680600,1,,,,,,,,,0.5
2984276,list_item,Nonidentity,strict,4681009,1,,,,,,,,,0.0
2984277,list_item,Beard Cutting,strict,4681514,1,,,,,,,,,0.0
2984278,list_item,Hate Crimes,strict,4681514,1,,,,,,,,,0.0
2984279,list_item,New Calvinism,strict,4681573,1,,,,,,,,,0.5
2984280,list_item,Religious Abuse,strict,4681573,1,,,,,,,,,0.5
2984281,list_item,Historical Scholarship,strict,4681948,1,,,,,,,,,0.5
2984282,list_item,Difference,strict,4682364,1,,,,,,,,,0.5
2984283,list_item,Military Innovation,strict,4683341,1,,,,,,,,,0.5
2984284,list_item,Battle Networks,strict,4683341,1,,,,,,,,,0.5
2984285,list_item,Accountability,strict,4691515,4,,,,,,,,,0.16666666666666666
2984286,list_item,Native Ads,strict,4693677,1,,,,,,,,,0.5
2984287,list_item,Content Marketing,strict,4693677,1,,,,,,,,,0.5
2984288,list_item,Lori Vallow,strict,4694654,3,,,,,,,,,0.4451054758747415
2984289,list_item,Chad Daybell,strict,4694654,3,,,,,,,,,0.4451054758747415
2984290,list_item,Presence,strict,4696483,3,,,,,,,,,0.3333333333333333
2984291,list_item,Theatricality,strict,4696483,2,,,,,,,,,0.25
2984292,list_item,Actors,strict,4718527,1,,,,,,,,,0.0
2984293,list_item,Pandemics,strict,4728789,1,,,,,,,,,0.873032716668113
2984294,list_item,Vaccines,strict,4728789,1,,,,,,,,,0.873032716668113
2984295,list_item,Humanism,strict,4753429,1,,,,,,,,,0.5
2984296,list_item,British Sport,strict,4758312,1,,,,,,,,,0.5
2984297,list_item,African Knowledge,strict,4758312,1,,,,,,,,,0.5
2984298,list_item,Greene,strict,4759333,1,,,,,,,,,0.5
2984299,list_item,Sidney,strict,4759333,1,,,,,,,,,0.5
2984300,list_item,Donne,strict,4759333,1,,,,,,,,,0.5
2984301,list_item,Teen Phenoms,strict,4761632,1,,,,,,,,,0.0
2984302,list_item,Mad Parents,strict,4761632,1,,,,,,,,,0.0
2984303,list_item,Swing Science,strict,4761632,1,,,,,,,,,0.0
2984304,list_item,Civilians,strict,4791282,1,,,,,,,,,0.5
2984305,list_item,White Mothers,strict,4792568,1,,,,,,,,,0.5
2984306,list_item,International Adoption,strict,4792568,1,,,,,,,,,0.5
2984307,list_item,Business Heroes,strict,4793286,1,,,,,,,,,0.5
2984308,list_item,Corporate Villains,strict,4793286,1,,,,,,,,,0.5
2984309,list_item,Treatises,strict,4793310,1,,,,,,,,,0.5
2984310,list_item,Scores,strict,4793310,1,,,,,,,,,0.5
2984311,list_item,Global Governance,strict,4793843,2,,,,,,,,,0.5
2984312,list_item,Personal Choice,strict,4795614,3,,,,,,,,,0.3333333333333333
2984313,list_item,Public Policy,strict,4795614,2,,,,,,,,,0.25
2984314,list_item,Boris Johnson,strict,4797559,2,,,,,,,,,0.0
2984315,list_item,Journalism,strict,4797957,4,,,,,,,,,0.3333333333333333
2984316,list_item,Reportage,strict,4797957,1,,,,,,,,,0.5
2984317,list_item,Toxicity,strict,4801876,1,,,,,,,,,0.5
2984318,list_item,Pre-Adamic Ages,strict,4813917,1,,,,,,,,,0.0
2984319,list_item,Mexicans,strict,4827776,1,,,,,,,,,0.5
2984320,list_item,Foreigners,strict,4827776,1,,,,,,,,,0.5
2984321,list_item,Decentralization,strict,4828133,1,,,,,,,,,0.5
2984322,list_item,Dress,strict,4828338,1,,,,,,,,,0.5
2984323,list_item,Adornment,strict,4828338,1,,,,,,,,,0.5
2984324,list_item,Secrets,strict,4829483,1,,,,,,,,,0.5
2984325,list_item,Connectivity,strict,4830575,1,,,,,,,,,0.5
2984326,list_item,Psyche,strict,4830575,1,,,,,,,,,0.5
2984327,list_item,Polls,strict,4831546,2,,,,,,,,,0.25
2984328,list_item,Kinship,strict,4835150,2,,,,,,,,,0.25
2984329,list_item,Fashion,strict,4839865,4,,,,,,,,,0.3743589502544194
2984330,list_item,Fantasy,strict,4839865,4,,,,,,,,,0.3743589502544194
2984331,list_item,Metellus Scipio,strict,4844460,1,,,,,,,,,0.0
2984332,list_item,Competition,strict,4846146,3,,,,,,,,,0.3333333333333333
2984333,list_item,Nations,strict,4851873,2,,,,,,,,,0.25
2984334,list_item,Cultures,strict,4851873,5,,,,,,,,,0.5
2984335,list_item,illusion,strict,4864152,1,,,,,,,,,0.5669313096489572
2984336,list_item,Code,strict,4869033,1,,,,,,,,,0.5
2984337,list_item,Networks,strict,4869033,3,,,,,,,,,0.5
2984338,list_item,Work Organizations,strict,4872660,1,,,,,,,,,0.5
2984339,list_item,Japonism,strict,4879416,1,,,,,,,,,0.5
2984340,list_item,Orientalism,strict,4879416,4,,,,,,,,,0.3333333333333333
2984341,list_item,Communicative Capitalism,strict,4881206,1,,,,,,,,,0.5
2984342,list_item,Corporate Purpose,strict,4881206,1,,,,,,,,,0.5
2984343,list_item,Plantation Sugar,strict,4881916,1,,,,,,,,,0.0
2984344,list_item,Louisiana Pecans,strict,4881916,1,,,,,,,,,0.0
2984345,list_item,Sadism,strict,4887864,1,,,,,,,,,0.5
2984346,list_item,Masochism,strict,4887864,1,,,,,,,,,0.5
2984347,list_item,C.S. Lewis,strict,4887966,1,,,,,,,,,0.5
2984348,list_item,Castro,strict,4902178,2,,,,,,,,,0.0
2984349,list_item,Nostalgia,strict,4902347,1,,,,,,,,,0.5
2984350,list_item,Delusion,strict,4902347,2,,,,,,,,,0.7339937300933721
2984351,list_item,Design Thinking,strict,4902909,1,,,,,,,,,0.5
2984352,list_item,Perseverance,strict,4903813,1,,,,,,,,,0.0
2984353,list_item,Black Leadership,strict,4904577,1,,,,,,,,,0.5
2984354,list_item,Antebellum Military Science,strict,4904732,1,,,,,,,,,0.5
2984355,list_item,West Point,strict,4904732,1,,,,,,,,,0.5
2984356,list_item,Alliance,strict,4907311,1,,,,,,,,,0.5
2984357,list_item,Upheaval,strict,4907311,1,,,,,,,,,0.5
2984358,list_item,antisemitism,strict,4907948,1,,,,,,,,,0.0
2984359,list_item,islamic world conquest,strict,4907948,1,,,,,,,,,0.0
2984360,list_item,British Creators,strict,4908137,1,,,,,,,,,0.5
2984361,list_item,US Editors,strict,4908137,1,,,,,,,,,0.5
2984362,list_item,Publicity,strict,4915761,1,,,,,,,,,0.0
2984363,list_item,Meanings,strict,4919923,2,,,,,,,,,0.5
2984364,list_item,Speakers,strict,4923664,1,,,,,,,,,0.5
2984365,list_item,Interaction,strict,4923664,2,,,,,,,,,0.5
2984366,list_item,Materiality,strict,4938883,4,,,,,,,,,0.3333333333333333
2984367,list_item,Brotherhood,strict,4942395,1,,,,,,,,,0.9133002840364639
2984368,list_item,Militarized Landscapes,strict,4942464,1,,,,,,,,,0.5
2984369,list_item,Weapons Testing,strict,4942464,1,,,,,,,,,0.5
2984370,list_item,Jake Simmons,strict,4943297,1,,,,,,,,,0.5
2984371,list_item,progressives,strict,4943329,1,,,,,,,,,0.5
2984372,list_item,Magic,strict,4951478,4,,,,,,,,,0.3333333333333333
2984373,list_item,Privilege,strict,4954218,7,,,,,,,,,0.5
2984374,list_item,Spencer,strict,4954760,1,,,,,,,,,0.0
2984375,list_item,Colonization,strict,4957443,1,,,,,,,,,0.0
2984376,list_item,Frontier Expansion,strict,4957443,1,,,,,,,,,0.0
2984377,list_item,Benedict Arnold,strict,4959243,2,,,,,,,,,0.22124040449411422
2984378,list_item,Angels,strict,4962913,1,,,,,,,,,0.5
2984379,list_item,Sadomasochism,strict,4962913,1,,,,,,,,,0.5
2984380,list_item,Devolution,strict,4966509,1,,,,,,,,,0.0
2984381,list_item,Sexual Politics,strict,4977525,1,,,,,,,,,0.5
2984382,list_item,Aspiration,strict,4988401,1,,,,,,,,,0.0
2984383,list_item,Montezuma,strict,4999590,1,,,,,,,,,0.8791497333098631
2984384,list_item,Cortes,strict,4999590,1,,,,,,,,,0.8791497333098631
2984385,list_item,Exhibition,strict,5012873,1,,,,,,,,,0.5
2984386,list_item,Panegyric,strict,5013050,1,,,,,,,,,0.5
2984387,list_item,Imagery,strict,5013362,1,,,,,,,,,0.5
2984388,list_item,Populists,strict,5015711,1,,,,,,,,,0.5
2984389,list_item,Autocrats,strict,5015711,1,,,,,,,,,0.5
2984390,list_item,Common Ground,strict,5019701,1,,,,,,,,,0.5
2984391,list_item,Common Language,strict,5019701,1,,,,,,,,,0.5
2984392,list_item,Settler Violence,strict,5026225,1,,,,,,,,,0.5
2984393,list_item,Native Resistance,strict,5026225,2,,,,,,,,,0.25
2984394,list_item,Food Practices,strict,5027549,1,,,,,,,,,0.5
2984395,list_item,Global Capitalism,strict,5027549,1,,,,,,,,,0.5
2984396,list_item,Celebrity,strict,5028780,1,,,,,,,,,0.0
2984397,list_item,Desire,strict,5028780,2,,,,,,,,,0.25
2984398,list_item,Magick,strict,5030477,1,,,,,,,,,0.0
2984399,list_item,Demons,strict,5030477,1,,,,,,,,,0.0
2984400,list_item,Alex Karp,strict,5035416,1,,,,,,,,,0.5
2984401,list_item,Palantir,strict,5035416,1,,,,,,,,,0.5
2984402,list_item,Flotsam,strict,5050027,1,,,,,,,,,0.5
2984403,list_item,Jetsam,strict,5050027,1,,,,,,,,,0.5
2984404,list_item,Mar-A-Lago,strict,5052261,2,,,,,,,,,0.4354136081275489
2984405,list_item,Analytical Psychology,strict,5052661,1,,,,,,,,,0.5
2984406,list_item,Early Childhood Trauma,strict,5055733,1,,,,,,,,,0.0
2984407,list_item,Adult Crime,strict,5055733,1,,,,,,,,,0.0
2984408,list_item,Trade Deficits,strict,5067216,1,,,,,,,,,0.5
2984409,list_item,State Subsidies,strict,5067216,1,,,,,,,,,0.5
2984410,list_item,Remote Control,strict,5069427,1,,,,,,,,,0.0
2984411,list_item,Geopolitics,strict,5069427,2,,,,,,,,,0.0
2984412,list_item,Mixed Martial Arts,strict,5086627,1,,,,,,,,,0.5
2984413,list_item,dementia,strict,5087359,1,,,,,,,,,0.0
2984414,list_item,visual perception,strict,5087359,1,,,,,,,,,0.0
2984415,list_item,Mystery,strict,5091134,2,,,,,,,,,0.45979773750344366
2984416,list_item,Robots,strict,5091238,1,,,,,,,,,0.0
2984417,list_item,Revolutions,strict,5091238,1,,,,,,,,,0.0
2984418,list_item,Ozone Healing,strict,5091834,1,,,,,,,,,0.3109288475646037
2984419,list_item,Microcrystals,strict,5091834,1,,,,,,,,,0.3109288475646037
2984420,list_item,Frequency Therapy,strict,5091834,1,,,,,,,,,0.3109288475646037
2984421,list_item,Production,strict,5092776,1,,,,,,,,,0.5
2984422,list_item,Colonial Legacies,strict,5098510,1,,,,,,,,,0.5
2984423,list_item,Urbanization,strict,5098510,1,,,,,,,,,0.5
2984424,list_item,Middle-Class Resentment,strict,5101854,1,,,,,,,,,0.5
2984425,list_item,Design,strict,5102471,4,,,,,,,,,0.3333333333333333
2984426,list_item,species extinction,strict,5122143,1,,,,,,,,,0.0
2984427,list_item,racial peril,strict,5122143,1,,,,,,,,,0.0
2984428,list_item,Philanthropy,strict,5122180,3,,,,,,,,,0.5
2984429,list_item,Visual Culture,strict,5122464,4,,,,,,,,,0.3333333333333333
2984430,list_item,Communication,strict,5122755,3,,,,,,,,,0.3333333333333333
2984431,list_item,Popular Tradition,strict,5122796,1,,,,,,,,,0.5
2984432,list_item,Cultural Dialogue,strict,5122796,1,,,,,,,,,0.5
2984433,list_item,Fieldwork,strict,5123249,1,,,,,,,,,0.5
2984434,list_item,Climate Politics,strict,5123364,1,,,,,,,,,0.5
2984435,list_item,Gravitational Waves,strict,5123373,1,,,,,,,,,0.5
2984436,list_item,BDS,strict,5124496,1,,,,,,,,,0.5
2984437,list_item,Public Education,strict,5125260,1,,,,,,,,,0.0
2984438,list_item,Cosmetic Surgery,strict,5125475,1,,,,,,,,,0.5
2984439,list_item,Boundary Work,strict,5125475,1,,,,,,,,,0.5
2984440,list_item,American Ambition,strict,5126914,1,,,,,,,,,0.5
2984441,list_item,Global Enterprise,strict,5126914,1,,,,,,,,,0.5
2984442,list_item,Minds,strict,5130582,3,,,,,,,,,0.45322300450815983
2984443,list_item,Technologies,strict,5130582,2,,,,,,,,,0.4298345067622398
2984444,list_item,Trinities,strict,5135143,1,,,,,,,,,0.5
2984445,list_item,Diversities,strict,5135143,1,,,,,,,,,0.5
2984446,list_item,Ecological Agriculture,strict,5135209,1,,,,,,,,,0.5
2984447,list_item,Open-Source Technology,strict,5135209,1,,,,,,,,,0.5
2984448,list_item,Silent Spring,strict,5139654,1,,,,,,,,,0.5
2984449,list_item,Democratic Action,strict,5148496,2,,,,,,,,,0.25
2984450,list_item,Equity,strict,5149943,2,,,,,,,,,0.0
2984451,list_item,Efficiency,strict,5149943,1,,,,,,,,,0.0
2984452,list_item,Pathogens,strict,5159224,1,,,,,,,,,0.5
2984453,list_item,Chemicals,strict,5159224,1,,,,,,,,,0.5
2984454,list_item,Cities,strict,5159511,1,,,,,,,,,0.5
2984455,list_item,Labels,strict,5159511,1,,,,,,,,,0.5
2984456,list_item,Presidentialism,strict,5161474,1,,,,,,,,,0.5
2984457,list_item,Populist Revolt,strict,5161474,1,,,,,,,,,0.5
2984458,list_item,Crassus,strict,5161656,1,,,,,,,,,0.0
2984459,list_item,Carrhae,strict,5161656,1,,,,,,,,,0.0
2984460,list_item,Reality,strict,5161904,2,,,,,,,,,0.5
2984461,list_item,Mapping,strict,5162478,2,,,,,,,,,0.25
2984462,list_item,Courts,strict,5174495,1,,,,,,,,,0.5
2984463,list_item,Emily Dickinson,strict,5175019,1,,,,,,,,,0.6994403274854911
2984464,list_item,Anxiety,strict,5176601,4,,,,,,,,,0.5
2984465,list_item,British Adventure,strict,5177039,1,,,,,,,,,0.5
2984466,list_item,Theory,strict,5196224,7,,,,,,,,,0.5
2984467,list_item,Social Life,strict,5196644,2,,,,,,,,,0.25
2984468,list_item,Quantum Physics,strict,5196768,2,,,,,,,,,0.5
2984469,list_item,Nuclear Discourse,strict,5196768,1,,,,,,,,,0.5
2984470,list_item,Biopolitics,strict,5197639,2,,,,,,,,,0.5
2984471,list_item,Imperial Fantasies,strict,5197865,1,,,,,,,,,0.5
2984472,list_item,Right-Wing Ambitions,strict,5197865,1,,,,,,,,,0.5
2984473,list_item,Hybrid Humans,strict,5197997,1,,,,,,,,,0.5
2984474,list_item,Göbekli Tepe,strict,5197997,1,,,,,,,,,0.5
2984475,list_item,People,strict,5198356,2,,,,,,,,,0.25
2984476,list_item,Apocalyptic Thought,strict,5198640,2,,,,,,,,,0.0
2984477,list_item,Ideal Politics,strict,5198640,2,,,,,,,,,0.0
2984478,list_item,Suburban Spaces,strict,5202624,1,,,,,,,,,0.5
2984479,list_item,Universalism,strict,5202624,1,,,,,,,,,0.5
2984480,list_item,Romanization,strict,5211132,1,,,,,,,,,0.5
2984481,list_item,Tech Titans,strict,5211833,1,,,,,,,,,0.5
2984482,list_item,Chaotic Crypto,strict,5211833,1,,,,,,,,,0.5
2984483,list_item,Kingship,strict,5212044,1,,,,,,,,,0.0
2984484,list_item,Instability,strict,5216599,2,,,,,,,,,0.0
2984485,list_item,Posture,strict,5216974,1,,,,,,,,,0.0
2984486,list_item,Proliferation,strict,5216974,1,,,,,,,,,0.0
2984487,list_item,Ministry,strict,5218749,2,,,,,,,,,0.5
2984488,list_item,Medical Ethics,strict,5221132,2,,,,,,,,,0.47712125471966244
2984489,list_item,Harmonialism,strict,5231872,1,,,,,,,,,0.0
2984490,list_item,Philippi,strict,5231910,1,,,,,,,,,0.5
2984491,list_item,Cosmology,strict,5232448,6,,,,,,,,,0.16666666666666666
2984492,list_item,Royalism,strict,5240043,4,,,,,,,,,0.3333333333333333
2984493,list_item,Late Capitalism,strict,5247516,1,,,,,,,,,0.5
2984494,list_item,Environment,strict,5248499,5,,,,,,,,,0.5
2984495,list_item,International Security,strict,5248501,1,,,,,,,,,0.0
2984496,list_item,Mass Communication,strict,5248501,1,,,,,,,,,0.0
2984497,list_item,Africa,strict,5254820,1,,,,,,,,,0.0
2984498,list_item,Governments,strict,5256487,1,,,,,,,,,0.5
2984499,list_item,Disasters,strict,5257836,1,,,,,,,,,0.5
2984500,list_item,rescues,strict,5257836,1,,,,,,,,,0.5
2984501,list_item,Heath,strict,5267389,1,,,,,,,,,0.0
2984502,list_item,Pompidou,strict,5267389,1,,,,,,,,,0.0
2984503,list_item,Bediako,strict,5268554,1,,,,,,,,,0.0
2984504,list_item,Barth,strict,5268554,1,,,,,,,,,0.0
2984505,list_item,Commodity Trade,strict,5271736,1,,,,,,,,,0.5
2984506,list_item,Lou Gehrig,strict,5272795,2,,,,,,,,,0.25
2984507,list_item,Gary Cooper,strict,5272795,1,,,,,,,,,0.5
2984508,list_item,rhetorical argumentation,strict,5280433,1,,,,,,,,,0.0
2984509,list_item,literary convention,strict,5280433,1,,,,,,,,,0.0
2984510,list_item,Chicago Politics,strict,5283576,1,,,,,,,,,0.5
2984511,list_item,Grit,strict,5287215,1,,,,,,,,,0.0
2984512,list_item,propaganda,strict,5299543,1,,,,,,,,,0.0
2984513,list_item,censorship,strict,5299543,1,,,,,,,,,0.0
2984514,list_item,deception,strict,5299543,1,,,,,,,,,0.0
2984515,list_item,jackpots,strict,5303932,1,,,,,,,,,0.17420151979398144
2984516,list_item,drains,strict,5303932,1,,,,,,,,,0.17420151979398144
2984517,list_item,Anti-Leninist Marxism,strict,5304671,1,,,,,,,,,0.5
2984518,list_item,Cooperation,strict,5306210,3,,,,,,,,,0.3333333333333333
2984519,list_item,Naturalists,strict,5307011,1,,,,,,,,,0.0
2984520,list_item,Missionaries,strict,5307011,2,,,,,,,,,0.25
2984521,list_item,Group Identity,strict,5310691,1,,,,,,,,,0.5
2984522,list_item,Artists,strict,5312316,2,,,,,,,,,0.25
2984523,list_item,Humanists,strict,5312316,1,,,,,,,,,0.5
2984524,list_item,Impact,strict,5315564,3,,,,,,,,,0.3333333333333333
2984525,list_item,Policy Response,strict,5315564,1,,,,,,,,,0.5
2984526,list_item,Roundheads,strict,5315916,1,,,,,,,,,0.0
2984527,list_item,Cavaliers,strict,5315916,1,,,,,,,,,0.0
2984528,list_item,Humour,strict,5322082,1,,,,,,,,,0.5
2984529,list_item,Ordinary People,strict,5325797,1,,,,,,,,,0.0
2984530,list_item,Extraordinary Struggles,strict,5325797,1,,,,,,,,,0.0
2984531,list_item,Insecurity,strict,5327096,1,,,,,,,,,0.0
2984532,list_item,Causal Powers,strict,5341341,1,,,,,,,,,0.0
2984533,list_item,Divine Concurrence,strict,5341341,1,,,,,,,,,0.0
2984534,list_item,Ampère,strict,5342768,1,,,,,,,,,0.5
2984535,list_item,Faraday,strict,5342768,1,,,,,,,,,0.5
2984536,list_item,Shamanism,strict,5342855,3,,,,,,,,,0.0
2984537,list_item,Mental Health,strict,5342855,1,,,,,,,,,0.0
2984538,list_item,Wishful Thinking,strict,5344681,2,,,,,,,,,0.38350471371480555
2984539,list_item,Globalisation,strict,5348487,2,,,,,,,,,0.5
2984540,list_item,Wood,strict,5356226,1,,,,,,,,,0.5
2984541,list_item,Forest,strict,5356226,1,,,,,,,,,0.5
2984542,list_item,Lee Harvey Oswald,strict,5357253,1,,,,,,,,,0.5
2984543,list_item,Marguerite Oswald,strict,5357253,1,,,,,,,,,0.5
2984544,list_item,Inspiration Journal,strict,5359161,1,,,,,,,,,0.0
2984545,list_item,Mandala Colouring,strict,5359161,1,,,,,,,,,0.0
2984546,list_item,mood,strict,5375927,1,,,,,,,,,0.7063493714251485
2984547,list_item,Sin,strict,5376452,2,,,,,,,,,0.0
2984548,list_item,Animation,strict,5376478,2,,,,,,,,,0.5
2984549,list_item,Linkages,strict,5378281,1,,,,,,,,,0.5
2984550,list_item,Identities,strict,5378281,1,,,,,,,,,0.5
2984551,list_item,Popes,strict,5379420,1,,,,,,,,,0.6169759438994902
2984552,list_item,Border Dissidence,strict,5381804,1,,,,,,,,,0.5
2984553,list_item,Sociotechnical Resistance,strict,5381804,1,,,,,,,,,0.5
2984554,list_item,Surrealism,strict,5384138,2,,,,,,,,,0.5
2984555,list_item,Sublimation,strict,5384138,1,,,,,,,,,0.5
2984556,list_item,Organic Farming,strict,5384233,1,,,,,,,,,0.5
2984557,list_item,Genetics,strict,5384233,1,,,,,,,,,0.5
2984558,list_item,Hoaxes,strict,5389014,1,,,,,,,,,0.0
2984559,list_item,Half-Truths,strict,5389014,1,,,,,,,,,0.0
2984560,list_item,Climate Science,strict,5397182,1,,,,,,,,,0.0
2984561,list_item,Climate History,strict,5397182,1,,,,,,,,,0.0
2984562,list_item,Glitz,strict,5414056,1,,,,,,,,,0.5
2984563,list_item,Glamour,strict,5414056,1,,,,,,,,,0.5
2984564,list_item,Challenges,strict,5424174,2,,,,,,,,,0.25
2984565,list_item,Opportunities,strict,5424174,3,,,,,,,,,0.3333333333333333
2984566,list_item,Aspirations,strict,5427348,1,,,,,,,,,0.5
2984567,list_item,Self,strict,5435991,2,,,,,,,,,0.5
2984568,list_item,Cell Biology,strict,5447527,1,,,,,,,,,0.5
2984569,list_item,White Supremacy,strict,5448279,2,,,,,,,,,0.3081542966540093
2984570,list_item,Singles,strict,5449665,1,,,,,,,,,0.5
2984571,list_item,Pairs,strict,5449665,1,,,,,,,,,0.5
2984572,list_item,Genre,strict,5450459,5,,,,,,,,,0.5
2984573,list_item,liturgy,strict,5450997,1,,,,,,,,,0.5
2984574,list_item,Meat,strict,5451108,1,,,,,,,,,0.5
2984575,list_item,Vegetarianism,strict,5451108,1,,,,,,,,,0.5
2984576,list_item,Housing Policy,strict,5452637,1,,,,,,,,,0.5
2984577,list_item,American Missionaries,strict,5453380,1,,,,,,,,,0.5
2984578,list_item,Chinese Resistance,strict,5453380,1,,,,,,,,,0.5
2984579,list_item,Men,strict,5471623,2,,,,,,,,,0.5
2984580,list_item,smoke jumpers,strict,5483423,1,,,,,,,,,0.4956126689950911
2984581,list_item,high-tech gear,strict,5483423,1,,,,,,,,,0.4956126689950911
2984582,list_item,survival tactics,strict,5483423,1,,,,,,,,,0.4956126689950911
2984583,list_item,Story,strict,5484735,1,,,,,,,,,0.5
2984584,list_item,Authoritarianism,strict,5485634,1,,,,,,,,,0.5
2984585,list_item,Lukan Soteriology,strict,5487357,1,,,,,,,,,0.5
2984586,list_item,Atonement,strict,5487357,1,,,,,,,,,0.5
2984587,list_item,Immunity,strict,5489977,1,,,,,,,,,0.5
2984588,list_item,BioPolitics,strict,5489977,1,,,,,,,,,0.5
2984589,list_item,St. Andrews,strict,5497140,1,,,,,,,,,0.5
2984590,list_item,Priority,strict,5508335,1,,,,,,,,,0.5
2984591,list_item,Position,strict,5508335,1,,,,,,,,,0.5
2984592,list_item,Alice Cogswell,strict,5510277,1,,,,,,,,,0.1909293769481893
2984593,list_item,Thomas Gallaudet,strict,5510277,1,,,,,,,,,0.1909293769481893
2984594,list_item,J.R.obert Oppenheimer,strict,5513590,1,,,,,,,,,0.7282585705470774
2984595,list_item,Leo Szilard,strict,5513590,1,,,,,,,,,0.7282585705470774
2984596,list_item,Sovereignty,strict,5519685,5,,,,,,,,,0.5
2984597,list_item,Classical Scholarship,strict,5520533,1,,,,,,,,,0.0
2984598,list_item,Christian Theology,strict,5520533,1,,,,,,,,,0.0
2984599,list_item,Biblical Precedent,strict,5521332,1,,,,,,,,,0.5
2984600,list_item,Al Smith,strict,5521420,1,,,,,,,,,0.5
2984601,list_item,American Progressivism,strict,5521420,1,,,,,,,,,0.5
2984602,list_item,Compassion,strict,5521453,2,,,,,,,,,0.25
2984603,list_item,Roma Inclusion,strict,5521557,1,,,,,,,,,0.5
2984604,list_item,Service Work,strict,5522480,1,,,,,,,,,0.5
2984605,list_item,Social Oscillation,strict,5522997,1,,,,,,,,,0.5
2984606,list_item,Khrist Bhaktas,strict,5525135,1,,,,,,,,,0.5
2984607,list_item,Credible Commitment,strict,5526827,1,,,,,,,,,0.5
2984608,list_item,Marriage,strict,5531973,3,,,,,,,,,0.16666666666666666
2984609,list_item,Astrophysics,strict,5532495,2,,,,,,,,,0.25
2984610,list_item,Manet,strict,5544634,1,,,,,,,,,0.577407332312655
2984611,list_item,Meissonier,strict,5544634,1,,,,,,,,,0.577407332312655
2984612,list_item,Segregation,strict,5555027,3,,,,,,,,,0.4860343652574071
2984613,list_item,Harm,strict,5557437,1,,,,,,,,,0.5
2984614,list_item,Andrea Palladio,strict,5558404,1,,,,,,,,,0.0
2984615,list_item,Dream,strict,5559382,1,,,,,,,,,0.5
2984616,list_item,Symptom,strict,5559382,1,,,,,,,,,0.5
2984617,list_item,Symbol,strict,5559429,2,,,,,,,,,0.25
2984618,list_item,Norms,strict,5561798,1,,,,,,,,,0.5
2984619,list_item,Vesteys,strict,5567199,1,,,,,,,,,0.0
2984620,list_item,Skills,strict,5567830,1,,,,,,,,,0.0
2984621,list_item,Warriors,strict,5571497,2,,,,,,,,,0.5
2984622,list_item,Settler Colonialism,strict,5576627,1,,,,,,,,,0.0
2984623,list_item,Settlers,strict,5578058,1,,,,,,,,,0.5
2984624,list_item,Linguistics,strict,5579318,1,,,,,,,,,0.5
2984625,list_item,Stylistics,strict,5579318,1,,,,,,,,,0.5
2984626,list_item,managers,strict,5584472,1,,,,,,,,,0.0
2984627,list_item,engineers,strict,5584472,1,,,,,,,,,0.0
2984628,list_item,rethinking time,strict,5591160,1,,,,,,,,,0.6231355227786175
2984629,list_item,Documentary,strict,5591273,1,,,,,,,,,0.5
2984630,list_item,Public Debt,strict,5591948,2,,,,,,,,,0.25
2984631,list_item,Anti-Colonial Networks,strict,5594170,1,,,,,,,,,0.5
2984632,list_item,Extradition,strict,5594170,1,,,,,,,,,0.5
2984633,list_item,Paternity,strict,5614857,1,,,,,,,,,0.5
2984634,list_item,Temper Tantrums,strict,5616477,1,,,,,,,,,0.9532580556957301
2984635,list_item,F Words,strict,5616477,1,,,,,,,,,0.9532580556957301
2984636,list_item,guilt,strict,5626934,1,,,,,,,,,0.28285004367484196
2984637,list_item,innocence,strict,5626934,1,,,,,,,,,0.28285004367484196
2984638,list_item,Neoliberal Penalty,strict,5632174,1,,,,,,,,,0.0
2984639,list_item,Citizens,strict,5633559,2,,,,,,,,,0.5
2984640,list_item,Immanence,strict,5642992,1,,,,,,,,,0.5
2984641,list_item,Occultism,strict,5642992,1,,,,,,,,,0.5
2984642,list_item,Sunni,strict,5643629,1,,,,,,,,,0.5260109447740907
2984643,list_item,Shia,strict,5643629,1,,,,,,,,,0.5260109447740907
2984644,list_item,Somatic Practice,strict,5648169,1,,,,,,,,,0.5
2984645,list_item,Criminal Law,strict,5665600,1,,,,,,,,,0.0
2984646,list_item,Human-Security States,strict,5668893,1,,,,,,,,,0.5
2984647,list_item,Sexuality Politics,strict,5668893,1,,,,,,,,,0.5
2984648,list_item,Debt,strict,5670792,3,,,,,,,,,0.5
2984649,list_item,McCarthyism,strict,5676803,1,,,,,,,,,0.5
2984650,list_item,Communism,strict,5676803,2,,,,,,,,,0.25
2984651,list_item,Methodology,strict,5678367,2,,,,,,,,,0.5
2984652,list_item,populism,strict,5685154,1,,,,,,,,,0.0
2984653,list_item,Origenist Theology,strict,5689209,1,,,,,,,,,0.0
2984654,list_item,Monastic Tradition,strict,5689209,1,,,,,,,,,0.0
2984655,list_item,Kidnap,strict,5698511,1,,,,,,,,,0.5
2984656,list_item,Feminist Ethics,strict,5698716,1,,,,,,,,,0.5
2984657,list_item,Resurrection,strict,5698801,2,,,,,,,,,0.25
2984658,list_item,Afterlife,strict,5698801,3,,,,,,,,,0.3333333333333333
2984659,list_item,Robber Barons,strict,5698827,1,,,,,,,,,0.7930330129611542
2984660,list_item,Railroads,strict,5698827,1,,,,,,,,,0.7930330129611542
2984661,list_item,Andrew Dickson White,strict,5699785,1,,,,,,,,,0.5
2984662,list_item,George Lincoln Burr,strict,5699785,1,,,,,,,,,0.5
2984663,list_item,Radical Environmentalists,strict,5702177,1,,,,,,,,,0.5
2984664,list_item,Criminal Pseudo-Scientists,strict,5702177,1,,,,,,,,,0.5
2984665,list_item,Disaster,strict,5702569,1,,,,,,,,,0.5
2984666,list_item,Honor,strict,5703567,1,,,,,,,,,0.0
2984667,list_item,Idealism,strict,5703567,1,,,,,,,,,0.0
2984668,list_item,Aestheticism,strict,5720623,2,,,,,,,,,0.25
2984669,list_item,Sexual Assault,strict,5722474,1,,,,,,,,,0.6536509245295035
2984670,list_item,Betrayal,strict,5724132,4,,,,,,,,,0.257661262436096
2984671,list_item,Collusion,strict,5724132,1,,,,,,,,,0.0
2984672,list_item,Background,strict,5733478,1,,,,,,,,,0.0
2984673,list_item,International Trade Protection,strict,5733478,1,,,,,,,,,0.0
2984674,list_item,World Trade,strict,5736242,1,,,,,,,,,0.5
2984675,list_item,Happiness,strict,5737139,2,,,,,,,,,0.25
2984676,list_item,Private Property,strict,5737139,2,,,,,,,,,0.5
2984677,list_item,Quarantine,strict,5738493,1,,,,,,,,,0.5
2984678,list_item,Peter Lougheed,strict,5748355,1,,,,,,,,,0.5
2984679,list_item,Lady Belle,strict,5748355,1,,,,,,,,,0.5
2984680,list_item,Acts,strict,5748517,1,,,,,,,,,0.5
2984681,list_item,Discernment,strict,5748517,1,,,,,,,,,0.5
2984682,list_item,Intellectuals,strict,5755258,5,,,,,,,,,0.5
2984683,list_item,Saudi adventurism,strict,5768007,1,,,,,,,,,0.5
2984684,list_item,Intellectual Labor,strict,5773863,1,,,,,,,,,0.5
2984685,list_item,Sacred Women,strict,5784168,1,,,,,,,,,0.5
2984686,list_item,King Sa'Ud,strict,5803811,1,,,,,,,,,0.5
2984687,list_item,Elizabeth,strict,5803815,1,,,,,,,,,0.6536509245295035
2984688,list_item,Dudley,strict,5803815,1,,,,,,,,,0.6536509245295035
2984689,list_item,Memes,strict,5804349,3,,,,,,,,,0.2253789144769999
2984690,list_item,Liberation,strict,5806533,3,,,,,,,,,0.16666666666666666
2984691,list_item,Lucia Brocadelli,strict,5815324,1,,,,,,,,,0.0
2984692,list_item,Heinrich Institoris,strict,5815324,1,,,,,,,,,0.0
2984693,list_item,Replicators,strict,5817061,1,,,,,,,,,0.0
2984694,list_item,Information Processing,strict,5817061,1,,,,,,,,,0.0
2984695,list_item,Vienna,strict,5819375,1,,,,,,,,,0.6601726053094186
2984696,list_item,Bill Tilghman,strict,5839188,1,,,,,,,,,0.0
2984697,list_item,Zoe Stratton,strict,5839188,1,,,,,,,,,0.0
2984698,list_item,Global Migration,strict,5839957,2,,,,,,,,,0.5
2984699,list_item,Spencer Roane,strict,5841532,1,,,,,,,,,0.0
2984700,list_item,John Marshall,strict,5841532,1,,,,,,,,,0.0
2984701,list_item,Partisanship,strict,5841541,2,,,,,,,,,0.5
2984702,list_item,Ari Anastasiadis,strict,5847965,1,,,,,,,,,0.0
2984703,list_item,Shotokan,strict,5847965,1,,,,,,,,,0.0
2984704,list_item,Derain,strict,5852128,1,,,,,,,,,0.5630105170762247
2984705,list_item,Urban Resurgence,strict,5856056,1,,,,,,,,,0.5
2984706,list_item,Displacement,strict,5856056,1,,,,,,,,,0.5
2984707,list_item,management,strict,5866623,1,,,,,,,,,0.0
2984708,list_item,Metaphysical Principles,strict,5877917,1,,,,,,,,,0.0
2984709,list_item,Traditional Doctrines,strict,5877917,1,,,,,,,,,0.0
2984710,list_item,Congregationalists,strict,5878366,1,,,,,,,,,0.5
2984711,list_item,Apologies,strict,5880868,1,,,,,,,,,0.5
2984712,list_item,Natural Philosophy,strict,5881190,2,,,,,,,,,0.5
2984713,list_item,Caves,strict,5889264,1,,,,,,,,,0.0
2984714,list_item,Karsts,strict,5889264,1,,,,,,,,,0.0
2984715,list_item,Detective Stories,strict,5909117,1,,,,,,,,,0.5
2984716,list_item,Spy Novels,strict,5909117,1,,,,,,,,,0.5
2984717,list_item,Indigenous Sovereignty,strict,5909237,1,,,,,,,,,0.0
2984718,list_item,Information Technology,strict,5909498,1,,,,,,,,,0.5
2984719,list_item,John Muir,strict,5909804,1,,,,,,,,,0.5
2984720,list_item,Gifford Pinchot,strict,5909804,1,,,,,,,,,0.5
2984721,list_item,Measurement,strict,5913269,2,,,,,,,,,0.25
2984722,list_item,Temporal Sovereignties,strict,5919434,1,,,,,,,,,0.5
2984723,list_item,Separated Churches,strict,5919434,1,,,,,,,,,0.5
2984724,list_item,Geisha,strict,5921834,1,,,,,,,,,0.0
2984725,list_item,Samurai,strict,5921834,1,,,,,,,,,0.0
2984726,list_item,Cats,strict,5923357,1,,,,,,,,,0.0
2984727,list_item,Snark,strict,5923357,1,,,,,,,,,0.0
2984728,list_item,Thoman Monoghan,strict,5932432,1,,,,,,,,,0.5
2984729,list_item,Gunnar Mirkerts,strict,5932432,1,,,,,,,,,0.5
2984730,list_item,Curriculum,strict,5933453,1,,,,,,,,,0.5
2984731,list_item,Providence,strict,5934898,1,,,,,,,,,0.5
2984732,list_item,Catastrophe,strict,5942059,5,,,,,,,,,0.7436980191949768
2984733,list_item,Creativity,strict,5942059,5,,,,,,,,,0.7436980191949768
2984734,list_item,European Identity,strict,5943262,1,,,,,,,,,0.5
2984735,list_item,Transnational Politics,strict,5943262,1,,,,,,,,,0.5
2984736,list_item,Evolutionism,strict,5943972,1,,,,,,,,,0.5
2984737,list_item,American Film,strict,5943980,1,,,,,,,,,0.5
2984738,list_item,Fast Times,strict,5944181,1,,,,,,,,,0.17420151979398144
2984739,list_item,Wild Rides,strict,5944181,1,,,,,,,,,0.17420151979398144
2984740,list_item,Military Violence,strict,5945476,1,,,,,,,,,0.5
2984741,list_item,War Play,strict,5945476,1,,,,,,,,,0.5
2984742,list_item,Job Loss,strict,5945496,1,,,,,,,,,0.5
2984743,list_item,Jail Growth,strict,5945496,1,,,,,,,,,0.5
2984744,list_item,Age,strict,5946024,1,,,,,,,,,0.5
2984745,list_item,Holidays,strict,5946820,1,,,,,,,,,0.5
2984746,list_item,National Days,strict,5946820,1,,,,,,,,,0.5
2984747,list_item,spirits,strict,5954770,1,,,,,,,,,0.0
2984748,list_item,stones,strict,5954770,1,,,,,,,,,0.0
2984749,list_item,Origins,strict,5956429,2,,,,,,,,,0.0
2984750,list_item,transformations,strict,5956429,1,,,,,,,,,0.0
2984751,list_item,Peacekeepers,strict,5957132,1,,,,,,,,,0.5
2984752,list_item,Fortune,strict,5959284,1,,,,,,,,,0.5
2984753,list_item,Mullets,strict,5978450,1,,,,,,,,,0.5
2984754,list_item,Ireland,strict,5978462,1,,,,,,,,,0.5
2984755,list_item,Compilations,strict,5980851,1,,,,,,,,,0.5
2984756,list_item,Collections,strict,5980851,1,,,,,,,,,0.5
2984757,list_item,Sexuality,strict,5982428,3,,,,,,,,,0.5
2984758,list_item,Online Culture,strict,5982428,1,,,,,,,,,0.5
2984759,list_item,Colonial Expansion,strict,5983805,1,,,,,,,,,0.0
2984760,list_item,Queneau,strict,5984306,1,,,,,,,,,0.5
2984761,list_item,Perec,strict,5984306,1,,,,,,,,,0.5
2984762,list_item,Calvino,strict,5984306,1,,,,,,,,,0.5
2984763,list_item,Julius Caesar,strict,5996888,1,,,,,,,,,0.0
2984764,list_item,Marcus Licinius Crassus,strict,5996888,1,,,,,,,,,0.0
2984765,list_item,Gnaeus Pompey Magnus,strict,5996888,1,,,,,,,,,0.0
2984766,list_item,Sam Bankman-Fried,strict,5999923,1,,,,,,,,,0.0
2984767,list_item,Elite Fraud,strict,5999923,1,,,,,,,,,0.0
2984768,list_item,Ferdinand,strict,6001990,1,,,,,,,,,0.5
2984769,list_item,Isabella,strict,6001990,1,,,,,,,,,0.5
2984770,list_item,Integration,strict,6015798,2,,,,,,,,,0.25
2984771,list_item,Bohr,strict,6016746,1,,,,,,,,,0.5
2984772,list_item,Heisenberg,strict,6016746,1,,,,,,,,,0.5
2984773,list_item,Schrödinger,strict,6016746,1,,,,,,,,,0.5
2984774,list_item,Nuclear Weapons,strict,6018103,1,,,,,,,,,0.5
2984775,list_item,Counterinsurgency,strict,6018103,1,,,,,,,,,0.5
2984776,list_item,Fat,strict,6048286,1,,,,,,,,,0.5
2984777,list_item,Hard Copy,strict,6049258,1,,,,,,,,,0.0
2984778,list_item,Hot Metal,strict,6049258,1,,,,,,,,,0.0
2984779,list_item,Possibility,strict,6049431,2,,,,,,,,,0.0
2984780,list_item,Potentiality,strict,6049431,2,,,,,,,,,0.0
2984781,list_item,Office,strict,6049488,1,,,,,,,,,0.5
2984782,list_item,Biology,strict,6050735,3,,,,,,,,,0.16666666666666666
2984783,list_item,Principles,strict,6051937,1,,,,,,,,,0.5
2984784,list_item,Connoisseurship,strict,6051966,1,,,,,,,,,0.5
2984785,list_item,Joe Dimaggio,strict,6052215,1,,,,,,,,,0.0
2984786,list_item,Antony,strict,6053775,1,,,,,,,,,0.08372670412044628
2984787,list_item,Cleopatra,strict,6053775,1,,,,,,,,,0.08372670412044628
2984788,list_item,Allied Documentaries,strict,6061102,1,,,,,,,,,0.5
2984789,list_item,Nuremberg,strict,6061102,1,,,,,,,,,0.5
2984790,list_item,U.S. Latinos,strict,6062111,1,,,,,,,,,0.5
2984791,list_item,Decarbonization,strict,6069134,2,,,,,,,,,0.25
2984792,list_item,Hemophilia,strict,6082580,1,,,,,,,,,0.0
2984793,list_item,Suburban Elites,strict,6084343,1,,,,,,,,,0.0
2984794,list_item,Third-Sector Organizations,strict,6084343,1,,,,,,,,,0.0
2984795,list_item,Commerce,strict,6085048,4,,,,,,,,,0.3333333333333333
2984796,list_item,Charles Busch,strict,6086891,1,,,,,,,,,0.5
2984797,list_item,Bradford Louryk,strict,6086891,1,,,,,,,,,0.5
2984798,list_item,Taylor Mac,strict,6086891,1,,,,,,,,,0.5
2984799,list_item,Narco Wars,strict,6088392,1,,,,,,,,,0.5
2984800,list_item,Big Pharma,strict,6088392,2,,,,,,,,,0.5
2984801,list_item,Black Performance,strict,6088567,1,,,,,,,,,0.5
2984802,list_item,Eugene o'Neill,strict,6088567,1,,,,,,,,,0.5
2984803,list_item,Montgomery County,strict,6094333,1,,,,,,,,,0.0
2984804,list_item,Invention,strict,6094502,1,,,,,,,,,0.5
2984805,list_item,Persecution,strict,6096524,1,,,,,,,,,0.5
2984806,list_item,Modesto C.R.olland,strict,6098043,2,,,,,,,,,0.25
2984807,list_item,Global Progressivism,strict,6098043,2,,,,,,,,,0.25
2984808,list_item,Histories,strict,6098486,2,,,,,,,,,0.25
2984809,list_item,Identitities,strict,6098486,1,,,,,,,,,0.5
2984810,list_item,urban iconography,strict,6115434,1,,,,,,,,,0.0
2984811,list_item,Laguardia,strict,6117035,1,,,,,,,,,0.5
2984812,list_item,Demographic Change,strict,6119975,1,,,,,,,,,0.0
2984813,list_item,Productivity,strict,6119975,2,,,,,,,,,0.25
2984814,list_item,George Hirst,strict,6122554,1,,,,,,,,,0.5
2984815,list_item,Schofield Haigh,strict,6122554,1,,,,,,,,,0.5
2984816,list_item,Wilfred Rhodes,strict,6122554,1,,,,,,,,,0.5
2984817,list_item,Contemporary Approaches,strict,6132953,1,,,,,,,,,0.5
2984818,list_item,Actuality,strict,6132953,1,,,,,,,,,0.5
2984819,list_item,Queer Anatomy,strict,6139105,1,,,,,,,,,0.8798267368156262
2984820,list_item,Las Vegas,strict,6150214,1,,,,,,,,,0.19348446138160016
2984821,list_item,Black Mesa,strict,6150214,1,,,,,,,,,0.19348446138160016
2984822,list_item,Taxes,strict,6151085,1,,,,,,,,,0.5
2984823,list_item,Grace Pailthorpe,strict,6152869,1,,,,,,,,,0.0
2984824,list_item,Rueben Mednikoff,strict,6152869,1,,,,,,,,,0.0
2984825,list_item,Nasser,strict,6153835,1,,,,,,,,,0.5
2984826,list_item,Komer,strict,6153835,1,,,,,,,,,0.5
2984827,list_item,Maori,strict,6154000,1,,,,,,,,,0.5
2984828,list_item,Scholars,strict,6155476,1,,,,,,,,,0.0
2984829,list_item,Poisonous Products,strict,6165302,1,,,,,,,,,0.5
2984830,list_item,Human Health,strict,6165302,1,,,,,,,,,0.5
2984831,list_item,Job Stress,strict,6170626,1,,,,,,,,,0.5
2984832,list_item,Occupational Depression,strict,6170626,1,,,,,,,,,0.5
2984833,list_item,Biotech,strict,6173118,1,,,,,,,,,0.5
2984834,list_item,Big Money,strict,6173118,2,,,,,,,,,0.5
2984835,list_item,Grammar Grumps,strict,6176125,1,,,,,,,,,0.5
2984836,list_item,Comma Cops,strict,6176125,1,,,,,,,,,0.5
2984837,list_item,Quantification,strict,6184590,1,,,,,,,,,0.5
2984838,list_item,Human Bondage,strict,6184866,1,,,,,,,,,0.0
2984839,list_item,Denial,strict,6185343,2,,,,,,,,,0.25
2984840,list_item,Blake,strict,6188740,1,,,,,,,,,0.5
2984841,list_item,Bolte Taylor,strict,6188740,1,,,,,,,,,0.5
2984842,list_item,Attentive Algorithms,strict,6190809,1,,,,,,,,,0.0
2984843,list_item,Extractive Data Practices,strict,6190809,1,,,,,,,,,0.0
2984844,list_item,memories,strict,6191612,1,,,,,,,,,0.0
2984845,list_item,morals,strict,6191612,1,,,,,,,,,0.0
2984846,list_item,martinis,strict,6191612,1,,,,,,,,,0.0
2984847,list_item,Church,strict,6192966,4,,,,,,,,,0.3333333333333333
2984848,list_item,Paul Newman,strict,6195237,1,,,,,,,,,0.10021768462078491
2984849,list_item,Ken Kesey,strict,6195237,1,,,,,,,,,0.10021768462078491
2984850,list_item,Souls,strict,6199438,1,,,,,,,,,0.5
2984851,list_item,Harmony,strict,6204919,1,,,,,,,,,0.0
2984852,list_item,Suffrage,strict,6218862,1,,,,,,,,,0.41959547500688726
2984853,list_item,Local Elites,strict,6219083,1,,,,,,,,,0.5
2984854,list_item,Colonial Authority,strict,6219083,1,,,,,,,,,0.5
2984855,list_item,Soul,strict,6219331,1,,,,,,,,,0.5
2984856,list_item,System,strict,6219331,1,,,,,,,,,0.5
2984857,list_item,Georgetown Basketball,strict,6220813,1,,,,,,,,,0.5
2984858,list_item,Miami Football,strict,6220813,1,,,,,,,,,0.5
2984859,list_item,Lamentations,strict,6221002,1,,,,,,,,,0.5
2984860,list_item,Personal Growth,strict,6221463,1,,,,,,,,,0.5
2984861,list_item,Ukrainian Displaced Persons,strict,6222251,1,,,,,,,,,0.5
2984862,list_item,Robert Capa,strict,6222445,1,,,,,,,,,0.7294827032977462
2984863,list_item,Gerda Taro,strict,6222445,1,,,,,,,,,0.7294827032977462
2984864,list_item,Integrity,strict,6222894,1,,,,,,,,,0.0
2984865,list_item,GM,strict,6222935,2,,,,,,,,,0.15692167041561247
2984866,list_item,Mary Barra,strict,6222935,2,,,,,,,,,0.15692167041561247
2984867,list_item,Attachment,strict,6224099,1,,,,,,,,,0.5
2984868,list_item,Neurobiology,strict,6224099,1,,,,,,,,,0.5
2984869,list_item,Authorial Intent,strict,6224650,1,,,,,,,,,0.5
2984870,list_item,Deceit,strict,6226070,3,,,,,,,,,0.2277541774695849
2984871,list_item,Politicians,strict,6230780,4,,,,,,,,,0.6124729504259395
2984872,list_item,institution-building,strict,6239511,1,,,,,,,,,0.0
2984873,list_item,Joyce Wethered,strict,6240432,1,,,,,,,,,0.0
2984874,list_item,Glenna Collett,strict,6240432,1,,,,,,,,,0.0
2984875,list_item,Laura Ingalls Wilder,strict,6253343,2,,,,,,,,,0.3379240738677659
2984876,list_item,Rose Wilder Lane,strict,6253343,2,,,,,,,,,0.3379240738677659
2984877,list_item,Cricket,strict,6254865,1,,,,,,,,,0.0
2984878,list_item,Neuroplasticity,strict,6255549,1,,,,,,,,,0.5
2984879,list_item,Thought,strict,6255549,1,,,,,,,,,0.5
2984880,list_item,Patricia Wilde,strict,6256422,1,,,,,,,,,0.5
2984881,list_item,George Balanchine,strict,6256422,1,,,,,,,,,0.5
2984882,list_item,Real People,strict,6256478,1,,,,,,,,,0.0
2984883,list_item,Real Stories,strict,6256478,1,,,,,,,,,0.0
2984884,list_item,Jacksonian Democracy,strict,6256836,1,,,,,,,,,0.5
2984885,list_item,Climate,strict,6257112,3,,,,,,,,,0.5388788940817693
2984886,list_item,Cultural Context,strict,6266306,2,,,,,,,,,0.0
2984887,list_item,Rhetorical Strategy,strict,6266306,2,,,,,,,,,0.0
2984888,list_item,Tolstoy,strict,6267665,2,,,,,,,,,0.0
2984889,list_item,Hopkins,strict,6267665,1,,,,,,,,,0.0
2984890,list_item,Perilous Waters,strict,6270039,1,,,,,,,,,0.0
2984891,list_item,Sunken Ships,strict,6270039,1,,,,,,,,,0.0
2984892,list_item,Inclusion,strict,6274396,1,,,,,,,,,0.5
2984893,list_item,Ancient Constitution,strict,6275769,1,,,,,,,,,0.0
2984894,list_item,net gods,strict,6284803,1,,,,,,,,,0.5
2984895,list_item,netizens,strict,6284803,1,,,,,,,,,0.5
2984896,list_item,comets,strict,6286789,1,,,,,,,,,0.5101703285288599
2984897,list_item,Sympathy,strict,6287060,1,,,,,,,,,0.5
2984898,list_item,Truth,strict,6288086,4,,,,,,,,,0.3333333333333333
2984899,list_item,Election,strict,6290498,1,,,,,,,,,0.0
2984900,list_item,Opportunism,strict,6290739,1,,,,,,,,,0.5
2984901,list_item,Sherman,strict,6290780,1,,,,,,,,,0.0
2984902,list_item,Grady,strict,6290780,1,,,,,,,,,0.0
2984903,list_item,Big Copper,strict,6292477,1,,,,,,,,,0.5
2984904,list_item,Bad Water,strict,6292477,1,,,,,,,,,0.5
2984905,list_item,Cowboys,strict,6294707,2,,,,,,,,,0.0
2984906,list_item,Zombies,strict,6294707,2,,,,,,,,,0.25
2984907,list_item,Bitcoin,strict,6305845,3,,,,,,,,,0.0
2984908,list_item,Shackleton,strict,6321148,2,,,,,,,,,0.33672725054244323
2984909,list_item,Bioethics,strict,6324642,1,,,,,,,,,0.5
2984910,list_item,Cultural Revival,strict,6341109,1,,,,,,,,,0.5
2984911,list_item,Silent Western Films,strict,6343898,1,,,,,,,,,0.5
2984912,list_item,American Culture,strict,6343898,1,,,,,,,,,0.5
2984913,list_item,Nationalist Landscapes,strict,6345819,1,,,,,,,,,0.0
2984914,list_item,Indian Residential schools,strict,6355321,1,,,,,,,,,0.0
2984915,list_item,Success,strict,6355843,2,,,,,,,,,0.25
2984916,list_item,Big Tobacco,strict,6356787,2,,,,,,,,,0.4282657693334721
2984917,list_item,Racial Marketing,strict,6356787,1,,,,,,,,,0.3565315386669442
2984918,list_item,Homophobia,strict,6360740,1,,,,,,,,,0.5
2984919,list_item,enre,strict,6368165,1,,,,,,,,,0.5
2984920,list_item,Ekklesia,strict,6370269,1,,,,,,,,,0.0
2984921,list_item,Eschatology,strict,6395989,1,,,,,,,,,0.5
2984922,list_item,Escapology,strict,6395989,1,,,,,,,,,0.5
2984923,list_item,Fake Money,strict,6396958,1,,,,,,,,,0.0
2984924,list_item,Methodism,strict,6400562,2,,,,,,,,,0.25
2984925,list_item,Moravianism,strict,6400562,2,,,,,,,,,0.25
2984926,list_item,Genghis Khan,strict,6405859,1,,,,,,,,,0.5
2984927,list_item,Seduction,strict,6406032,1,,,,,,,,,0.0
2984928,list_item,State Failure,strict,6412748,1,,,,,,,,,0.5
2984929,list_item,Regional Politics,strict,6412748,1,,,,,,,,,0.5
2984930,list_item,traitors,strict,6422345,1,,,,,,,,,0.5
2984931,list_item,Policies,strict,6424994,1,,,,,,,,,0.5
2984932,list_item,Data Privacy,strict,6427902,1,,,,,,,,,0.5
2984933,list_item,Sovereign Powers,strict,6427902,1,,,,,,,,,0.5
2984934,list_item,Global Revolt,strict,6447583,1,,,,,,,,,0.5
2984935,list_item,public art,strict,6451000,1,,,,,,,,,0.0
2984936,list_item,Dreams,strict,6456844,3,,,,,,,,,0.1737278299737517
2984937,list_item,Motion,strict,6458192,2,,,,,,,,,0.5
2984938,list_item,Religious Reform,strict,6458291,1,,,,,,,,,0.5
2984939,list_item,Transnational Poetics,strict,6458291,1,,,,,,,,,0.5
2984940,list_item,Physics,strict,6460491,1,,,,,,,,,0.5
2984941,list_item,Metaphysics,strict,6460491,1,,,,,,,,,0.5
2984942,list_item,Arbitration,strict,6460887,2,,,,,,,,,0.5
2984943,list_item,Neutrality,strict,6460887,1,,,,,,,,,0.5
2984944,list_item,Yoga,strict,6461006,2,,,,,,,,,0.25
2984945,list_item,Ayurveda,strict,6461006,1,,,,,,,,,0.0
2984946,list_item,Profit,strict,6462768,1,,,,,,,,,0.0
2984947,list_item,American Protestant Missionaries,strict,6471594,1,,,,,,,,,0.5
2984948,list_item,Pacific Worlds,strict,6471594,1,,,,,,,,,0.5
2984949,list_item,Arthur Conan Doyle,strict,6472656,1,,,,,,,,,0.5
2984950,list_item,Undershaw,strict,6472656,1,,,,,,,,,0.5
2984951,list_item,Case Studies,strict,6478504,1,,,,,,,,,0.5
2984952,list_item,Guiding Principles,strict,6478504,1,,,,,,,,,0.5
2984953,list_item,Folk Dance,strict,6490467,1,,,,,,,,,0.0
2984954,list_item,Haiti,strict,6490674,1,,,,,,,,,0.5
2984955,list_item,Haitians,strict,6490674,1,,,,,,,,,0.5
2984956,list_item,Avant-Garde Film,strict,6491872,1,,,,,,,,,0.0
2984957,list_item,Urban Planning,strict,6491872,1,,,,,,,,,0.0
2984958,list_item,political power,strict,6506230,1,,,,,,,,,0.0
2984959,list_item,indigenous tenure,strict,6506230,1,,,,,,,,,0.0
2984960,list_item,Imperial Culture,strict,6511402,1,,,,,,,,,0.0
2984961,list_item,Caribbean Migration,strict,6511402,1,,,,,,,,,0.0
2984962,list_item,Environmental Mutagens,strict,6512716,1,,,,,,,,,0.5
2984963,list_item,Scientist Activism,strict,6512716,1,,,,,,,,,0.5
2984964,list_item,Deguchi Onisaburo,strict,6515066,1,,,,,,,,,0.5
2984965,list_item,Oomoto,strict,6515066,1,,,,,,,,,0.5
2984966,list_item,Magic Bullets,strict,6523531,1,,,,,,,,,0.8556942446184175
2984967,list_item,Psychiatric Drugs,strict,6523531,1,,,,,,,,,0.8556942446184175
2984968,list_item,Victorian Femininity,strict,6524409,1,,,,,,,,,0.5
2984969,list_item,Manuscripts,strict,6526692,2,,,,,,,,,0.25
2984970,list_item,Mobilization,strict,6526692,2,,,,,,,,,0.25
2984971,list_item,Family Secrets,strict,6528832,1,,,,,,,,,0.5
2984972,list_item,Financial Collapse,strict,6528832,1,,,,,,,,,0.5
2984973,list_item,Sam Insull,strict,6530621,1,,,,,,,,,0.5
2984974,list_item,Software,strict,6539239,1,,,,,,,,,0.0
2984975,list_item,Special Operations,strict,6546441,1,,,,,,,,,0.6480346259461335
2984976,list_item,Commandos,strict,6546441,1,,,,,,,,,0.6480346259461335
2984977,list_item,Uses,strict,6561782,1,,,,,,,,,0.5
2984978,list_item,Abuses,strict,6561782,1,,,,,,,,,0.5
2984979,list_item,Naturalism,strict,6570901,2,,,,,,,,,0.25
2984980,list_item,Corporate Crimes,strict,6572582,1,,,,,,,,,0.8415505575751185
2984981,list_item,Backdoor Bailouts,strict,6572582,1,,,,,,,,,0.8415505575751185
2984982,list_item,Suppletion,strict,6573744,1,,,,,,,,,0.5
2984983,list_item,Superlatives,strict,6573744,1,,,,,,,,,0.5
2984984,list_item,Natural history,strict,6582684,1,,,,,,,,,0.0
2984985,list_item,beauty,strict,6582684,2,,,,,,,,,0.0
2984986,list_item,habitat changes,strict,6591028,1,,,,,,,,,0.6755952757875558
2984987,list_item,Colonists,strict,6591481,2,,,,,,,,,0.5
2984988,list_item,Tim o'Brien,strict,6591763,1,,,,,,,,,0.0
2984989,list_item,Travel,strict,6593129,4,,,,,,,,,0.5
2984990,list_item,Commonsense Thinking,strict,6593145,1,,,,,,,,,0.5
2984991,list_item,Citizen Science,strict,6594672,1,,,,,,,,,0.754572062495921
2984992,list_item,Fungi Fanatics,strict,6594672,1,,,,,,,,,0.754572062495921
2984993,list_item,celebrity,strict,6602159,1,,,,,,,,,0.0
2984994,list_item,photojournalism,strict,6602159,1,,,,,,,,,0.0
2984995,list_item,Psychiatry,strict,6605786,1,,,,,,,,,0.5
2984996,list_item,Economic Reason,strict,6605786,1,,,,,,,,,0.5
2984997,list_item,Girls,strict,6607637,1,,,,,,,,,0.5
2984998,list_item,Coal,strict,6611042,1,,,,,,,,,0.0
2984999,list_item,Climate Change,strict,6611042,4,,,,,,,,,0.5
2985000,list_item,Economic Restructuring,strict,6613246,1,,,,,,,,,0.5
2985001,list_item,Unemployment,strict,6613246,3,,,,,,,,,0.3333333333333333
2985002,list_item,inflation,strict,6618298,1,,,,,,,,,0.3010299956639812
2985003,list_item,monetary policy,strict,6618298,1,,,,,,,,,0.3010299956639812
2985004,list_item,figures,strict,6619232,1,,,,,,,,,0.0
2985005,list_item,Dinosaurs,strict,6624713,1,,,,,,,,,0.0
2985006,list_item,Dynasties,strict,6624713,1,,,,,,,,,0.0
2985007,list_item,Enterprise,strict,6624796,1,,,,,,,,,0.0
2985008,list_item,Moral Reasoning,strict,6626227,1,,,,,,,,,0.0
2985009,list_item,Criminal Conduct,strict,6626227,1,,,,,,,,,0.0
2985010,list_item,Religious Fervor,strict,6628263,1,,,,,,,,,0.5
2985011,list_item,White Workers,strict,6628263,1,,,,,,,,,0.5
2985012,list_item,Enhancement,strict,6628566,1,,,,,,,,,0.5
2985013,list_item,Implementation,strict,6628945,1,,,,,,,,,0.0
2985014,list_item,Twin Peaks,strict,6630483,1,,,,,,,,,0.5
2985015,list_item,Hill Street Blues,strict,6630483,1,,,,,,,,,0.5
2985016,list_item,Tribe,strict,6631221,2,,,,,,,,,0.0
2985017,list_item,Robert Gabriel Mugabe,strict,6635298,1,,,,,,,,,0.5
2985018,list_item,Pragmatic Constructivism,strict,6644395,1,,,,,,,,,0.5
2985019,list_item,International Practice,strict,6644395,1,,,,,,,,,0.5
2985020,list_item,Weapons,strict,6647967,1,,,,,,,,,0.5
2985021,list_item,Incas,strict,6658892,1,,,,,,,,,0.0
2985022,list_item,Wobblies,strict,6658945,1,,,,,,,,,0.5
2985023,list_item,Craft Workers,strict,6658945,1,,,,,,,,,0.5
2985024,list_item,Bluebirds,strict,6661023,1,,,,,,,,,0.0
2985025,list_item,Sharpshooters,strict,6661023,1,,,,,,,,,0.0
2985026,list_item,Plural Values,strict,6661693,1,,,,,,,,,0.0
2985027,list_item,Negative Liberty,strict,6661693,1,,,,,,,,,0.0
2985028,list_item,Editors,strict,6663397,1,,,,,,,,,0.0
2985029,list_item,Agents,strict,6663397,1,,,,,,,,,0.0
2985030,list_item,Open Source Intelligence,strict,6665176,1,,,,,,,,,0.5
2985031,list_item,Clicks,strict,6665313,1,,,,,,,,,0.5
2985032,list_item,Plants,strict,6668800,2,,,,,,,,,0.5
2985033,list_item,Agriculture,strict,6668800,1,,,,,,,,,0.5
2985034,list_item,Salsa,strict,6677111,1,,,,,,,,,0.0
2985035,list_item,Songo,strict,6677111,1,,,,,,,,,0.0
2985036,list_item,Hearts,strict,6677669,1,,,,,,,,,0.5
2985037,list_item,Economy,strict,6678797,1,,,,,,,,,0.5
2985038,list_item,Marvin Davis,strict,6681519,1,,,,,,,,,0.5
2985039,list_item,Barry Diller,strict,6681519,1,,,,,,,,,0.5
2985040,list_item,Rupert Murdoch,strict,6681519,1,,,,,,,,,0.5
2985041,list_item,Authenticity,strict,6692038,2,,,,,,,,,0.5
2985042,list_item,Prejudice,strict,6693994,2,,,,,,,,,0.5463508646673849
2985043,list_item,Robert Wise,strict,6698224,1,,,,,,,,,0.0
2985044,list_item,RKO Pictures,strict,6698224,1,,,,,,,,,0.0
2985045,list_item,Social Equity,strict,6705476,1,,,,,,,,,0.0
2985046,list_item,Fossils,strict,6712875,1,,,,,,,,,0.5
2985047,list_item,Puppets,strict,6724402,1,,,,,,,,,0.5
2985048,list_item,Circulation,strict,6728016,1,,,,,,,,,0.5
2985049,list_item,Thoughts Leadership,strict,6730788,1,,,,,,,,,0.0
2985050,list_item,Liberal Values,strict,6730788,1,,,,,,,,,0.0
2985051,list_item,Benjamin,strict,6737074,1,,,,,,,,,0.0
2985052,list_item,Rosenzweig,strict,6737074,1,,,,,,,,,0.0
2985053,list_item,Comics,strict,6739658,3,,,,,,,,,0.5553454965977778
2985054,list_item,Scribal Culture,strict,6740203,1,,,,,,,,,0.5
2985055,list_item,Maurice Rocco,strict,6744165,1,,,,,,,,,0.5
2985056,list_item,Transnational Nightlife,strict,6744165,1,,,,,,,,,0.5
2985057,list_item,diaspora,strict,6745659,1,,,,,,,,,0.0
2985058,list_item,Experts,strict,6746114,2,,,,,,,,,0.406335885195724
2985059,list_item,Judgments,strict,6748958,1,,,,,,,,,0.5
2985060,list_item,Progression,strict,6748958,1,,,,,,,,,0.5
2985061,list_item,Walther Nernst,strict,6759503,1,,,,,,,,,0.5
2985062,list_item,Andrew Cuomo,strict,6759698,1,,,,,,,,,0.0
2985063,list_item,Coronavirus,strict,6759698,1,,,,,,,,,0.0
2985064,list_item,Kurds,strict,6760118,1,,,,,,,,,0.0
2985065,list_item,Ambrosius,strict,6760709,1,,,,,,,,,0.0
2985066,list_item,Arthur,strict,6760709,2,,,,,,,,,0.0
2985067,list_item,Remorse,strict,6762030,1,,,,,,,,,0.5
2985068,list_item,Black Women,strict,6763275,2,,,,,,,,,0.5
2985069,list_item,American Communism,strict,6763275,1,,,,,,,,,0.5
2985070,list_item,Patents,strict,6771916,2,,,,,,,,,0.25
2985071,list_item,autonomous weaponry,strict,6790586,1,,,,,,,,,0.0
2985072,list_item,Same-Sex Couples,strict,6791466,1,,,,,,,,,0.5
2985073,list_item,Monogamy,strict,6791466,1,,,,,,,,,0.5
2985074,list_item,Lafayette,strict,6798012,1,,,,,,,,,0.5
2985075,list_item,Hunters,strict,6805498,1,,,,,,,,,0.5
2985076,list_item,Farmers,strict,6805498,1,,,,,,,,,0.5
2985077,list_item,Feminisms,strict,6811619,1,,,,,,,,,0.5
2985078,list_item,Monuments,strict,6824719,2,,,,,,,,,0.25
2985079,list_item,Tattoos,strict,6828613,1,,,,,,,,,0.5
2985080,list_item,Scalps,strict,6828613,1,,,,,,,,,0.5
2985081,list_item,Republicanism,strict,6838569,2,,,,,,,,,0.25
2985082,list_item,poise,strict,6851652,1,,,,,,,,,0.0
2985083,list_item,free movement,strict,6851652,1,,,,,,,,,0.0
2985084,list_item,Disgrace,strict,6871765,1,,,,,,,,,0.5
2985085,list_item,International Norms,strict,6878819,1,,,,,,,,,0.5
2985086,list_item,Radar,strict,6879981,1,,,,,,,,,0.5
2985087,list_item,Baschenis,strict,6890802,1,,,,,,,,,0.0
2985088,list_item,Bettera,strict,6890802,1,,,,,,,,,0.0
2985089,list_item,Malaria,strict,6892197,2,,,,,,,,,0.25
2985090,list_item,Yellow Fever,strict,6892197,1,,,,,,,,,0.5
2985091,list_item,Imperial Portugal,strict,6895296,1,,,,,,,,,0.5
2985092,list_item,Sri Lankan Diplomacy,strict,6895296,1,,,,,,,,,0.5
2985093,list_item,minorities,strict,6900589,1,,,,,,,,,0.0
2985094,list_item,indigenous peoples,strict,6900589,1,,,,,,,,,0.0
2985095,list_item,World Bank,strict,6901235,1,,,,,,,,,0.5
2985096,list_item,Environmental Impoverishment,strict,6901235,1,,,,,,,,,0.5
2985097,list_item,Practical Formation,strict,6902951,1,,,,,,,,,0.0
2985098,list_item,Exoplanets,strict,6903842,1,,,,,,,,,0.7136606749833527
2985099,list_item,Habitability,strict,6903842,1,,,,,,,,,0.7136606749833527
2985100,list_item,gross garbage,strict,6923072,1,,,,,,,,,0.5514745934478024
2985101,list_item,rotten rubbish,strict,6923072,1,,,,,,,,,0.5514745934478024
2985102,list_item,Military Psychiatry,strict,6923871,1,,,,,,,,,0.5
2985103,list_item,Fetish,strict,6924829,1,,,,,,,,,0.0
2985104,list_item,Lawyers,strict,6939251,1,,,,,,,,,0.0
2985105,list_item,Broadway,strict,6939251,2,,,,,,,,,0.25
2985106,list_item,Left Strategy,strict,6945611,1,,,,,,,,,0.5
2985107,list_item,Thatcher,strict,6957788,1,,,,,,,,,0.5
2985108,list_item,Energy,strict,6962631,2,,,,,,,,,0.5
2985109,list_item,Lemaitre,strict,6978136,1,,,,,,,,,0.6554192805066351
2985110,list_item,Washington Politics,strict,6992361,1,,,,,,,,,0.0
2985111,list_item,World Poverty,strict,6992361,1,,,,,,,,,0.0
2985112,list_item,Creative Visual Thinkers,strict,7008900,1,,,,,,,,,0.5
2985113,list_item,Gifted Dyslexics,strict,7008900,1,,,,,,,,,0.5
2985114,list_item,Enlightenment,strict,7009785,2,,,,,,,,,0.7150707963674128
2985115,list_item,lind republicans,strict,7019554,1,,,,,,,,,0.7966646688961491
2985116,list_item,lame democrats,strict,7019554,1,,,,,,,,,0.7966646688961491
2985117,list_item,Tourists,strict,7021897,1,,,,,,,,,0.5
2985118,list_item,Amerikaners,strict,7022814,1,,,,,,,,,0.5
2985119,list_item,Neoliberals,strict,7022814,1,,,,,,,,,0.5
2985120,list_item,Biotechnology,strict,7022911,1,,,,,,,,,0.5
2985121,list_item,Sustainability,strict,7022911,2,,,,,,,,,0.5
2985122,list_item,Aeneas,strict,7028737,1,,,,,,,,,0.0
2985123,list_item,Christian Ritual,strict,7034618,1,,,,,,,,,0.5
2985124,list_item,Biblical Narrative,strict,7034618,1,,,,,,,,,0.5
2985125,list_item,Dewey,strict,7034678,1,,,,,,,,,0.5
2985126,list_item,Emerson,strict,7034678,1,,,,,,,,,0.5
2985127,list_item,Pollution,strict,7035494,1,,,,,,,,,0.5
2985128,list_item,Transparency,strict,7041508,2,,,,,,,,,0.0
2985129,list_item,political economy,strict,7053065,1,,,,,,,,,0.0
2985130,list_item,cultural dynamics,strict,7053065,1,,,,,,,,,0.0
2985131,list_item,exotic cocktails,strict,7053699,1,,,,,,,,,0.5714490477134252
2985132,list_item,rum,strict,7053699,1,,,,,,,,,0.5714490477134252
2985133,list_item,Neo-Liberalism,strict,7054221,1,,,,,,,,,0.22686229879265654
2985134,list_item,Administrative Violence,strict,7054728,1,,,,,,,,,0.5
2985135,list_item,Critical Trans Politics,strict,7054728,1,,,,,,,,,0.5
2985136,list_item,Pride,strict,7054812,1,,,,,,,,,0.9679874601867442
2985137,list_item,Intelligence,strict,7055615,1,,,,,,,,,0.5
2985138,list_item,Counterintelligence,strict,7055615,1,,,,,,,,,0.5
2985139,list_item,Folk Theories,strict,7056237,1,,,,,,,,,0.5
2985140,list_item,Political Interaction,strict,7056237,1,,,,,,,,,0.5
2985141,list_item,New Consciousness,strict,7057004,1,,,,,,,,,0.4616319446313741
2985142,list_item,Quantum Resonance,strict,7057004,1,,,,,,,,,0.4616319446313741
2985143,list_item,Popular Culture,strict,7058993,1,,,,,,,,,0.5
2985144,list_item,K.D.,strict,7065960,1,,,,,,,,,0.5
2985145,list_item,Capitalist Ideology,strict,7071333,1,,,,,,,,,0.0
2985146,list_item,Boyars,strict,7087087,1,,,,,,,,,0.5
2985147,list_item,Motherhood,strict,7088187,2,,,,,,,,,0.25
2985148,list_item,Reconciliation,strict,7088409,1,,,,,,,,,0.5
2985149,list_item,Evolutionary Ethics,strict,7093299,1,,,,,,,,,0.5
2985150,list_item,Moral Revolutions,strict,7093299,1,,,,,,,,,0.5
2985151,list_item,Public Service,strict,7100374,1,,,,,,,,,0.5
2985152,list_item,Private Influence,strict,7100374,1,,,,,,,,,0.5
2985153,list_item,Traditionalism,strict,7101339,1,,,,,,,,,0.5
2985154,list_item,Appropriation,strict,7101339,1,,,,,,,,,0.5
2985155,list_item,Elites,strict,7119253,3,,,,,,,,,0.48827439003637324
2985156,list_item,Consumers,strict,7119922,2,,,,,,,,,0.34029344818898477
2985157,list_item,Campaigns,strict,7120586,1,,,,,,,,,0.5
2985158,list_item,Caucuses,strict,7120586,1,,,,,,,,,0.5
2985159,list_item,Relationship,strict,7121670,1,,,,,,,,,0.5
2985160,list_item,Creative Writing Skills,strict,7121670,1,,,,,,,,,0.5
2985161,list_item,Frank Smith,strict,7122118,1,,,,,,,,,0.5275198564308229
2985162,list_item,Ronnie Earle,strict,7122118,1,,,,,,,,,0.5275198564308229
2985163,list_item,Transplants,strict,7125309,1,,,,,,,,,0.0
2985164,list_item,Outposts,strict,7125309,1,,,,,,,,,0.0
2985165,list_item,Meditations,strict,7141000,1,,,,,,,,,0.0
2985166,list_item,Lenin,strict,7151079,4,,,,,,,,,0.04255543838528301
2985167,list_item,Wilson,strict,7151079,4,,,,,,,,,0.04255543838528301
2985168,list_item,Contested Voices,strict,7153152,1,,,,,,,,,0.5
2985169,list_item,Indian Captivity,strict,7153152,1,,,,,,,,,0.5
2985170,list_item,Margaret Thatcher,strict,7154222,1,,,,,,,,,0.0
2985171,list_item,John Major,strict,7154222,1,,,,,,,,,0.0
2985172,list_item,D.C.,strict,7155001,1,,,,,,,,,0.5
2985173,list_item,L.A.,strict,7155001,1,,,,,,,,,0.5
2985174,list_item,Bill Clinton,strict,7155399,1,,,,,,,,,0.0
2985175,list_item,Patriots,strict,7163166,1,,,,,,,,,0.5
2985176,list_item,Priests,strict,7163166,1,,,,,,,,,0.5
2985177,list_item,Viruses,strict,7185398,1,,,,,,,,,0.5
2985178,list_item,Wisdom,strict,7185914,1,,,,,,,,,0.0
2985179,list_item,Recipes,strict,7185914,2,,,,,,,,,0.0
2985180,list_item,Intersectionality,strict,7186932,1,,,,,,,,,0.0
2985181,list_item,Vice,strict,7190694,1,,,,,,,,,0.5
2985182,list_item,Nigerian Psychiatrists,strict,7197014,1,,,,,,,,,0.5
2985183,list_item,Platforms,strict,7202783,1,,,,,,,,,0.5
2985184,list_item,Stress,strict,7204907,1,,,,,,,,,0.5
2985185,list_item,Expectation,strict,7216214,1,,,,,,,,,0.5
2985186,list_item,Heroes,strict,7216394,3,,,,,,,,,0.3333333333333333
2985187,list_item,Fools,strict,7216394,1,,,,,,,,,0.5
2985188,list_item,Controversy,strict,7217885,2,,,,,,,,,0.25
2985189,list_item,Liberal War,strict,7217992,1,,,,,,,,,0.5
2985190,list_item,Historians,strict,7218647,2,,,,,,,,,0.5
2985191,list_item,Manhood,strict,7219341,1,,,,,,,,,0.7100477069569824
2985192,list_item,Roger Staubach,strict,7219396,1,,,,,,,,,0.0
2985193,list_item,Franco Harris,strict,7219396,1,,,,,,,,,0.0
2985194,list_item,Desert Exploration,strict,7220582,1,,,,,,,,,0.0
2985195,list_item,Arabian Intrigue,strict,7220582,1,,,,,,,,,0.0
2985196,list_item,Preservation,strict,7221426,3,,,,,,,,,0.0
2985197,list_item,Human Cognition,strict,7229839,1,,,,,,,,,0.0
2985198,list_item,Rogues,strict,7249198,2,,,,,,,,,0.0
2985199,list_item,Community Action,strict,7249573,1,,,,,,,,,0.0
2985200,list_item,Responsive Local States,strict,7249573,1,,,,,,,,,0.0
2985201,list_item,Stem Cells,strict,7249715,1,,,,,,,,,0.5
2985202,list_item,Allstate Insurance,strict,7252282,1,,,,,,,,,0.5
2985203,list_item,Shadow Networks,strict,7252282,1,,,,,,,,,0.5
2985204,list_item,Marie Curie,strict,7253627,1,,,,,,,,,0.8297742566475654
2985205,list_item,Bronia Dluska,strict,7253627,1,,,,,,,,,0.8297742566475654
2985206,list_item,Quality,strict,7253746,1,,,,,,,,,0.5
2985207,list_item,Action,strict,7263707,2,,,,,,,,,0.0
2985208,list_item,Praxis,strict,7263707,2,,,,,,,,,0.0
2985209,list_item,Vouchers,strict,7272703,1,,,,,,,,,0.0
2985210,list_item,Design Excellence,strict,7281451,1,,,,,,,,,0.0
2985211,list_item,Competitions,strict,7281451,1,,,,,,,,,0.0
2985212,list_item,Imperial Legacy,strict,7285517,1,,,,,,,,,0.5
2985213,list_item,Wartime Experience,strict,7285517,1,,,,,,,,,0.5
2985214,list_item,Self-Defence,strict,7290099,2,,,,,,,,,0.25
2985215,list_item,Countermeasures,strict,7290099,2,,,,,,,,,0.25
2985216,list_item,Necessity,strict,7290099,2,,,,,,,,,0.25
2985217,list_item,Numeracy,strict,7295146,1,,,,,,,,,0.5
2985218,list_item,Rome,strict,7295417,1,,,,,,,,,0.5
2985219,list_item,Maritime Predation,strict,7296030,1,,,,,,,,,0.5
2985220,list_item,Reflexivity,strict,7296560,2,,,,,,,,,0.5
2985221,list_item,Gilded Age Misfits,strict,7302299,1,,,,,,,,,0.5
2985222,list_item,Japanese Eccentrics,strict,7302299,1,,,,,,,,,0.5
2985223,list_item,Gnostic Astrology,strict,7304165,1,,,,,,,,,0.0
2985224,list_item,Initiatic Kabbalah,strict,7304165,1,,,,,,,,,0.0
2985225,list_item,Genoa,strict,7305314,1,,,,,,,,,0.0
2985226,list_item,Carson City,strict,7305314,1,,,,,,,,,0.0
2985227,list_item,Honey Lake,strict,7305314,1,,,,,,,,,0.0
2985228,list_item,Ragtime,strict,7314028,1,,,,,,,,,0.5
2985229,list_item,Psychedelics,strict,7314444,3,,,,,,,,,0.26095001455828065
2985230,list_item,Liturgy,strict,7318669,1,,,,,,,,,0.0
2985231,list_item,Janet Jackson,strict,7321908,1,,,,,,,,,0.0
2985232,list_item,Justin Timberlake,strict,7321908,1,,,,,,,,,0.0
2985233,list_item,heavy metal Muslims,strict,7345435,1,,,,,,,,,0.5
2985234,list_item,Richard Rodgers,strict,7357206,1,,,,,,,,,0.5
2985235,list_item,Robert Russell Bennett,strict,7357206,1,,,,,,,,,0.5
2985236,list_item,Tech,strict,7359382,1,,,,,,,,,0.5
2985237,list_item,Public Diplomacy,strict,7385170,1,,,,,,,,,0.5
2985238,list_item,Smart Power,strict,7385170,1,,,,,,,,,0.5
2985239,list_item,Woman Suffrage,strict,7387082,2,,,,,,,,,0.25
2985240,list_item,Free Elections,strict,7387082,2,,,,,,,,,0.25
2985241,list_item,John Risley,strict,7398829,1,,,,,,,,,0.0
2985242,list_item,Clearwater,strict,7398829,1,,,,,,,,,0.0
2985243,list_item,Neoliberal Globalization,strict,7411551,1,,,,,,,,,0.5
2985244,list_item,Mules,strict,7415605,1,,,,,,,,,0.5
2985245,list_item,Machines,strict,7415605,2,,,,,,,,,0.5
2985246,list_item,Values,strict,7417251,1,,,,,,,,,0.5
2985247,list_item,World War II,strict,7424399,1,,,,,,,,,0.8180186548069335
2985248,list_item,Progressives,strict,7424502,1,,,,,,,,,0.8444589062654017
2985249,list_item,Centrists,strict,7424502,1,,,,,,,,,0.8444589062654017
2985250,list_item,Kingdom,strict,7431608,1,,,,,,,,,0.0
2985251,list_item,Diaconal Church,strict,7431608,1,,,,,,,,,0.0
2985252,list_item,Analysis,strict,7433385,1,,,,,,,,,0.0
2985253,list_item,Byzantine Heritage,strict,7443131,1,,,,,,,,,0.0
2985254,list_item,Imperial Present,strict,7443131,1,,,,,,,,,0.0
2985255,list_item,S.J.,strict,7443248,1,,,,,,,,,0.5
2985256,list_item,Containment,strict,7444238,1,,,,,,,,,0.5
2985257,list_item,Indigeneity,strict,7447077,3,,,,,,,,,0.0
2985258,list_item,Hysterectomy,strict,7466372,1,,,,,,,,,0.05409330199806542
2985259,list_item,Capitalist Patriarchy,strict,7466372,1,,,,,,,,,0.05409330199806542
2985260,list_item,Cultural Practice,strict,7475404,1,,,,,,,,,0.5
2985261,list_item,Collectivity,strict,7477046,1,,,,,,,,,0.0
2985262,list_item,Depression,strict,7477212,1,,,,,,,,,0.5
2985263,list_item,disasters,strict,7506235,1,,,,,,,,,0.18326253240875467
2985264,list_item,Political Regimes,strict,7508711,1,,,,,,,,,0.5
2985265,list_item,Legal Aid,strict,7518867,1,,,,,,,,,0.0
2985266,list_item,Prosecution,strict,7518867,1,,,,,,,,,0.0
2985267,list_item,Black Nationalism,strict,7526316,1,,,,,,,,,0.0
2985268,list_item,Reparations,strict,7526316,1,,,,,,,,,0.0
2985269,list_item,hustlers,strict,7538174,1,,,,,,,,,0.1621794633746952
2985270,list_item,Survival,strict,7538953,2,,,,,,,,,0.25
2985271,list_item,James Bailey,strict,7540813,1,,,,,,,,,0.3783997235392524
2985272,list_item,John Ringling,strict,7540813,1,,,,,,,,,0.3783997235392524
2985273,list_item,D.W. Griffith,strict,7544656,2,,,,,,,,,0.0
2985274,list_item,American Racism,strict,7544656,2,,,,,,,,,0.0
2985275,list_item,Adidas,strict,7544791,1,,,,,,,,,0.8041440505273284
2985276,list_item,Puma,strict,7544791,1,,,,,,,,,0.8041440505273284
2985277,list_item,Slam,strict,7549428,1,,,,,,,,,0.5
2985278,list_item,Hip Hop,strict,7549428,1,,,,,,,,,0.5
2985279,list_item,Innocence,strict,7551911,1,,,,,,,,,0.5
2985280,list_item,Awareness,strict,7551911,1,,,,,,,,,0.5
2985281,list_item,Estrangement,strict,7551911,1,,,,,,,,,0.5
2985282,list_item,Horace Kallen,strict,7571873,1,,,,,,,,,0.0
2985283,list_item,Alain Locke,strict,7571873,1,,,,,,,,,0.0
2985284,list_item,Public Images,strict,7571957,1,,,,,,,,,0.5
2985285,list_item,Private Memories,strict,7571957,1,,,,,,,,,0.5
2985286,list_item,Tumult,strict,7572312,1,,,,,,,,,0.5
2985287,list_item,Heroics,strict,7572312,1,,,,,,,,,0.5
2985288,list_item,Imaginary Jobs,strict,7574742,1,,,,,,,,,0.5
2985289,list_item,Bulldozed Homes,strict,7574742,1,,,,,,,,,0.5
2985290,list_item,Crystals,strict,7589161,2,,,,,,,,,0.0
2985291,list_item,Herbs,strict,7589161,1,,,,,,,,,0.0
2985292,list_item,Olympics,strict,7590954,1,,,,,,,,,0.5
2985293,list_item,Expos,strict,7590954,1,,,,,,,,,0.5
2985294,list_item,Computers,strict,7592298,1,,,,,,,,,0.5
2985295,list_item,Medical Intrigue,strict,7605074,1,,,,,,,,,0.5
2985296,list_item,Mathematics,strict,7605789,1,,,,,,,,,0.5
2985297,list_item,Astronomy,strict,7605789,1,,,,,,,,,0.5
2985298,list_item,Knowledge Production,strict,7610719,1,,,,,,,,,0.0
2985299,list_item,Universities,strict,7610719,1,,,,,,,,,0.0
2985300,list_item,British Service Providers,strict,7616169,1,,,,,,,,,0.0
2985301,list_item,Postcommunist Elites,strict,7616169,1,,,,,,,,,0.0
2985302,list_item,James Webb,strict,7635438,1,,,,,,,,,0.0
2985303,list_item,JFK,strict,7635438,1,,,,,,,,,0.0
2985304,list_item,Fertility,strict,7636488,1,,,,,,,,,0.5
2985305,list_item,Guaraní,strict,7636892,1,,,,,,,,,0.5
2985306,list_item,Direct Action,strict,7639359,1,,,,,,,,,0.0
2985307,list_item,Hacktivism,strict,7639359,1,,,,,,,,,0.0
2985308,list_item,Supremacy,strict,7640661,1,,,,,,,,,0.5
2985309,list_item,Inferiority,strict,7640661,1,,,,,,,,,0.5
2985310,list_item,Luo Zhenyu,strict,7644350,1,,,,,,,,,0.0
2985311,list_item,Qing loyalists,strict,7644350,1,,,,,,,,,0.0
2985312,list_item,Museums,strict,7647296,1,,,,,,,,,0.5
2985313,list_item,Cronus,strict,7648243,1,,,,,,,,,0.0
2985314,list_item,Tips,strict,7649598,1,,,,,,,,,0.0
2985315,list_item,Strategies,strict,7649598,1,,,,,,,,,0.0
2985316,list_item,Recommendations,strict,7649598,1,,,,,,,,,0.0
2985317,list_item,confrontation,strict,7653502,1,,,,,,,,,0.0
2985318,list_item,reformation,strict,7664157,1,,,,,,,,,0.0
2985319,list_item,Math,strict,7665407,2,,,,,,,,,0.25
2985320,list_item,Plain-Folk Religion,strict,7666363,1,,,,,,,,,0.5
2985321,list_item,Grassroots Politics,strict,7666363,1,,,,,,,,,0.5
2985322,list_item,Juul,strict,7668647,1,,,,,,,,,0.5
2985323,list_item,Military Obligation,strict,7670938,1,,,,,,,,,0.0
2985324,list_item,Isambard Kingdom Brunel,strict,7671168,1,,,,,,,,,0.0
2985325,list_item,Samuel Cunard,strict,7671168,1,,,,,,,,,0.0
2985326,list_item,Latina Immigrants,strict,7671214,1,,,,,,,,,0.5
2985327,list_item,Low-Wage Jobs,strict,7671214,1,,,,,,,,,0.5
2985328,list_item,Political Economy,strict,7680930,1,,,,,,,,,0.5
2985329,list_item,Cultural Dynamics,strict,7680930,1,,,,,,,,,0.5
2985330,list_item,Civil War Memory,strict,7685595,1,,,,,,,,,0.0
2985331,list_item,Aged Women,strict,7686199,1,,,,,,,,,0.0
2985332,list_item,Spectatorship,strict,7697859,1,,,,,,,,,0.5
2985333,list_item,Images,strict,7698623,1,,,,,,,,,0.0
2985334,list_item,Evidence,strict,7698623,3,,,,,,,,,0.3333333333333333
2985335,list_item,Cruelty,strict,7699214,1,,,,,,,,,0.0
2985336,list_item,Experience,strict,7702298,1,,,,,,,,,0.5
2985337,list_item,Fuel Cells,strict,7703375,1,,,,,,,,,0.5
2985338,list_item,Futurism,strict,7703375,1,,,,,,,,,0.5
2985339,list_item,Jacques-Louis David,strict,7704203,1,,,,,,,,,0.0
2985340,list_item,Television,strict,7719992,2,,,,,,,,,0.26300547238704536
2985341,list_item,memory culture,strict,7728410,1,,,,,,,,,0.0
2985342,list_item,memory crisis,strict,7728410,1,,,,,,,,,0.0
2985343,list_item,Gnomai,strict,7729860,1,,,,,,,,,0.5
2985344,list_item,Insanity,strict,7731309,1,,,,,,,,,0.0
2985345,list_item,Recovery,strict,7731319,1,,,,,,,,,0.5
2985346,list_item,Senior Activism,strict,7733596,1,,,,,,,,,0.5
2985347,list_item,Tiny Publics,strict,7733596,1,,,,,,,,,0.5
2985348,list_item,Publishers,strict,7740254,2,,,,,,,,,0.5
2985349,list_item,Designers,strict,7740254,1,,,,,,,,,0.5
2985350,list_item,Steve Bannon,strict,7760591,1,,,,,,,,,0.3284295652408724
2985351,list_item,Abolition,strict,7763272,1,,,,,,,,,0.5
2985352,list_item,Counter-Elites,strict,7773972,1,,,,,,,,,0.9648231701091198
2985353,list_item,Residence,strict,7774796,1,,,,,,,,,0.5
2985354,list_item,Mandala,strict,7792501,2,,,,,,,,,0.0
2985355,list_item,Mantra,strict,7792501,2,,,,,,,,,0.0
2985356,list_item,Gulag Returnees,strict,7792517,1,,,,,,,,,0.5
2985357,list_item,Contestation,strict,7792537,1,,,,,,,,,0.0
2985358,list_item,Scriblerian Satire,strict,7792705,1,,,,,,,,,0.5
2985359,list_item,el Sistema,strict,7793136,1,,,,,,,,,0.5
2985360,list_item,Lament,strict,7794156,1,,,,,,,,,0.5
2985361,list_item,Oliver Simon,strict,7795262,1,,,,,,,,,0.0
2985362,list_item,Signature Magazine,strict,7795262,1,,,,,,,,,0.0
2985363,list_item,Cryptids,strict,7798338,1,,,,,,,,,0.35746405220273614
2985364,list_item,Ball Lightning,strict,7798338,1,,,,,,,,,0.35746405220273614
2985365,list_item,Queerness,strict,7805752,2,,,,,,,,,0.6571007695343767
2985366,list_item,systems security,strict,7807257,1,,,,,,,,,0.0
2985367,list_item,record retention,strict,7807257,1,,,,,,,,,0.0
2985368,list_item,Molecular Biology,strict,7812882,1,,,,,,,,,0.5
2985369,list_item,Curfews,strict,7813477,1,,,,,,,,,0.5
2985370,list_item,doctrine,strict,7818841,1,,,,,,,,,0.0
2985371,list_item,reckless ambition,strict,7823636,1,,,,,,,,,0.0
2985372,list_item,backroom negotiations,strict,7823636,1,,,,,,,,,0.0
2985373,list_item,Food Security,strict,7824321,1,,,,,,,,,0.5
2985374,list_item,Robert Evans,strict,7824496,1,,,,,,,,,0.0
2985375,list_item,Francis Newdigate,strict,7824496,1,,,,,,,,,0.0
2985376,list_item,Debility,strict,7824696,1,,,,,,,,,0.5
2985377,list_item,Zoos,strict,7825571,1,,,,,,,,,0.0
2985378,list_item,Captivity,strict,7825571,2,,,,,,,,,0.25
2985379,list_item,Jewish Writers,strict,7843598,1,,,,,,,,,0.0
2985380,list_item,Nazis,strict,7843598,1,,,,,,,,,0.0
2985381,list_item,Argument,strict,7844591,1,,,,,,,,,0.5
2985382,list_item,Hypertext,strict,7853876,1,,,,,,,,,0.0
2985383,list_item,Mexican Peasants,strict,7856164,1,,,,,,,,,0.5
2985384,list_item,National Projects,strict,7856164,1,,,,,,,,,0.5
2985385,list_item,Best Practice,strict,7858227,1,,,,,,,,,0.0
2985386,list_item,Battles,strict,7860642,1,,,,,,,,,0.6356614805918359
2985387,list_item,Middle-Class Parents,strict,7860919,1,,,,,,,,,0.5
2985388,list_item,Children&#39;s Problems,strict,7860919,1,,,,,,,,,0.5
2985389,list_item,Sexism,strict,7868764,2,,,,,,,,,0.19505682255341683
2985390,list_item,Black Genius,strict,7887983,2,,,,,,,,,0.30848478141233343
2985391,list_item,Jazz History,strict,7887983,2,,,,,,,,,0.30848478141233343
2985392,list_item,Science Fiction,strict,7890191,1,,,,,,,,,0.5
2985393,list_item,Extraterrestrials,strict,7894468,1,,,,,,,,,0.0
2985394,list_item,Mercenaries,strict,7899354,2,,,,,,,,,0.25
2985395,list_item,Private Military Companies,strict,7899354,1,,,,,,,,,0.5
2985396,list_item,Drones,strict,7899354,1,,,,,,,,,0.5
2985397,list_item,Burnt Cork,strict,7900105,1,,,,,,,,,0.5
2985398,list_item,New Weapons,strict,7900785,1,,,,,,,,,0.0
2985399,list_item,New Wars,strict,7900785,1,,,,,,,,,0.0
2985400,list_item,Thasos,strict,7905637,1,,,,,,,,,0.0
2985401,list_item,Samothrace,strict,7905637,1,,,,,,,,,0.0
2985402,list_item,secrets,strict,7918228,1,,,,,,,,,0.0
2985403,list_item,Literary History,strict,7919306,1,,,,,,,,,0.5
2985404,list_item,Public Opinion,strict,7924773,2,,,,,,,,,0.5
2985405,list_item,Hybrid Discourses,strict,7933337,1,,,,,,,,,0.5
2985406,list_item,Hysteria,strict,7936596,1,,,,,,,,,0.0
2985407,list_item,Corporate Structures,strict,7949637,1,,,,,,,,,0.0
2985408,list_item,Logic,strict,7952718,1,,,,,,,,,0.5
2985409,list_item,Visions,strict,7953118,2,,,,,,,,,0.5
2985410,list_item,Revelations,strict,7953118,1,,,,,,,,,0.5
2985411,list_item,Social Times,strict,7982146,1,,,,,,,,,0.0
2985412,list_item,Bernini,strict,7982488,1,,,,,,,,,0.18326253240875467
2985413,list_item,Pope Alexander VII,strict,7982488,1,,,,,,,,,0.18326253240875467
2985414,list_item,Apostrophe,strict,7991237,2,,,,,,,,,0.25
2985415,list_item,Auditors,strict,7991237,2,,,,,,,,,0.25
2985416,list_item,faith activists,strict,8011927,1,,,,,,,,,0.12766631515584903
2985417,list_item,Erotics,strict,8012017,1,,,,,,,,,0.5
2985418,list_item,John Mcenroe,strict,8012504,1,,,,,,,,,0.5
2985419,list_item,Regulations,strict,8013627,1,,,,,,,,,0.5
2985420,list_item,Deterrence,strict,8015987,1,,,,,,,,,0.5
2985421,list_item,Taboo,strict,8015987,1,,,,,,,,,0.5
2985422,list_item,Idolatry,strict,8031570,1,,,,,,,,,0.0
2985423,list_item,Transhumanism,strict,8031570,1,,,,,,,,,0.0
2985424,list_item,Vladimir Nabokov,strict,8043250,1,,,,,,,,,0.4177495788764623
2985425,list_item,Edmund Wilson,strict,8043250,1,,,,,,,,,0.4177495788764623
2985426,list_item,Alfred Nicola,strict,8046734,1,,,,,,,,,0.0
2985427,list_item,Mass Transfer Mechanism,strict,8047069,1,,,,,,,,,0.5
2985428,list_item,Geochemical Cycle,strict,8047069,1,,,,,,,,,0.5
2985429,list_item,Russell,strict,8057867,1,,,,,,,,,0.0
2985430,list_item,Trans Women,strict,8061642,1,,,,,,,,,0.5
2985431,list_item,Hijras,strict,8061642,1,,,,,,,,,0.5
2985432,list_item,self-concept,strict,8071724,1,,,,,,,,,0.0
2985433,list_item,Infrastructures,strict,8076563,1,,,,,,,,,0.5
2985434,list_item,Engineers,strict,8076563,1,,,,,,,,,0.5
2985435,list_item,Demonization,strict,8076728,1,,,,,,,,,0.5
2985436,list_item,Legalization,strict,8076728,1,,,,,,,,,0.5
2985437,list_item,Political Ecology,strict,8088443,1,,,,,,,,,0.5
2985438,list_item,Cryptocurrencies,strict,8091879,1,,,,,,,,,0.0
2985439,list_item,Smart Contracts,strict,8091879,1,,,,,,,,,0.0
2985440,list_item,Augustus,strict,8091950,1,,,,,,,,,0.0
2985441,list_item,Marc Antony,strict,8091950,1,,,,,,,,,0.0
2985442,list_item,Marcus Aemilius Lepidus,strict,8091950,1,,,,,,,,,0.0
2985443,list_item,radical interdependence,strict,8104957,1,,,,,,,,,0.5
2985444,list_item,Spoilers,strict,8108520,1,,,,,,,,,0.5
2985445,list_item,Peace Agreements,strict,8108520,1,,,,,,,,,0.5
2985446,list_item,Gene Drives,strict,8116804,1,,,,,,,,,0.0
2985447,list_item,Strong Design,strict,8124484,1,,,,,,,,,0.5
2985448,list_item,Lush Planting,strict,8124484,1,,,,,,,,,0.5
2985449,list_item,Relief,strict,8136454,1,,,,,,,,,0.0
2985450,list_item,Optics,strict,8136454,1,,,,,,,,,0.0
2985451,list_item,International Conflict,strict,8147360,1,,,,,,,,,0.0
2985452,list_item,Political Decay,strict,8147360,1,,,,,,,,,0.0
2985453,list_item,Occupation,strict,8151540,1,,,,,,,,,0.0
2985454,list_item,Assembly,strict,8151540,1,,,,,,,,,0.0
2985455,list_item,Mary,strict,8172041,1,,,,,,,,,0.5
2985456,list_item,Joseph,strict,8172041,1,,,,,,,,,0.5
2985457,list_item,Mark Antony,strict,8178898,1,,,,,,,,,0.0
2985458,list_item,Entitlement,strict,8190103,1,,,,,,,,,0.0
2985459,list_item,political correctness,strict,8190103,1,,,,,,,,,0.0
2985460,list_item,Urban Iconography,strict,8198967,1,,,,,,,,,0.0
2985461,list_item,Bayle,strict,8201319,1,,,,,,,,,0.5
2985462,list_item,Biopics,strict,8201940,1,,,,,,,,,0.5
2985463,list_item,Celebrity Culture,strict,8201940,1,,,,,,,,,0.5
2985464,list_item,Optimization,strict,8207351,1,,,,,,,,,0.5
2985465,list_item,vice presidents,strict,8228805,1,,,,,,,,,0.8753792439572954
2985466,list_item,Tribalism,strict,8229271,3,,,,,,,,,0.0
2985467,list_item,Quebec,strict,8233292,3,,,,,,,,,0.16666666666666666
2985468,list_item,Brazil,strict,8233292,1,,,,,,,,,0.5
2985469,list_item,Computation,strict,8242249,1,,,,,,,,,0.0
2985470,list_item,Text,strict,8242249,2,,,,,,,,,0.25
2985471,list_item,Faith Bacon,strict,8259298,1,,,,,,,,,0.0
2985472,list_item,Sally Rand,strict,8259298,1,,,,,,,,,0.0
2985473,list_item,Party Transformation,strict,8259815,1,,,,,,,,,0.5
2985474,list_item,Collective Action,strict,8260163,1,,,,,,,,,0.0
2985475,list_item,Group Development,strict,8260163,1,,,,,,,,,0.0
2985476,list_item,Azerbaijan,strict,8260596,1,,,,,,,,,0.0
2985477,list_item,Armenia,strict,8260596,1,,,,,,,,,0.0
2985478,list_item,Grievance,strict,8278655,1,,,,,,,,,0.5
2985479,list_item,capes,strict,8290111,1,,,,,,,,,0.47902484986046073
2985480,list_item,cowls,strict,8290111,1,,,,,,,,,0.47902484986046073
2985481,list_item,Privacy,strict,8290187,1,,,,,,,,,0.5
2985482,list_item,Mediation,strict,8291149,1,,,,,,,,,0.5
2985483,list_item,John Locke,strict,8291882,1,,,,,,,,,0.5
2985484,list_item,Discipline,strict,8291882,1,,,,,,,,,0.5
2985485,list_item,Advocacy,strict,8291945,1,,,,,,,,,0.0
2985486,list_item,Jurisdiction,strict,8294936,1,,,,,,,,,0.0
2985487,list_item,English Literature,strict,8294936,1,,,,,,,,,0.0
2985488,list_item,Northern Arizona Altitude,strict,8295462,1,,,,,,,,,0.0
2985489,list_item,Lumberjack Attitude,strict,8295462,1,,,,,,,,,0.0
2985490,list_item,Victorian Poetry,strict,8303600,1,,,,,,,,,0.5
2985491,list_item,Formalism,strict,8303600,1,,,,,,,,,0.5
2985492,list_item,Wireless Business Models,strict,8311097,1,,,,,,,,,0.0
2985493,list_item,Mvnos,strict,8311097,1,,,,,,,,,0.0
2985494,list_item,Sitcoms,strict,8326902,1,,,,,,,,,0.6913478554068548
2985495,list_item,Specials,strict,8326902,1,,,,,,,,,0.6913478554068548
2985496,list_item,Gaza,strict,8339552,1,,,,,,,,,0.5
2985497,list_item,Millennium,strict,8362076,1,,,,,,,,,0.5
2985498,list_item,Holiness,strict,8362076,1,,,,,,,,,0.5
2985499,list_item,Peers,strict,8382754,1,,,,,,,,,0.5
2985500,list_item,Epistemology,strict,8383969,1,,,,,,,,,0.5
2985501,list_item,Diaspora,strict,8383969,1,,,,,,,,,0.5
2985502,list_item,Rosalind Franklin,strict,8384090,1,,,,,,,,,0.7654937065944847
2985503,list_item,James Watson,strict,8384090,1,,,,,,,,,0.7654937065944847
2985504,list_item,Francis Crick,strict,8384090,1,,,,,,,,,0.7654937065944847
2985505,list_item,Sexton,strict,8384547,1,,,,,,,,,0.5
2985506,list_item,Corde,strict,8384547,1,,,,,,,,,0.5
2985507,list_item,Anzaldua,strict,8384547,1,,,,,,,,,0.5
2985508,list_item,New Technology,strict,8384975,1,,,,,,,,,0.0
2985509,list_item,Service,strict,8395605,1,,,,,,,,,0.0
2985510,list_item,Sacrifice,strict,8395605,1,,,,,,,,,0.0
2985511,list_item,Hubris,strict,8395779,1,,,,,,,,,0.0
2985512,list_item,Heroism,strict,8401154,1,,,,,,,,,0.022811567005032844
2985513,list_item,Public Administration,strict,8413257,1,,,,,,,,,0.5
2985514,list_item,Black Soldiers,strict,8417101,1,,,,,,,,,0.5
2985515,list_item,Internationalism,strict,8417101,1,,,,,,,,,0.5
2985516,list_item,Gender Impersonation,strict,8433294,1,,,,,,,,,0.5
2985517,list_item,Technological Progress,strict,8443370,1,,,,,,,,,0.0
2985518,list_item,Spiritual Evolution,strict,8443370,1,,,,,,,,,0.0
2985519,list_item,Corporate Thieves,strict,8456558,1,,,,,,,,,0.5
2985520,list_item,Dundee,strict,8469826,1,,,,,,,,,0.0
2985521,list_item,Perth,strict,8469826,1,,,,,,,,,0.0
2985522,list_item,Sean Kelly,strict,8478854,1,,,,,,,,,0.5
2985523,list_item,Stephen Roche,strict,8478854,1,,,,,,,,,0.5
2985524,list_item,Urban Research,strict,8487194,1,,,,,,,,,0.5
2985525,list_item,Disparity,strict,8491354,1,,,,,,,,,0.0
2985526,list_item,Ray Bradbury,strict,8515841,1,,,,,,,,,0.0
2985527,list_item,Forrest J Ackerman,strict,8515841,1,,,,,,,,,0.0
2985528,list_item,Ray Harryhausen,strict,8515841,1,,,,,,,,,0.0
2985529,list_item,Postmodernist Fiction,strict,8518852,1,,,,,,,,,0.0
2985530,list_item,Order,strict,8525124,1,,,,,,,,,0.0
2985531,list_item,Coincidence,strict,8535007,1,,,,,,,,,0.0
2985532,list_item,James Smithson,strict,8536333,1,,,,,,,,,0.0
2985533,list_item,John Quincy Adams,strict,8536333,1,,,,,,,,,0.0
2985534,list_item,Testing,strict,8536425,1,,,,,,,,,0.5
2985535,list_item,Grades,strict,8536425,1,,,,,,,,,0.5
2985536,list_item,Mathematical Modeling,strict,8536513,1,,,,,,,,,0.5
2985537,list_item,Synthetic Biology,strict,8536513,1,,,,,,,,,0.5
2985538,list_item,post-revolution,strict,8544178,1,,,,,,,,,0.0
2985539,list_item,NGO society,strict,8544178,1,,,,,,,,,0.0
2985540,list_item,Organized Crime,strict,8552315,1,,,,,,,,,0.5
2985541,list_item,Hospitality,strict,8554521,2,,,,,,,,,0.25
2985542,list_item,Femininity,strict,8554521,2,,,,,,,,,0.25
2985543,list_item,Islamic Statehood,strict,8565078,1,,,,,,,,,0.0
2985544,list_item,Silk,strict,8565247,1,,,,,,,,,0.5
2985545,list_item,Fallen Sports Stars,strict,8568487,1,,,,,,,,,0.5
2985546,list_item,Autobiography,strict,8568487,1,,,,,,,,,0.5
2985547,list_item,Diet,strict,8576250,1,,,,,,,,,0.5
2985548,list_item,Kickball,strict,8585385,1,,,,,,,,,0.8537669486152051
2985549,list_item,Cartoons,strict,8585385,1,,,,,,,,,0.8537669486152051
2985550,list_item,Cupcakes,strict,8585385,1,,,,,,,,,0.8537669486152051
2985551,list_item,Witchcraft,strict,8586311,2,,,,,,,,,0.25
2985552,list_item,courage,strict,8594999,1,,,,,,,,,0.11108331690161172
2985553,list_item,Garment Workers,strict,8595384,1,,,,,,,,,0.5
2985554,list_item,Jonathan Edwards,strict,8596927,1,,,,,,,,,0.5
2985555,list_item,Cells,strict,8597074,1,,,,,,,,,0.0
2985556,list_item,Transformistas,strict,8600156,1,,,,,,,,,0.5
2985557,list_item,Beauty Queens,strict,8600156,1,,,,,,,,,0.5
2985558,list_item,infinity,strict,8604337,1,,,,,,,,,0.0
2985559,list_item,Neuropolitics,strict,8607875,1,,,,,,,,,0.5
2985560,list_item,Thymos,strict,8607875,1,,,,,,,,,0.5
2985561,list_item,Civic Virtue,strict,8612346,1,,,,,,,,,0.0
2985562,list_item,Social Inequality,strict,8625874,1,,,,,,,,,0.5
2985563,list_item,Airborne Warfare,strict,8626113,1,,,,,,,,,0.0
2985564,list_item,Air Power,strict,8626113,1,,,,,,,,,0.0
2985565,list_item,Awakening Delight,strict,8627918,1,,,,,,,,,0.0
2985566,list_item,Brazilian Popular Performance,strict,8628093,1,,,,,,,,,0.5
2985567,list_item,Transnational Encounters,strict,8628093,1,,,,,,,,,0.5
2985568,list_item,Petitions,strict,8629185,1,,,,,,,,,0.5
2985569,list_item,Sound Recording,strict,8629600,1,,,,,,,,,0.5
2985570,list_item,Disembodiment,strict,8629600,1,,,,,,,,,0.5
2985571,list_item,Haight-Ashbury,strict,8636388,1,,,,,,,,,0.28285004367484196
2985572,list_item,Nudity,strict,8646432,2,,,,,,,,,0.25
2985573,list_item,Food Justice,strict,8656719,1,,,,,,,,,0.5
2985574,list_item,Pitfalls,strict,8658498,1,,,,,,,,,0.4363591927621961
2985575,list_item,Mass Media,strict,8668334,1,,,,,,,,,0.0
2985576,list_item,Poses,strict,8670479,1,,,,,,,,,0.0
2985577,list_item,Ideas,strict,8670479,1,,,,,,,,,0.0
2985578,list_item,Sir Charles Stewart,strict,8686576,1,,,,,,,,,0.5
2985579,list_item,Castlereagh,strict,8686576,1,,,,,,,,,0.5
2985580,list_item,Job,strict,8688742,1,,,,,,,,,0.0
2985581,list_item,Cormac Mccarthy,strict,8688742,1,,,,,,,,,0.0
2985582,list_item,Sir Walter Scott,strict,8688758,1,,,,,,,,,0.0
2985583,list_item,Continental Travel,strict,8688758,1,,,,,,,,,0.0
2985584,list_item,Scientific Passions,strict,8705583,1,,,,,,,,,0.5
2985585,list_item,Religious Beliefs,strict,8705583,1,,,,,,,,,0.5
2985586,list_item,Shi'Is,strict,8716548,1,,,,,,,,,0.5
2985587,list_item,Topography,strict,8721549,1,,,,,,,,,0.5
2985588,list_item,sadhus,strict,8725174,1,,,,,,,,,0.0
2985589,list_item,akharas,strict,8725174,1,,,,,,,,,0.0
2985590,list_item,Thomas Cook,strict,8773329,1,,,,,,,,,0.0
2985591,list_item,pastoral governance,strict,8773329,1,,,,,,,,,0.0
2985592,list_item,Wilfrid Sellars,strict,8775037,1,,,,,,,,,0.5
2985593,list_item,critical realism,strict,8775037,1,,,,,,,,,0.5
2985594,list_item,Taste,strict,8776767,2,,,,,,,,,0.5667571506733551
2985595,list_item,Fox News,strict,8776854,2,,,,,,,,,0.40877082307565965
2985596,list_item,Female Spies,strict,8787263,1,,,,,,,,,0.5
2985597,list_item,Double Identities,strict,8787263,1,,,,,,,,,0.5
2985598,list_item,Airships,strict,8793375,1,,,,,,,,,0.0
2985599,list_item,Airplay,strict,8793375,1,,,,,,,,,0.0
2985600,list_item,Vulnerable Sub-Groups,strict,8794393,1,,,,,,,,,0.0
2985601,list_item,Taxation,strict,8795381,1,,,,,,,,,0.5
2985602,list_item,Shame,strict,8795935,1,,,,,,,,,0.0
2985603,list_item,Native Americans,strict,8806708,1,,,,,,,,,0.5
2985604,list_item,US Foreign Policy,strict,8837480,1,,,,,,,,,0.0
2985605,list_item,Anti-Americanism,strict,8837480,1,,,,,,,,,0.0
2985606,list_item,Dreaded Diseases,strict,8837719,1,,,,,,,,,0.5
2985607,list_item,Ethical Responses,strict,8837719,1,,,,,,,,,0.5
2985608,list_item,Life Struggles,strict,8838225,1,,,,,,,,,0.5
2985609,list_item,Liberal Modernity,strict,8838225,1,,,,,,,,,0.5
2985610,list_item,surveillance capitalism,strict,8865253,1,,,,,,,,,0.0
2985611,list_item,military contracting,strict,8865253,1,,,,,,,,,0.0
2985612,list_item,Swindlers,strict,8865988,1,,,,,,,,,0.0
2985613,list_item,Motion Pictures,strict,8866897,1,,,,,,,,,0.5
2985614,list_item,Private Institutions,strict,8867001,1,,,,,,,,,0.0
2985615,list_item,Bletchley Park,strict,8867468,1,,,,,,,,,0.3304171513140922
2985616,list_item,Colossus,strict,8867468,1,,,,,,,,,0.3304171513140922
2985617,list_item,King Sa'ud,strict,8871333,1,,,,,,,,,0.0
2985618,list_item,Penn Yan,strict,8871437,1,,,,,,,,,0.5
2985619,list_item,Hammondsport,strict,8871437,1,,,,,,,,,0.5
2985620,list_item,Smart Technologies,strict,8875395,2,,,,,,,,,0.5
2985621,list_item,LSD,strict,8880793,1,,,,,,,,,0.08372670412044628
2985622,list_item,Thailand,strict,8880793,1,,,,,,,,,0.08372670412044628
2985623,list_item,Drunks,strict,8895344,1,,,,,,,,,0.4806031705702985
2985624,list_item,Scoundrels,strict,8895344,1,,,,,,,,,0.4806031705702985
2985625,list_item,Warren County,strict,8895557,2,,,,,,,,,0.0
2985626,list_item,PCBs,strict,8895557,2,,,,,,,,,0.0
2985627,list_item,Emigrants,strict,8895723,1,,,,,,,,,0.0
2985628,list_item,Style,strict,8895925,1,,,,,,,,,0.03678180432433771
2985629,list_item,Incarceration,strict,8898000,3,,,,,,,,,0.3333333333333333
2985630,list_item,Early Modern Venice,strict,8899581,1,,,,,,,,,0.0
2985631,list_item,Dalmatia,strict,8899581,1,,,,,,,,,0.0
2985632,list_item,Gunner Gregg,strict,8912232,1,,,,,,,,,0.0
2985633,list_item,Donny Mackenzie,strict,8912232,1,,,,,,,,,0.0
2985634,list_item,Puzzle Solvers,strict,8925507,1,,,,,,,,,0.41143928962047105
2985635,list_item,Syngman Rhee,strict,8926834,1,,,,,,,,,0.5
2985636,list_item,American Exceptionalism,strict,8926834,1,,,,,,,,,0.5
2985637,list_item,Machismo,strict,8930331,1,,,,,,,,,0.0
2985638,list_item,Danger,strict,8930331,1,,,,,,,,,0.0
2985639,list_item,Interest,strict,8938636,2,,,,,,,,,0.25
2985640,list_item,Toil,strict,8942669,1,,,,,,,,,0.0
2985641,list_item,Trouble,strict,8942669,1,,,,,,,,,0.0
2985642,list_item,John McCallum,strict,8973130,1,,,,,,,,,0.0
2985643,list_item,Martin Orme,strict,8973130,1,,,,,,,,,0.0
2985644,list_item,John A.M.acdonald,strict,8984895,1,,,,,,,,,0.6251710520316641
2985645,list_item,Jefferson Davis,strict,8984895,1,,,,,,,,,0.6251710520316641
2985646,list_item,Authors,strict,8988454,2,,,,,,,,,0.25
2985647,list_item,Zakat,strict,9017116,1,,,,,,,,,0.5
2985648,list_item,Islamic Micro-Finance,strict,9017116,1,,,,,,,,,0.5
2985649,list_item,Plantations,strict,9034491,1,,,,,,,,,0.5
2985650,list_item,Gardens,strict,9034491,1,,,,,,,,,0.5
2985651,list_item,Advanced MerKaBa Teachings,strict,9046601,1,,,,,,,,,0.6597451166715167
2985652,list_item,Sacred Geometry,strict,9046601,1,,,,,,,,,0.6597451166715167
2985653,list_item,Balthasar,strict,9057086,1,,,,,,,,,0.0
2985654,list_item,Social Media,strict,9073817,2,,,,,,,,,0.0
2985655,list_item,Dracula,strict,9074150,1,,,,,,,,,0.0
2985656,list_item,Frankenstein,strict,9074150,1,,,,,,,,,0.0
2985657,list_item,Conquest,strict,9086491,2,,,,,,,,,0.0
2985658,list_item,Spiritual Anxiety,strict,9086956,1,,,,,,,,,0.5
2985659,list_item,Religious Trauma,strict,9086956,1,,,,,,,,,0.5
2985660,list_item,Crippled Workingmen,strict,9092977,1,,,,,,,,,0.5
2985661,list_item,Destitute Widows,strict,9092977,1,,,,,,,,,0.5
2985662,list_item,Insurgencies,strict,9103217,1,,,,,,,,,0.5
2985663,list_item,Philosophical Method,strict,9106724,2,,,,,,,,,0.0
2985664,list_item,School Segregation,strict,9112272,1,,,,,,,,,0.5
2985665,list_item,Anti-Racism,strict,9112272,1,,,,,,,,,0.5
2985666,list_item,Gyms,strict,9113731,1,,,,,,,,,0.5
2985667,list_item,Gurus,strict,9113731,1,,,,,,,,,0.5
2985668,list_item,Goop,strict,9113731,1,,,,,,,,,0.5
2985669,list_item,Smart Work,strict,9115358,1,,,,,,,,,0.5
2985670,list_item,Managed Choice,strict,9115358,1,,,,,,,,,0.5
2985671,list_item,Central Eastern Europe,strict,9115726,1,,,,,,,,,0.0
2985672,list_item,Stars,strict,9135526,1,,,,,,,,,0.0
2985673,list_item,Progressivism,strict,9138394,2,,,,,,,,,0.0
2985674,list_item,Hodges,strict,9138529,1,,,,,,,,,0.0
2985675,list_item,places,strict,9141905,1,,,,,,,,,0.5
2985676,list_item,Puccini,strict,9150036,1,,,,,,,,,0.5
2985677,list_item,Ricordi,strict,9150036,1,,,,,,,,,0.5
2985678,list_item,Designs,strict,9166365,1,,,,,,,,,0.5
2985679,list_item,Models,strict,9166365,2,,,,,,,,,0.25
2985680,list_item,Anaphora,strict,9166375,1,,,,,,,,,0.5
2985681,list_item,Presupposition,strict,9166375,1,,,,,,,,,0.5
2985682,list_item,Life Drawing,strict,9176882,1,,,,,,,,,0.0
2985683,list_item,Sneakery,strict,9191138,1,,,,,,,,,0.2501722203032551
2985684,list_item,Group Cultures,strict,9192258,1,,,,,,,,,0.5
2985685,list_item,Thermodynamics,strict,9197189,1,,,,,,,,,0.0
2985686,list_item,Electrostatics,strict,9197189,1,,,,,,,,,0.0
2985687,list_item,Roger Duff,strict,9197531,1,,,,,,,,,0.0
2985688,list_item,Rewi Alley,strict,9197531,1,,,,,,,,,0.0
2985689,list_item,Emily Hale,strict,9204304,1,,,,,,,,,0.0
2985690,list_item,T.S. Eliot,strict,9204304,1,,,,,,,,,0.0
2985691,list_item,Secularism,strict,9221586,1,,,,,,,,,0.5
2985692,list_item,Jail,strict,9222004,1,,,,,,,,,0.5
2985693,list_item,Andre Le Nôtre,strict,9249510,1,,,,,,,,,0.6570192889947438
2985694,list_item,Particularism,strict,9250791,1,,,,,,,,,0.5
2985695,list_item,Mad Money,strict,9252961,1,,,,,,,,,0.5833938374596007
2985696,list_item,Mega Dealers,strict,9252961,1,,,,,,,,,0.5833938374596007
2985697,list_item,delimitation,strict,9268647,1,,,,,,,,,0.5
2985698,list_item,dispute resolution,strict,9268647,1,,,,,,,,,0.5
2985699,list_item,geographical information systems,strict,9268647,1,,,,,,,,,0.5
2985700,list_item,Inuit Lands,strict,9280565,1,,,,,,,,,0.5
2985701,list_item,Settler Stories,strict,9280565,1,,,,,,,,,0.5
2985702,list_item,Confidence-Building,strict,9282326,1,,,,,,,,,0.0
2985703,list_item,Eddington,strict,9283862,1,,,,,,,,,0.5
2985704,list_item,Wheeler,strict,9283862,1,,,,,,,,,0.5
2985705,list_item,Illness,strict,9286013,1,,,,,,,,,0.5
2985706,list_item,Copyrights,strict,9330953,1,,,,,,,,,0.0
2985707,list_item,carnage,strict,9338638,1,,,,,,,,,0.0
2985708,list_item,cover-up,strict,9338638,1,,,,,,,,,0.0
2985709,list_item,Mixed Families,strict,9339089,1,,,,,,,,,0.3401842028243671
2985710,list_item,Generational Change,strict,9339089,1,,,,,,,,,0.3401842028243671
2985711,list_item,Medicare,strict,9341710,1,,,,,,,,,0.5
2985712,list_item,Teens,strict,9341716,1,,,,,,,,,0.5
2985713,list_item,Environmental Collapse,strict,9347583,2,,,,,,,,,0.2420853492403293
2985714,list_item,Climate Crisis,strict,9347583,2,,,,,,,,,0.2420853492403293
2985715,list_item,Platonism,strict,9357129,1,,,,,,,,,0.0
2985716,list_item,Paul Pierce,strict,9368639,2,,,,,,,,,0.25
2985717,list_item,Kevin Garnett,strict,9368639,2,,,,,,,,,0.25
2985718,list_item,Ray Allen,strict,9368639,2,,,,,,,,,0.25
2985719,list_item,Trade,strict,9369813,1,,,,,,,,,0.5
2985720,list_item,Food Policies,strict,9369813,1,,,,,,,,,0.5
2985721,list_item,Motor Cars,strict,9371327,1,,,,,,,,,0.5
2985722,list_item,Motown,strict,9371327,1,,,,,,,,,0.5
2985723,list_item,André Breton,strict,9371726,1,,,,,,,,,0.5
2985724,list_item,Instituting Education,strict,9377844,1,,,,,,,,,0.5
2985725,list_item,Contemporary Fiction,strict,9378782,1,,,,,,,,,0.5
2985726,list_item,Luck,strict,9380874,1,,,,,,,,,0.5
2985727,list_item,neurotic dogs,strict,9397110,1,,,,,,,,,0.23770300082054832
2985728,list_item,compulsive cats,strict,9397110,1,,,,,,,,,0.23770300082054832
2985729,list_item,anxious birds,strict,9397110,1,,,,,,,,,0.23770300082054832
2985730,list_item,Hegemonic Discourse,strict,9398712,1,,,,,,,,,0.5
2985731,list_item,Transformative Politics,strict,9399016,1,,,,,,,,,0.5
2985732,list_item,New Institutions,strict,9399016,1,,,,,,,,,0.5
2985733,list_item,Exercise Addiction,strict,9402378,1,,,,,,,,,0.5
2985734,list_item,Body Image,strict,9402378,1,,,,,,,,,0.5
2985735,list_item,Publics,strict,9406755,1,,,,,,,,,0.0
2985736,list_item,Risk Communication,strict,9406755,1,,,,,,,,,0.0
2985737,list_item,Lessons,strict,9407726,1,,,,,,,,,0.5
2985738,list_item,False Starts,strict,9408649,1,,,,,,,,,0.0
2985739,list_item,First Downs,strict,9408649,1,,,,,,,,,0.0
2985740,list_item,Maternity,strict,9426978,1,,,,,,,,,0.5
2985741,list_item,Denmark-Norway,strict,9427801,1,,,,,,,,,0.0
2985742,list_item,Mafia,strict,9443759,1,,,,,,,,,0.0
2985743,list_item,William Lloyd Garrison,strict,9446730,1,,,,,,,,,0.0
2985744,list_item,Coin,strict,9455928,1,,,,,,,,,0.0
2985745,list_item,Currency,strict,9455928,1,,,,,,,,,0.0
2985746,list_item,man,strict,9458116,1,,,,,,,,,0.0
2985747,list_item,Digital Transformation,strict,9458603,1,,,,,,,,,0.0
2985748,list_item,Megatrends,strict,9458603,1,,,,,,,,,0.0
2985749,list_item,Money Clubs,strict,9472736,1,,,,,,,,,0.0
2985750,list_item,Renzo Piano,strict,9484898,1,,,,,,,,,0.0
2985751,list_item,Richard Rogers,strict,9484898,1,,,,,,,,,0.0
2985752,list_item,Associations,strict,9486884,1,,,,,,,,,0.5
2985753,list_item,Public Life,strict,9486884,1,,,,,,,,,0.5
2985754,list_item,Higher Education,strict,9490295,1,,,,,,,,,0.0
2985755,list_item,Farmland Politics,strict,9496154,1,,,,,,,,,0.0
2985756,list_item,Alternative Food Networks,strict,9496154,1,,,,,,,,,0.0
2985757,list_item,Crete,strict,9502214,1,,,,,,,,,0.0
2985758,list_item,Robert E.L.ee,strict,9515104,1,,,,,,,,,0.0
2985759,list_item,Stonewall Jackson,strict,9515104,1,,,,,,,,,0.0
2985760,list_item,de-Extinction,strict,9517262,1,,,,,,,,,0.5709710871475191
2985761,list_item,Anticommunism,strict,9524014,1,,,,,,,,,0.0
2985762,list_item,Travel Narratives,strict,9533185,1,,,,,,,,,0.5
2985763,list_item,Academia,strict,9534428,1,,,,,,,,,0.5
2985764,list_item,Black Wednesday,strict,9545148,1,,,,,,,,,0.0
2985765,list_item,Mafia Wars,strict,9549263,1,,,,,,,,,0.0
2985766,list_item,Mafia Gangs,strict,9549263,1,,,,,,,,,0.0
2985767,list_item,Bankers,strict,9575214,1,,,,,,,,,0.5
2985768,list_item,Goodness,strict,9584090,1,,,,,,,,,0.5
2985769,list_item,Occult Beliefs,strict,9602497,1,,,,,,,,,0.5
2985770,list_item,Alternative Religions,strict,9602497,1,,,,,,,,,0.5
2985771,list_item,Paideia,strict,9622106,1,,,,,,,,,0.0
2985772,list_item,manipulation,strict,9630045,1,,,,,,,,,0.0
2985773,list_item,real people,strict,9630159,1,,,,,,,,,0.11888445031538629
2985774,list_item,real stories,strict,9630159,1,,,,,,,,,0.11888445031538629
2985775,list_item,Canines,strict,9631569,1,,,,,,,,,0.0
2985776,list_item,undiscussables,strict,9655956,1,,,,,,,,,0.0
2985777,list_item,Neoclassical Theory,strict,9663693,1,,,,,,,,,0.0
2985778,list_item,Experiments,strict,9663693,1,,,,,,,,,0.0
2985779,list_item,significance,strict,9668906,1,,,,,,,,,0.0
2985780,list_item,requirements,strict,9668906,1,,,,,,,,,0.0
2985781,list_item,calculation,strict,9668906,1,,,,,,,,,0.0
2985782,list_item,Beer,strict,9670432,1,,,,,,,,,0.0
2985783,list_item,Bavaria,strict,9670432,1,,,,,,,,,0.0
2985784,list_item,Hypnotic Crimes,strict,9692606,1,,,,,,,,,0.5
2985785,list_item,Corporate Fiction,strict,9692606,1,,,,,,,,,0.5
2985786,list_item,Rabbis,strict,9717968,1,,,,,,,,,0.5
2985787,list_item,Empty Sees,strict,9718133,1,,,,,,,,,0.0
2985788,list_item,Iron,strict,9733200,1,,,,,,,,,0.0
2985789,list_item,Psychopolitics,strict,9735507,1,,,,,,,,,0.0
2985790,list_item,Bronx Dreams,strict,9749527,1,,,,,,,,,0.5
2985791,list_item,Pinstripe Legends,strict,9749527,1,,,,,,,,,0.5
2985792,list_item,Postliberalism,strict,9758014,1,,,,,,,,,0.5
2985793,list_item,Street-Level Bureaucracy,strict,9758014,1,,,,,,,,,0.5
2985794,list_item,Martyrs,strict,9775349,1,,,,,,,,,0.5
2985795,list_item,Multimodality,strict,9775838,1,,,,,,,,,0.5
2985796,list_item,Resonance,strict,9775838,1,,,,,,,,,0.5
2985797,list_item,Failures,strict,9777756,1,,,,,,,,,0.5
2985798,list_item,Legacies,strict,9777756,1,,,,,,,,,0.5
2985799,list_item,Aborigines,strict,9777823,1,,,,,,,,,0.0
2985800,list_item,Regime Type,strict,9778111,1,,,,,,,,,0.0
2985801,list_item,Cops,strict,9787737,1,,,,,,,,,0.5
2985802,list_item,Robbers,strict,9787737,1,,,,,,,,,0.5
2985803,list_item,Baghdad,strict,9792256,1,,,,,,,,,0.0
2985804,list_item,Kurdistan,strict,9792256,1,,,,,,,,,0.0
2985805,list_item,Big Oil,strict,9804268,1,,,,,,,,,0.5
2985806,list_item,world inequality,strict,9822319,1,,,,,,,,,0.0
2985807,list_item,sustainable development,strict,9822319,1,,,,,,,,,0.0
2985808,list_item,George Clinton,strict,9823883,1,,,,,,,,,0.0
2985809,list_item,Black Power,strict,9823883,1,,,,,,,,,0.0
2985810,list_item,Britpop,strict,9824019,1,,,,,,,,,0.9000158803084112
2985811,list_item,Blair,strict,9824019,3,,,,,,,,,0.3000052934361371
2985812,list_item,William Shakespeare,strict,9825025,1,,,,,,,,,0.0
2985813,list_item,John Marston,strict,9825025,1,,,,,,,,,0.0
2985814,list_item,treachery,strict,9832531,1,,,,,,,,,0.3401842028243671
2985815,list_item,Historical Denialism,strict,9836176,1,,,,,,,,,0.0
2985816,list_item,Free Speech,strict,9836176,1,,,,,,,,,0.0
2985817,list_item,Material Culture,strict,9843073,1,,,,,,,,,0.0
2985818,list_item,Baron Haussmann,strict,9843565,1,,,,,,,,,0.0
2985819,list_item,Hong Kong,strict,9844214,1,,,,,,,,,0.0
2985820,list_item,Historiography,strict,9853064,2,,,,,,,,,0.5
2985821,list_item,National identity,strict,9853064,1,,,,,,,,,0.5
2985822,list_item,Vardon,strict,9862825,1,,,,,,,,,0.0
2985823,list_item,Ouimet,strict,9862825,1,,,,,,,,,0.0
2985824,list_item,Alan Moore,strict,9873484,1,,,,,,,,,0.09389262896178054
2985825,list_item,Neil Gaiman,strict,9873484,1,,,,,,,,,0.09389262896178054
2985826,list_item,Grant Morrison,strict,9873484,1,,,,,,,,,0.09389262896178054
2985827,list_item,kingdom community,strict,9886347,1,,,,,,,,,0.0
2985828,list_item,diaconal church,strict,9886347,1,,,,,,,,,0.0
2985829,list_item,theatre,strict,9889034,1,,,,,,,,,0.0
2985830,list_item,esotericism,strict,9899080,1,,,,,,,,,0.0
2985831,list_item,Kabbalah,strict,9899080,1,,,,,,,,,0.0
2985832,list_item,Metaphors,strict,9907761,1,,,,,,,,,0.0
2985833,list_item,Economic Crisis,strict,9918742,1,,,,,,,,,0.5
2985834,list_item,Female Chastity,strict,9918742,1,,,,,,,,,0.5
2985835,list_item,Global Capital,strict,9918955,1,,,,,,,,,0.5
2985836,list_item,Securities Markets,strict,9918955,1,,,,,,,,,0.5
2985837,list_item,Tibetan Buddhism,strict,9919302,1,,,,,,,,,0.5
2985838,list_item,Bureaucracy,strict,9919302,1,,,,,,,,,0.5
2985839,list_item,Treasure,strict,9949437,1,,,,,,,,,0.0
2985840,list_item,Lakota,strict,9956619,1,,,,,,,,,0.6306556657358419
2985841,list_item,Hospitals,strict,9959161,1,,,,,,,,,0.5
2985842,list_item,Nurses,strict,9959161,1,,,,,,,,,0.5
2985843,list_item,constitutional abeyances,strict,9972217,1,,,,,,,,,0.0
2985844,list_item,Sumerian Gods,strict,9976019,1,,,,,,,,,0.0
2985845,list_item,Alien DNA,strict,9976019,1,,,,,,,,,0.0
2985846,list_item,John Dickinson,strict,9977026,1,,,,,,,,,0.0
2985847,list_item,George III,strict,9977026,1,,,,,,,,,0.0
2985848,list_item,Electrical Analogies,strict,9977219,1,,,,,,,,,0.5
2985849,list_item,Engineering Practice,strict,9977219,1,,,,,,,,,0.5
2985850,list_item,Perspectives,strict,9978001,1,,,,,,,,,0.0
2985851,list_item,Caste,strict,9986448,1,,,,,,,,,0.0
2985852,list_item,Quotas,strict,9986448,1,,,,,,,,,0.0
2985853,list_item,Idi Amin,strict,9993242,1,,,,,,,,,0.5
2985854,list_item,Yoweri Museveni,strict,9993242,1,,,,,,,,,0.5
2985855,list_item,Lost Histories,strict,10003959,1,,,,,,,,,0.0
2985856,list_item,Hidden Truths,strict,10003959,1,,,,,,,,,0.0
2985857,list_item,Car Sales,strict,10035140,1,,,,,,,,,0.5
2985858,list_item,Ancient History,strict,10042355,1,,,,,,,,,0.5
2985859,list_item,Explosive Growth,strict,10042355,1,,,,,,,,,0.5
2985860,list_item,Voodoo,strict,10051574,1,,,,,,,,,0.6958693624699347
2985861,list_item,Urbanism,strict,10052787,1,,,,,,,,,0.5
2985862,list_item,Joseph E.S.tiglitz,strict,10063595,1,,,,,,,,,0.5
2985863,list_item,radicalism,strict,10064339,1,,,,,,,,,0.0
2985864,list_item,Gulf Security,strict,10082431,1,,,,,,,,,0.3010299956639812
2985865,list_item,Modernization,strict,10101556,1,,,,,,,,,0.0
2985866,list_item,Octavia Hill,strict,10118828,1,,,,,,,,,0.0
2985867,list_item,Social Activism,strict,10118828,1,,,,,,,,,0.0
2985868,list_item,Contact Tracing,strict,10129542,1,,,,,,,,,0.5
2985869,list_item,Coordination,strict,10136966,1,,,,,,,,,0.5
2985870,list_item,Friends,strict,10137394,1,,,,,,,,,0.0
2985871,list_item,Corporate Criminals,strict,10148325,1,,,,,,,,,0.13370327340374927
2985872,list_item,Political Corruption,strict,10148325,1,,,,,,,,,0.13370327340374927
2985873,list_item,Pastoral,strict,10149781,1,,,,,,,,,0.0
2985874,list_item,Autobiographical Language,strict,10156131,1,,,,,,,,,0.0
2985875,list_item,Documentation,strict,10156702,1,,,,,,,,,0.0
2985876,list_item,Vacation,strict,10156722,1,,,,,,,,,0.0
2985877,list_item,Free Competition,strict,10174801,1,,,,,,,,,0.5
2985878,list_item,Prizes,strict,10174855,1,,,,,,,,,0.0
2985879,list_item,Awards,strict,10174855,1,,,,,,,,,0.0
2985880,list_item,Atlantic Slavery,strict,10176143,1,,,,,,,,,0.0
2985881,list_item,Freedom Suits,strict,10176143,1,,,,,,,,,0.0
2985882,list_item,American Evangelicalism,strict,10176304,1,,,,,,,,,0.5
2985883,list_item,Social Transformation,strict,10178068,1,,,,,,,,,0.5
2985884,list_item,Language Politics,strict,10184209,1,,,,,,,,,0.5
2985885,list_item,Digital Media,strict,10184209,1,,,,,,,,,0.5
2985886,list_item,Denesuliné Memories,strict,10187013,1,,,,,,,,,0.0
2985887,list_item,Narratives,strict,10187013,1,,,,,,,,,0.0
2985888,list_item,Youth Culture,strict,10188301,1,,,,,,,,,0.0
2985889,list_item,Book Publishing,strict,10188301,1,,,,,,,,,0.0
2985890,list_item,Samuel Selvon,strict,10194707,1,,,,,,,,,0.0
2985891,list_item,George Lamming,strict,10194707,1,,,,,,,,,0.0
2985892,list_item,Collectors,strict,10194730,2,,,,,,,,,0.5327202267996348
2985893,list_item,Versailles,strict,10205693,1,,,,,,,,,0.0
2985894,list_item,Tankers,strict,10205853,1,,,,,,,,,0.5
2985895,list_item,Pirates,strict,10205853,1,,,,,,,,,0.5
2985896,list_item,Muscles,strict,10205903,1,,,,,,,,,0.0
2985897,list_item,Intersectional Identities,strict,10208112,1,,,,,,,,,0.5
2985898,list_item,Media Representation,strict,10208112,1,,,,,,,,,0.5
2985899,list_item,Tales,strict,10208918,1,,,,,,,,,0.0
2985900,list_item,Lore,strict,10208918,1,,,,,,,,,0.0
2985901,list_item,Martial Law,strict,10232777,1,,,,,,,,,0.5
2985902,list_item,Andalusia,strict,10233228,1,,,,,,,,,0.0
2985903,list_item,Facebook,strict,10238622,1,,,,,,,,,0.0
2985904,list_item,environmental risk,strict,10253907,1,,,,,,,,,0.0
2985905,list_item,rationalism,strict,10255207,1,,,,,,,,,0.0
2985906,list_item,longing,strict,10259367,1,,,,,,,,,0.12766631515584903
2985907,list_item,Toxic Masculinity,strict,10262145,1,,,,,,,,,0.0
2985908,list_item,Mobile Malaysians,strict,10263062,1,,,,,,,,,0.5
2985909,list_item,British Colonial Legacies,strict,10263062,1,,,,,,,,,0.5
2985910,list_item,Yhwh names,strict,10268738,1,,,,,,,,,0.0
2985911,list_item,Hard Power,strict,10276242,1,,,,,,,,,0.5
2985912,list_item,Soft Belief,strict,10276242,1,,,,,,,,,0.5
2985913,list_item,Luke,strict,10292528,1,,,,,,,,,0.0
2985914,list_item,Forgeries,strict,10299704,1,,,,,,,,,0.5
2985915,list_item,Control,strict,10304435,1,,,,,,,,,0.0
2985916,list_item,Hardship,strict,10316763,1,,,,,,,,,0.5
2985917,list_item,Heartache,strict,10316763,1,,,,,,,,,0.5
2985918,list_item,Primitivism,strict,10318866,1,,,,,,,,,0.5
2985919,list_item,Millennialism,strict,10318866,1,,,,,,,,,0.5
2985920,list_item,Revival,strict,10345313,1,,,,,,,,,0.5
2985921,list_item,Manslaughter,strict,10346223,1,,,,,,,,,0.0
2985922,list_item,Inside Fannie Mae,strict,10346405,1,,,,,,,,,0.0
2985923,list_item,Big-Money Politics,strict,10346405,1,,,,,,,,,0.0
2985924,list_item,Boethius,strict,10360460,1,,,,,,,,,0.0
2985925,list_item,Cassiodorus,strict,10360460,1,,,,,,,,,0.0
2985926,list_item,Adriana Porter,strict,10363183,1,,,,,,,,,0.0
2985927,list_item,Gwen Thompson,strict,10363183,1,,,,,,,,,0.0
2985928,list_item,classical heroines,strict,10398711,1,,,,,,,,,0.0
2985929,list_item,romantic passion,strict,10398711,1,,,,,,,,,0.0
2985930,list_item,Soccer,strict,10432413,1,,,,,,,,,0.5
2985931,list_item,Material Remains,strict,10438917,1,,,,,,,,,0.0
2985932,list_item,John Deere,strict,10440084,1,,,,,,,,,0.5
2985933,list_item,International Harvester,strict,10440084,1,,,,,,,,,0.5
2985934,list_item,Tax Laws,strict,10448840,1,,,,,,,,,0.5
2985935,list_item,Family Trauma,strict,10457811,1,,,,,,,,,0.0
2985936,list_item,Unknown Origins,strict,10457811,1,,,,,,,,,0.0
2985937,list_item,Constitutional Abeyances,strict,10474357,1,,,,,,,,,0.0
2985938,list_item,sensors,strict,10484309,1,,,,,,,,,0.0
2985939,list_item,hackers,strict,10484309,1,,,,,,,,,0.0
2985940,list_item,Ricci,strict,10484383,1,,,,,,,,,0.0
2985941,list_item,Levi-Civita,strict,10484383,1,,,,,,,,,0.0
2985942,list_item,New Habits,strict,10485108,1,,,,,,,,,0.5
2985943,list_item,Treachery,strict,10501951,1,,,,,,,,,0.5
2985944,list_item,Covenant,strict,10513130,1,,,,,,,,,0.5
2985945,list_item,adultery,strict,10513312,1,,,,,,,,,0.13815104235743073
2985946,list_item,Michael Rostovtzeff,strict,10516079,1,,,,,,,,,0.0
2985947,list_item,Elias Bickerman,strict,10516079,1,,,,,,,,,0.0
2985948,list_item,Bindlestiffs,strict,10543355,1,,,,,,,,,0.5
2985949,list_item,Fruit Tramps,strict,10543355,1,,,,,,,,,0.5
2985950,list_item,Daughters,strict,10558194,1,,,,,,,,,0.0
2985951,list_item,Bleichröder,strict,10566777,1,,,,,,,,,0.5
2985952,list_item,Surrogates,strict,10571928,1,,,,,,,,,0.5
2985953,list_item,Heretics,strict,10572744,1,,,,,,,,,0.5
2985954,list_item,Pagans,strict,10572744,1,,,,,,,,,0.5
2985955,list_item,Slavery Extension,strict,10586123,1,,,,,,,,,0.8374188512778187
2985956,list_item,John L.S.ullivan,strict,10599503,1,,,,,,,,,0.0
2985957,list_item,Jake Kilrain,strict,10599503,1,,,,,,,,,0.0
2985958,list_item,Johan Cruyff,strict,10603466,1,,,,,,,,,0.0
2985959,list_item,Sun Tzu,strict,10603466,1,,,,,,,,,0.0
2985960,list_item,Normativity,strict,10607115,1,,,,,,,,,0.0
2985961,list_item,Menopause,strict,10607902,1,,,,,,,,,0.0
2985962,list_item,Neoimperialism,strict,10640057,1,,,,,,,,,0.0
2985963,list_item,Miracles,strict,10652123,1,,,,,,,,,0.5
2985964,list_item,Anti-Black Racism,strict,10653877,1,,,,,,,,,0.0
2985965,list_item,Linguicism,strict,10653877,1,,,,,,,,,0.0
2985966,list_item,Modern Science,strict,10655037,1,,,,,,,,,0.0
2985967,list_item,Ancient Magic,strict,10655037,1,,,,,,,,,0.0
2985968,list_item,Banks,strict,10663303,1,,,,,,,,,0.0
2985969,list_item,Credit Cards,strict,10663303,1,,,,,,,,,0.0
2985970,list_item,wisdom,strict,10668515,1,,,,,,,,,0.0
2985971,list_item,Special Forces,strict,10681092,1,,,,,,,,,0.5
2985972,list_item,Arusha,strict,10681482,1,,,,,,,,,0.5
2985973,list_item,vice,strict,10681518,1,,,,,,,,,0.0
2985974,list_item,Ethereum,strict,10684948,1,,,,,,,,,0.0
2985975,list_item,Blockchain,strict,10684948,1,,,,,,,,,0.0
2985976,list_item,Improv,strict,10691486,1,,,,,,,,,0.0
2985977,list_item,Vonnegut,strict,10706273,1,,,,,,,,,0.0
2985978,list_item,Work Routines,strict,10709401,1,,,,,,,,,0.0
2985979,list_item,Professional Ideologies,strict,10709401,1,,,,,,,,,0.0
2985980,list_item,Abusers,strict,10718579,1,,,,,,,,,0.3565315386669442
2985981,list_item,False Apologies,strict,10718579,1,,,,,,,,,0.3565315386669442
2985982,list_item,Kasparov,strict,10727257,1,,,,,,,,,0.3010299956639812
2985983,list_item,Kramnik,strict,10727257,1,,,,,,,,,0.3010299956639812
2985984,list_item,Market Entry,strict,10747524,1,,,,,,,,,0.0
2985985,list_item,Competitive Strategy,strict,10747524,1,,,,,,,,,0.0
2985986,list_item,Purpose,strict,10762625,1,,,,,,,,,0.5
2985987,list_item,Harris Tweed,strict,10766843,1,,,,,,,,,0.0
2985988,list_item,Indian Madras,strict,10766843,1,,,,,,,,,0.0
2985989,list_item,Hill,strict,10767462,1,,,,,,,,,0.0
2985990,list_item,Scribal Practice,strict,10769962,1,,,,,,,,,0.0
2985991,list_item,Cultural Memory,strict,10769962,1,,,,,,,,,0.0
2985992,list_item,Verbal Play,strict,10770362,1,,,,,,,,,0.0
2985993,list_item,Interpretation,strict,10770362,1,,,,,,,,,0.0
2985994,list_item,breakfast,strict,10789286,1,,,,,,,,,0.34619040744502116
2985995,list_item,lunch,strict,10789286,1,,,,,,,,,0.34619040744502116
2985996,list_item,dinner,strict,10789286,1,,,,,,,,,0.34619040744502116
2985997,list_item,American Families,strict,10789868,1,,,,,,,,,0.5
2985998,list_item,Child Guidance,strict,10789868,1,,,,,,,,,0.5
2985999,list_item,Neurotic Dogs,strict,10790695,1,,,,,,,,,0.7271098465043327
2986000,list_item,Compulsive Cats,strict,10790695,1,,,,,,,,,0.7271098465043327
2986001,list_item,Anxious Birds,strict,10790695,1,,,,,,,,,0.7271098465043327
2986002,list_item,Leisure,strict,10790768,1,,,,,,,,,0.5
2986003,list_item,Social Memory,strict,10806224,1,,,,,,,,,0.0
2986004,list_item,Public Health,strict,10834836,1,,,,,,,,,0.0
2986005,list_item,Modern Relationships,strict,10848026,1,,,,,,,,,0.0
2986006,list_item,Reproductive Science,strict,10848026,1,,,,,,,,,0.0
2986007,list_item,Modern Cardinals,strict,10862716,1,,,,,,,,,0.0
2986008,list_item,Conclaves,strict,10862716,1,,,,,,,,,0.0
2986009,list_item,Black Mobilization,strict,10871556,1,,,,,,,,,0.0
2986010,list_item,Republican Growth,strict,10871556,1,,,,,,,,,0.0
2986011,list_item,True Myths,strict,10872633,1,,,,,,,,,0.5
2986012,list_item,Desegregation,strict,10873040,1,,,,,,,,,0.5
2986013,list_item,Astrology,strict,10875789,1,,,,,,,,,0.0
2986014,list_item,Personality Theory,strict,10875789,1,,,,,,,,,0.0
2986015,list_item,Benin,strict,10882949,1,,,,,,,,,0.0
2986016,list_item,election campaigning,strict,10915032,1,,,,,,,,,0.0
2986017,list_item,group formation,strict,10915032,1,,,,,,,,,0.0
2986018,list_item,Hot Wars,strict,10915174,1,,,,,,,,,0.4523989481830813
2986019,list_item,Cold Wars,strict,10915174,1,,,,,,,,,0.4523989481830813
2986020,list_item,Leone Baxter,strict,10916286,1,,,,,,,,,0.0
2986021,list_item,Clem Whitaker,strict,10916286,1,,,,,,,,,0.0
2986022,list_item,Doublets,strict,10929406,1,,,,,,,,,0.0
2986023,list_item,Textual Divination,strict,10929406,1,,,,,,,,,0.0
2986024,list_item,Blackness,strict,10930965,1,,,,,,,,,0.0
2986025,list_item,Modern Physics,strict,10944318,1,,,,,,,,,0.6274919882309908
2986026,list_item,Renegade Chefs,strict,10954299,1,,,,,,,,,0.5
2986027,list_item,Fearless Eaters,strict,10954299,1,,,,,,,,,0.5
2986028,list_item,Shadow Banking,strict,10957286,1,,,,,,,,,0.5
2986029,list_item,Re-Regulation,strict,10957286,1,,,,,,,,,0.5
2986030,list_item,Smoke Jumpers,strict,10985439,1,,,,,,,,,0.5330282521016328
2986031,list_item,High-Tech Gear,strict,10985439,1,,,,,,,,,0.5330282521016328
2986032,list_item,Survival Tactics,strict,10985439,1,,,,,,,,,0.5330282521016328
2986033,list_item,Books,strict,11009757,1,,,,,,,,,0.0
2986034,list_item,Human Devices,strict,11021626,1,,,,,,,,,0.5
2986035,list_item,Elvis,strict,11026491,1,,,,,,,,,0.5
2986036,list_item,Dylan,strict,11026491,1,,,,,,,,,0.5
2986037,list_item,Parsons,strict,11026491,1,,,,,,,,,0.5
2986038,action_noun,future,strict,862,121,,,,,,,,,0.7727228528040991
2986039,action_noun,evasion,strict,961,1,,,,,,,,,0.3010299956639812
2986040,action_noun,hidden history,strict,1225,6,,,,,,,,,0.8450980400142568
2986041,action_noun,reinvention,strict,1541,5,,,,,,,,,0.7781512503836436
2986042,action_noun,rise,strict,1704,72,,,,,,,,,0.6712285980052702
2986043,action_noun,fate,strict,1975,23,,,,,,,,,0.3786550901232762
2986044,action_noun,creation,strict,2619,36,,,,,,,,,0.5453480462850682
2986045,action_noun,language,strict,3676,7,,,,,,,,,0.5
2986046,action_noun,birth,strict,4933,44,,,,,,,,,0.5514746260262028
2986047,action_noun,making,strict,4962,158,,,,,,,,,0.6691922192340062
2986048,action_noun,transformation,strict,6255,30,,,,,,,,,0.0
2986049,action_noun,enduring legacy,strict,6816,1,,,,,,,,,0.3010299956639812
2986050,action_noun,end,strict,8866,43,,,,,,,,,0.4638399271065126
2986051,action_noun,rebuilding,strict,10262,2,,,,,,,,,0.47712125471966244
2986052,action_noun,Department,strict,10896,1,,,,,,,,,0.3010299956639812
2986053,action_noun,currency,strict,11174,1,,,,,,,,,0.3010299956639812
2986054,action_noun,remediation,strict,11724,1,,,,,,,,,0.3010299956639812
2986055,action_noun,development,strict,11784,21,,,,,,,,,0.0
2986056,action_noun,story,strict,12464,10,,,,,,,,,0.0
2986057,action_noun,destruction,strict,14110,16,,,,,,,,,0.39218516337546144
2986058,action_noun,shaping,strict,15280,22,,,,,,,,,0.25
2986059,action_noun,nature,strict,15420,21,,,,,,,,,0.3333333333333333
2986060,action_noun,formulation,strict,17199,1,,,,,,,,,0.3010299956639812
2986061,action_noun,beginning,strict,17746,5,,,,,,,,,0.7781512503836436
2986062,action_noun,construction,strict,19184,26,,,,,,,,,0.3333333333333333
2986063,action_noun,crisis,strict,19261,25,,,,,,,,,0.5
2986064,action_noun,origins,strict,20484,61,,,,,,,,,0.5154918574782578
2986065,action_noun,myth,strict,21707,12,,,,,,,,,0.0
2986066,action_noun,rule,strict,22572,16,,,,,,,,,0.5
2986067,action_noun,formation,strict,23301,17,,,,,,,,,0.0
2986068,action_noun,betrayal,strict,23455,2,,,,,,,,,0.47712125471966244
2986069,action_noun,loss,strict,24450,3,,,,,,,,,0.6020599913279624
2986070,action_noun,legacy,strict,25791,15,,,,,,,,,0.07549607530458667
2986071,action_noun,assessment,strict,26115,2,,,,,,,,,0.47712125471966244
2986072,action_noun,promise,strict,26666,13,,,,,,,,,0.28050622152829907
2986073,action_noun,history,strict,33178,29,,,,,,,,,0.16666666666666666
2986074,action_noun,mystery,strict,35357,3,,,,,,,,,0.5
2986075,action_noun,Gospel,strict,39013,5,,,,,,,,,0.5
2986076,action_noun,role,strict,43447,38,,,,,,,,,0.16666666666666666
2986077,action_noun,partition,strict,45812,1,,,,,,,,,0.3010299956639812
2986078,action_noun,creative shaping,strict,45865,1,,,,,,,,,0.3010299956639812
2986079,action_noun,question,strict,47023,23,,,,,,,,,0.0
2986080,action_noun,culture,strict,52210,26,,,,,,,,,0.37097027739531807
2986081,action_noun,manufacture,strict,55789,3,,,,,,,,,0.6020599913279624
2986082,action_noun,theory,strict,290322,10,,,,,,,,,0.0
2986083,action_noun,balance,strict,343383,4,,,,,,,,,0.6989700043360189
2986084,action_noun,founding,strict,344003,7,,,,,,,,,0.0
2986085,action_noun,multiple use,strict,351226,1,,,,,,,,,0.3010299956639812
2986086,action_noun,early poetry,strict,383895,1,,,,,,,,,0.3010299956639812
2986087,action_noun,condition,strict,436685,1,,,,,,,,,0.3010299956639812
2986088,action_noun,use,strict,464248,8,,,,,,,,,0.0
2986089,action_noun,demestication,strict,469933,2,,,,,,,,,0.0
2986090,action_noun,unification,strict,490262,1,,,,,,,,,0.3010299956639812
2986091,action_noun,examination,strict,499093,2,,,,,,,,,0.0
2986092,action_noun,War,strict,505118,4,,,,,,,,,0.5
2986093,action_noun,coming,strict,531818,12,,,,,,,,,0.25
2986094,action_noun,meaning,strict,534232,17,,,,,,,,,0.2820634691483404
2986095,action_noun,limits,strict,571814,44,,,,,,,,,0.3333333333333333
2986096,action_noun,evolution,strict,572057,19,,,,,,,,,0.25
2986097,action_noun,prevention,strict,598136,3,,,,,,,,,0.0
2986098,action_noun,life,strict,640630,9,,,,,,,,,0.5
2986099,action_noun,abolition,strict,644964,1,,,,,,,,,0.3010299956639812
2986100,action_noun,world,strict,645838,10,,,,,,,,,0.5
2986101,action_noun,renewal,strict,651299,9,,,,,,,,,0.8655470287924651
2986102,action_noun,analysis,strict,679609,3,,,,,,,,,0.6020599913279624
2986103,action_noun,future organization,strict,693545,1,,,,,,,,,0.3010299956639812
2986104,action_noun,variation,strict,737419,1,,,,,,,,,0.3010299956639812
2986105,action_noun,invention,strict,740073,18,,,,,,,,,0.5669313096489572
2986106,action_noun,dismantling,strict,748262,2,,,,,,,,,0.0
2986107,action_noun,second enlargement,strict,752125,1,,,,,,,,,0.3010299956639812
2986108,action_noun,treatment,strict,755961,2,,,,,,,,,0.47712125471966244
2986109,action_noun,genius,strict,769093,7,,,,,,,,,0.0
2986110,action_noun,function,strict,769315,1,,,,,,,,,0.3010299956639812
2986111,action_noun,failure,strict,775058,7,,,,,,,,,0.0
2986112,action_noun,reproduction,strict,777582,4,,,,,,,,,0.0
2986113,action_noun,cult,strict,778860,8,,,,,,,,,0.37282528375370333
2986114,action_noun,organization,strict,786478,4,,,,,,,,,0.0
2986115,action_noun,aesthetic ideal,strict,790257,1,,,,,,,,,0.3010299956639812
2986116,action_noun,production,strict,807024,13,,,,,,,,,1.146128035678238
2986117,action_noun,social division,strict,808791,1,,,,,,,,,0.3010299956639812
2986118,action_noun,art,strict,809802,32,,,,,,,,,0.5
2986119,action_noun,regeneration,strict,832115,1,,,,,,,,,0.3010299956639812
2986120,action_noun,teaching,strict,839001,5,,,,,,,,,0.5
2986121,action_noun,reading,strict,849990,1,,,,,,,,,0.3010299956639812
2986122,action_noun,growth,strict,851169,7,,,,,,,,,0.5
2986123,action_noun,high cost,strict,892591,2,,,,,,,,,0.0
2986124,action_noun,unlikely triumph,strict,913753,4,,,,,,,,,0.40001985282858676
2986125,action_noun,direction,strict,917338,2,,,,,,,,,0.0
2986126,action_noun,civilizing,strict,917468,1,,,,,,,,,0.3010299956639812
2986127,action_noun,challenge,strict,917475,24,,,,,,,,,0.3333333333333333
2986128,action_noun,structure,strict,920131,5,,,,,,,,,0.7781512503836436
2986129,action_noun,mirage,strict,954803,3,,,,,,,,,0.5
2986130,action_noun,pursuit,strict,956123,44,,,,,,,,,0.5718544822605541
2986131,action_noun,interpretation,strict,958373,9,,,,,,,,,1.0
2986132,action_noun,power,strict,960305,17,,,,,,,,,0.4985421778065802
2986133,action_noun,closure,strict,960744,1,,,,,,,,,0.3010299956639812
2986134,action_noun,spirit,strict,968353,7,,,,,,,,,0.9030899869919435
2986135,action_noun,manipulation,strict,991149,3,,,,,,,,,0.0
2986136,action_noun,sense,strict,991272,3,,,,,,,,,0.6020599913279624
2986137,action_noun,packaging,strict,992084,1,,,,,,,,,0.3010299956639812
2986138,action_noun,triumph,strict,1001304,6,,,,,,,,,0.3138331575779245
2986139,action_noun,social construction,strict,1001738,9,,,,,,,,,0.5
2986140,action_noun,drama,strict,1004967,6,,,,,,,,,0.8450980400142568
2986141,action_noun,western creation,strict,1005198,2,,,,,,,,,0.5
2986142,action_noun,survival,strict,1005301,6,,,,,,,,,0.25
2986143,action_noun,resurrection,strict,1006321,1,,,,,,,,,0.3010299956639812
2986144,action_noun,transcendental predicament,strict,1006485,1,,,,,,,,,0.3010299956639812
2986145,action_noun,rejection,strict,1022242,3,,,,,,,,,0.5
2986146,action_noun,cross-national theory,strict,1035191,1,,,,,,,,,0.3010299956639812
2986147,action_noun,lynching,strict,1036598,1,,,,,,,,,0.3010299956639812
2986148,action_noun,image,strict,1037831,3,,,,,,,,,0.6020599913279624
2986149,action_noun,roots,strict,1039323,9,,,,,,,,,0.5
2986150,action_noun,gospel,strict,1043777,4,,,,,,,,,0.6989700043360189
2986151,action_noun,death,strict,1045845,11,,,,,,,,,0.047825641900537404
2986152,action_noun,reconstruction,strict,1048603,4,,,,,,,,,0.5
2986153,action_noun,restructuring,strict,1049284,2,,,,,,,,,0.47712125471966244
2986154,action_noun,psychoanalysis,strict,1050662,1,,,,,,,,,0.3010299956639812
2986155,action_noun,erosion,strict,1051207,5,,,,,,,,,0.0
2986156,action_noun,freeing,strict,1051214,1,,,,,,,,,0.3010299956639812
2986157,action_noun,settling,strict,1055545,1,,,,,,,,,0.3010299956639812
2986158,action_noun,commemoration,strict,1057885,2,,,,,,,,,0.0
2986159,action_noun,validation,strict,1076218,1,,,,,,,,,0.3010299956639812
2986160,action_noun,biblical transformation,strict,1083747,2,,,,,,,,,0.10723169176847977
2986161,action_noun,populating,strict,1084116,1,,,,,,,,,0.3010299956639812
2986162,action_noun,integration,strict,1084331,3,,,,,,,,,0.6020599913279624
2986163,action_noun,resacralization,strict,1093422,1,,,,,,,,,0.3010299956639812
2986164,action_noun,intimacy,strict,1093854,1,,,,,,,,,0.3010299956639812
2986165,action_noun,fiction,strict,1120861,5,,,,,,,,,0.7781512503836436
2986166,action_noun,war,strict,1123775,5,,,,,,,,,0.0
2986167,action_noun,intriguing history,strict,1125934,1,,,,,,,,,0.3010299956639812
2986168,action_noun,Anglo-American tradition,strict,1131386,3,,,,,,,,,0.0
2986169,action_noun,resurgence,strict,1131658,1,,,,,,,,,0.3010299956639812
2986170,action_noun,gentle art,strict,1135204,1,,,,,,,,,0.3010299956639812
2986171,action_noun,early modern construction,strict,1137256,1,,,,,,,,,0.3010299956639812
2986172,action_noun,geometry,strict,1141304,1,,,,,,,,,0.3010299956639812
2986173,action_noun,seduction,strict,1149507,3,,,,,,,,,0.0
2986174,action_noun,literature,strict,1165200,5,,,,,,,,,0.7781512503836436
2986175,action_noun,emergence,strict,1166566,20,,,,,,,,,0.20565652094155562
2986176,action_noun,collapse,strict,1170467,3,,,,,,,,,0.6020599913279624
2986177,action_noun,political construction,strict,1174558,1,,,,,,,,,0.3010299956639812
2986178,action_noun,eclipse,strict,1175040,2,,,,,,,,,0.47712125471966244
2986179,action_noun,building,strict,1176031,4,,,,,,,,,0.5
2986180,action_noun,writing,strict,1178032,7,,,,,,,,,0.5
2986181,action_noun,non-trivial nature,strict,1182034,1,,,,,,,,,0.3010299956639812
2986182,action_noun,bankrupting,strict,1186330,1,,,,,,,,,0.3010299956639812
2986183,action_noun,representation,strict,1186372,6,,,,,,,,,0.5
2986184,action_noun,natural history,strict,1190000,1,,,,,,,,,0.3010299956639812
2986185,action_noun,colonization,strict,1197257,2,,,,,,,,,0.47712125471966244
2986186,action_noun,demise,strict,1200447,6,,,,,,,,,0.0
2986187,action_noun,imagining,strict,1214386,1,,,,,,,,,0.3010299956639812
2986188,action_noun,frustration,strict,1218165,2,,,,,,,,,0.47712125471966244
2986189,action_noun,invasion,strict,1218942,5,,,,,,,,,0.25
2986190,action_noun,political culture,strict,1221270,1,,,,,,,,,0.3010299956639812
2986191,action_noun,social management,strict,1223235,1,,,,,,,,,0.3010299956639812
2986192,action_noun,secret history,strict,1225579,4,,,,,,,,,0.25
2986193,action_noun,rise and fall,strict,1230539,7,,,,,,,,,0.9030899869919435
2986194,action_noun,lure,strict,1232585,6,,,,,,,,,0.5
2986195,action_noun,governing,strict,1235434,2,,,,,,,,,0.47712125471966244
2986196,action_noun,ministry,strict,1250260,1,,,,,,,,,0.3010299956639812
2986197,action_noun,ethnohistory,strict,1255210,2,,,,,,,,,0.5
2986198,action_noun,constructing,strict,1268136,2,,,,,,,,,0.47712125471966244
2986199,action_noun,remaking,strict,1270793,15,,,,,,,,,0.3333333333333333
2986200,action_noun,soul,strict,1271952,6,,,,,,,,,0.25
2986201,action_noun,case,strict,1272239,11,,,,,,,,,0.25
2986202,action_noun,resiliency,strict,1272873,1,,,,,,,,,0.3010299956639812
2986203,action_noun,demonstration,strict,1275303,1,,,,,,,,,0.3010299956639812
2986204,action_noun,commodification,strict,1275356,2,,,,,,,,,0.47712125471966244
2986205,action_noun,division,strict,1278331,1,,,,,,,,,0.3010299956639812
2986206,action_noun,opening,strict,1281675,2,,,,,,,,,0.9897041032045726
2986207,action_noun,withdrawal,strict,1282722,2,,,,,,,,,0.5
2986208,action_noun,child's construction,strict,1283132,1,,,,,,,,,0.3010299956639812
2986209,action_noun,Australian life,strict,1283671,3,,,,,,,,,0.0
2986210,action_noun,generation,strict,1283697,1,,,,,,,,,0.3010299956639812
2986211,action_noun,social organization,strict,1284404,1,,,,,,,,,0.3010299956639812
2986212,action_noun,institution,strict,1288112,2,,,,,,,,,0.47712125471966244
2986213,action_noun,message,strict,1304296,3,,,,,,,,,0.6020599913279624
2986214,action_noun,vision,strict,1305984,3,,,,,,,,,0.5
2986215,action_noun,rapture,strict,1318599,1,,,,,,,,,0.3010299956639812
2986216,action_noun,illusion,strict,1321311,2,,,,,,,,,0.6231355227786175
2986217,action_noun,science,strict,1321345,9,,,,,,,,,0.3504915311492674
2986218,action_noun,secret meaning,strict,1329147,1,,,,,,,,,0.3010299956639812
2986219,action_noun,unfolding,strict,1330809,2,,,,,,,,,0.0
2986220,action_noun,cultivation,strict,1331314,3,,,,,,,,,0.5
2986221,action_noun,logic,strict,1332219,12,,,,,,,,,0.0
2986222,action_noun,dilemma,strict,1333608,2,,,,,,,,,0.47712125471966244
2986223,action_noun,outrage,strict,1334405,1,,,,,,,,,0.3010299956639812
2986224,action_noun,rewriting,strict,1335626,1,,,,,,,,,0.3010299956639812
2986225,action_noun,staging,strict,1339271,1,,,,,,,,,0.3010299956639812
2986226,action_noun,re-constitution,strict,1341202,1,,,,,,,,,0.3010299956639812
2986227,action_noun,translation,strict,1341328,3,,,,,,,,,0.0
2986228,action_noun,telling,strict,1355101,1,,,,,,,,,0.3010299956639812
2986229,action_noun,bankruptcy,strict,1357945,1,,,,,,,,,0.3010299956639812
2986230,action_noun,figure,strict,1367745,1,,,,,,,,,0.3010299956639812
2986231,action_noun,new age,strict,1370153,2,,,,,,,,,0.5
2986232,action_noun,management,strict,1377058,4,,,,,,,,,0.5
2986233,action_noun,foundation,strict,1380750,1,,,,,,,,,0.3010299956639812
2986234,action_noun,deconstruction,strict,1381179,1,,,,,,,,,0.3010299956639812
2986235,action_noun,redefinition,strict,1384871,2,,,,,,,,,0.47712125471966244
2986236,action_noun,social reconstruction,strict,1386661,1,,,,,,,,,0.3010299956639812
2986237,action_noun,discovery,strict,1389954,8,,,,,,,,,0.5072300783877262
2986238,action_noun,discourse,strict,1390269,3,,,,,,,,,0.6020599913279624
2986239,action_noun,metamorphosis,strict,1391536,1,,,,,,,,,0.3010299956639812
2986240,action_noun,paradox,strict,1394274,7,,,,,,,,,0.9030899869919435
2986241,action_noun,education,strict,1396760,9,,,,,,,,,0.16666666666666666
2986242,action_noun,most outrageous trial,strict,1398899,1,,,,,,,,,0.3010299956639812
2986243,action_noun,truth,strict,1401544,1,,,,,,,,,0.3010299956639812
2986244,action_noun,self-determination,strict,1419136,1,,,,,,,,,0.3010299956639812
2986245,action_noun,schooling,strict,1421003,3,,,,,,,,,0.6020599913279624
2986246,action_noun,consumption,strict,1423662,3,,,,,,,,,0.0
2986247,action_noun,demonizing,strict,1428382,1,,,,,,,,,0.3010299956639812
2986248,action_noun,marketing,strict,1432689,2,,,,,,,,,0.47712125471966244
2986249,action_noun,establishment,strict,1433050,2,,,,,,,,,0.47712125471966244
2986250,action_noun,mainstreaming,strict,1435158,2,,,,,,,,,0.47712125471966244
2986251,action_noun,desolation,strict,1441104,2,,,,,,,,,0.47712125471966244
2986252,action_noun,moral life,strict,1444155,1,,,,,,,,,0.3010299956639812
2986253,action_noun,social limits,strict,1446482,1,,,,,,,,,0.3010299956639812
2986254,action_noun,dance,strict,1446576,1,,,,,,,,,0.3010299956639812
2986255,action_noun,age,strict,1448200,5,,,,,,,,,0.0
2986256,action_noun,Cathedral,strict,1451454,2,,,,,,,,,0.0
2986257,action_noun,ultimate unification,strict,1465155,1,,,,,,,,,0.3010299956639812
2986258,action_noun,performance,strict,1490723,11,,,,,,,,,1.0791812460476249
2986259,action_noun,new world,strict,1491072,2,,,,,,,,,0.47712125471966244
2986260,action_noun,election,strict,1492607,1,,,,,,,,,0.3010299956639812
2986261,action_noun,corruption,strict,1497385,1,,,,,,,,,0.3010299956639812
2986262,action_noun,scientific manufacture,strict,1497796,1,,,,,,,,,0.3010299956639812
2986263,action_noun,memory,strict,1497899,3,,,,,,,,,0.6020599913279624
2986264,action_noun,aftermath,strict,1499910,4,,,,,,,,,0.6989700043360189
2986265,action_noun,secret,strict,1500379,2,,,,,,,,,0.47712125471966244
2986266,action_noun,experience,strict,1504227,4,,,,,,,,,0.0
2986267,action_noun,invocation,strict,1516689,1,,,,,,,,,0.3010299956639812
2986268,action_noun,fighting spirit,strict,1536172,1,,,,,,,,,0.3010299956639812
2986269,action_noun,ideological origins,strict,1536292,1,,,,,,,,,0.3010299956639812
2986270,action_noun,professionalization,strict,1547585,1,,,,,,,,,0.3010299956639812
2986271,action_noun,changing nature,strict,1550109,1,,,,,,,,,0.3010299956639812
2986272,action_noun,course,strict,1550200,3,,,,,,,,,0.6020599913279624
2986273,action_noun,unveiling,strict,1562322,1,,,,,,,,,0.3010299956639812
2986274,action_noun,rebirth,strict,1566144,6,,,,,,,,,0.0
2986275,action_noun,heart,strict,1577009,4,,,,,,,,,0.5
2986276,action_noun,migration,strict,1578550,1,,,,,,,,,0.3010299956639812
2986277,action_noun,greying,strict,1581372,1,,,,,,,,,0.3010299956639812
2986278,action_noun,real meaning,strict,1588045,1,,,,,,,,,0.3010299956639812
2986279,action_noun,preservation,strict,1596274,1,,,,,,,,,0.3010299956639812
2986280,action_noun,distortion,strict,1597538,1,,,,,,,,,0.3010299956639812
2986281,action_noun,fall,strict,1604433,7,,,,,,,,,0.46733241152020993
2986282,action_noun,century,strict,1611762,1,,,,,,,,,0.3010299956639812
2986283,action_noun,mastery,strict,1619379,1,,,,,,,,,0.3010299956639812
2986284,action_noun,abuse,strict,1619640,1,,,,,,,,,0.3010299956639812
2986285,action_noun,recovery,strict,1621133,5,,,,,,,,,0.7966646688961491
2986286,action_noun,disappearance,strict,1633855,2,,,,,,,,,0.47712125471966244
2986287,action_noun,promotion,strict,1640038,4,,,,,,,,,0.0
2986288,action_noun,politicization,strict,1640256,1,,,,,,,,,0.3010299956639812
2986289,action_noun,inherent dilemma,strict,1644850,1,,,,,,,,,0.3010299956639812
2986290,action_noun,economic origins,strict,1650965,2,,,,,,,,,0.5
2986291,action_noun,specter,strict,1656452,1,,,,,,,,,0.3010299956639812
2986292,action_noun,Iraqi invasion,strict,1657924,1,,,,,,,,,0.3010299956639812
2986293,action_noun,tradition,strict,1659692,3,,,,,,,,,0.0
2986294,action_noun,antebellum culture,strict,1660686,1,,,,,,,,,0.3010299956639812
2986295,action_noun,reconstitution,strict,1661001,1,,,,,,,,,0.3010299956639812
2986296,action_noun,winning,strict,1661586,3,,,,,,,,,0.6020599913279624
2986297,action_noun,social life,strict,1665583,1,,,,,,,,,0.3010299956639812
2986298,action_noun,unmaking,strict,1668481,3,,,,,,,,,0.6020599913279624
2986299,action_noun,texture,strict,1669309,1,,,,,,,,,0.3010299956639812
2986300,action_noun,violation,strict,1670998,1,,,,,,,,,0.3010299956639812
2986301,action_noun,perversion,strict,1691233,2,,,,,,,,,0.47712125471966244
2986302,action_noun,souring,strict,1698511,2,,,,,,,,,0.5
2986303,action_noun,racial construction,strict,1708487,1,,,,,,,,,0.3010299956639812
2986304,action_noun,therapeutic transformation,strict,1715237,1,,,,,,,,,0.3010299956639812
2986305,action_noun,conception,strict,1715651,1,,,,,,,,,0.3010299956639812
2986306,action_noun,negotiation,strict,1722493,3,,,,,,,,,0.6020599913279624
2986307,action_noun,looting,strict,1726369,3,,,,,,,,,0.5
2986308,action_noun,reformulation,strict,1727003,1,,,,,,,,,0.3010299956639812
2986309,action_noun,surprising future,strict,1727717,1,,,,,,,,,0.3010299956639812
2986310,action_noun,new power,strict,1730873,2,,,,,,,,,0.47712125471966244
2986311,action_noun,bringing,strict,1733198,1,,,,,,,,,0.3010299956639812
2986312,action_noun,gnosis,strict,1736485,1,,,,,,,,,0.3010299956639812
2986313,action_noun,(non-) emergence,strict,1739863,1,,,,,,,,,0.3010299956639812
2986314,action_noun,rehabilitation,strict,1741587,1,,,,,,,,,0.3010299956639812
2986315,action_noun,ordination,strict,1744375,1,,,,,,,,,0.3010299956639812
2986316,action_noun,globalization,strict,1755633,7,,,,,,,,,0.9030899869919435
2986317,action_noun,arrival,strict,1756529,1,,,,,,,,,0.3010299956639812
2986318,action_noun,suppressed origins,strict,1768097,1,,,,,,,,,0.3010299956639812
2986319,action_noun,impossible triumph,strict,1769365,2,,,,,,,,,0.401063818586638
2986320,action_noun,U.S.H.ouse,strict,1771715,1,,,,,,,,,0.3010299956639812
2986321,action_noun,Passion,strict,1774760,3,,,,,,,,,0.5048561712337493
2986322,action_noun,reimagining,strict,1775130,1,,,,,,,,,0.3010299956639812
2986323,action_noun,prohibition,strict,1777668,1,,,,,,,,,0.3010299956639812
2986324,action_noun,organizational transformation,strict,1777846,1,,,,,,,,,0.3010299956639812
2986325,action_noun,Nation,strict,1778992,2,,,,,,,,,0.5
2986326,action_noun,attraction,strict,1779500,1,,,,,,,,,0.3010299956639812
2986327,action_noun,decoding,strict,1781517,1,,,,,,,,,0.3010299956639812
2986328,action_noun,purpose,strict,1784629,1,,,,,,,,,0.3010299956639812
2986329,action_noun,protection,strict,1784914,1,,,,,,,,,0.3010299956639812
2986330,action_noun,golden age,strict,1787636,4,,,,,,,,,0.0
2986331,action_noun,revaluation,strict,1790880,1,,,,,,,,,0.3010299956639812
2986332,action_noun,circulation,strict,1790911,1,,,,,,,,,0.3010299956639812
2986333,action_noun,elusive promise,strict,1791120,1,,,,,,,,,0.3010299956639812
2986334,action_noun,Age,strict,1793679,7,,,,,,,,,0.3333333333333333
2986335,action_noun,distribution,strict,1794010,4,,,,,,,,,0.25
2986336,action_noun,independence,strict,1807187,1,,,,,,,,,0.3010299956639812
2986337,action_noun,ambivalence,strict,1808263,1,,,,,,,,,0.3010299956639812
2986338,action_noun,National Library,strict,1811412,1,,,,,,,,,0.3010299956639812
2986339,action_noun,exploration,strict,1825538,2,,,,,,,,,0.47712125471966244
2986340,action_noun,revolution,strict,1828338,3,,,,,,,,,0.6020599913279624
2986341,action_noun,re-emergence,strict,1830164,1,,,,,,,,,0.3010299956639812
2986342,action_noun,radical remaking,strict,1831369,1,,,,,,,,,0.3010299956639812
2986343,action_noun,relativization,strict,1832135,1,,,,,,,,,0.3010299956639812
2986344,action_noun,democratic spirit,strict,1832325,1,,,,,,,,,0.3010299956639812
2986345,action_noun,intellectual origins,strict,1836853,1,,,,,,,,,0.3010299956639812
2986346,action_noun,absence,strict,1838278,1,,,,,,,,,0.3010299956639812
2986347,action_noun,expropriation,strict,1839723,1,,,,,,,,,0.3010299956639812
2986348,action_noun,defense,strict,1846284,3,,,,,,,,,0.0
2986349,action_noun,coming death,strict,1849217,1,,,,,,,,,0.3010299956639812
2986350,action_noun,changing use,strict,1870495,1,,,,,,,,,0.3010299956639812
2986351,action_noun,impact,strict,1874073,3,,,,,,,,,0.6020599913279624
2986352,action_noun,health,strict,1876581,1,,,,,,,,,0.3010299956639812
2986353,action_noun,coordination,strict,1888662,2,,,,,,,,,0.5
2986354,action_noun,materialization,strict,1897255,1,,,,,,,,,0.3010299956639812
2986355,action_noun,gassing,strict,1897394,1,,,,,,,,,0.3010299956639812
2986356,action_noun,regulation,strict,1898738,3,,,,,,,,,0.6020599913279624
2986357,action_noun,postmodern corruption,strict,1898916,1,,,,,,,,,0.3010299956639812
2986358,action_noun,rhetorical theory,strict,1900548,1,,,,,,,,,0.3010299956639812
2986359,action_noun,material culture,strict,1900861,1,,,,,,,,,0.3010299956639812
2986360,action_noun,royal house,strict,1903280,1,,,,,,,,,0.3010299956639812
2986361,action_noun,normalisation,strict,1907261,1,,,,,,,,,0.3010299956639812
2986362,action_noun,governance,strict,1907501,5,,,,,,,,,0.7781512503836436
2986363,action_noun,wrath,strict,1910125,1,,,,,,,,,0.3010299956639812
2986364,action_noun,romance,strict,1910285,2,,,,,,,,,0.5
2986365,action_noun,policy,strict,1915882,1,,,,,,,,,0.3010299956639812
2986366,action_noun,forgotten story,strict,1917205,3,,,,,,,,,0.9295224744282786
2986367,action_noun,forging,strict,1918280,2,,,,,,,,,0.47712125471966244
2986368,action_noun,censored story,strict,1918677,1,,,,,,,,,0.3010299956639812
2986369,action_noun,coming collapse,strict,1920317,1,,,,,,,,,0.3010299956639812
2986370,action_noun,library,strict,1926034,2,,,,,,,,,0.0
2986371,action_noun,constitution,strict,1930265,4,,,,,,,,,0.0
2986372,action_noun,grand unification theory,strict,1958224,1,,,,,,,,,0.3010299956639812
2986373,action_noun,costuming,strict,1961184,1,,,,,,,,,0.3010299956639812
2986374,action_noun,semblance,strict,1964444,1,,,,,,,,,0.3010299956639812
2986375,action_noun,re-enchantment,strict,1966631,1,,,,,,,,,0.3010299956639812
2986376,action_noun,diffusion,strict,1966742,1,,,,,,,,,0.3010299956639812
2986377,action_noun,Symbolist sublimation,strict,1967340,1,,,,,,,,,0.3010299956639812
2986378,action_noun,dominance,strict,1969429,1,,,,,,,,,0.3010299956639812
2986379,action_noun,dark heart,strict,1969797,2,,,,,,,,,0.47712125471966244
2986380,action_noun,fall and rise,strict,1970110,1,,,,,,,,,0.3010299956639812
2986381,action_noun,salvation,strict,1972212,1,,,,,,,,,0.3010299956639812
2986382,action_noun,lost world,strict,1977690,1,,,,,,,,,0.3010299956639812
2986383,action_noun,public history,strict,1977840,1,,,,,,,,,0.3010299956639812
2986384,action_noun,exploitation,strict,1978308,1,,,,,,,,,0.3010299956639812
2986385,action_noun,movement,strict,1978722,2,,,,,,,,,0.47712125471966244
2986386,action_noun,furious rise,strict,1980254,1,,,,,,,,,0.3010299956639812
2986387,action_noun,inconstancy,strict,1980603,1,,,,,,,,,0.3010299956639812
2986388,action_noun,selling,strict,1981014,1,,,,,,,,,0.3010299956639812
2986389,action_noun,wealth,strict,1982268,4,,,,,,,,,0.6989700043360189
2986390,action_noun,Association,strict,1985927,1,,,,,,,,,0.3010299956639812
2986391,action_noun,global origins,strict,1987503,1,,,,,,,,,0.3010299956639812
2986392,action_noun,judicial power,strict,1988046,1,,,,,,,,,0.3010299956639812
2986393,action_noun,undermining,strict,1988536,2,,,,,,,,,0.47712125471966244
2986394,action_noun,psychoanalytic theory,strict,1989764,1,,,,,,,,,0.3010299956639812
2986395,action_noun,Victorian origins,strict,1994584,1,,,,,,,,,0.3010299956639812
2986396,action_noun,unknown life,strict,1994636,2,,,,,,,,,0.5
2986397,action_noun,reception,strict,1994829,2,,,,,,,,,0.5
2986398,action_noun,new culture,strict,1996588,1,,,,,,,,,0.3010299956639812
2986399,action_noun,dream,strict,2006099,5,,,,,,,,,0.3791456436913482
2986400,action_noun,contribution,strict,2015363,1,,,,,,,,,0.3010299956639812
2986401,action_noun,legal culture,strict,2025422,1,,,,,,,,,0.3010299956639812
2986402,action_noun,awakening,strict,2026614,1,,,,,,,,,0.3010299956639812
2986403,action_noun,inside story,strict,2027946,2,,,,,,,,,0.5
2986404,action_noun,accomplishment,strict,2029871,1,,,,,,,,,0.3010299956639812
2986405,action_noun,harvesting,strict,2035637,1,,,,,,,,,0.3010299956639812
2986406,action_noun,apotheosis,strict,2036468,1,,,,,,,,,0.3010299956639812
2986407,action_noun,path,strict,2039785,2,,,,,,,,,0.47712125471966244
2986408,action_noun,new birth,strict,2039914,1,,,,,,,,,0.3010299956639812
2986409,action_noun,piloting,strict,2042085,1,,,,,,,,,0.3010299956639812
2986410,action_noun,attainment,strict,2043876,1,,,,,,,,,0.3010299956639812
2986411,action_noun,dissemination,strict,2045618,1,,,,,,,,,0.3010299956639812
2986412,action_noun,astonishing rise,strict,2050692,1,,,,,,,,,0.3010299956639812
2986413,action_noun,sinking,strict,2051623,1,,,,,,,,,0.3010299956639812
2986414,action_noun,contestation,strict,2052309,1,,,,,,,,,0.3010299956639812
2986415,action_noun,transmission,strict,2055371,2,,,,,,,,,0.47712125471966244
2986416,action_noun,dream life,strict,2075523,1,,,,,,,,,0.3010299956639812
2986417,action_noun,alleviation,strict,2080747,1,,,,,,,,,0.3010299956639812
2986418,action_noun,capitalization,strict,2082217,1,,,,,,,,,0.3010299956639812
2986419,action_noun,rediscovery,strict,2089047,2,,,,,,,,,0.0
2986420,action_noun,Renaissance rediscovery,strict,2090121,1,,,,,,,,,0.3010299956639812
2986421,action_noun,early history,strict,2090518,1,,,,,,,,,0.3010299956639812
2986422,action_noun,international regulation,strict,2090588,2,,,,,,,,,0.47712125471966244
2986423,action_noun,price,strict,2091926,2,,,,,,,,,0.47712125471966244
2986424,action_noun,scandal,strict,2094073,1,,,,,,,,,0.3010299956639812
2986425,action_noun,marriage,strict,2094286,2,,,,,,,,,0.47712125471966244
2986426,action_noun,mad pursuit,strict,2103510,1,,,,,,,,,0.3010299956639812
2986427,action_noun,disposal,strict,2103542,1,,,,,,,,,0.3010299956639812
2986428,action_noun,dramatic rise,strict,2107136,1,,,,,,,,,0.3010299956639812
2986429,action_noun,Americanization,strict,2109348,1,,,,,,,,,0.3010299956639812
2986430,action_noun,global governance,strict,2110826,1,,,,,,,,,0.3010299956639812
2986431,action_noun,political meaning,strict,2112278,1,,,,,,,,,0.3010299956639812
2986432,action_noun,patterning,strict,2112844,1,,,,,,,,,0.3010299956639812
2986433,action_noun,passing,strict,2113948,1,,,,,,,,,0.3010299956639812
2986434,action_noun,fabrication,strict,2114191,1,,,,,,,,,0.3010299956639812
2986435,action_noun,dawn,strict,2114524,3,,,,,,,,,0.6020599913279624
2986436,action_noun,proclamation,strict,2116315,1,,,,,,,,,0.3010299956639812
2986437,action_noun,disciplining,strict,2116882,1,,,,,,,,,0.3010299956639812
2986438,action_noun,social nature,strict,2119761,1,,,,,,,,,0.3010299956639812
2986439,action_noun,reframing,strict,2125594,1,,,,,,,,,0.3010299956639812
2986440,action_noun,inner tradition,strict,2126026,1,,,,,,,,,0.3010299956639812
2986441,action_noun,true story,strict,2160608,1,,,,,,,,,0.3010299956639812
2986442,action_noun,untold story,strict,2164721,2,,,,,,,,,0.47712125471966244
2986443,action_noun,recognition,strict,2170043,1,,,,,,,,,0.3010299956639812
2986444,action_noun,transformative power,strict,2171734,1,,,,,,,,,0.3010299956639812
2986445,action_noun,Labor roots,strict,2172628,1,,,,,,,,,0.3010299956639812
2986446,action_noun,alienation,strict,2173888,1,,,,,,,,,0.3010299956639812
2986447,action_noun,reordering,strict,2174597,1,,,,,,,,,0.3010299956639812
2986448,action_noun,territorialisation,strict,2174795,1,,,,,,,,,0.3010299956639812
2986449,action_noun,fatal cult,strict,2178232,1,,,,,,,,,0.3010299956639812
2986450,action_noun,extension,strict,2179528,1,,,,,,,,,0.3010299956639812
2986451,action_noun,inner life,strict,2181556,1,,,,,,,,,0.3010299956639812
2986452,action_noun,reinscribing,strict,2182220,1,,,,,,,,,0.3010299956639812
2986453,action_noun,partisan transformation,strict,2182872,1,,,,,,,,,0.3010299956639812
2986454,action_noun,unlikely rise,strict,2183060,1,,,,,,,,,0.3010299956639812
2986455,action_noun,hijacking,strict,2185637,1,,,,,,,,,0.3010299956639812
2986456,action_noun,lost history,strict,2186889,2,,,,,,,,,0.47712125471966244
2986457,action_noun,trajectory,strict,2196109,1,,,,,,,,,0.3010299956639812
2986458,action_noun,non-enforcement,strict,2200314,1,,,,,,,,,0.3010299956639812
2986459,action_noun,(un)making,strict,2203922,1,,,,,,,,,0.3010299956639812
2986460,action_noun,unlawful taking,strict,2214137,1,,,,,,,,,0.3010299956639812
2986461,action_noun,celebration,strict,2220417,1,,,,,,,,,0.3010299956639812
2986462,action_noun,biggest exposure,strict,2224443,1,,,,,,,,,0.3010299956639812
2986463,action_noun,treason trial,strict,2225617,1,,,,,,,,,0.3010299956639812
2986464,action_noun,worth,strict,2226616,1,,,,,,,,,0.3010299956639812
2986465,action_noun,renaissance,strict,2230502,1,,,,,,,,,0.3010299956639812
2986466,action_noun,affirmation,strict,2232354,1,,,,,,,,,0.3010299956639812
2986467,action_noun,hidden power,strict,2232659,1,,,,,,,,,0.3010299956639812
2986468,action_noun,1846 U.S. invasion,strict,2233131,1,,,,,,,,,0.3010299956639812
2986469,action_noun,radicalization,strict,2234071,1,,,,,,,,,0.3010299956639812
2986470,action_noun,brave new world,strict,2239212,1,,,,,,,,,0.3010299956639812
2986471,action_noun,perception,strict,2239458,1,,,,,,,,,0.3010299956639812
2986472,action_noun,essence,strict,2244373,2,,,,,,,,,0.47712125471966244
2986473,action_noun,burial,strict,2245170,1,,,,,,,,,0.3010299956639812
2986474,action_noun,sacramental vision,strict,2246138,1,,,,,,,,,0.3010299956639812
2986475,action_noun,micro-organization,strict,2246783,1,,,,,,,,,0.3010299956639812
2986476,action_noun,Emergence,strict,2247370,29,,,,,,,,,0.5
2986477,action_noun,electric origins,strict,2247645,1,,,,,,,,,0.3010299956639812
2986478,action_noun,legalization,strict,2250416,1,,,,,,,,,0.3010299956639812
2986479,action_noun,perfection,strict,2250499,1,,,,,,,,,0.3010299956639812
2986480,action_noun,sexual abuse,strict,2251044,1,,,,,,,,,0.3010299956639812
2986481,action_noun,erasure,strict,2251425,1,,,,,,,,,0.3010299956639812
2986482,action_noun,wilderness industry,strict,2262439,1,,,,,,,,,0.3010299956639812
2986483,action_noun,crossing,strict,2262976,1,,,,,,,,,0.3010299956639812
2986484,action_noun,criminalization,strict,2265329,1,,,,,,,,,0.3010299956639812
2986485,action_noun,evidence,strict,2276224,1,,,,,,,,,0.3010299956639812
2986486,action_noun,articulation,strict,2281055,1,,,,,,,,,0.3010299956639812
2986487,action_noun,endless pursuit,strict,2281452,1,,,,,,,,,0.3010299956639812
2986488,action_noun,shifting balance,strict,2284831,1,,,,,,,,,0.3010299956639812
2986489,action_noun,persistence,strict,2286228,2,,,,,,,,,0.47712125471966244
2986490,action_noun,Rise,strict,2286719,116,,,,,,,,,0.6045313326141374
2986491,action_noun,African American reclamation,strict,2286827,1,,,,,,,,,0.3010299956639812
2986492,action_noun,global emergence,strict,2287798,1,,,,,,,,,0.3010299956639812
2986493,action_noun,forgotten history,strict,2289469,1,,,,,,,,,0.3010299956639812
2986494,action_noun,violence,strict,2289654,1,,,,,,,,,0.3010299956639812
2986495,action_noun,Art,strict,2289967,45,,,,,,,,,0.6056019053971947
2986496,action_noun,turbulent rise,strict,2292568,1,,,,,,,,,0.3010299956639812
2986497,action_noun,troubled history,strict,2292688,1,,,,,,,,,0.3010299956639812
2986498,action_noun,Architecture,strict,2292695,4,,,,,,,,,0.3333333333333333
2986499,action_noun,next generation,strict,2293064,1,,,,,,,,,0.3010299956639812
2986500,action_noun,safeguarding,strict,2293324,1,,,,,,,,,0.3010299956639812
2986501,action_noun,epic age,strict,2294560,1,,,,,,,,,0.3010299956639812
2986502,action_noun,historical power,strict,2296553,1,,,,,,,,,0.3010299956639812
2986503,action_noun,half century,strict,2297321,1,,,,,,,,,0.3010299956639812
2986504,action_noun,capture,strict,2298428,1,,,,,,,,,0.3010299956639812
2986505,action_noun,cultural-historical experience,strict,2304508,1,,,,,,,,,0.3010299956639812
2986506,action_noun,Golden Age,strict,2304672,10,,,,,,,,,0.7601266351021296
2986507,action_noun,blurring,strict,2305192,1,,,,,,,,,0.3010299956639812
2986508,action_noun,Ascension,strict,2312028,1,,,,,,,,,0.3010299956639812
2986509,action_noun,doing,strict,2313246,1,,,,,,,,,0.3010299956639812
2986510,action_noun,enfranchisement,strict,2313256,1,,,,,,,,,0.3010299956639812
2986511,action_noun,popularizing,strict,2314169,1,,,,,,,,,0.3010299956639812
2986512,action_noun,termination,strict,2325520,1,,,,,,,,,0.3010299956639812
2986513,action_noun,misrepresentation,strict,2328011,1,,,,,,,,,0.3010299956639812
2986514,action_noun,architecture,strict,2333816,1,,,,,,,,,0.3010299956639812
2986515,action_noun,curse,strict,2334367,1,,,,,,,,,0.3010299956639812
2986516,action_noun,industrialization,strict,2345389,1,,,,,,,,,0.3010299956639812
2986517,action_noun,spiritual quickening,strict,2348374,1,,,,,,,,,0.3010299956639812
2986518,action_noun,trial,strict,2349265,2,,,,,,,,,0.0
2986519,action_noun,consolidation,strict,2349879,1,,,,,,,,,0.3010299956639812
2986520,action_noun,reshaping,strict,2350872,1,,,,,,,,,0.3010299956639812
2986521,action_noun,colored world,strict,2356396,1,,,,,,,,,0.3010299956639812
2986522,action_noun,subversion,strict,2361671,3,,,,,,,,,0.0
2986523,action_noun,reunification,strict,2362501,1,,,,,,,,,0.3010299956639812
2986524,action_noun,Fate,strict,2367070,38,,,,,,,,,0.5
2986525,action_noun,Bicentennial history,strict,2380695,1,,,,,,,,,0.3010299956639812
2986526,action_noun,new understanding,strict,2382336,1,,,,,,,,,0.3010299956639812
2986527,action_noun,imagination,strict,2390547,2,,,,,,,,,0.0
2986528,action_noun,precarious future,strict,2394366,1,,,,,,,,,0.3010299956639812
2986529,action_noun,moral,strict,2396363,1,,,,,,,,,0.3010299956639812
2986530,action_noun,reconfiguration,strict,2396366,1,,,,,,,,,0.3010299956639812
2986531,action_noun,assassination,strict,2401364,1,,,,,,,,,0.3010299956639812
2986532,action_noun,non-use,strict,2401824,1,,,,,,,,,0.3010299956639812
2986533,action_noun,neoliberal logic,strict,2403215,1,,,,,,,,,0.3010299956639812
2986534,action_noun,transcendence,strict,2408553,1,,,,,,,,,0.3010299956639812
2986535,action_noun,definition,strict,2413470,1,,,,,,,,,0.3010299956639812
2986536,action_noun,reassessment,strict,2423316,1,,,,,,,,,0.3010299956639812
2986537,action_noun,Grading,strict,2448571,1,,,,,,,,,0.0
2986538,action_noun,Development,strict,2459484,19,,,,,,,,,0.5
2986539,action_noun,Hidden Power,strict,2459858,2,,,,,,,,,0.25
2986540,action_noun,Death,strict,2460296,16,,,,,,,,,0.6138501858583728
2986541,action_noun,Making,strict,2460687,265,,,,,,,,,0.8857767586916679
2986542,action_noun,Performance,strict,2460904,17,,,,,,,,,0.5
2986543,action_noun,Future,strict,2461064,188,,,,,,,,,0.9089861121440338
2986544,action_noun,Indeterminacy,strict,2461135,1,,,,,,,,,0.5
2986545,action_noun,Transformation,strict,2463361,59,,,,,,,,,0.747995087006513
2986546,action_noun,Reassessment,strict,2463838,1,,,,,,,,,0.0
2986547,action_noun,Movement,strict,2465148,2,,,,,,,,,0.25
2986548,action_noun,Relativization,strict,2465351,1,,,,,,,,,0.0
2986549,action_noun,History,strict,2466021,40,,,,,,,,,0.5
2986550,action_noun,Antebellum Rupture,strict,2467168,1,,,,,,,,,0.022811567005032844
2986551,action_noun,Demonstration,strict,2468968,1,,,,,,,,,0.5
2986552,action_noun,Dramatic End,strict,2478417,1,,,,,,,,,0.5
2986553,action_noun,Limits,strict,2487677,69,,,,,,,,,0.6166165621515544
2986554,action_noun,Construction,strict,2489342,38,,,,,,,,,0.5
2986555,action_noun,Birth,strict,2490926,74,,,,,,,,,0.9494500932428066
2986556,action_noun,Role,strict,2491715,39,,,,,,,,,0.5
2986557,action_noun,Management,strict,2493075,7,,,,,,,,,0.5
2986558,action_noun,Diffusion,strict,2505541,1,,,,,,,,,0.5
2986559,action_noun,New Science,strict,2507152,7,,,,,,,,,0.6954297370506365
2986560,action_noun,Dismantling,strict,2507167,2,,,,,,,,,0.25
2986561,action_noun,Secret Meaning,strict,2508012,2,,,,,,,,,0.25
2986562,action_noun,Interpretation,strict,2510560,7,,,,,,,,,0.5
2986563,action_noun,Territorialisation,strict,2516502,2,,,,,,,,,0.5
2986564,action_noun,Reception,strict,2516991,3,,,,,,,,,0.3333333333333333
2986565,action_noun,Secret,strict,2521287,4,,,,,,,,,0.3333333333333333
2986566,action_noun,Myth,strict,2526537,26,,,,,,,,,0.642621583154606
2986567,action_noun,Resurgence,strict,2527025,1,,,,,,,,,0.5
2986568,action_noun,Criminalisation,strict,2551331,1,,,,,,,,,0.5
2986569,action_noun,Strange End,strict,2551492,1,,,,,,,,,0.5
2986570,action_noun,Legalization,strict,2551542,1,,,,,,,,,0.5
2986571,action_noun,Fracturing,strict,2551793,3,,,,,,,,,0.5086703149246969
2986572,action_noun,Case,strict,2553227,14,,,,,,,,,0.5961903639349014
2986573,action_noun,Invention,strict,2553681,27,,,,,,,,,0.6277112092757499
2986574,action_noun,Misrepresentation,strict,2553783,1,,,,,,,,,0.5
2986575,action_noun,Distribution,strict,2553823,1,,,,,,,,,0.5
2986576,action_noun,Price,strict,2554034,1,,,,,,,,,0.5
2986577,action_noun,Collapse,strict,2554368,11,,,,,,,,,0.6408064107434623
2986578,action_noun,Rebirth,strict,2554655,9,,,,,,,,,0.5999459053050163
2986579,action_noun,Inside Story,strict,2555413,4,,,,,,,,,0.5
2986580,action_noun,Dislocation,strict,2556501,1,,,,,,,,,0.5
2986581,action_noun,Strength,strict,2560726,1,,,,,,,,,0.0
2986582,action_noun,Vision,strict,2570221,2,,,,,,,,,0.25
2986583,action_noun,Promise,strict,2571584,14,,,,,,,,,0.5
2986584,action_noun,End,strict,2572420,63,,,,,,,,,0.8182644407131948
2986585,action_noun,Drama,strict,2574531,7,,,,,,,,,0.5264161359350923
2986586,action_noun,Formation,strict,2578650,15,,,,,,,,,0.5
2986587,action_noun,Extension,strict,2596490,1,,,,,,,,,0.5
2986588,action_noun,Culture,strict,2596760,35,,,,,,,,,0.6512526127648807
2986589,action_noun,Challenge,strict,2597214,32,,,,,,,,,0.538989854274889
2986590,action_noun,Abolition,strict,2597527,3,,,,,,,,,0.3333333333333333
2986591,action_noun,Treason Trial,strict,2597761,1,,,,,,,,,0.5
2986592,action_noun,Taming,strict,2600463,1,,,,,,,,,0.02118348992125511
2986593,action_noun,Mystery,strict,2602920,2,,,,,,,,,0.25
2986594,action_noun,Crisis,strict,2605320,29,,,,,,,,,0.5
2986595,action_noun,Circulation,strict,2605623,4,,,,,,,,,0.16666666666666666
2986596,action_noun,Remaking,strict,2617040,27,,,,,,,,,0.5
2986597,action_noun,Memory,strict,2625370,4,,,,,,,,,0.5
2986598,action_noun,Science,strict,2626732,13,,,,,,,,,0.6266089122718754
2986599,action_noun,Evolution,strict,2628223,27,,,,,,,,,0.5672567954330748
2986600,action_noun,Origins,strict,2629011,81,,,,,,,,,0.6782583346482588
2986601,action_noun,Rise and Fall,strict,2641693,12,,,,,,,,,0.6349430778798274
2986602,action_noun,Changing Nature,strict,2642353,1,,,,,,,,,0.5
2986603,action_noun,Criminalization,strict,2647405,2,,,,,,,,,0.36343114939632826
2986604,action_noun,Reinvention,strict,2648890,9,,,,,,,,,0.6179223162050683
2986605,action_noun,Founding,strict,2661254,12,,,,,,,,,0.5
2986606,action_noun,Aftermath,strict,2664437,4,,,,,,,,,0.3333333333333333
2986607,action_noun,Tragic Loss,strict,2675495,1,,,,,,,,,0.7945565619677206
2986608,action_noun,Establishment,strict,2685961,3,,,,,,,,,0.3333333333333333
2986609,action_noun,Division,strict,2689177,2,,,,,,,,,0.5
2986610,action_noun,Spirit,strict,2689408,9,,,,,,,,,0.5
2986611,action_noun,Glory,strict,2689858,1,,,,,,,,,0.7043309735340946
2986612,action_noun,Rule,strict,2690180,23,,,,,,,,,0.5
2986613,action_noun,African American Reclamation,strict,2694542,1,,,,,,,,,0.5
2986614,action_noun,Globalization,strict,2696143,7,,,,,,,,,0.5
2986615,action_noun,Dream,strict,2708871,2,,,,,,,,,0.5
2986616,action_noun,Translation,strict,2713133,4,,,,,,,,,0.5
2986617,action_noun,Infrastructure,strict,2714660,2,,,,,,,,,0.25
2986618,action_noun,Unmaking,strict,2717795,4,,,,,,,,,0.5
2986619,action_noun,Last Trial,strict,2730601,1,,,,,,,,,0.5
2986620,action_noun,Erosion,strict,2731434,6,,,,,,,,,0.6075229911409921
2986621,action_noun,Disciplining,strict,2733094,1,,,,,,,,,0.5
2986622,action_noun,Modern Age,strict,2738134,1,,,,,,,,,0.17420151979398144
2986623,action_noun,Japanese Art,strict,2738614,1,,,,,,,,,0.5
2986624,action_noun,Growth,strict,2780738,8,,,,,,,,,0.5
2986625,action_noun,Paradox,strict,2784233,11,,,,,,,,,0.5
2986626,action_noun,Legacy,strict,2784669,23,,,,,,,,,0.5
2986627,action_noun,Fourth Roman Invasion,strict,2795078,1,,,,,,,,,0.5
2986628,action_noun,Seduction,strict,2797519,2,,,,,,,,,0.5
2986629,action_noun,Coming,strict,2804528,13,,,,,,,,,0.8538986233133241
2986630,action_noun,World,strict,2807024,9,,,,,,,,,0.5045598945742823
2986631,action_noun,Logic,strict,2824362,9,,,,,,,,,0.5
2986632,action_noun,Genius,strict,2825422,5,,,,,,,,,0.5
2986633,action_noun,Re-Emergence,strict,2827831,1,,,,,,,,,0.5
2986634,action_noun,Censored Story,strict,2829433,1,,,,,,,,,0.5
2986635,action_noun,Consolidation,strict,2830002,3,,,,,,,,,0.3333333333333333
2986636,action_noun,Meta-Theoretical Defense,strict,2837564,1,,,,,,,,,0.0
2986637,action_noun,Cult,strict,2851902,11,,,,,,,,,0.5
2986638,action_noun,Enfranchisement,strict,2863855,1,,,,,,,,,0.5
2986639,action_noun,Failure,strict,2864175,13,,,,,,,,,0.5
2986640,action_noun,Moral Life,strict,2864259,2,,,,,,,,,0.25
2986641,action_noun,Pursuit,strict,2868638,61,,,,,,,,,0.8466981490527147
2986642,action_noun,Healing,strict,2874680,1,,,,,,,,,0.0
2986643,action_noun,Disposal,strict,2879102,1,,,,,,,,,0.5
2986644,action_noun,Creation,strict,2894166,35,,,,,,,,,0.6219061425833212
2986645,action_noun,Experience,strict,2906846,9,,,,,,,,,0.5
2986646,action_noun,Hidden History,strict,2907908,6,,,,,,,,,0.5
2986647,action_noun,Building,strict,2910293,5,,,,,,,,,0.16666666666666666
2986648,action_noun,Life,strict,2910386,14,,,,,,,,,0.6887385512519236
2986649,action_noun,Staging,strict,2911424,2,,,,,,,,,0.5
2986650,action_noun,Dawn,strict,2914453,12,,,,,,,,,0.5664801091618304
2986651,action_noun,Fall,strict,2916579,16,,,,,,,,,0.8786847911052913
2986652,action_noun,Disappearance,strict,2920995,2,,,,,,,,,0.0
2986653,action_noun,Political Institution,strict,2923070,1,,,,,,,,,0.5
2986654,action_noun,Restructuring,strict,2928597,1,,,,,,,,,0.5
2986655,action_noun,Production,strict,2934392,19,,,,,,,,,0.5
2986656,action_noun,Political Culture,strict,2935065,1,,,,,,,,,0.5
2986657,action_noun,Power,strict,2949751,43,,,,,,,,,0.5
2986658,action_noun,Course,strict,2958356,3,,,,,,,,,0.5
2986659,action_noun,Urban Imaginary,strict,2960339,1,,,,,,,,,0.5
2986660,action_noun,Regulation,strict,2960502,7,,,,,,,,,0.5
2986661,action_noun,Literary Imagination,strict,2971222,1,,,,,,,,,0.5
2986662,action_noun,Renewal,strict,2971739,13,,,,,,,,,0.7436980191949768
2986663,action_noun,Nature,strict,2974962,26,,,,,,,,,0.5
2986664,action_noun,Lost World,strict,2993413,3,,,,,,,,,0.16666666666666666
2986665,action_noun,Political Life,strict,2995665,1,,,,,,,,,0.5
2986666,action_noun,Romance,strict,3000198,2,,,,,,,,,0.5842686840068612
2986667,action_noun,Discourse,strict,3002390,4,,,,,,,,,0.5
2986668,action_noun,Extraordinary Story,strict,3023789,1,,,,,,,,,0.15364891414101223
2986669,action_noun,Soul,strict,3036477,10,,,,,,,,,0.7652008877811439
2986670,action_noun,Fracture,strict,3037276,1,,,,,,,,,0.6632214915548527
2986671,action_noun,Lure,strict,3040985,3,,,,,,,,,0.17892726810811257
2986672,action_noun,Illusion,strict,3055776,4,,,,,,,,,0.5
2986673,action_noun,Child's Construction,strict,3057249,1,,,,,,,,,0.5
2986674,action_noun,Biblical Transformation,strict,3063955,2,,,,,,,,,0.3036158458842399
2986675,action_noun,Articulation,strict,3078943,2,,,,,,,,,0.0
2986676,action_noun,Resurrection,strict,3080235,3,,,,,,,,,0.3333333333333333
2986677,action_noun,Image,strict,3080305,3,,,,,,,,,0.5
2986678,action_noun,Heritage,strict,3081215,1,,,,,,,,,0.5
2986679,action_noun,Fiction,strict,3081749,3,,,,,,,,,0.5
2986680,action_noun,Refounding,strict,3084993,2,,,,,,,,,0.25
2986681,action_noun,everyday experience,strict,3094056,1,,,,,,,,,0.0
2986682,action_noun,Courage,strict,3098748,1,,,,,,,,,0.5
2986683,action_noun,Real Science,strict,3122307,2,,,,,,,,,0.25
2986684,action_noun,Doing,strict,3122330,1,,,,,,,,,0.5
2986685,action_noun,Shaping,strict,3122436,22,,,,,,,,,0.5
2986686,action_noun,Distortion,strict,3137150,2,,,,,,,,,0.25
2986687,action_noun,Expansion,strict,3141054,3,,,,,,,,,0.5
2986688,action_noun,Culmination,strict,3141812,1,,,,,,,,,0.0
2986689,action_noun,Plight,strict,3145464,2,,,,,,,,,0.0
2986690,action_noun,Enduring Mistreatment,strict,3150264,1,,,,,,,,,0.5
2986691,action_noun,Wealth,strict,3153918,3,,,,,,,,,0.3333333333333333
2986692,action_noun,Governance,strict,3164505,4,,,,,,,,,0.5
2986693,action_noun,Schooling,strict,3172438,5,,,,,,,,,0.5
2986694,action_noun,Redemption,strict,3173066,3,,,,,,,,,0.38801595496776325
2986695,action_noun,New Culture,strict,3173599,1,,,,,,,,,0.5
2986696,action_noun,Fake Burial,strict,3184320,1,,,,,,,,,0.5
2986697,action_noun,Reconceptualization,strict,3186063,1,,,,,,,,,0.0
2986698,action_noun,Perception,strict,3186125,4,,,,,,,,,0.5
2986699,action_noun,Demise,strict,3186132,8,,,,,,,,,0.7444902616092972
2986700,action_noun,Iraqi Invasion,strict,3195227,1,,,,,,,,,0.5
2986701,action_noun,Century,strict,3206489,3,,,,,,,,,0.5747036866706398
2986702,action_noun,Roots,strict,3206924,14,,,,,,,,,0.5
2986703,action_noun,Last Appearance,strict,3207032,1,,,,,,,,,0.5
2986704,action_noun,Education,strict,3209442,6,,,,,,,,,0.5520213475937615
2986705,action_noun,Subversion,strict,3213523,2,,,,,,,,,0.37903250892254253
2986706,action_noun,Story,strict,3214584,21,,,,,,,,,0.65769435552111
2986707,action_noun,Corruption,strict,3215987,6,,,,,,,,,0.7700753396247095
2986708,action_noun,Wild Life,strict,3216240,1,,,,,,,,,0.9551142641605435
2986709,action_noun,Brave New World,strict,3217070,1,,,,,,,,,0.5
2986710,action_noun,Most Outrageous Trial,strict,3226550,1,,,,,,,,,0.5
2986711,action_noun,Meaning,strict,3234723,25,,,,,,,,,0.7363847156681453
2986712,action_noun,Perversion,strict,3236121,2,,,,,,,,,0.5
2986713,action_noun,framing,strict,3245595,2,,,,,,,,,0.394545450142916
2986714,action_noun,Tragic Life,strict,3249942,1,,,,,,,,,0.5
2986715,action_noun,Cullture,strict,3254636,1,,,,,,,,,0.4938717262222677
2986716,action_noun,Teaching,strict,3254863,4,,,,,,,,,0.5
2986717,action_noun,Biggest Exposure,strict,3256555,1,,,,,,,,,0.9121531073028554
2986718,action_noun,Reconstruction,strict,3295040,3,,,,,,,,,0.5
2986719,action_noun,Implementation,strict,3298042,1,,,,,,,,,0.5
2986720,action_noun,organisation,strict,3331555,2,,,,,,,,,0.0
2986721,action_noun,Judgment,strict,3333078,1,,,,,,,,,0.5
2986722,action_noun,Execution,strict,3340213,2,,,,,,,,,0.25
2986723,action_noun,Question,strict,3352281,31,,,,,,,,,0.528856467183534
2986724,action_noun,Survival,strict,3353219,3,,,,,,,,,0.16666666666666666
2986725,action_noun,repatriation,strict,3358181,1,,,,,,,,,0.0
2986726,action_noun,Improbable World,strict,3380907,1,,,,,,,,,0.5
2986727,action_noun,Social Life,strict,3382121,4,,,,,,,,,0.5
2986728,action_noun,Perpetuation,strict,3395014,1,,,,,,,,,0.5
2986729,action_noun,Quiet Revolution,strict,3401070,1,,,,,,,,,0.6206647194744811
2986730,action_noun,Redefinition,strict,3416331,4,,,,,,,,,0.5
2986731,action_noun,Democratisation,strict,3423315,1,,,,,,,,,0.5
2986732,action_noun,Cost,strict,3434981,2,,,,,,,,,0.565327832867921
2986733,action_noun,Reordering,strict,3435540,1,,,,,,,,,0.0
2986734,action_noun,Library,strict,3442972,1,,,,,,,,,0.0
2986735,action_noun,Looting,strict,3463138,2,,,,,,,,,0.5
2986736,action_noun,Defense,strict,3466795,2,,,,,,,,,0.6050238534784912
2986737,action_noun,Betrayal,strict,3475470,4,,,,,,,,,0.596018199782661
2986738,action_noun,Urgency,strict,3481516,3,,,,,,,,,0.5
2986739,action_noun,Purpose,strict,3485670,1,,,,,,,,,0.5
2986740,action_noun,imaging,strict,3494163,1,,,,,,,,,0.0
2986741,action_noun,International Reception,strict,3500512,1,,,,,,,,,0.5
2986742,action_noun,Get-Rich Promise,strict,3500634,1,,,,,,,,,0.5
2986743,action_noun,Persistence,strict,3500656,3,,,,,,,,,0.5
2986744,action_noun,Reshaping,strict,3502401,4,,,,,,,,,0.3333333333333333
2986745,action_noun,Use,strict,3506735,8,,,,,,,,,0.5
2986746,action_noun,Tournament,strict,3514763,1,,,,,,,,,0.5
2986747,action_noun,Fateful Final Voyage,strict,3516818,1,,,,,,,,,0.9855191297924879
2986748,action_noun,Language,strict,3547843,7,,,,,,,,,0.5
2986749,action_noun,Gendering,strict,3555168,1,,,,,,,,,0.5
2986750,action_noun,Tension,strict,3557954,1,,,,,,,,,0.5
2986751,action_noun,Unimagined Life,strict,3565052,1,,,,,,,,,0.0
2986752,action_noun,Revolution,strict,3579853,4,,,,,,,,,0.16666666666666666
2986753,action_noun,Social Nature,strict,3579862,1,,,,,,,,,0.5
2986754,action_noun,Self-Destruction,strict,3582166,1,,,,,,,,,0.0
2986755,action_noun,Eclipse,strict,3583176,2,,,,,,,,,0.5
2986756,action_noun,True Meaning,strict,3593546,1,,,,,,,,,0.0
2986757,action_noun,Prohibition,strict,3594811,1,,,,,,,,,0.5
2986758,action_noun,Secret History,strict,3594833,4,,,,,,,,,0.5
2986759,action_noun,Writing,strict,3609432,6,,,,,,,,,0.5
2986760,action_noun,Postmodern Corruption,strict,3626908,1,,,,,,,,,0.0
2986761,action_noun,Revival,strict,3627082,1,,,,,,,,,0.5
2986762,action_noun,Christian Logic,strict,3643061,1,,,,,,,,,0.0
2986763,action_noun,Moral,strict,3662066,1,,,,,,,,,0.5
2986764,action_noun,Reenchantment,strict,3663170,1,,,,,,,,,0.5
2986765,action_noun,Diversification,strict,3665524,1,,,,,,,,,0.5
2986766,action_noun,Crushing,strict,3666149,2,,,,,,,,,0.6627904129171027
2986767,action_noun,Trajectory,strict,3705198,1,,,,,,,,,0.5
2986768,action_noun,Dream Life,strict,3706799,1,,,,,,,,,0.0
2986769,action_noun,new history,strict,3742262,1,,,,,,,,,0.12766631515584903
2986770,action_noun,Government,strict,3743520,1,,,,,,,,,0.5
2986771,action_noun,Deep History,strict,3744044,1,,,,,,,,,0.5
2986772,action_noun,Functioning,strict,3752826,1,,,,,,,,,0.0
2986773,action_noun,Exploration,strict,3755410,2,,,,,,,,,0.0
2986774,action_noun,Media Construction,strict,3784684,1,,,,,,,,,0.5
2986775,action_noun,Defence,strict,3785532,3,,,,,,,,,0.3333333333333333
2986776,action_noun,City's Coming,strict,3785653,1,,,,,,,,,0.5
2986777,action_noun,Ordination,strict,3785803,3,,,,,,,,,0.5
2986778,action_noun,Wilderness Industry,strict,3801673,1,,,,,,,,,0.5
2986779,action_noun,Forgotten History,strict,3824273,2,,,,,,,,,0.25
2986780,action_noun,Reconfiguration,strict,3825874,2,,,,,,,,,0.25
2986781,action_noun,Integration,strict,3832229,3,,,,,,,,,0.3333333333333333
2986782,action_noun,Basis,strict,3843524,1,,,,,,,,,0.0
2986783,action_noun,Destruction,strict,3863666,7,,,,,,,,,0.5493448753153779
2986784,action_noun,Reproduction,strict,3867557,6,,,,,,,,,0.5
2986785,action_noun,Crossing,strict,3869784,1,,,,,,,,,0.5
2986786,action_noun,Coming Transformation,strict,3870848,1,,,,,,,,,0.0
2986787,action_noun,Patterning,strict,3872210,1,,,,,,,,,0.5
2986788,action_noun,Siege,strict,3881076,1,,,,,,,,,0.0
2986789,action_noun,Innocence,strict,3891463,2,,,,,,,,,0.5
2986790,action_noun,Transmission,strict,3906112,3,,,,,,,,,0.16666666666666666
2986791,action_noun,Revaluation,strict,3911308,2,,,,,,,,,0.25
2986792,action_noun,Religious Origins,strict,3911877,1,,,,,,,,,0.5
2986793,action_noun,Constitution,strict,3943567,6,,,,,,,,,0.5
2986794,action_noun,Consumption,strict,3944035,4,,,,,,,,,0.5
2986795,action_noun,Theory,strict,3945182,6,,,,,,,,,0.5506166769341309
2986796,action_noun,Impact,strict,3948833,1,,,,,,,,,0.5
2986797,action_noun,Mainstreaming,strict,3952316,1,,,,,,,,,0.5
2986798,action_noun,"Mad, Mad World",strict,3969851,1,,,,,,,,,0.0
2986799,action_noun,Dramatic Rise,strict,3982655,2,,,,,,,,,0.25
2986800,action_noun,Policy,strict,3984811,1,,,,,,,,,0.5
2986801,action_noun,Triumph,strict,3995265,3,,,,,,,,,0.29008024381998854
2986802,action_noun,Flowering,strict,4001046,1,,,,,,,,,0.5
2986803,action_noun,Re-Making,strict,4006263,1,,,,,,,,,0.5
2986804,action_noun,Historical Power,strict,4023383,2,,,,,,,,,0.25
2986805,action_noun,Pilgrimage,strict,4028681,1,,,,,,,,,0.5
2986806,action_noun,Unsettling,strict,4031167,1,,,,,,,,,0.5
2986807,action_noun,Prehistory,strict,4040651,1,,,,,,,,,0.5
2986808,action_noun,Labor Theory,strict,4041776,1,,,,,,,,,0.0
2986809,action_noun,Cultural Significance,strict,4062567,1,,,,,,,,,0.5
2986810,action_noun,Costuming,strict,4063836,1,,,,,,,,,0.5
2986811,action_noun,Heartbreaking Path,strict,4067897,1,,,,,,,,,0.8468278115081455
2986812,action_noun,Securitization,strict,4081732,1,,,,,,,,,0.5
2986813,action_noun,Forging,strict,4086846,5,,,,,,,,,0.5
2986814,action_noun,medieval origins,strict,4087286,1,,,,,,,,,0.0
2986815,action_noun,Administration,strict,4101545,1,,,,,,,,,0.0
2986816,action_noun,Polarization,strict,4103616,1,,,,,,,,,0.5
2986817,action_noun,Uncertain Emergence,strict,4104191,1,,,,,,,,,0.5
2986818,action_noun,Scandal,strict,4105490,1,,,,,,,,,0.5
2986819,action_noun,Healing Power,strict,4107589,2,,,,,,,,,0.5
2986820,action_noun,Abuse,strict,4127669,2,,,,,,,,,0.25
2986821,action_noun,Cultural Meaning,strict,4141815,1,,,,,,,,,0.5
2986822,action_noun,Recovery,strict,4142531,3,,,,,,,,,0.3333333333333333
2986823,action_noun,Perspective-Dependence,strict,4142774,2,,,,,,,,,0.5
2986824,action_noun,Reimagining,strict,4148253,5,,,,,,,,,0.5
2986825,action_noun,Geneticization,strict,4179685,1,,,,,,,,,0.0
2986826,action_noun,Lost Dream,strict,4180638,1,,,,,,,,,0.7006325012357321
2986827,action_noun,Recognition,strict,4181366,1,,,,,,,,,0.5
2986828,action_noun,Dilemma,strict,4181750,3,,,,,,,,,0.25
2986829,action_noun,Global Origins,strict,4184488,2,,,,,,,,,0.5
2986830,action_noun,Swingin' Swaggerin' World,strict,4184937,1,,,,,,,,,0.5
2986831,action_noun,Sense,strict,4198998,3,,,,,,,,,0.3333333333333333
2986832,action_noun,Assassination,strict,4223525,1,,,,,,,,,0.5
2986833,action_noun,Privilege,strict,4233611,1,,,,,,,,,0.5
2986834,action_noun,Outrage,strict,4236234,1,,,,,,,,,0.0
2986835,action_noun,Representation,strict,4238034,10,,,,,,,,,0.5
2986836,action_noun,Natural History,strict,4243203,2,,,,,,,,,0.25
2986837,action_noun,Untold Story,strict,4257724,7,,,,,,,,,0.5
2986838,action_noun,Rebuilding,strict,4258321,3,,,,,,,,,0.3333333333333333
2986839,action_noun,Annexation,strict,4274978,1,,,,,,,,,0.5
2986840,action_noun,Quest,strict,4284251,1,,,,,,,,,0.0
2986841,action_noun,Fashioning,strict,4297033,1,,,,,,,,,0.5
2986842,action_noun,Suppressed Origins,strict,4297115,1,,,,,,,,,0.5
2986843,action_noun,Spiritual Quickening,strict,4297210,1,,,,,,,,,0.5
2986844,action_noun,Lost Soul,strict,4297249,1,,,,,,,,,0.5
2986845,action_noun,Co-Reconstruction,strict,4298572,1,,,,,,,,,0.5
2986846,action_noun,Unraveling,strict,4310207,1,,,,,,,,,0.5
2986847,action_noun,Half Century,strict,4310240,1,,,,,,,,,0.6805868963779695
2986848,action_noun,Colonial Construction,strict,4323710,2,,,,,,,,,0.5
2986849,action_noun,Forgotten Trial,strict,4339506,1,,,,,,,,,0.587418225121317
2986850,action_noun,Edification,strict,4339642,1,,,,,,,,,0.5
2986851,action_noun,Historical Truth,strict,4340290,1,,,,,,,,,0.5
2986852,action_noun,Affirmation,strict,4340312,1,,,,,,,,,0.5
2986853,action_noun,Ritual,strict,4373122,1,,,,,,,,,0.5
2986854,action_noun,Second Coming,strict,4379301,1,,,,,,,,,0.5
2986855,action_noun,Responsible Projection,strict,4380836,1,,,,,,,,,0.5
2986856,action_noun,Social Construction,strict,4417259,1,,,,,,,,,0.5
2986857,action_noun,Micro-Organization,strict,4419742,1,,,,,,,,,0.5
2986858,action_noun,Undoing,strict,4420128,4,,,,,,,,,0.5
2986859,action_noun,Path,strict,4432200,3,,,,,,,,,0.3216077233697066
2986860,action_noun,whitewashing,strict,4449633,1,,,,,,,,,0.11890968954149192
2986861,action_noun,heroic life,strict,4449696,1,,,,,,,,,0.08859815326353668
2986862,action_noun,Perfection,strict,4457577,1,,,,,,,,,0.5
2986863,action_noun,Undermining,strict,4466768,1,,,,,,,,,0.5
2986864,action_noun,Re-orientation,strict,4469362,1,,,,,,,,,0.0
2986865,action_noun,Forgotten Story,strict,4472658,2,,,,,,,,,0.4647612372141393
2986866,action_noun,implication,strict,4485145,1,,,,,,,,,0.3010299956639812
2986867,action_noun,Railroading,strict,4488505,2,,,,,,,,,0.0
2986868,action_noun,Transcendence,strict,4489107,5,,,,,,,,,0.30653182500229575
2986869,action_noun,Organisation,strict,4489847,1,,,,,,,,,0.0
2986870,action_noun,Rewriting,strict,4490107,2,,,,,,,,,0.5
2986871,action_noun,Exponential Pursuit,strict,4496481,1,,,,,,,,,0.0
2986872,action_noun,Tradition,strict,4496589,4,,,,,,,,,0.16666666666666666
2986873,action_noun,Literary Figure,strict,4504298,1,,,,,,,,,0.5
2986874,action_noun,Narrowing,strict,4510797,1,,,,,,,,,0.0
2986875,action_noun,economic culture,strict,4525688,1,,,,,,,,,0.5
2986876,action_noun,Violation,strict,4569353,2,,,,,,,,,0.25
2986877,action_noun,Political Meaning,strict,4579429,1,,,,,,,,,0.0
2986878,action_noun,Therapeutic Transformation,strict,4588647,1,,,,,,,,,0.5
2986879,action_noun,Scientific Manufacturing,strict,4604052,1,,,,,,,,,0.5
2986880,action_noun,Intellectual Life,strict,4606058,1,,,,,,,,,0.5
2986881,action_noun,Changing,strict,4607254,1,,,,,,,,,0.5
2986882,action_noun,Privatisation,strict,4618907,1,,,,,,,,,0.5
2986883,action_noun,Invasion,strict,4620637,2,,,,,,,,,0.25
2986884,action_noun,Testing,strict,4640917,1,,,,,,,,,0.5
2986885,action_noun,Negotiation,strict,4647795,5,,,,,,,,,0.5
2986886,action_noun,Early Global History,strict,4656696,1,,,,,,,,,0.5
2986887,action_noun,Beautification,strict,4656838,1,,,,,,,,,0.5
2986888,action_noun,Coming Death,strict,4665189,2,,,,,,,,,0.25
2986889,action_noun,Hidden World,strict,4678459,2,,,,,,,,,0.4391998617696262
2986890,action_noun,Historical Adequacy,strict,4681009,1,,,,,,,,,0.0
2986891,action_noun,Trial,strict,4681514,2,,,,,,,,,0.25
2986892,action_noun,Unlikely Rise,strict,4681619,1,,,,,,,,,0.5
2986893,action_noun,Preservation,strict,4691515,3,,,,,,,,,0.16666666666666666
2986894,action_noun,Covert World,strict,4693677,1,,,,,,,,,0.5
2986895,action_noun,Unfulfilled Promise,strict,4718527,1,,,,,,,,,0.0
2986896,action_noun,Universal Path,strict,4722071,1,,,,,,,,,0.5709710871475191
2986897,action_noun,Health,strict,4728789,3,,,,,,,,,0.6243442388893711
2986898,action_noun,Formulation,strict,4731785,1,,,,,,,,,0.5
2986899,action_noun,Human Use,strict,4753845,2,,,,,,,,,0.5
2986900,action_noun,Intervention,strict,4757791,1,,,,,,,,,0.0
2986901,action_noun,Social Role,strict,4797957,1,,,,,,,,,0.5
2986902,action_noun,Ancient History,strict,4813917,1,,,,,,,,,0.0
2986903,action_noun,Allure,strict,4851873,2,,,,,,,,,0.25
2986904,action_noun,Selling,strict,4866903,3,,,,,,,,,0.45694240541836595
2986905,action_noun,Violence,strict,4870452,3,,,,,,,,,0.5
2986906,action_noun,Texture,strict,4872931,1,,,,,,,,,0.8656681336731836
2986907,action_noun,New Theory,strict,4881206,1,,,,,,,,,0.5
2986908,action_noun,Marketing,strict,4881916,2,,,,,,,,,0.25
2986909,action_noun,Loss,strict,4915761,3,,,,,,,,,0.16666666666666666
2986910,action_noun,Packaging,strict,4919923,2,,,,,,,,,0.5
2986911,action_noun,Unification,strict,4927677,2,,,,,,,,,0.25
2986912,action_noun,Early Modern House,strict,4938883,1,,,,,,,,,0.5
2986913,action_noun,Global Governance,strict,4940477,1,,,,,,,,,0.5
2986914,action_noun,Environmental Impact,strict,4942464,1,,,,,,,,,0.5
2986915,action_noun,Location,strict,5013362,1,,,,,,,,,0.5
2986916,action_noun,Coalescence,strict,5026225,1,,,,,,,,,0.5
2986917,action_noun,Lost Art,strict,5030477,1,,,,,,,,,0.0
2986918,action_noun,Sexual Abuse,strict,5049168,1,,,,,,,,,0.5
2986919,action_noun,Revelation,strict,5069427,2,,,,,,,,,0.25
2986920,action_noun,Furious Rise,strict,5086627,1,,,,,,,,,0.5
2986921,action_noun,Withdrawal,strict,5090744,1,,,,,,,,,0.5
2986922,action_noun,Shifting Balance,strict,5090832,1,,,,,,,,,0.5
2986923,action_noun,Function,strict,5092776,2,,,,,,,,,0.25
2986924,action_noun,Unfolding,strict,5098510,1,,,,,,,,,0.5
2986925,action_noun,de-Legitimization,strict,5124496,1,,,,,,,,,0.5
2986926,action_noun,Radical Vision,strict,5135209,1,,,,,,,,,0.5
2986927,action_noun,Cultivation,strict,5148496,2,,,,,,,,,0.25
2986928,action_noun,Fragile Future,strict,5159224,1,,,,,,,,,0.5
2986929,action_noun,Global Emergence,strict,5159511,1,,,,,,,,,0.5
2986930,action_noun,Worth,strict,5174495,1,,,,,,,,,0.5
2986931,action_noun,Imagining,strict,5177039,2,,,,,,,,,0.5
2986932,action_noun,Moment,strict,5196109,1,,,,,,,,,0.5
2986933,action_noun,Cultural Migration,strict,5196768,1,,,,,,,,,0.5
2986934,action_noun,Genesis,strict,5197997,1,,,,,,,,,0.5
2986935,action_noun,Message,strict,5203874,2,,,,,,,,,0.25
2986936,action_noun,Timing and Spacing,strict,5211132,1,,,,,,,,,0.5
2986937,action_noun,Western Roots,strict,5231872,1,,,,,,,,,0.0
2986938,action_noun,Lost History,strict,5237153,1,,,,,,,,,0.5
2986939,action_noun,Victory,strict,5255940,3,,,,,,,,,0.3333333333333333
2986940,action_noun,Perilous Future,strict,5257836,1,,,,,,,,,0.5
2986941,action_noun,Elusive Promise,strict,5271736,1,,,,,,,,,0.5
2986942,action_noun,Reinscribing,strict,5306833,1,,,,,,,,,0.5
2986943,action_noun,Environment,strict,5307011,1,,,,,,,,,0.0
2986944,action_noun,Privatization,strict,5307027,1,,,,,,,,,0.5
2986945,action_noun,Evasion,strict,5310691,1,,,,,,,,,0.5
2986946,action_noun,Planning,strict,5312316,1,,,,,,,,,0.5
2986947,action_noun,Seventeenth-Century Revival,strict,5341341,1,,,,,,,,,0.0
2986948,action_noun,new science,strict,5375927,2,,,,,,,,,0.4720261861228484
2986949,action_noun,Devolution,strict,5377214,1,,,,,,,,,0.5
2986950,action_noun,Recuperation,strict,5384138,1,,,,,,,,,0.5
2986951,action_noun,Individualization,strict,5412857,1,,,,,,,,,0.5
2986952,action_noun,Expanding Role,strict,5449665,1,,,,,,,,,0.5
2986953,action_noun,Symbolist Sublimation,strict,5454792,1,,,,,,,,,0.5
2986954,action_noun,Partition,strict,5470951,1,,,,,,,,,0.5
2986955,action_noun,extraordinary science,strict,5483423,1,,,,,,,,,0.4956126689950911
2986956,action_noun,Contestation,strict,5485634,1,,,,,,,,,0.5
2986957,action_noun,Literature,strict,5485909,5,,,,,,,,,0.5
2986958,action_noun,Apotheosis,strict,5489977,1,,,,,,,,,0.5
2986959,action_noun,political science,strict,5513590,1,,,,,,,,,0.7282585705470774
2986960,action_noun,Erasure,strict,5521332,1,,,,,,,,,0.5
2986961,action_noun,Feeling,strict,5521557,2,,,,,,,,,0.5
2986962,action_noun,Winning,strict,5521864,2,,,,,,,,,0.6391701284593602
2986963,action_noun,Reunification,strict,5524479,1,,,,,,,,,0.5
2986964,action_noun,Sustainable Development,strict,5532495,2,,,,,,,,,0.25
2986965,action_noun,Marketisation,strict,5557437,1,,,,,,,,,0.5
2986966,action_noun,Protection,strict,5561798,1,,,,,,,,,0.5
2986967,action_noun,New Power,strict,5567830,1,,,,,,,,,0.0
2986968,action_noun,Twisted Legacy,strict,5578127,1,,,,,,,,,0.0
2986969,action_noun,Intellectual Origins,strict,5591948,2,,,,,,,,,0.25
2986970,action_noun,Secret Life,strict,5596800,1,,,,,,,,,0.8132094074181925
2986971,action_noun,Enduring Legacy,strict,5615160,1,,,,,,,,,0.5
2986972,action_noun,Burning,strict,5616457,1,,,,,,,,,0.8230526071562292
2986973,action_noun,execution,strict,5626934,1,,,,,,,,,0.28285004367484196
2986974,action_noun,Commodification,strict,5632174,1,,,,,,,,,0.0
2986975,action_noun,Ambivalence,strict,5667664,1,,,,,,,,,0.5
2986976,action_noun,Total Art,strict,5678411,1,,,,,,,,,0.0
2986977,action_noun,True Story,strict,5698511,5,,,,,,,,,0.6476490474685844
2986978,action_noun,Fatal Cult,strict,5702177,1,,,,,,,,,0.5
2986979,action_noun,Assessment,strict,5702569,1,,,,,,,,,0.5
2986980,action_noun,Ultimate Reversal,strict,5722474,1,,,,,,,,,0.6536509245295035
2986981,action_noun,Suppression,strict,5724132,1,,,,,,,,,0.0
2986982,action_noun,Mission,strict,5748517,3,,,,,,,,,0.3333333333333333
2986983,action_noun,Mysterious Fate,strict,5803815,1,,,,,,,,,0.6536509245295035
2986984,action_noun,Beginning,strict,5806533,3,,,,,,,,,0.17648693685967096
2986985,action_noun,Specter,strict,5819064,1,,,,,,,,,0.0
2986986,action_noun,Discovery,strict,5819375,4,,,,,,,,,0.6418887706346345
2986987,action_noun,Opening,strict,5820206,4,,,,,,,,,0.38658170555717225
2986988,action_noun,Contribution,strict,5878366,1,,,,,,,,,0.5
2986989,action_noun,Definition,strict,5909161,1,,,,,,,,,0.0
2986990,action_noun,Cause,strict,5919434,1,,,,,,,,,0.5
2986991,action_noun,Safeguarding,strict,5943534,1,,,,,,,,,0.5
2986992,action_noun,Global History,strict,5943663,1,,,,,,,,,0.5
2986993,action_noun,Neoliberal Logic,strict,5945496,1,,,,,,,,,0.5
2986994,action_noun,Crafting,strict,5946820,3,,,,,,,,,0.3333333333333333
2986995,action_noun,Game's Coming,strict,5978450,1,,,,,,,,,0.5
2986996,action_noun,Adventure,strict,5984306,2,,,,,,,,,0.25
2986997,action_noun,conversion,strict,6046998,1,,,,,,,,,0.5
2986998,action_noun,Absorption,strict,6048286,1,,,,,,,,,0.5
2986999,action_noun,Liberation,strict,6061102,3,,,,,,,,,0.16666666666666666
2987000,action_noun,Commemoration,strict,6069217,1,,,,,,,,,0.0
2987001,action_noun,Proper Role,strict,6071493,1,,,,,,,,,0.5
2987002,action_noun,Long History,strict,6082468,1,,,,,,,,,0.0
2987003,action_noun,Fall and Rise,strict,6082881,1,,,,,,,,,0.0
2987004,action_noun,Queer Legacy,strict,6086891,1,,,,,,,,,0.5
2987005,action_noun,Salvation,strict,6096524,1,,,,,,,,,0.5
2987006,action_noun,Spiritual Mission,strict,6096798,1,,,,,,,,,0.0
2987007,action_noun,Engineering,strict,6098043,2,,,,,,,,,0.25
2987008,action_noun,spatialisation,strict,6115434,1,,,,,,,,,0.0
2987009,action_noun,Structure,strict,6120802,3,,,,,,,,,0.5
2987010,action_noun,Gentle Heart,strict,6122554,1,,,,,,,,,0.5
2987011,action_noun,New Spirit,strict,6123196,1,,,,,,,,,0.0
2987012,action_noun,Fragmentation,strict,6129599,2,,,,,,,,,0.25
2987013,action_noun,Exploitation,strict,6161486,3,,,,,,,,,0.16666666666666666
2987014,action_noun,Greatly Exaggerated Death,strict,6176125,1,,,,,,,,,0.5
2987015,action_noun,Recasting,strict,6185343,1,,,,,,,,,0.5
2987016,action_noun,Aesthetic Ideal,strict,6187018,1,,,,,,,,,0.0
2987017,action_noun,Quantification,strict,6190809,2,,,,,,,,,0.25
2987018,action_noun,Seizure,strict,6192966,1,,,,,,,,,0.0
2987019,action_noun,filming,strict,6195237,1,,,,,,,,,0.10021768462078491
2987020,action_noun,Extraordinary Life,strict,6218862,1,,,,,,,,,0.41959547500688726
2987021,action_noun,Racial Transformation,strict,6220813,1,,,,,,,,,0.5
2987022,action_noun,Closure,strict,6221463,1,,,,,,,,,0.5
2987023,action_noun,Migration,strict,6222251,1,,,,,,,,,0.5
2987024,action_noun,Turbulent Rise,strict,6254865,1,,,,,,,,,0.0
2987025,action_noun,Deep Roots,strict,6257112,1,,,,,,,,,0.7698088707371623
2987026,action_noun,Anglo-American Tradition,strict,6275769,1,,,,,,,,,0.0
2987027,action_noun,wiring,strict,6284803,1,,,,,,,,,0.5
2987028,action_noun,Burial,strict,6292477,1,,,,,,,,,0.5
2987029,action_noun,Heroic Age,strict,6321148,1,,,,,,,,,0.5
2987030,action_noun,Recrafting,strict,6341109,1,,,,,,,,,0.5
2987031,action_noun,Political Construction,strict,6360740,1,,,,,,,,,0.5
2987032,action_noun,Post-Critical Interpretation,strict,6368165,1,,,,,,,,,0.5
2987033,action_noun,Prosperous House,strict,6370269,1,,,,,,,,,0.0
2987034,action_noun,Deep Structure,strict,6460491,1,,,,,,,,,0.5
2987035,action_noun,Clinical Potential,strict,6478504,1,,,,,,,,,0.5
2987036,action_noun,Utopian Image,strict,6491872,1,,,,,,,,,0.0
2987037,action_noun,Astonishing Rise,strict,6523531,1,,,,,,,,,0.8556942446184175
2987038,action_noun,Normalisation,strict,6570900,1,,,,,,,,,0.5
2987039,action_noun,Venture,strict,6570901,2,,,,,,,,,0.25
2987040,action_noun,Fabrication,strict,6591763,1,,,,,,,,,0.0
2987041,action_noun,Untapped Potential,strict,6594672,1,,,,,,,,,0.754572062495921
2987042,action_noun,Organizational Transformation,strict,6594927,1,,,,,,,,,0.5
2987043,action_noun,Social Division,strict,6613246,1,,,,,,,,,0.5
2987044,action_noun,Valuation,strict,6624796,1,,,,,,,,,0.0
2987045,action_noun,Rhabilitation,strict,6626227,1,,,,,,,,,0.0
2987046,action_noun,Evaluation,strict,6628566,1,,,,,,,,,0.5
2987047,action_noun,Decolonisation,strict,6635298,1,,,,,,,,,0.5
2987048,action_noun,Occupation,strict,6677669,1,,,,,,,,,0.5
2987049,action_noun,Racial Construction,strict,6681861,1,,,,,,,,,0.5
2987050,action_noun,Binding,strict,6695287,2,,,,,,,,,0.0
2987051,action_noun,Troubled History,strict,6705766,1,,,,,,,,,0.40008257151486126
2987052,action_noun,Transgression,strict,6728016,1,,,,,,,,,0.5
2987053,action_noun,Rhetorical Theory,strict,6748958,1,,,,,,,,,0.5
2987054,action_noun,Partitioning,strict,6771996,1,,,,,,,,,0.5
2987055,action_noun,British Invasion,strict,6798012,1,,,,,,,,,0.5
2987056,action_noun,Contested Language,strict,6828613,1,,,,,,,,,0.5
2987057,action_noun,practical use,strict,6851652,1,,,,,,,,,0.0
2987058,action_noun,Heart,strict,6859204,3,,,,,,,,,0.36124223470681543
2987059,action_noun,Impossible Triumph,strict,6879981,1,,,,,,,,,0.5
2987060,action_noun,Painting,strict,6890802,1,,,,,,,,,0.0
2987061,action_noun,U.S. House,strict,6895226,1,,,,,,,,,0.5
2987062,action_noun,Judgement,strict,6925602,1,,,,,,,,,0.5
2987063,action_noun,Corporate Spirit,strict,7021897,1,,,,,,,,,0.5
2987064,action_noun,Trumping,strict,7022814,1,,,,,,,,,0.5
2987065,action_noun,Human Cost,strict,7022911,1,,,,,,,,,0.5
2987066,action_noun,Prophecy,strict,7028737,1,,,,,,,,,0.0
2987067,action_noun,Disintegration,strict,7054221,1,,,,,,,,,0.22686229879265654
2987068,action_noun,up-Ending,strict,7058993,1,,,,,,,,,0.5
2987069,action_noun,Unequal Representation,strict,7100374,1,,,,,,,,,0.5
2987070,action_noun,Telling,strict,7141000,1,,,,,,,,,0.0
2987071,action_noun,Lesbian-Feminist Roots,strict,7151787,1,,,,,,,,,0.37082721625509785
2987072,action_noun,Ancient Art,strict,7185914,1,,,,,,,,,0.0
2987073,action_noun,Celebration,strict,7189663,2,,,,,,,,,0.0
2987074,action_noun,Mad Pursuit,strict,7216394,1,,,,,,,,,0.5
2987075,action_noun,Third Great Age,strict,7226720,1,,,,,,,,,0.0
2987076,action_noun,Atomic Power,strict,7253627,1,,,,,,,,,0.8297742566475654
2987077,action_noun,Quantitative Transformation,strict,7295146,1,,,,,,,,,0.5
2987078,action_noun,Awakening,strict,7304165,1,,,,,,,,,0.0
2987079,action_noun,Veneration,strict,7318669,1,,,,,,,,,0.0
2987080,action_noun,Wrath,strict,7348284,1,,,,,,,,,0.5
2987081,action_noun,Criminalizing,strict,7456583,1,,,,,,,,,0.0
2987082,action_noun,Medical Abuse,strict,7466372,1,,,,,,,,,0.05409330199806542
2987083,action_noun,Transforming Story,strict,7477212,1,,,,,,,,,0.5
2987084,action_noun,Framing,strict,7494553,1,,,,,,,,,0.0
2987085,action_noun,Decolonising,strict,7510822,1,,,,,,,,,0.5
2987086,action_noun,private world,strict,7538174,1,,,,,,,,,0.1621794633746952
2987087,action_noun,Death-Defying Saga,strict,7540813,1,,,,,,,,,0.3783997235392524
2987088,action_noun,Poetry,strict,7549428,2,,,,,,,,,0.5
2987089,action_noun,Improvement,strict,7572011,1,,,,,,,,,0.5
2987090,action_noun,Sacking,strict,7574742,1,,,,,,,,,0.5
2987091,action_noun,Renaissance,strict,7576174,2,,,,,,,,,0.25
2987092,action_noun,Organization,strict,7592298,1,,,,,,,,,0.5
2987093,action_noun,Early History,strict,7605789,1,,,,,,,,,0.5
2987094,action_noun,Enabling,strict,7616169,1,,,,,,,,,0.0
2987095,action_noun,Stubborn Myth,strict,7635793,1,,,,,,,,,0.5
2987096,action_noun,Judicial Department,strict,7640661,1,,,,,,,,,0.5
2987097,action_noun,co-evolution,strict,7653502,1,,,,,,,,,0.0
2987098,action_noun,Addiction,strict,7668647,1,,,,,,,,,0.5
2987099,action_noun,Revolutionary World,strict,7671168,1,,,,,,,,,0.0
2987100,action_noun,Coverage,strict,7719992,1,,,,,,,,,0.0
2987101,action_noun,Gnosis,strict,7732036,3,,,,,,,,,0.322778458594829
2987102,action_noun,Goal,strict,7742659,1,,,,,,,,,0.5
2987103,action_noun,storming,strict,7760591,1,,,,,,,,,0.3284295652408724
2987104,action_noun,Scientific Manufacture,strict,7762489,1,,,,,,,,,0.5
2987105,action_noun,Re-Enchantment,strict,7792807,1,,,,,,,,,0.5
2987106,action_noun,Transformative Power,strict,7793136,1,,,,,,,,,0.5
2987107,action_noun,heroic age,strict,7823052,1,,,,,,,,,0.17345450108488641
2987108,action_noun,hidden truth,strict,7823636,1,,,,,,,,,0.0
2987109,action_noun,Future Resilience,strict,7824321,1,,,,,,,,,0.5
2987110,action_noun,Sinking,strict,7830324,2,,,,,,,,,0.3848666289485644
2987111,action_noun,Disruption,strict,7860919,1,,,,,,,,,0.5
2987112,action_noun,Volition,strict,7887593,1,,,,,,,,,0.5
2987113,action_noun,Victorian Crisis,strict,7890191,1,,,,,,,,,0.5
2987114,action_noun,New Balance,strict,7900785,1,,,,,,,,,0.0
2987115,action_noun,Reformulation,strict,7933337,1,,,,,,,,,0.5
2987116,action_noun,Repression,strict,7936596,1,,,,,,,,,0.0
2987117,action_noun,Nag Hammadi Apocalypse,strict,7953118,1,,,,,,,,,0.5
2987118,action_noun,Relation,strict,7963243,1,,,,,,,,,0.0
2987119,action_noun,Failed Promise,strict,7983649,1,,,,,,,,,0.5
2987120,action_noun,revival,strict,8011927,1,,,,,,,,,0.12766631515584903
2987121,action_noun,Global Rise,strict,8012017,1,,,,,,,,,0.5
2987122,action_noun,Non-Use,strict,8015987,1,,,,,,,,,0.5
2987123,action_noun,Influence,strict,8047069,1,,,,,,,,,0.5
2987124,action_noun,Inconstancy,strict,8075126,1,,,,,,,,,0.5
2987125,action_noun,Strategic Use,strict,8108520,1,,,,,,,,,0.5
2987126,action_noun,First Adoption,strict,8139241,1,,,,,,,,,0.0
2987127,action_noun,Cultural-Historical Experience,strict,8142436,2,,,,,,,,,0.25
2987128,action_noun,Decoding,strict,8198913,1,,,,,,,,,0.0
2987129,action_noun,Spatialisation,strict,8198967,1,,,,,,,,,0.0
2987130,action_noun,Emancipation,strict,8201319,2,,,,,,,,,0.25
2987131,action_noun,Popularizing,strict,8201940,1,,,,,,,,,0.5
2987132,action_noun,showcasing,strict,8260596,1,,,,,,,,,0.0
2987133,action_noun,Controversial Treatment,strict,8291945,1,,,,,,,,,0.0
2987134,action_noun,Queering,strict,8326902,1,,,,,,,,,0.6913478554068548
2987135,action_noun,Manifestation,strict,8362076,1,,,,,,,,,0.5
2987136,action_noun,Extraordinary Untold Story,strict,8363113,1,,,,,,,,,0.5
2987137,action_noun,New Understanding,strict,8395159,1,,,,,,,,,0.5
2987138,action_noun,Psychoanalytic Theory,strict,8416408,1,,,,,,,,,0.5
2987139,action_noun,hidden story,strict,8441987,1,,,,,,,,,0.9789807220306499
2987140,action_noun,forcible feeding,strict,8469826,1,,,,,,,,,0.0
2987141,action_noun,Ethnohistory,strict,8525124,1,,,,,,,,,0.0
2987142,action_noun,Hidden Story,strict,8552315,1,,,,,,,,,0.5
2987143,action_noun,Social Reconstruction,strict,8554026,1,,,,,,,,,0.5
2987144,action_noun,Expropriation,strict,8554521,2,,,,,,,,,0.25
2987145,action_noun,Proclamation,strict,8565328,1,,,,,,,,,0.5
2987146,action_noun,Metamorphosis,strict,8567463,1,,,,,,,,,0.0
2987147,action_noun,Wizardry,strict,8570845,1,,,,,,,,,0.0
2987148,action_noun,secret life,strict,8594273,2,,,,,,,,,0.5
2987149,action_noun,Labor Roots,strict,8595384,1,,,,,,,,,0.5
2987150,action_noun,Early American Roots,strict,8596927,1,,,,,,,,,0.5
2987151,action_noun,Slow Demise,strict,8607875,1,,,,,,,,,0.5
2987152,action_noun,Magnificent Life,strict,8614397,1,,,,,,,,,0.5
2987153,action_noun,Spiral,strict,8627931,1,,,,,,,,,0.5
2987154,action_noun,Passing,strict,8668334,1,,,,,,,,,0.0
2987155,action_noun,Simplifying,strict,8670479,1,,,,,,,,,0.0
2987156,action_noun,Mastery,strict,8686470,2,,,,,,,,,0.3206998771599678
2987157,action_noun,Balance,strict,8686576,1,,,,,,,,,0.5
2987158,action_noun,New Birth,strict,8689225,1,,,,,,,,,0.5
2987159,action_noun,Alienation,strict,8721453,2,,,,,,,,,0.25
2987160,action_noun,Industrialization,strict,8776767,1,,,,,,,,,0.6335143013467103
2987161,action_noun,Dangerous Distortion,strict,8776854,2,,,,,,,,,0.40877082307565965
2987162,action_noun,New Story,strict,8787263,1,,,,,,,,,0.5
2987163,action_noun,Conception,strict,8841718,1,,,,,,,,,0.5
2987164,action_noun,Inner Tradition,strict,8870092,1,,,,,,,,,0.5
2987165,action_noun,Cultural Production,strict,8896005,1,,,,,,,,,0.0
2987166,action_noun,Intimacy,strict,8930331,1,,,,,,,,,0.0
2987167,action_noun,Colonization,strict,8945450,1,,,,,,,,,0.18326253240875467
2987168,action_noun,Renaissance Rediscovery,strict,8958572,1,,,,,,,,,0.5
2987169,action_noun,life and death,strict,8973130,1,,,,,,,,,0.0
2987170,action_noun,Radical Remaking,strict,8985075,2,,,,,,,,,0.7705260019148761
2987171,action_noun,Curse,strict,8987451,1,,,,,,,,,0.5
2987172,action_noun,Evolutionary Origins,strict,8990586,1,,,,,,,,,0.0
2987173,action_noun,Democratization,strict,9073817,3,,,,,,,,,0.0
2987174,action_noun,Picture,strict,9074150,1,,,,,,,,,0.0
2987175,action_noun,Essence,strict,9106724,2,,,,,,,,,0.0
2987176,action_noun,False Promise,strict,9113731,1,,,,,,,,,0.5
2987177,action_noun,Mending,strict,9163855,1,,,,,,,,,0.5
2987178,action_noun,Analysis,strict,9166365,1,,,,,,,,,0.5
2987179,action_noun,Desolation,strict,9167931,1,,,,,,,,,0.0
2987180,action_noun,Deadly Secret,strict,9191138,1,,,,,,,,,0.2501722203032551
2987181,action_noun,Biological Significance,strict,9197189,1,,,,,,,,,0.0
2987182,action_noun,Settling,strict,9212745,1,,,,,,,,,0.0
2987183,action_noun,Surrealist Appraisal,strict,9371726,1,,,,,,,,,0.5
2987184,action_noun,Electric Origins,strict,9377826,1,,,,,,,,,0.5
2987185,action_noun,Social Amplification,strict,9406755,1,,,,,,,,,0.0
2987186,action_noun,mathematical language,strict,9458116,1,,,,,,,,,0.0
2987187,action_noun,Decolonization,strict,9490295,1,,,,,,,,,0.0
2987188,action_noun,Precarious Future,strict,9517262,1,,,,,,,,,0.5709710871475191
2987189,action_noun,Sociological Discourse,strict,9553586,1,,,,,,,,,0.0
2987190,action_noun,Print Culture,strict,9574338,1,,,,,,,,,0.5
2987191,action_noun,Reading,strict,9622106,1,,,,,,,,,0.0
2987192,action_noun,Impeachment,strict,9662387,1,,,,,,,,,0.5927017293347698
2987193,action_noun,Classical Theory,strict,9663693,1,,,,,,,,,0.0
2987194,action_noun,Initiation,strict,9718133,1,,,,,,,,,0.0
2987195,action_noun,Reawakening,strict,9758014,1,,,,,,,,,0.5
2987196,action_noun,common heritage,strict,9822319,1,,,,,,,,,0.0
2987197,action_noun,Transition,strict,9824541,1,,,,,,,,,0.5
2987198,action_noun,Public History,strict,9843073,1,,,,,,,,,0.0
2987199,action_noun,Importance,strict,9845897,1,,,,,,,,,0.0
2987200,action_noun,liberation,strict,9886347,1,,,,,,,,,0.0
2987201,action_noun,Cultural Legacy,strict,9890646,1,,,,,,,,,0.5
2987202,action_noun,Political Roots,strict,9918955,1,,,,,,,,,0.5
2987203,action_noun,Marriage,strict,9922214,1,,,,,,,,,0.5
2987204,action_noun,Social Organization,strict,9959161,1,,,,,,,,,0.5
2987205,action_noun,Conspiracy,strict,10003959,1,,,,,,,,,0.0
2987206,action_noun,Epic Age,strict,10004312,1,,,,,,,,,0.0
2987207,action_noun,Prosecution,strict,10015594,1,,,,,,,,,0.0
2987208,action_noun,Uncertain Future,strict,10042355,1,,,,,,,,,0.5
2987209,action_noun,intoxication,strict,10086625,1,,,,,,,,,0.0
2987210,action_noun,Connection,strict,10101556,1,,,,,,,,,0.0
2987211,action_noun,well-being,strict,10117970,1,,,,,,,,,0.3219175292259369
2987212,action_noun,Hijacking,strict,10148325,1,,,,,,,,,0.13370327340374927
2987213,action_noun,Composition,strict,10156131,1,,,,,,,,,0.0
2987214,action_noun,Attraction,strict,10156722,1,,,,,,,,,0.0
2987215,action_noun,Legal Culture,strict,10176143,1,,,,,,,,,0.0
2987216,action_noun,Greying,strict,10188301,1,,,,,,,,,0.0
2987217,action_noun,Cultural Performance,strict,10194707,1,,,,,,,,,0.0
2987218,action_noun,subtle art,strict,10259367,1,,,,,,,,,0.12766631515584903
2987219,action_noun,Complex History,strict,10262145,1,,,,,,,,,0.0
2987220,action_noun,Foundation,strict,10279067,1,,,,,,,,,0.0
2987221,action_noun,Broken Promise,strict,10304435,1,,,,,,,,,0.0
2987222,action_noun,Unlawful Taking,strict,10346223,1,,,,,,,,,0.0
2987223,action_noun,Consolation,strict,10360460,1,,,,,,,,,0.0
2987224,action_noun,Dark Heart,strict,10433739,1,,,,,,,,,0.5
2987225,action_noun,Exportation,strict,10448840,1,,,,,,,,,0.5
2987226,action_noun,Secretive History,strict,10457811,1,,,,,,,,,0.0
2987227,action_noun,killing,strict,10513312,1,,,,,,,,,0.13815104235743073
2987228,action_noun,Hellenization,strict,10516079,1,,,,,,,,,0.0
2987229,action_noun,Harvesting,strict,10543355,1,,,,,,,,,0.5
2987230,action_noun,Internationalization,strict,10640057,1,,,,,,,,,0.0
2987231,action_noun,Construction and Negotiation,strict,10653877,1,,,,,,,,,0.0
2987232,action_noun,Hidden Potential,strict,10655037,1,,,,,,,,,0.0
2987233,action_noun,Dissemination,strict,10679930,1,,,,,,,,,0.5
2987234,action_noun,Secret Pursuit,strict,10681092,1,,,,,,,,,0.5
2987235,action_noun,Radical Affirmation,strict,10691486,1,,,,,,,,,0.0
2987236,action_noun,Manufacture,strict,10709401,1,,,,,,,,,0.0
2987237,action_noun,Accomplishment,strict,10735152,1,,,,,,,,,0.5
2987238,action_noun,Spiritual Art,strict,10738396,1,,,,,,,,,0.0
2987239,action_noun,Promotion,strict,10747524,1,,,,,,,,,0.0
2987240,action_noun,Industrialisation,strict,10762442,1,,,,,,,,,0.0
2987241,action_noun,Unfolding Future,strict,10848026,1,,,,,,,,,0.0
2987242,action_noun,Victorian Origins,strict,10854328,1,,,,,,,,,0.5
2987243,action_noun,Election,strict,10862716,1,,,,,,,,,0.0
2987244,action_noun,Partisan Transformation,strict,10871556,1,,,,,,,,,0.0
2987245,action_noun,Meeting,strict,10875789,1,,,,,,,,,0.0
2987246,action_noun,symbolic construction,strict,10915032,1,,,,,,,,,0.0
2987247,action_noun,Gassing,strict,10927171,1,,,,,,,,,0.5
2987248,action_noun,Intoxication,strict,10959327,1,,,,,,,,,0.0
2987249,action_noun,Extraordinary Science,strict,10985439,1,,,,,,,,,0.5330282521016328
2987250,of_object,nature,strict,862,7,,,,,,11.2389554977417,50.1502685546875,1,0.0
2987251,of_object,politics,strict,961,5,,,,,,12.990863800048828,54.486534118652344,1,0.0
2987252,of_object,revolutionary Atlantic,strict,1225,2,,,type1,,2,16.713470458984375,89.47216796875,2,0.9789807220306499
2987253,of_object,landscape,strict,1541,1,,,,,,8.940468788146973,47.91136932373047,1,0.3010299956639812
2987254,of_object,American golf,strict,1704,1,,,type1,,2,21.16345977783203,145.30076599121094,2,0.3010299956639812
2987255,of_object,democracy,strict,1975,10,,,,,,13.476513862609863,55.33617401123047,1,0.5
2987256,of_object,financial institutions,strict,2619,1,,,type1,,2,23.22454261779785,186.37960815429688,2,0.3010299956639812
2987257,of_object,federal lands,strict,3192,1,,,type1,,2,19.116455078125,138.23208618164062,2,0.3010299956639812
2987258,of_object,reenchantment,strict,3676,1,,,,,,,,,0.3010299956639812
2987259,of_object,social entitlement state in Germany,strict,4933,1,,,type2,in,5,54.9530143737793,633.8004760742188,5,0.3010299956639812
2987260,of_object,sexual identity,strict,4962,1,,,type1,,2,19.109739303588867,144.68511962890625,2,0.3010299956639812
2987261,of_object,world food production,strict,6255,1,,,type1,,3,28.313467025756836,200.95394897460938,3,0.3010299956639812
2987262,of_object,nuclear revolution,strict,6816,1,,,type1,,2,23.76882553100586,149.900634765625,2,0.3010299956639812
2987263,of_object,American television,strict,8459,1,,,type1,,2,17.262300491333008,109.18458557128906,2,0.3010299956639812
2987264,of_object,economic democracy,strict,8866,2,,,type1,,2,25.545150756835938,152.6429443359375,2,0.5
2987265,of_object,order after major wars,strict,10262,1,,,type2,after,4,34.41850280761719,318.5230407714844,4,0.3010299956639812
2987266,of_object,Justice,strict,10896,10,,,,,,8.951555252075195,49.121803283691406,1,0.6351737071654219
2987267,of_object,knowledge,strict,11174,12,,,,,,10.49670696258545,50.16355895996094,1,0.5
2987268,of_object,print,strict,11724,2,,,,,,6.6469573974609375,47.00249481201172,1,0.47712125471966244
2987269,of_object,multicellularity,strict,11784,1,,,,,,2.60813307762146,64.34857940673828,1,0.3010299956639812
2987270,of_object,childhood,strict,12464,3,,,,,,10.87648868560791,60.566715240478516,1,0.6020599913279624
2987271,of_object,Yugoslavia,strict,14110,4,,,,,,5.777314186096191,62.417213439941406,1,0.5
2987272,of_object,world,strict,15280,13,,,,,,12.671688079833984,43.21925354003906,1,0.5
2987273,of_object,value,strict,15420,1,,,,,,6.848499774932861,44.372066497802734,1,0.3010299956639812
2987274,of_object,public policy,strict,17199,1,,,type1,,2,22.637414932250977,154.52536010742188,2,0.3010299956639812
2987275,of_object,Civil War,strict,17746,20,,,type1,,2,20.278432846069336,130.03884887695312,2,0.7347949552386769
2987276,of_object,middle class,strict,18032,1,,,type1,,2,13.770371437072754,114.00554656982422,2,0.3010299956639812
2987277,of_object,illness,strict,19184,2,,,,,,10.87648868560791,60.566715240478516,1,0.47712125471966244
2987278,of_object,governance in Zimbabwe,strict,19261,1,,,type2,in,3,25.110986709594727,167.38473510742188,3,0.3010299956639812
2987279,of_object,intellectual property,strict,20181,1,,,type1,,2,17.88588523864746,115.0579605102539,2,0.3010299956639812
2987280,of_object,personal computing,strict,20484,1,,,type1,,2,20.042570114135742,129.49879455566406,2,0.3010299956639812
2987281,of_object,cool judgment,strict,21707,1,,,type1,,2,14.570752143859863,92.5082015991211,2,0.3010299956639812
2987282,of_object,Taliban,strict,22413,2,,,,,,7.149532794952393,47.95750045776367,1,0.5
2987283,of_object,law,strict,22572,21,,,,,,10.657025337219238,54.1787109375,1,0.16666666666666666
2987284,of_object,American conservation,strict,22811,1,,,type1,,2,19.367074966430664,116.09329986572266,2,0.3010299956639812
2987285,of_object,Pentad,strict,23301,1,,,,,,-1.2348841428756714,74.11978149414062,1,0.3010299956639812
2987286,of_object,public trust,strict,23455,2,,,type1,,2,21.51386833190918,138.83367919921875,2,0.47712125471966244
2987287,of_object,self,strict,24450,6,,,,,,8.783564567565918,39.18723678588867,1,0.8450980400142568
2987288,of_object,Pygmalion in post-revolutionary France,strict,25405,1,,,type2,in,4,32.437416076660156,280.30023193359375,6,0.3010299956639812
2987289,of_object,William James's radical empiricism,strict,25791,1,,,,,,38.70888900756836,415.6663513183594,5,0.3010299956639812
2987290,of_object,prior experiential learning,strict,26115,1,,,type1,,3,25.215686798095703,208.81396484375,3,0.3010299956639812
2987291,of_object,America,strict,26666,50,,,,,,12.410444259643555,40.65589904785156,1,0.9167281676881448
2987292,of_object,Churches of Christ,strict,29751,2,,,type2,of,3,31.400409698486328,254.17811584472656,3,0.0
2987293,of_object,Red Cross,strict,33178,2,,,type1,,2,9.559462547302246,118.86209106445312,2,0.5
2987294,of_object,human identity,strict,35357,2,,,type1,,2,20.1207218170166,109.22642517089844,2,0.5
2987295,of_object,nation state,strict,38604,1,,,,,,19.711166381835938,138.85311889648438,2,0.3010299956639812
2987296,of_object,Christ,strict,39013,7,,,,,,11.303386688232422,49.454193115234375,1,0.4014436578446982
2987297,of_object,NGOs,strict,43447,2,,,,,,3.8921988010406494,55.142704010009766,1,0.5
2987298,of_object,India,strict,45812,3,,,,,,10.072237968444824,55.337093353271484,1,0.25
2987299,of_object,human possibilities,strict,45865,1,,,type1,,2,19.4158878326416,116.78375244140625,2,0.3010299956639812
2987300,of_object,nationhood,strict,47023,2,,,,,,6.830144882202148,57.50789260864258,1,0.47712125471966244
2987301,of_object,sport,strict,52210,1,,,,,,7.416491508483887,50.94314193725586,1,0.3010299956639812
2987302,of_object,sports news,strict,55789,1,,,,,,12.822917938232422,93.8321304321289,2,0.3010299956639812
2987303,of_object,games,strict,290322,1,,,,,,9.749246597290039,32.45786666870117,1,0.3010299956639812
2987304,of_object,payments,strict,343383,2,,,,,,8.303130149841309,48.20621871948242,1,0.47712125471966244
2987305,of_object,modern chemistry,strict,344003,1,,,type1,,2,17.418256759643555,108.08665466308594,2,0.3010299956639812
2987306,of_object,rural land,strict,351226,1,,,type1,,2,18.334707260131836,176.18463134765625,2,0.3010299956639812
2987307,of_object,public authority,strict,382967,1,,,type1,,2,22.171459197998047,109.27906799316406,2,0.3010299956639812
2987308,of_object,William Carlos Williams,strict,383895,1,,,,,,18.843210220336914,288.6556396484375,3,0.3010299956639812
2987309,of_object,ideology,strict,410914,6,,,,,,9.583370208740234,50.689388275146484,1,0.0
2987310,of_object,American strategy,strict,434087,1,,,type1,,2,22.427223205566406,104.05168914794922,2,0.3010299956639812
2987311,of_object,central city,strict,436685,1,,,type1,,2,18.266611099243164,103.85746765136719,2,0.3010299956639812
2987312,of_object,Lincoln symbol,strict,464248,2,,,,,,21.574026107788086,105.91566467285156,2,0.0
2987313,of_object,glory,strict,469933,2,,,,,,9.328327178955078,45.41648483276367,1,0.0
2987314,of_object,trade,strict,484262,2,,,,,,7.81279993057251,46.476478576660156,1,0.47712125471966244
2987315,of_object,man,strict,484398,4,,,,,,7.534196376800537,50.9269905090332,1,0.6989700043360189
2987316,of_object,Germany,strict,490262,5,,,,,,12.410444259643555,40.65589904785156,1,0.3333333333333333
2987317,of_object,gas chromatographic fractions,strict,499093,2,,,type1,,3,14.65955924987793,248.1954803466797,3,0.0
2987318,of_object,Independence,strict,505118,3,,,,,,10.38773250579834,44.682342529296875,1,0.0
2987319,of_object,corporate capitalism,strict,531325,3,,,type1,,2,25.08878517150879,140.6993408203125,2,0.5
2987320,of_object,Christian tragedy,strict,534232,1,,,type1,,2,20.464374542236328,104.51844024658203,2,0.3010299956639812
2987321,of_object,multiple discriminant analysis,strict,541416,1,,,type1,,3,25.182832717895508,246.35304260253906,3,0.3010299956639812
2987322,of_object,American Revolution,strict,553845,9,,,type1,,2,25.73763084411621,126.45391845703125,2,0.4808269363294095
2987323,of_object,welfare state,strict,566764,2,,,type1,,2,23.792116165161133,150.94961547851562,2,0.0
2987324,of_object,liberal reform,strict,571814,1,,,type1,,2,19.646408081054688,119.1424331665039,2,0.3010299956639812
2987325,of_object,consciousness,strict,572057,7,,,,,,12.671688079833984,43.21925354003906,1,0.25
2987326,of_object,war,strict,598136,2,,,,,,11.446199417114258,48.879825592041016,1,0.47712125471966244
2987327,of_object,Cambodia,strict,605640,8,,,,,,9.206412315368652,42.069915771484375,1,0.39218516337546144
2987328,of_object,new settings,strict,615054,1,,,type1,,2,15.202791213989258,97.74034118652344,2,0.3010299956639812
2987329,of_object,delinquent area,strict,617581,1,,,type1,,2,13.490457534790039,104.6443099975586,2,0.3010299956639812
2987330,of_object,reason,strict,640630,4,,,,,,10.231931686401367,30.091676712036133,1,0.6989700043360189
2987331,of_object,Cuban slave trade,strict,644964,1,,,type1,,3,29.495250701904297,207.03514099121094,3,0.3010299956639812
2987332,of_object,Hellenism,strict,645838,1,,,,,,0.11182710528373718,53.772560119628906,1,0.3010299956639812
2987333,of_object,Judaism,strict,651299,3,,,,,,11.501493453979492,56.26241683959961,1,0.0
2987334,of_object,mixture data,strict,679609,3,,,,,,11.95632266998291,123.53527069091797,2,0.6020599913279624
2987335,of_object,culture,strict,680778,10,,,,,,11.82754135131836,44.71976089477539,1,0.5
2987336,of_object,imperial policy,strict,681441,1,,,type1,,2,22.868820190429688,128.98233032226562,2,0.3010299956639812
2987337,of_object,American railroad industry,strict,693545,1,,,type1,,3,26.588146209716797,217.3002166748047,3,0.3010299956639812
2987338,of_object,cold war,strict,706441,2,,,type1,,2,21.678131103515625,108.82028198242188,2,0.0
2987339,of_object,modern Greece,strict,707420,2,,,type1,,2,17.83637046813965,87.4859390258789,2,0.47712125471966244
2987340,of_object,American nationality,strict,709791,1,,,type1,,2,23.44413185119629,120.9686279296875,2,0.3010299956639812
2987341,of_object,crystal structure,strict,737419,1,,,,,,13.519678115844727,97.91255950927734,2,0.3010299956639812
2987342,of_object,new energy source,strict,740073,1,,,type1,,3,18.44272804260254,220.50677490234375,3,0.3010299956639812
2987343,of_object,basic industry,strict,748262,2,,,type1,,2,14.870538711547852,82.83561706542969,2,0.0
2987344,of_object,Victorian sexuality in America,strict,748476,1,,,type2,in,4,36.87894821166992,271.7978210449219,4,0.3010299956639812
2987345,of_object,European Community,strict,752125,1,,,type1,,2,20.909229278564453,87.12995910644531,2,0.3010299956639812
2987346,of_object,tale,strict,755646,2,,,,,,6.052086353302002,44.8929328918457,1,0.47712125471966244
2987347,of_object,Muslim alcoholics,strict,755961,2,,,type1,,2,19.6118106842041,134.1206817626953,2,0.47712125471966244
2987348,of_object,Hitler,strict,761866,2,,,,,,11.501493453979492,56.26241683959961,1,0.5
2987349,of_object,U.S.-Mexican relations,strict,766021,1,,,,,,8.62929630279541,55.44069290161133,1,0.3010299956639812
2987350,of_object,people,strict,769093,8,,,,,,11.82754135131836,44.71976089477539,1,0.0
2987351,of_object,capital,strict,769315,3,,,,,,11.612271308898926,46.59490203857422,1,0.5
2987352,of_object,modern state,strict,775058,3,,,type1,,2,19.286983489990234,102.38473510742188,2,0.0
2987353,of_object,patriarchal relations,strict,777582,3,,,type1,,2,13.506203651428223,119.14203643798828,2,0.0
2987354,of_object,virginity,strict,778860,1,,,,,,7.085391998291016,54.28789138793945,1,0.3010299956639812
2987355,of_object,literature,strict,779409,2,,,,,,6.9779791831970215,37.46572494506836,1,0.47712125471966244
2987356,of_object,German science fiction,strict,782571,1,,,type1,,3,23.127309799194336,189.21278381347656,3,0.3010299956639812
2987357,of_object,knowledge in late Victorian England,strict,786478,2,,,type2,in,5,47.887229919433594,377.8632507324219,5,0.0
2987358,of_object,ancient Greece,strict,790257,1,,,type1,,2,21.033954620361328,113.72880554199219,2,0.3010299956639812
2987359,of_object,life on earth,strict,803261,2,,,type2,on,3,30.601470947265625,234.66964721679688,3,0.0
2987360,of_object,sociological research,strict,804685,1,,,type1,,2,17.208602905273438,119.30745697021484,2,0.3010299956639812
2987361,of_object,space,strict,807024,7,,,,,,8.430299758911133,46.45999526977539,1,0.9030899869919435
2987362,of_object,labour,strict,808791,2,,,,,,10.14449691772461,50.6395149230957,1,0.47712125471966244
2987363,of_object,fiction,strict,809802,3,,,,,,6.052086353302002,44.8929328918457,1,0.0
2987364,of_object,American telephone industry,strict,810331,2,,,type1,,3,24.512441635131836,185.24002075195312,3,0.0
2987365,of_object,science,strict,811958,2,,,,,,8.788297653198242,52.50257110595703,1,0.47712125471966244
2987366,of_object,morals,strict,812241,2,,,,,,10.598164558410645,49.99961471557617,1,0.47712125471966244
2987367,of_object,world's food supply,strict,812885,4,,,type1,,3,36.62083435058594,323.2239990234375,4,0.0
2987368,of_object,First World War,strict,813093,3,,,type1,,3,33.867130279541016,218.60533142089844,3,0.2932847007753009
2987369,of_object,Austrian liberalism,strict,832115,1,,,type1,,2,21.905662536621094,123.48162078857422,2,0.3010299956639812
2987370,of_object,composition,strict,839001,3,,,,,,3.931499719619751,49.31961441040039,1,0.6020599913279624
2987371,of_object,cultural radicalism in America,strict,845214,1,,,type2,in,4,42.08142852783203,289.36651611328125,4,0.3010299956639812
2987372,of_object,sexuality,strict,846127,3,,,,,,9.720356941223145,51.12865447998047,1,0.5
2987373,of_object,Victorian prose,strict,849990,1,,,type1,,2,11.807811737060547,100.35369110107422,2,0.3010299956639812
2987374,of_object,American West,strict,851169,8,,,type1,,2,24.67156219482422,152.78561401367188,2,0.4965680344015242
2987375,of_object,inequality in Australia,strict,872220,1,,,type2,in,3,29.120092391967773,200.8239288330078,3,0.3010299956639812
2987376,of_object,modern Israel,strict,884962,3,,,type1,,2,19.353408813476562,99.0999755859375,2,0.11108331690161172
2987377,of_object,Australian narrative,strict,892534,3,,,type1,,2,18.313201904296875,95.64302062988281,2,0.5
2987378,of_object,insurance,strict,892591,2,,,,,,7.688613414764404,48.57570266723633,1,0.0
2987379,of_object,tax reform,strict,913753,4,,,,,,21.044757843017578,137.68495178222656,2,0.40001985282858676
2987380,of_object,psychoanalysis,strict,915269,2,,,,,,8.468868255615234,38.69528579711914,1,0.47712125471966244
2987381,of_object,universe,strict,916502,1,,,,,,11.2389554977417,50.1502685546875,1,0.3010299956639812
2987382,of_object,dramatic career,strict,917338,2,,,type1,,2,15.154095649719238,93.67589569091797,2,0.0
2987383,of_object,Sichuan frontier in Song times,strict,917468,1,,,type2,in,5,31.804887771606445,296.9691467285156,5,0.3010299956639812
2987384,of_object,mass culture,strict,925060,1,,,type1,,2,20.41714859008789,102.31452178955078,2,0.3010299956639812
2987385,of_object,discipleship,strict,927995,3,,,,,,9.350839614868164,53.272640228271484,1,0.5
2987386,of_object,conflict,strict,932387,2,,,,,,12.837247848510742,52.166324615478516,1,0.47712125471966244
2987387,of_object,radical right in France,strict,951905,1,,,type2,in,4,38.38823318481445,289.191162109375,4,0.3010299956639812
2987388,of_object,prosperity,strict,954803,1,,,,,,13.135089874267578,54.218135833740234,1,0.3010299956639812
2987389,of_object,energy conservation,strict,956123,2,,,,,,14.6370210647583,157.20579528808594,2,0.0
2987390,of_object,narrative,strict,958373,2,,,,,,6.052086353302002,44.8929328918457,1,0.47712125471966244
2987391,of_object,lexicon,strict,958627,1,,,,,,6.6056809425354,53.986446380615234,1,0.3010299956639812
2987392,of_object,sonnet,strict,959613,1,,,,,,0.061149366199970245,67.97740173339844,1,0.3010299956639812
2987393,of_object,government,strict,960128,7,,,,,,9.389572143554688,45.905487060546875,1,0.25
2987394,of_object,metaphysics,strict,960744,1,,,,,,6.300692558288574,59.14869689941406,1,0.3010299956639812
2987395,of_object,Frankfurt School,strict,966158,1,,,type1,,2,14.896074295043945,95.40829467773438,2,0.3010299956639812
2987396,of_object,Frank Lloyd Wright,strict,968353,3,,,,,,20.359838485717773,292.6357421875,3,0.25
2987397,of_object,press,strict,991149,1,,,,,,7.369564533233643,34.946903228759766,1,0.3010299956639812
2987398,of_object,place,strict,991272,4,,,,,,8.997790336608887,29.999736785888672,1,0.0
2987399,of_object,history,strict,991477,16,,,,,,12.261116981506348,42.844913482666016,1,0.5
2987400,of_object,pleasure,strict,992084,1,,,,,,7.059031009674072,57.29486083984375,1,0.3010299956639812
2987401,of_object,tourism,strict,993428,2,,,,,,10.152782440185547,49.10176467895508,1,0.0
2987402,of_object,relativism,strict,998452,1,,,,,,9.583370208740234,50.689388275146484,1,0.3010299956639812
2987403,of_object,rock'n'roll,strict,1001304,2,,,,,,,,,0.12766631515584903
2987404,of_object,information,strict,1001738,3,,,,,,7.001570701599121,36.32841491699219,1,0.25
2987405,of_object,traditional discourse,strict,1003577,4,,,type1,,2,17.0413761138916,113.74726104736328,2,0.0
2987406,of_object,Union,strict,1004388,1,,,,,,10.277647972106934,48.04755783081055,1,0.3010299956639812
2987407,of_object,early attachment,strict,1004967,1,,,type1,,2,16.905303955078125,93.61446380615234,2,0.3010299956639812
2987408,of_object,sacred landscape,strict,1005198,2,,,type1,,2,20.179426193237305,122.10272216796875,2,0.5
2987409,of_object,Indian people,strict,1005301,2,,,type1,,2,21.899778366088867,124.1466293334961,2,0.5
2987410,of_object,body,strict,1006321,4,,,,,,7.622795104980469,49.744140625,1,0.0
2987411,of_object,nuclear physics,strict,1006705,1,,,type1,,2,17.270294189453125,120.86248779296875,2,0.3010299956639812
2987412,of_object,state,strict,1006724,5,,,,,,10.657025337219238,54.1787109375,1,0.7781512503836436
2987413,of_object,genetic diversity,strict,1007181,1,,,type1,,2,17.91049575805664,140.3393096923828,2,0.3010299956639812
2987414,of_object,postmodernity,strict,1009450,1,,,,,,9.420052528381348,48.251251220703125,1,0.3010299956639812
2987415,of_object,colonialism,strict,1022242,3,,,,,,11.843679428100586,52.67760467529297,1,0.5
2987416,of_object,specialization,strict,1035191,1,,,,,,6.295953750610352,46.086185455322266,1,0.3010299956639812
2987417,of_object,Zachariah Walker,strict,1036598,1,,,,,,6.499719142913818,117.68161010742188,2,0.3010299956639812
2987418,of_object,horror,strict,1037831,1,,,,,,10.31140422821045,46.0461311340332,1,0.3010299956639812
2987419,of_object,Renaissance heroic poetry,strict,1038765,2,,,type1,,3,29.04796600341797,173.4333953857422,3,0.0
2987420,of_object,imagination,strict,1038924,2,,,,,,12.671688079833984,43.21925354003906,1,0.0
2987421,of_object,iconophobia,strict,1039323,2,,,,,,,,,0.5
2987422,of_object,philosophy,strict,1039680,5,,,,,,7.893296718597412,38.36292266845703,1,0.5
2987423,of_object,modernity,strict,1040723,11,,,,,,9.420052528381348,48.251251220703125,1,0.0
2987424,of_object,mind in eighteenth-century England,strict,1042447,1,,,type2,in,4,47.19219970703125,383.2308654785156,6,0.3010299956639812
2987425,of_object,sex,strict,1045267,4,,,,,,7.085391998291016,54.28789138793945,1,0.5
2987426,of_object,Lincoln,strict,1045845,1,,,,,,8.902339935302734,50.21731185913086,1,0.3010299956639812
2987427,of_object,rationality,strict,1046845,1,,,,,,8.313899993896484,49.48645782470703,1,0.3010299956639812
2987428,of_object,absolutist capital,strict,1048351,1,,,type1,,2,18.023143768310547,99.05419158935547,2,0.3010299956639812
2987429,of_object,gender,strict,1048603,6,,,,,,9.720356941223145,51.12865447998047,1,0.0
2987430,of_object,office,strict,1049171,2,,,,,,5.348479747772217,48.67005157470703,1,0.5
2987431,of_object,Britain,strict,1049284,8,,,,,,12.410444259643555,40.65589904785156,1,0.5
2987432,of_object,phallic ideology,strict,1050662,1,,,,,,17.58343505859375,110.46652221679688,2,0.3010299956639812
2987433,of_object,national security,strict,1051207,2,,,type1,,2,17.408180236816406,99.33255767822266,2,0.0
2987434,of_object,South Africa,strict,1051214,1,,,,,,21.61685562133789,138.28121948242188,2,0.3010299956639812
2987435,of_object,West,strict,1055545,22,,,,,,12.410444259643555,40.65589904785156,1,0.60462883812292
2987436,of_object,Johnny Appleseed,strict,1057885,1,,,,,,5.040168285369873,110.25479125976562,2,0.3010299956639812
2987437,of_object,ethics,strict,1077670,4,,,,,,10.38773250579834,44.682342529296875,1,0.6989700043360189
2987438,of_object,Freud,strict,1078673,3,,,,,,-0.06930197775363922,62.370147705078125,1,0.5
2987439,of_object,official ideology,strict,1080761,1,,,type1,,2,16.58493995666504,89.09561920166016,2,0.3010299956639812
2987440,of_object,pagan myth,strict,1083747,2,,,,,,19.41830062866211,115.55529022216797,2,0.10723169176847977
2987441,of_object,University of Georgia,strict,1084331,2,,,type2,of,3,26.134479522705078,244.39999389648438,3,0.5
2987442,of_object,collage,strict,1090269,1,,,,,,5.174167156219482,48.72706604003906,1,0.3010299956639812
2987443,of_object,personal life,strict,1091548,1,,,type1,,2,24.283958435058594,113.28931427001953,2,0.3010299956639812
2987444,of_object,American constitutionalism,strict,1091775,2,,,type1,,2,19.62076187133789,108.69783782958984,2,0.0
2987445,of_object,power in Nicaragua,strict,1093854,1,,,type2,in,3,22.786043167114258,156.0648956298828,3,0.3010299956639812
2987446,of_object,language,strict,1094553,4,,,,,,6.6056809425354,53.986446380615234,1,0.6989700043360189
2987447,of_object,Great War,strict,1095428,4,,,type1,,2,19.19724464416504,93.0930404663086,2,0.6191036680746472
2987448,of_object,Cold War,strict,1095847,16,,,type1,,2,21.678131103515625,108.82028198242188,2,0.5
2987449,of_object,urban culture in Canada,strict,1109188,1,,,type2,in,4,42.1070671081543,355.6617736816406,4,0.3010299956639812
2987450,of_object,letters,strict,1120861,3,,,,,,6.6469573974609375,47.00249481201172,1,0.6020599913279624
2987451,of_object,New Testament,strict,1122586,1,,,type1,,2,20.034347534179688,90.05858612060547,2,0.3010299956639812
2987452,of_object,Supreme Court nomination,strict,1122898,1,,,type1,,3,19.386274337768555,171.03208923339844,3,0.3010299956639812
2987453,of_object,Supreme Court's nomination battles,strict,1125934,1,,,,,,36.16524124145508,383.6308288574219,5,0.3010299956639812
2987454,of_object,international politics,strict,1128514,3,,,type1,,2,24.603134155273438,120.32527160644531,2,0.6020599913279624
2987455,of_object,Europe,strict,1130618,14,,,,,,9.206412315368652,42.069915771484375,1,0.5803082246040595
2987456,of_object,Constitution,strict,1131368,3,,,,,,8.951555252075195,49.121803283691406,1,0.25
2987457,of_object,rule of law,strict,1131386,4,,,type2,of,3,29.65540313720703,222.8577423095703,3,0.0
2987458,of_object,populism,strict,1131658,1,,,,,,6.964509963989258,48.34170913696289,1,0.3010299956639812
2987459,of_object,Flavian imperial family,strict,1132176,1,,,type1,,3,16.966466903686523,87.82412719726562,2,0.3010299956639812
2987460,of_object,verbal self-defense,strict,1135204,1,,,type1,,2,25.241758346557617,220.35304260253906,4,0.3010299956639812
2987461,of_object,society,strict,1138153,4,,,,,,12.671688079833984,43.21925354003906,1,0.5465066453656346
2987462,of_object,new American culture,strict,1140073,1,,,type1,,3,31.451313018798828,196.51193237304688,3,0.3010299956639812
2987463,of_object,new world order,strict,1141131,2,,,type1,,3,26.882843017578125,190.68524169921875,3,0.47712125471966244
2987464,of_object,soul,strict,1141304,1,,,,,,12.671688079833984,43.21925354003906,1,0.3010299956639812
2987465,of_object,international political economy,strict,1142356,1,,,type1,,3,34.6916618347168,260.4610595703125,3,0.3010299956639812
2987466,of_object,great war,strict,1145590,1,,,type1,,2,19.19724464416504,93.0930404663086,2,0.3010299956639812
2987467,of_object,Canada,strict,1149507,6,,,,,,9.06373405456543,68.70643615722656,1,0.0
2987468,of_object,technological change,strict,1156217,1,,,type1,,2,20.979530334472656,114.0654296875,2,0.3010299956639812
2987469,of_object,independent opposition,strict,1165200,1,,,type1,,2,15.39958381652832,113.15169525146484,2,0.3010299956639812
2987470,of_object,new market economics,strict,1166566,1,,,type1,,3,29.808561325073242,224.59767150878906,3,0.3010299956639812
2987471,of_object,Soviet Union,strict,1170467,2,,,,,,18.08112144470215,111.95722198486328,2,0.0
2987472,of_object,time,strict,1171731,3,,,,,,10.231931686401367,30.091676712036133,1,0.6020599913279624
2987473,of_object,appearances,strict,1173853,1,,,,,,5.91202449798584,41.66643142700195,1,0.3010299956639812
2987474,of_object,gender in postwar America,strict,1174558,1,,,type2,in,4,40.63868713378906,276.03692626953125,4,0.3010299956639812
2987475,of_object,dignity,strict,1174572,1,,,,,,12.671688079833984,43.21925354003906,1,0.3010299956639812
2987476,of_object,modern museum in eighteenth-century Paris,strict,1174873,2,,,type2,in,5,50.854888916015625,444.9827575683594,7,0.6458857197627231
2987477,of_object,visual education,strict,1175040,1,,,type1,,2,14.03294563293457,135.67237854003906,2,0.3010299956639812
2987478,of_object,modern drama,strict,1175799,2,,,type1,,2,13.631142616271973,91.9005355834961,2,0.47712125471966244
2987479,of_object,Tennessee-Tombigbee Waterway,strict,1176031,1,,,type1,,2,12.249371528625488,145.3367156982422,3,0.3010299956639812
2987480,of_object,E.M.F.orster,strict,1178032,1,,,,,,,,,0.3010299956639812
2987481,of_object,trivia in bureaucratic settings,strict,1182034,1,,,type2,in,4,34.220130920410156,272.8407287597656,4,0.3010299956639812
2987482,of_object,control,strict,1182577,3,,,,,,8.430299758911133,46.45999526977539,1,0.6020599913279624
2987483,of_object,U.S.A.rmy Corps of Engineers,strict,1184392,1,,,type2,of,4,20.91429901123047,170.08607482910156,3,0.3010299956639812
2987484,of_object,genders,strict,1184512,2,,,,,,8.525945663452148,48.19715118408203,1,0.0
2987485,of_object,celebrity,strict,1184932,3,,,,,,7.369564533233643,34.946903228759766,1,0.6020599913279624
2987486,of_object,social differentiation in America,strict,1185730,1,,,type2,in,4,40.691551208496094,300.896484375,4,0.3010299956639812
2987487,of_object,American higher education,strict,1186330,1,,,type1,,3,30.120861053466797,183.06629943847656,3,0.3010299956639812
2987488,of_object,Northwest Coast cultures,strict,1186372,1,,,type1,,3,28.353641510009766,210.06253051757812,3,0.3010299956639812
2987489,of_object,Rush Limbaugh,strict,1186438,1,,,,,,14.815295219421387,100.4759292602539,2,0.3010299956639812
2987490,of_object,legal empire,strict,1189069,2,,,type1,,2,20.278432846069336,130.03884887695312,2,0.5
2987491,of_object,Charleston region,strict,1190000,1,,,type1,,2,16.983047485351562,104.48392486572266,2,0.3010299956639812
2987492,of_object,American Indians,strict,1197257,3,,,type1,,2,21.806177139282227,147.8193817138672,2,0.18326253240875467
2987493,of_object,Communist Party,strict,1200447,2,,,type1,,2,20.008541107177734,99.59832000732422,2,0.5
2987494,of_object,masculinities,strict,1214386,1,,,,,,7.844563007354736,46.95771026611328,1,0.3010299956639812
2987495,of_object,relativity,strict,1215409,2,,,,,,8.35905933380127,28.771934509277344,1,0.0
2987496,of_object,recovery,strict,1215468,2,,,,,,5.038584232330322,46.04679870605469,1,0.47712125471966244
2987497,of_object,American politics,strict,1218165,3,,,type1,,2,25.25197982788086,129.34310913085938,2,0.6020599913279624
2987498,of_object,Russia,strict,1218942,2,,,,,,8.42914867401123,53.259883880615234,1,0.0
2987499,of_object,bureaucracy,strict,1219055,1,,,,,,9.684950828552246,52.540321350097656,1,0.3010299956639812
2987500,of_object,Antebellum South Carolina Low Country,strict,1221270,2,,,,,,52.03530502319336,490.4726867675781,5,0.5
2987501,of_object,humanities,strict,1221599,1,,,,,,6.9779791831970215,37.46572494506836,1,0.3010299956639812
2987502,of_object,California,strict,1222902,7,,,,,,8.902339935302734,50.21731185913086,1,0.16666666666666666
2987503,of_object,technology,strict,1223235,3,,,,,,8.430299758911133,46.45999526977539,1,0.6020599913279624
2987504,of_object,cropwatchers,strict,1225579,2,,,,,,,,,0.5
2987505,of_object,modern feminism,strict,1225717,1,,,type1,,2,18.350313186645508,121.63585662841797,2,0.3010299956639812
2987506,of_object,Republic,strict,1226354,7,,,,,,12.410444259643555,40.65589904785156,1,0.4787863975873987
2987507,of_object,markets,strict,1226779,1,,,,,,8.969389915466309,42.57829666137695,1,0.3010299956639812
2987508,of_object,American financial supremacy,strict,1230539,1,,,type1,,3,32.94074249267578,206.5816650390625,3,0.3010299956639812
2987509,of_object,organisational capability,strict,1231105,1,,,type1,,2,14.453329086303711,115.56582641601562,2,0.3010299956639812
2987510,of_object,logic,strict,1232585,1,,,,,,8.35905933380127,28.771934509277344,1,0.3010299956639812
2987511,of_object,difference,strict,1234029,9,,,,,,7.549066066741943,33.616851806640625,1,0.25
2987512,of_object,Chicago,strict,1235434,2,,,,,,8.902339935302734,50.21731185913086,1,0.0
2987513,of_object,works of art,strict,1239760,1,,,type2,of,3,24.39598274230957,262.77001953125,3,0.3010299956639812
2987514,of_object,New Left,strict,1245006,1,,,type1,,2,16.486984252929688,97.9245834350586,2,0.3010299956639812
2987515,of_object,angels,strict,1250260,1,,,,,,11.2389554977417,50.1502685546875,1,0.3010299956639812
2987516,of_object,species,strict,1254552,5,,,,,,8.178445816040039,61.1568717956543,1,0.0
2987517,of_object,Dominica,strict,1255210,3,,,,,,7.0238566398620605,48.171592712402344,1,0.25
2987518,of_object,Israel,strict,1267361,8,,,,,,10.72344970703125,51.04301834106445,1,0.3723231876082223
2987519,of_object,identity,strict,1268136,8,,,,,,8.544966697692871,46.9934196472168,1,0.5
2987520,of_object,Asian studies,strict,1269775,1,,,type1,,2,16.027116775512695,115.43064880371094,2,0.3010299956639812
2987521,of_object,memory,strict,1270793,4,,,,,,4.022740364074707,54.62759780883789,1,0.6989700043360189
2987522,of_object,freedom,strict,1271585,4,,,,,,12.671688079833984,43.21925354003906,1,0.6989700043360189
2987523,of_object,nation,strict,1271952,8,,,,,,9.054142951965332,51.40907669067383,1,0.25
2987524,of_object,truth,strict,1271996,8,,,,,,12.090362548828125,45.50667953491211,1,0.2800614009414557
2987525,of_object,Muscovy,strict,1272873,1,,,,,,-0.763206958770752,73.53791809082031,1,0.3010299956639812
2987526,of_object,misogyny,strict,1273508,1,,,,,,9.720356941223145,51.12865447998047,1,0.3010299956639812
2987527,of_object,suburbia,strict,1274769,1,,,,,,9.044639587402344,45.36733627319336,1,0.3010299956639812
2987528,of_object,enlightenment,strict,1275303,3,,,,,,12.671688079833984,43.21925354003906,1,0.6020599913279624
2987529,of_object,decadence,strict,1275588,1,,,,,,7.913301944732666,49.79374694824219,1,0.3010299956639812
2987530,of_object,United States,strict,1278384,7,,,,,,23.080196380615234,124.78931427001953,2,0.5
2987531,of_object,co-dependency,strict,1282035,1,,,,,,19.012828826904297,163.27871704101562,3,0.3010299956639812
2987532,of_object,Chinese communism,strict,1282168,1,,,type1,,2,25.73763084411621,126.45391845703125,2,0.3010299956639812
2987533,of_object,Western Group of Forces,strict,1282722,3,,,type2,of,4,39.82891082763672,285.31939697265625,4,0.5
2987534,of_object,human kinds,strict,1283132,1,,,type1,,2,16.99262237548828,120.41937255859375,2,0.3010299956639812
2987535,of_object,Georgiana Molloy,strict,1283671,3,,,,,,1.4384856224060059,134.30393981933594,2,0.0
2987536,of_object,Chinese fiction,strict,1283697,1,,,type1,,2,18.313201904296875,95.64302062988281,2,0.3010299956639812
2987537,of_object,doctrine of providential evolution,strict,1287064,1,,,type2,of,4,33.676673889160156,318.2810974121094,4,0.3010299956639812
2987538,of_object,presidential branch,strict,1287127,1,,,type1,,2,13.957186698913574,102.1882095336914,2,0.3010299956639812
2987539,of_object,animal form,strict,1287280,1,,,,,,18.547698974609375,99.94509887695312,2,0.3010299956639812
2987540,of_object,creation,strict,1287373,2,,,,,,11.282825469970703,46.206382751464844,1,0.47712125471966244
2987541,of_object,American Protestantism,strict,1287535,2,,,type1,,2,21.844484329223633,105.59078979492188,2,0.5
2987542,of_object,Mexico,strict,1288364,3,,,,,,12.410444259643555,40.65589904785156,1,0.5
2987543,of_object,earth,strict,1293206,3,,,,,,11.282825469970703,46.206382751464844,1,0.6020599913279624
2987544,of_object,resistance,strict,1304296,3,,,,,,5.068427562713623,55.52614974975586,1,0.6129108321859543
2987545,of_object,tomorrow,strict,1305984,1,,,,,,2.65728497505188,32.569576263427734,1,0.3010299956639812
2987546,of_object,road,strict,1318599,1,,,,,,7.2789411544799805,43.0946044921875,1,0.3010299956639812
2987547,of_object,end,strict,1321311,1,,,,,,10.231931686401367,30.091676712036133,1,0.3010299956639812
2987548,of_object,modernism,strict,1321345,1,,,,,,9.583370208740234,50.689388275146484,1,0.3010299956639812
2987549,of_object,heresy,strict,1323004,2,,,,,,7.766539096832275,37.578975677490234,1,0.47712125471966244
2987550,of_object,modern Jewish identity,strict,1323074,2,,,type1,,3,28.676420211791992,181.9745330810547,3,0.47712125471966244
2987551,of_object,family therapy,strict,1325231,1,,,,,,11.095094680786133,113.92808532714844,2,0.3010299956639812
2987552,of_object,community,strict,1325410,4,,,,,,8.648114204406738,31.5285701751709,1,0.6989700043360189
2987553,of_object,early America,strict,1327291,2,,,type1,,2,20.42432403564453,76.83631134033203,2,0.47712125471966244
2987554,of_object,everyday life,strict,1329147,2,,,type1,,2,21.294235229492188,96.38442993164062,2,0.47712125471966244
2987555,of_object,Jewish law,strict,1330809,2,,,type1,,2,22.158519744873047,128.9812774658203,2,0.0
2987556,of_object,solidarity,strict,1331314,1,,,,,,8.78471565246582,38.02729034423828,1,0.3010299956639812
2987557,of_object,conversation,strict,1332219,1,,,,,,7.582103729248047,44.9616584777832,1,0.3010299956639812
2987558,of_object,alliance,strict,1333019,2,,,,,,9.90159797668457,44.32664108276367,1,0.47712125471966244
2987559,of_object,grace,strict,1334405,1,,,,,,9.328327178955078,45.41648483276367,1,0.3010299956639812
2987560,of_object,feminism,strict,1334779,2,,,,,,9.720356941223145,51.12865447998047,1,0.47712125471966244
2987561,of_object,French Revolution,strict,1335626,7,,,type1,,2,21.763437271118164,117.03560638427734,2,0.5
2987562,of_object,HIV,strict,1336203,4,,,,,,8.161544799804688,60.420494079589844,1,0.25
2987563,of_object,diary,strict,1339271,1,,,,,,6.138910293579102,38.624473571777344,1,0.3010299956639812
2987564,of_object,Christian ethics,strict,1340796,1,,,type1,,2,21.691120147705078,112.60686492919922,2,0.3010299956639812
2987565,of_object,social change,strict,1341199,1,,,type1,,2,22.371179580688477,133.1774139404297,2,0.3010299956639812
2987566,of_object,American schooling,strict,1341202,1,,,type1,,2,15.392925262451172,97.25151824951172,2,0.3010299956639812
2987567,of_object,empire,strict,1341328,5,,,,,,11.446199417114258,48.879825592041016,1,0.23688510122153777
2987568,of_object,East Germany,strict,1341539,2,,,,,,24.82088851928711,162.62359619140625,2,0.5
2987569,of_object,NATO,strict,1341769,2,,,,,,8.829967498779297,52.742431640625,1,0.5
2987570,of_object,postwar international order,strict,1341978,1,,,type1,,3,28.887948989868164,225.78500366210938,3,0.3010299956639812
2987571,of_object,lesbian life,strict,1341983,1,,,type1,,2,19.95907211303711,123.83452606201172,2,0.3010299956639812
2987572,of_object,theatrical value,strict,1342493,1,,,type1,,2,11.988871574401855,87.03730010986328,2,0.3010299956639812
2987573,of_object,United States of America,strict,1353439,2,,,type2,of,4,44.28427505493164,392.9862060546875,4,0.0
2987574,of_object,tales,strict,1355101,1,,,,,,6.491634368896484,45.78631591796875,1,0.3010299956639812
2987575,of_object,woman in classical German drama,strict,1367745,1,,,type2,in,5,34.116207122802734,407.8320007324219,5,0.3010299956639812
2987576,of_object,insecurity,strict,1370153,2,,,,,,10.004189491271973,45.76506423950195,1,0.5
2987577,of_object,cultural studies,strict,1374924,1,,,type1,,2,20.567276000976562,100.62153625488281,2,0.3010299956639812
2987578,of_object,modern subject,strict,1375197,1,,,type1,,2,16.989015579223633,101.21842956542969,2,0.3010299956639812
2987579,of_object,liberty,strict,1376057,2,,,,,,13.476513862609863,55.33617401123047,1,0.47712125471966244
2987580,of_object,early Romantic cultural production,strict,1376293,1,,,,,,32.23201370239258,237.3090362548828,4,0.3010299956639812
2987581,of_object,FDA,strict,1376799,1,,,,,,6.649507999420166,67.78456115722656,1,0.3010299956639812
2987582,of_object,decision making,strict,1377058,1,,,,,,19.381698608398438,95.05912017822266,2,0.3010299956639812
2987583,of_object,Republican ideology,strict,1379002,1,,,type1,,2,15.931777954101562,123.87310028076172,2,0.3010299956639812
2987584,of_object,scientific thought,strict,1379726,1,,,type1,,2,14.993414878845215,86.17176818847656,2,0.3010299956639812
2987585,of_object,legal order,strict,1380335,1,,,type1,,2,15.68073558807373,104.91336822509766,2,0.3010299956639812
2987586,of_object,Christianity,strict,1380396,10,,,,,,11.303386688232422,49.454193115234375,1,0.5
2987587,of_object,American celebrity culture,strict,1380418,1,,,type1,,3,31.45822525024414,183.2222900390625,3,0.3010299956639812
2987588,of_object,online town,strict,1380680,1,,,type1,,2,12.113390922546387,97.3691635131836,2,0.3010299956639812
2987589,of_object,commercial republic,strict,1380750,1,,,type1,,2,19.773101806640625,102.7034912109375,2,0.3010299956639812
2987590,of_object,Jewish state,strict,1382263,1,,,type1,,2,22.158519744873047,128.9812774658203,2,0.3010299956639812
2987591,of_object,hip consumerism,strict,1383054,2,,,,,,19.725624084472656,103.63035583496094,2,0.5500080734673056
2987592,of_object,Victorian journalism,strict,1383659,1,,,type1,,2,16.53265953063965,92.456787109375,2,0.3010299956639812
2987593,of_object,American past,strict,1383717,1,,,type1,,2,22.406097412109375,92.7037353515625,2,0.3010299956639812
2987594,of_object,Gothic,strict,1384402,2,,,,,,5.1403703689575195,42.64476013183594,1,0.5
2987595,of_object,literary studies,strict,1384864,1,,,type1,,2,18.604955673217773,114.29977416992188,2,0.3010299956639812
2987596,of_object,resources,strict,1384871,1,,,,,,8.648114204406738,31.5285701751709,1,0.3010299956639812
2987597,of_object,America's big cities,strict,1385744,2,,,type1,,3,35.98784255981445,274.5991516113281,4,0.47712125471966244
2987598,of_object,justice,strict,1385948,6,,,,,,8.951555252075195,49.121803283691406,1,0.0
2987599,of_object,address,strict,1387668,1,,,,,,8.241703033447266,34.58491134643555,1,0.3010299956639812
2987600,of_object,American cities,strict,1387931,1,,,type1,,2,20.720548629760742,109.9960708618164,2,0.3010299956639812
2987601,of_object,modern diaspora,strict,1388106,2,,,type1,,2,20.37339973449707,115.08087921142578,2,0.47712125471966244
2987602,of_object,rights,strict,1390269,1,,,,,,8.832234382629395,46.60602951049805,1,0.3010299956639812
2987603,of_object,female self,strict,1391536,1,,,type1,,2,15.237923622131348,122.97367095947266,2,0.3010299956639812
2987604,of_object,interdependence,strict,1394274,1,,,,,,11.743439674377441,51.34877395629883,1,0.3010299956639812
2987605,of_object,Rugby League football,strict,1395365,2,,,type1,,3,20.11612319946289,281.0107116699219,3,0.47712125471966244
2987606,of_object,real happiness,strict,1395452,1,,,type1,,2,19.0154972076416,90.54783630371094,2,0.3010299956639812
2987607,of_object,accidents in nineteenth-century America,strict,1395624,2,,,type2,in,4,49.004791259765625,423.3600769042969,6,0.47712125471966244
2987608,of_object,Jefferson,strict,1396128,2,,,,,,8.902339935302734,50.21731185913086,1,0.5
2987609,of_object,African-American children,strict,1396760,1,,,type1,,2,34.34370803833008,329.2409973144531,4,0.3010299956639812
2987610,of_object,Golden Age,strict,1398220,4,,,type1,,2,11.825160026550293,124.10982513427734,2,0.34497516067163986
2987611,of_object,century,strict,1398899,5,,,,,,7.124492645263672,30.612119674682617,1,0.7781512503836436
2987612,of_object,Catholicism,strict,1401544,2,,,,,,11.303386688232422,49.454193115234375,1,0.47712125471966244
2987613,of_object,U.S.-Japan relations,strict,1401561,1,,,type1,,2,8.62929630279541,55.44069290161133,1,0.3010299956639812
2987614,of_object,cake,strict,1401714,1,,,,,,4.819326400756836,66.02670288085938,1,0.3010299956639812
2987615,of_object,Idaho Health Facilities Authority,strict,1402253,1,,,,,,38.30447769165039,292.4638671875,4,0.3010299956639812
2987616,of_object,farmers,strict,1403225,1,,,,,,9.39423942565918,53.075035095214844,1,0.3010299956639812
2987617,of_object,NHL franchise,strict,1408574,1,,,type1,,2,8.982341766357422,99.88044738769531,2,0.3010299956639812
2987618,of_object,churches,strict,1415533,1,,,,,,11.303386688232422,49.454193115234375,1,0.3010299956639812
2987619,of_object,distress,strict,1415558,2,,,,,,8.441408157348633,43.77933120727539,1,0.5
2987620,of_object,peoples,strict,1419136,1,,,,,,11.82754135131836,44.71976089477539,1,0.3010299956639812
2987621,of_object,literacy,strict,1421003,1,,,,,,6.295953750610352,46.086185455322266,1,0.3010299956639812
2987622,of_object,lesbian masculinity,strict,1423662,1,,,,,,17.007740020751953,132.11334228515625,2,0.3010299956639812
2987623,of_object,Muslim identity,strict,1425211,1,,,type1,,2,20.52249526977539,117.64247131347656,2,0.3010299956639812
2987624,of_object,dissent,strict,1428382,2,,,,,,8.383784294128418,34.7809944152832,1,0.47712125471966244
2987625,of_object,American-Israeli alliance,strict,1429504,1,,,type1,,2,32.51900100708008,277.59088134765625,4,0.3010299956639812
2987626,of_object,democratic ideas,strict,1430388,1,,,type1,,2,17.42042350769043,110.14790344238281,2,0.3010299956639812
2987627,of_object,Vietnam,strict,1431244,2,,,,,,9.206412315368652,42.069915771484375,1,0.1498943407303664
2987628,of_object,American elite,strict,1431616,1,,,type1,,2,22.177867889404297,119.26240539550781,2,0.3010299956639812
2987629,of_object,gay America,strict,1432689,1,,,type1,,2,21.329477310180664,133.4831085205078,2,0.3010299956639812
2987630,of_object,novel,strict,1433050,1,,,,,,6.188079833984375,39.67558670043945,1,0.3010299956639812
2987631,of_object,profit,strict,1433999,1,,,,,,9.913715362548828,42.614906311035156,1,0.3010299956639812
2987632,of_object,American modernism,strict,1435158,2,,,type1,,2,21.844484329223633,105.59078979492188,2,0.47712125471966244
2987633,of_object,Hollywood,strict,1435767,7,,,,,,12.261116981506348,42.844913482666016,1,0.5
2987634,of_object,international drug trade,strict,1438160,1,,,type1,,3,26.99379539489746,222.20498657226562,3,0.3010299956639812
2987635,of_object,Asia,strict,1438361,3,,,,,,9.206412315368652,42.069915771484375,1,0.400528889385592
2987636,of_object,cyberfantasy,strict,1438904,1,,,,,,,,,0.3010299956639812
2987637,of_object,Texas community,strict,1441104,2,,,type1,,2,17.08661460876465,89.16944122314453,2,0.47712125471966244
2987638,of_object,slavery,strict,1442541,1,,,,,,9.42133617401123,53.248138427734375,1,0.3010299956639812
2987639,of_object,inner city,strict,1444155,1,,,type1,,2,17.07849884033203,89.32557678222656,2,0.3010299956639812
2987640,of_object,existentialism,strict,1444732,1,,,,,,9.583370208740234,50.689388275146484,1,0.3010299956639812
2987641,of_object,literary model,strict,1445808,1,,,type1,,2,17.758514404296875,103.51966094970703,2,0.3010299956639812
2987642,of_object,reform,strict,1446482,3,,,,,,10.38773250579834,44.682342529296875,1,0.6020599913279624
2987643,of_object,life,strict,1446576,11,,,,,,12.671688079833984,43.21925354003906,1,0.17309520372251058
2987644,of_object,American revivalism,strict,1447856,1,,,type1,,2,21.844484329223633,105.59078979492188,2,0.3010299956639812
2987645,of_object,Cyprus problem,strict,1448063,2,,,type1,,2,20.955381393432617,97.99022674560547,2,0.5
2987646,of_object,American mass production,strict,1448200,1,,,type1,,3,28.1009464263916,172.11614990234375,3,0.3010299956639812
2987647,of_object,aesthetic autonomy,strict,1448651,1,,,type1,,2,19.017690658569336,103.1932601928711,2,0.3010299956639812
2987648,of_object,Anglo-America,strict,1450325,2,,,,,,20.285079956054688,168.89356994628906,3,0.21320799660813539
2987649,of_object,American Revolution in Virginia,strict,1451237,2,,,type2,in,4,42.72067642211914,321.56256103515625,4,0.5
2987650,of_object,Autun,strict,1451454,2,,,,,,,,,0.0
2987651,of_object,personal integrity,strict,1451930,1,,,type1,,2,21.067935943603516,123.08294677734375,2,0.3010299956639812
2987652,of_object,William Faulkner,strict,1453138,2,,,,,,11.509805679321289,156.84091186523438,2,0.5
2987653,of_object,sustainability,strict,1467216,5,,,,,,7.531062602996826,56.11149978637695,1,0.5
2987654,of_object,tradition,strict,1471477,4,,,,,,9.277761459350586,33.855079650878906,1,0.6989700043360189
2987655,of_object,secret scrolls of Jesus,strict,1472713,4,,,type2,of,4,37.984188079833984,322.192626953125,4,0.3405634117210595
2987656,of_object,church,strict,1477091,3,,,,,,11.303386688232422,49.454193115234375,1,0.5
2987657,of_object,crime,strict,1483168,2,,,,,,12.837247848510742,52.166324615478516,1,0.47712125471966244
2987658,of_object,urban education,strict,1484003,1,,,type1,,2,21.756338119506836,124.06254577636719,2,0.3010299956639812
2987659,of_object,psychiatric authority,strict,1484163,1,,,type1,,2,21.123958587646484,113.85260772705078,2,0.3010299956639812
2987660,of_object,union movement,strict,1487352,1,,,,,,18.059568405151367,114.82779693603516,2,0.3010299956639812
2987661,of_object,American republic,strict,1488010,1,,,type1,,2,24.67156219482422,152.78561401367188,2,0.3010299956639812
2987662,of_object,happiness,strict,1488875,7,,,,,,8.783564567565918,39.18723678588867,1,0.9030899869919435
2987663,of_object,danger,strict,1489276,1,,,,,,10.235038757324219,38.01435089111328,1,0.3010299956639812
2987664,of_object,grief,strict,1490723,1,,,,,,10.704113006591797,47.89508819580078,1,0.3010299956639812
2987665,of_object,child production,strict,1491072,1,,,,,,17.814992904663086,94.95055389404297,2,0.3010299956639812
2987666,of_object,modern world economy,strict,1491692,1,,,type1,,3,33.37028121948242,205.9813995361328,3,0.3010299956639812
2987667,of_object,next pope,strict,1492607,1,,,type1,,2,17.83174705505371,90.7317886352539,2,0.3010299956639812
2987668,of_object,Anjette Lyles,strict,1493834,2,,,,,,1.9077059030532837,88.12228393554688,1,0.6958693624699347
2987669,of_object,terrorism,strict,1496286,2,,,,,,12.739679336547852,52.75557327270508,1,0.47712125471966244
2987670,of_object,climate,strict,1496991,3,,,,,,7.910827159881592,54.720455169677734,1,0.25
2987671,of_object,America's youth,strict,1497385,1,,,type1,,2,31.77605438232422,185.36485290527344,3,0.3010299956639812
2987672,of_object,winners,strict,1497796,1,,,,,,5.301374435424805,46.514549255371094,1,0.3010299956639812
2987673,of_object,offence,strict,1497899,1,,,,,,10.485638618469238,47.9969596862793,1,0.3010299956639812
2987674,of_object,Kennewick Man,strict,1497923,1,,,,,,9.769847869873047,116.78004455566406,2,0.3010299956639812
2987675,of_object,Third Reich,strict,1499050,6,,,type1,,2,15.614850044250488,91.01221466064453,2,0.3333333333333333
2987676,of_object,crisis,strict,1499910,1,,,,,,12.068635940551758,46.591400146484375,1,0.3010299956639812
2987677,of_object,persuasion,strict,1500023,4,,,,,,8.887453079223633,47.6634635925293,1,0.6989700043360189
2987678,of_object,Vietnam War,strict,1503324,2,,,type1,,2,20.652610778808594,117.35604095458984,2,0.0
2987679,of_object,God,strict,1504227,15,,,,,,5.763405799865723,33.28333282470703,1,0.5
2987680,of_object,American dream,strict,1505346,3,,,type1,,2,20.361156463623047,97.11067199707031,2,0.6020599913279624
2987681,of_object,endless conflict,strict,1506061,2,,,type1,,2,21.637569427490234,120.66825866699219,2,0.47712125471966244
2987682,of_object,Korean War,strict,1511645,2,,,type1,,2,19.875347137451172,126.7774658203125,2,0.5
2987683,of_object,diverse democracy,strict,1512291,1,,,type1,,2,22.12462615966797,109.0528793334961,2,0.3010299956639812
2987684,of_object,quiet American,strict,1513722,1,,,,,,19.843219757080078,104.89613342285156,2,0.3010299956639812
2987685,of_object,young criminals,strict,1529075,1,,,type1,,2,21.25864601135254,158.20411682128906,2,0.3010299956639812
2987686,of_object,agriculture,strict,1533925,1,,,,,,8.940468788146973,47.91136932373047,1,0.3010299956639812
2987687,of_object,labor's last century,strict,1536172,1,,,type1,,3,33.54659652709961,261.7111511230469,4,0.3010299956639812
2987688,of_object,Franco's Spain,strict,1536292,1,,,type1,,2,21.094911575317383,156.72483825683594,3,0.3010299956639812
2987689,of_object,blood,strict,1536520,1,,,,,,7.480145454406738,58.89253616333008,1,0.3010299956639812
2987690,of_object,Franco-Prussian War,strict,1536581,2,,,,,,16.566463470458984,231.8433074951172,4,0.4005898526720502
2987691,of_object,privacy,strict,1537020,1,,,,,,6.937510967254639,44.0910530090332,1,0.3010299956639812
2987692,of_object,place in St. Paul,strict,1537031,1,,,type2,in,4,32.0105094909668,299.4510803222656,4,0.3010299956639812
2987693,of_object,popular culture,strict,1538564,1,,,type1,,2,19.57858657836914,93.63670349121094,2,0.3010299956639812
2987694,of_object,communism,strict,1539798,1,,,,,,13.476513862609863,55.33617401123047,1,0.3010299956639812
2987695,of_object,Birthday letters,strict,1540652,1,,,,,,11.955195426940918,97.17310333251953,2,0.3010299956639812
2987696,of_object,degeneration,strict,1540743,1,,,,,,10.87648868560791,60.566715240478516,1,0.3010299956639812
2987697,of_object,phenomenology,strict,1540959,1,,,,,,3.153480052947998,51.33773422241211,1,0.3010299956639812
2987698,of_object,belief,strict,1541001,4,,,,,,12.090362548828125,45.50667953491211,1,0.6989700043360189
2987699,of_object,combat,strict,1541334,2,,,,,,10.250600814819336,41.06074142456055,1,0.5
2987700,of_object,UFOs,strict,1545242,3,,,,,,5.865603446960449,53.39321517944336,1,0.5
2987701,of_object,cultural knowledge in central Africa,strict,1545430,1,,,type2,in,5,48.88019561767578,432.8574523925781,5,0.3010299956639812
2987702,of_object,English society,strict,1547585,1,,,type1,,2,20.958616256713867,102.10334014892578,2,0.3010299956639812
2987703,of_object,consumption,strict,1550054,2,,,,,,9.029231071472168,48.27568817138672,1,0.47712125471966244
2987704,of_object,Guanxi,strict,1550109,1,,,,,,3.9349379539489746,53.367027282714844,1,0.3010299956639812
2987705,of_object,empathy,strict,1551246,1,,,,,,8.78471565246582,38.02729034423828,1,0.3010299956639812
2987706,of_object,modern art,strict,1555879,1,,,type1,,2,17.202465057373047,114.51941680908203,2,0.3010299956639812
2987707,of_object,faith,strict,1555991,9,,,,,,12.671688079833984,43.21925354003906,1,0.0
2987708,of_object,democratic reform,strict,1556123,1,,,type1,,2,19.33928680419922,142.9960174560547,2,0.3010299956639812
2987709,of_object,public opinion polling,strict,1557265,1,,,type1,,3,24.761337280273438,172.97752380371094,3,0.3010299956639812
2987710,of_object,economic thought,strict,1557741,1,,,type1,,2,22.300567626953125,107.25310516357422,2,0.3010299956639812
2987711,of_object,knowledge workplace,strict,1559101,1,,,,,,19.617870330810547,121.46265411376953,2,0.3010299956639812
2987712,of_object,French Riviera,strict,1560342,1,,,type1,,2,15.010587692260742,136.22662353515625,2,0.3010299956639812
2987713,of_object,Conasupo,strict,1560809,3,,,,,,,,,0.5
2987714,of_object,ultimate laws of nature,strict,1562322,1,,,type2,of,4,37.99304962158203,315.38037109375,4,0.3010299956639812
2987715,of_object,food,strict,1563236,3,,,,,,8.391555786132812,52.7052001953125,1,0.6020599913279624
2987716,of_object,local economies,strict,1566144,1,,,type1,,2,18.282390594482422,132.29656982421875,2,0.3010299956639812
2987717,of_object,male,strict,1571143,2,,,,,,8.000064849853516,56.95419692993164,1,0.47712125471966244
2987718,of_object,darkness,strict,1577009,1,,,,,,11.39553165435791,47.13890075683594,1,0.3010299956639812
2987719,of_object,Canadian nationalism,strict,1581372,1,,,type1,,2,24.104795455932617,125.51923370361328,2,0.3010299956639812
2987720,of_object,Australian naval power,strict,1584127,1,,,type1,,3,30.613201141357422,191.6483612060547,3,0.3010299956639812
2987721,of_object,treason,strict,1588045,1,,,,,,8.01194953918457,50.242740631103516,1,0.3010299956639812
2987722,of_object,schooling in South Korea,strict,1591257,1,,,type2,in,4,32.829368591308594,283.9837341308594,4,0.3010299956639812
2987723,of_object,fairy tale,strict,1591289,1,,,type1,,2,12.543720245361328,111.95925903320312,2,0.3010299956639812
2987724,of_object,Paris agreement,strict,1592082,1,,,type1,,2,17.367919921875,97.58325958251953,2,0.3010299956639812
2987725,of_object,Japanese finance,strict,1593644,1,,,type1,,2,20.041418075561523,113.10316467285156,2,0.3010299956639812
2987726,of_object,sense,strict,1594215,1,,,,,,9.616905212402344,36.99870300292969,1,0.3010299956639812
2987727,of_object,jest in early modern England,strict,1594893,1,,,type2,in,5,45.394161224365234,326.6590576171875,5,0.3010299956639812
2987728,of_object,nationalism,strict,1595014,1,,,,,,11.843679428100586,52.67760467529297,1,0.3010299956639812
2987729,of_object,American state economies,strict,1595199,1,,,type1,,3,31.806291580200195,211.5038299560547,3,0.3010299956639812
2987730,of_object,Helmontian chymistry,strict,1595682,1,,,type1,,2,,,,0.3010299956639812
2987731,of_object,race,strict,1595715,1,,,,,,9.984759330749512,44.496517181396484,1,0.3010299956639812
2987732,of_object,American century,strict,1595769,1,,,type1,,2,19.385608673095703,79.79940032958984,2,0.3010299956639812
2987733,of_object,shareholder value,strict,1596274,1,,,,,,12.1760835647583,127.74520874023438,2,0.3010299956639812
2987734,of_object,pregnant teens,strict,1596583,1,,,type1,,2,12.640129089355469,157.35401916503906,2,0.3010299956639812
2987735,of_object,mankind,strict,1596947,2,,,,,,11.282825469970703,46.206382751464844,1,0.47712125471966244
2987736,of_object,globalization,strict,1597898,2,,,,,,11.743439674377441,51.34877395629883,1,0.47712125471966244
2987737,of_object,nineteenth-century novel in Spain,strict,1598224,2,,,type2,in,4,45.28023910522461,363.83056640625,6,0.5
2987738,of_object,white America,strict,1598659,1,,,type1,,2,21.364089965820312,125.01508331298828,2,0.3010299956639812
2987739,of_object,public capital,strict,1598748,1,,,type1,,2,23.22454261779785,186.37960815429688,2,0.3010299956639812
2987740,of_object,American democracy,strict,1599016,4,,,type1,,2,25.73763084411621,126.45391845703125,2,0.0
2987741,of_object,electric chair,strict,1599195,1,,,type1,,2,14.917232513427734,115.5003890991211,2,0.3010299956639812
2987742,of_object,revolution today,strict,1601771,1,,,,,,20.478084564208984,101.70629119873047,2,0.3010299956639812
2987743,of_object,cult of Confucius,strict,1602456,1,,,type2,of,3,20.1198673248291,149.4320831298828,3,0.3010299956639812
2987744,of_object,America's public-private welfare state,strict,1603243,1,,,,,,65.58829498291016,892.5527954101562,7,0.3010299956639812
2987745,of_object,Enron,strict,1604294,2,,,,,,3.963190793991089,47.95104217529297,1,0.47712125471966244
2987746,of_object,French monarchy,strict,1604433,2,,,type1,,2,20.130603790283203,122.14260864257812,2,0.5
2987747,of_object,Arthur Andersen,strict,1604896,2,,,,,,10.2470064163208,124.19122314453125,2,0.16243552132018385
2987748,of_object,higher education in America,strict,1605722,2,,,type2,in,4,38.35089874267578,317.8745422363281,4,0.0
2987749,of_object,happiness in fortress America,strict,1606121,1,,,type2,in,4,38.767723083496094,271.9382019042969,4,0.3010299956639812
2987750,of_object,American culture,strict,1606190,3,,,type1,,2,24.088659286499023,121.82756805419922,2,0.0
2987751,of_object,human intelligence,strict,1607455,1,,,type1,,2,22.072458267211914,138.0543670654297,2,0.3010299956639812
2987752,of_object,girls,strict,1607501,2,,,,,,7.287382125854492,65.34536743164062,1,0.0
2987753,of_object,new nation,strict,1607828,2,,,type1,,2,16.41680145263672,105.87548065185547,2,0.5
2987754,of_object,media space,strict,1609705,2,,,,,,15.799864768981934,89.05068969726562,2,0.5
2987755,of_object,modern golf,strict,1609902,2,,,type1,,2,17.532297134399414,92.42351531982422,2,0.47712125471966244
2987756,of_object,lyrical nostalgia,strict,1610999,1,,,type1,,2,14.185009956359863,123.33919525146484,2,0.3010299956639812
2987757,of_object,modern biblical scholarship,strict,1611451,1,,,type1,,3,27.90266227722168,207.5703125,3,0.3010299956639812
2987758,of_object,advice about children,strict,1611762,1,,,type2,about,3,27.142658233642578,174.75050354003906,3,0.3010299956639812
2987759,of_object,dispute resolution,strict,1611891,2,,,,,,8.826007843017578,116.02058410644531,2,0.5
2987760,of_object,U.S. warfare,strict,1618740,1,,,type1,,2,23.081050872802734,117.01354217529297,2,0.3010299956639812
2987761,of_object,Nepali girls,strict,1619210,1,,,type1,,2,11.526556968688965,143.56044006347656,2,0.3010299956639812
2987762,of_object,Sudan,strict,1619379,3,,,,,,6.642548084259033,57.494197845458984,1,0.3206998771599678
2987763,of_object,human suffering,strict,1619640,1,,,type1,,2,19.690210342407227,119.48814392089844,2,0.3010299956639812
2987764,of_object,judicial activism,strict,1619887,1,,,type1,,2,21.942419052124023,135.8591766357422,2,0.3010299956639812
2987765,of_object,culture in Italian American narrative,strict,1621133,1,,,type2,in,5,46.50837326049805,412.1550598144531,5,0.3010299956639812
2987766,of_object,masculinity,strict,1621398,4,,,,,,9.720356941223145,51.12865447998047,1,0.5
2987767,of_object,modern theoretical science,strict,1621909,1,,,type1,,3,25.443082809448242,219.3667755126953,3,0.3010299956639812
2987768,of_object,electoral politics,strict,1633637,1,,,type1,,2,21.942419052124023,135.8591766357422,2,0.3010299956639812
2987769,of_object,advanced civilisation,strict,1633855,1,,,type1,,2,18.573532104492188,100.73634338378906,2,0.3010299956639812
2987770,of_object,Fletcher Challenge,strict,1636332,1,,,type1,,2,11.270303726196289,91.45101928710938,2,0.3010299956639812
2987771,of_object,ethnic minority,strict,1637242,1,,,type1,,2,22.366031646728516,216.7441864013672,2,0.3010299956639812
2987772,of_object,welfare,strict,1640038,2,,,,,,13.135089874267578,54.218135833740234,1,0.47712125471966244
2987773,of_object,culture in Turkey,strict,1640256,1,,,type2,in,3,27.169483184814453,186.60081481933594,3,0.3010299956639812
2987774,of_object,rural communities,strict,1641601,1,,,type1,,2,21.22178077697754,134.16831970214844,2,0.3010299956639812
2987775,of_object,frontier,strict,1641758,1,,,,,,10.670605659484863,50.71723937988281,1,0.3010299956639812
2987776,of_object,Western Australian economy,strict,1641767,1,,,type1,,3,36.59086990356445,260.3554992675781,3,0.3010299956639812
2987777,of_object,NENA region,strict,1642670,1,,,type1,,2,8.080708503723145,38.03434371948242,1,0.3010299956639812
2987778,of_object,marketing,strict,1643913,1,,,,,,7.36265754699707,42.88561248779297,1,0.3010299956639812
2987779,of_object,preservation process,strict,1644850,1,,,,,,14.054242134094238,124.55049133300781,2,0.3010299956639812
2987780,of_object,Japanese literature in English,strict,1647892,1,,,type2,in,4,31.774763107299805,302.3495788574219,4,0.3010299956639812
2987781,of_object,World War II,strict,1649885,3,,,type1,,3,31.583894729614258,205.68963623046875,3,0.5
2987782,of_object,modern America,strict,1651238,1,,,type1,,2,21.040401458740234,90.45037078857422,2,0.3010299956639812
2987783,of_object,American soul,strict,1651390,1,,,type1,,2,24.932804107666016,107.55242919921875,2,0.3010299956639812
2987784,of_object,cultural consciousness,strict,1652615,1,,,type1,,2,24.499229431152344,135.39190673828125,2,0.3010299956639812
2987785,of_object,American Democracy,strict,1653088,9,,,type1,,2,25.73763084411621,126.45391845703125,2,0.5782267327920116
2987786,of_object,Civil War national military park,strict,1653753,1,,,,,,47.070343017578125,460.3529357910156,5,0.3010299956639812
2987787,of_object,indigenous commodity,strict,1653980,1,,,type1,,2,20.796932220458984,104.96501159667969,2,0.3010299956639812
2987788,of_object,Kashmir,strict,1654650,3,,,,,,5.272542953491211,56.941776275634766,1,0.5
2987789,of_object,genetic toxicology,strict,1656562,1,,,type1,,2,16.375022888183594,160.61181640625,2,0.3010299956639812
2987790,of_object,local cultures,strict,1656723,1,,,type1,,2,21.22178077697754,134.16831970214844,2,0.3010299956639812
2987791,of_object,American city,strict,1657819,2,,,type1,,2,21.258907318115234,95.96913146972656,2,0.47712125471966244
2987792,of_object,Kuwait,strict,1657924,2,,,,,,10.866779327392578,51.63837814331055,1,0.5
2987793,of_object,Chicago's gold coast,strict,1658139,1,,,type1,,3,27.88842010498047,270.4436340332031,4,0.3010299956639812
2987794,of_object,labor,strict,1659244,1,,,,,,10.14449691772461,50.6395149230957,1,0.3010299956639812
2987795,of_object,Iraq,strict,1659282,5,,,,,,10.866779327392578,51.63837814331055,1,0.3403944966404184
2987796,of_object,Christian epics,strict,1659692,1,,,type1,,2,16.443758010864258,103.76828002929688,2,0.3010299956639812
2987797,of_object,civil rights,strict,1659989,2,,,type1,,2,17.66446876525879,186.4241180419922,2,0.47712125471966244
2987798,of_object,curiosity,strict,1660686,1,,,,,,8.95229434967041,49.26890563964844,1,0.3010299956639812
2987799,of_object,power,strict,1661001,7,,,,,,7.681477069854736,45.9267692565918,1,0.2917930813190985
2987800,of_object,Great War at sea,strict,1661586,2,,,type2,at,4,24.618324279785156,213.60983276367188,4,0.47712125471966244
2987801,of_object,ethnic nationalism,strict,1661886,2,,,type1,,2,23.02669334411621,142.01675415039062,2,0.0
2987802,of_object,citizenship,strict,1664767,1,,,,,,11.183015823364258,54.1860466003418,1,0.3010299956639812
2987803,of_object,C.E.ric Lincoln,strict,1664866,2,,,type1,,2,8.902339935302734,50.21731185913086,1,0.5
2987804,of_object,art,strict,1665583,3,,,,,,8.572507858276367,49.98180389404297,1,0.6020599913279624
2987805,of_object,AOL Time Warner,strict,1665651,4,,,type1,,3,23.847946166992188,173.87240600585938,3,0.5
2987806,of_object,transparency,strict,1665988,2,,,,,,10.38773250579834,44.682342529296875,1,0.0
2987807,of_object,early modern English colonialism,strict,1666262,1,,,,,,36.77444076538086,258.49072265625,4,0.3010299956639812
2987808,of_object,American law,strict,1668380,1,,,type1,,2,22.91814422607422,123.54386901855469,2,0.3010299956639812
2987809,of_object,reality,strict,1669309,2,,,,,,12.671688079833984,43.21925354003906,1,0.47712125471966244
2987810,of_object,human rights in civil war,strict,1670998,1,,,type2,in,5,48.767127990722656,513.5823364257812,5,0.3010299956639812
2987811,of_object,independent film,strict,1671057,1,,,type1,,2,12.1211576461792,109.64647674560547,2,0.3010299956639812
2987812,of_object,quantum theory,strict,1672284,1,,,type1,,2,10.53178596496582,105.61738586425781,2,0.3010299956639812
2987813,of_object,Church,strict,1682676,5,,,,,,11.303386688232422,49.454193115234375,1,0.3333333333333333
2987814,of_object,social disintegration,strict,1686623,1,,,type1,,2,19.6523494720459,128.03387451171875,2,0.3010299956639812
2987815,of_object,cultures,strict,1695722,2,,,,,,11.82754135131836,44.71976089477539,1,0.0
2987816,of_object,region,strict,1696960,1,,,,,,8.080708503723145,38.03434371948242,1,0.3010299956639812
2987817,of_object,industrial societies,strict,1698391,2,,,type1,,2,20.257843017578125,113.91740417480469,2,0.47712125471966244
2987818,of_object,British football,strict,1698511,2,,,type1,,2,19.6776065826416,126.85963439941406,2,0.5
2987819,of_object,ethology,strict,1707343,1,,,,,,3.153480052947998,51.33773422241211,1,0.3010299956639812
2987820,of_object,Pennsylvania,strict,1708487,2,,,,,,8.902339935302734,50.21731185913086,1,0.5
2987821,of_object,troubled partnership,strict,1709685,1,,,type1,,2,14.097521781921387,88.4802474975586,2,0.3010299956639812
2987822,of_object,comic book,strict,1710025,2,,,type1,,2,12.43625545501709,105.026611328125,2,0.6554192805066351
2987823,of_object,entertainment,strict,1710545,2,,,,,,5.431983470916748,42.32540512084961,1,0.47712125471966244
2987824,of_object,extreme athletes in America,strict,1711365,1,,,type2,in,4,35.5269660949707,277.0621337890625,4,0.3010299956639812
2987825,of_object,adaptation,strict,1711471,2,,,,,,6.188079833984375,39.67558670043945,1,0.47712125471966244
2987826,of_object,charity in nineteenth-century Dublin,strict,1711709,1,,,type2,in,4,43.82202911376953,382.8658142089844,6,0.3010299956639812
2987827,of_object,thinness,strict,1713765,1,,,,,,8.357462882995605,47.11648178100586,1,0.3010299956639812
2987828,of_object,contemporary identity,strict,1714094,1,,,type1,,2,17.013835906982422,91.85198211669922,2,0.3010299956639812
2987829,of_object,office work,strict,1714627,1,,,,,,13.971025466918945,93.5616683959961,2,0.3010299956639812
2987830,of_object,international conflict,strict,1715013,1,,,type1,,2,24.449520111083984,129.09979248046875,2,0.3010299956639812
2987831,of_object,neurology,strict,1715237,1,,,,,,2.9481494426727295,69.5573501586914,1,0.3010299956639812
2987832,of_object,engagement,strict,1715584,1,,,,,,9.90159797668457,44.32664108276367,1,0.3010299956639812
2987833,of_object,eighteenth-century Britons,strict,1715651,1,,,type1,,2,26.84280776977539,203.60220336914062,4,0.3010299956639812
2987834,of_object,sexual health,strict,1716252,1,,,type1,,2,21.441259384155273,149.6343536376953,2,0.3010299956639812
2987835,of_object,American Orientalism,strict,1718252,2,,,type1,,2,17.610843658447266,108.01487731933594,2,0.0
2987836,of_object,English studies,strict,1719860,1,,,type1,,2,17.026660919189453,105.5419921875,2,0.3010299956639812
2987837,of_object,Alberta-Montana borderlands,strict,1720212,3,,,type1,,2,18.799339294433594,321.9069519042969,4,0.0
2987838,of_object,coral,strict,1721651,1,,,,,,3.7855584621429443,51.61277770996094,1,0.3010299956639812
2987839,of_object,normality,strict,1722493,2,,,,,,4.140582084655762,49.123130798339844,1,0.47712125471966244
2987840,of_object,new South,strict,1722995,1,,,type1,,2,19.773101806640625,102.7034912109375,2,0.3010299956639812
2987841,of_object,New York,strict,1724557,5,,,,,,16.264997482299805,116.36735534667969,2,0.16666666666666666
2987842,of_object,ancient world,strict,1726369,1,,,type1,,2,24.499229431152344,135.39190673828125,2,0.3010299956639812
2987843,of_object,modern American financial system,strict,1726787,1,,,,,,40.93364715576172,301.5433654785156,4,0.3010299956639812
2987844,of_object,feminine identity,strict,1727003,1,,,type1,,2,14.999324798583984,100.62715148925781,2,0.3010299956639812
2987845,of_object,golf,strict,1727083,2,,,,,,8.902339935302734,50.21731185913086,1,0.47712125471966244
2987846,of_object,world politics,strict,1727866,1,,,,,,25.662551879882812,142.15826416015625,2,0.3010299956639812
2987847,of_object,Italian madrigal,strict,1728134,1,,,type1,,2,9.375856399536133,113.96849822998047,2,0.3010299956639812
2987848,of_object,international theory,strict,1730705,1,,,type1,,2,19.971330642700195,99.51107025146484,2,0.3010299956639812
2987849,of_object,golf to America,strict,1733198,1,,,type2,to,3,29.55076026916504,200.66831970214844,3,0.3010299956639812
2987850,of_object,discipline,strict,1734448,1,,,,,,10.485638618469238,47.9969596862793,1,0.3010299956639812
2987851,of_object,sacred union,strict,1736485,1,,,type1,,2,21.516603469848633,124.08300018310547,2,0.3010299956639812
2987852,of_object,disputes,strict,1739863,1,,,,,,8.832234382629395,46.60602951049805,1,0.3010299956639812
2987853,of_object,offenders,strict,1741587,1,,,,,,10.485638618469238,47.9969596862793,1,0.3010299956639812
2987854,of_object,modern international relations,strict,1743807,2,,,type1,,3,28.871524810791016,207.23622131347656,3,0.0
2987855,of_object,women,strict,1744375,2,,,,,,8.027640342712402,60.28559112548828,1,0.47712125471966244
2987856,of_object,spirit,strict,1744881,2,,,,,,12.671688079833984,43.21925354003906,1,0.5
2987857,of_object,common reader,strict,1744997,1,,,type1,,2,13.76977825164795,87.67382049560547,2,0.3010299956639812
2987858,of_object,management consulting,strict,1745109,1,,,,,,14.102102279663086,108.41954803466797,2,0.3010299956639812
2987859,of_object,modern flight,strict,1750689,1,,,type1,,2,15.662120819091797,109.96097564697266,2,0.3010299956639812
2987860,of_object,monetary policy,strict,1753325,1,,,type1,,2,22.050283432006836,178.46771240234375,2,0.3010299956639812
2987861,of_object,Trinity College,strict,1754858,2,,,type1,,2,13.155668258666992,97.31041717529297,2,0.0
2987862,of_object,hunger,strict,1755633,1,,,,,,9.301318168640137,51.217620849609375,1,0.3010299956639812
2987863,of_object,Lev Leviev,strict,1756529,1,,,,,,1.838494896888733,49.0041389465332,1,0.3010299956639812
2987864,of_object,technological commons,strict,1764069,1,,,type1,,2,12.01015853881836,121.79283142089844,2,0.3010299956639812
2987865,of_object,civilization,strict,1768097,4,,,,,,11.282825469970703,46.206382751464844,1,0.8655470287924651
2987866,of_object,Battle of Britain,strict,1769365,3,,,type2,of,3,31.1888427734375,182.3134307861328,3,0.450531909293319
2987867,of_object,Weimar culture,strict,1770085,1,,,,,,14.637489318847656,94.5576171875,2,0.3010299956639812
2987868,of_object,Buddhist humanism,strict,1770788,1,,,type1,,2,17.315828323364258,146.33370971679688,2,0.3010299956639812
2987869,of_object,cultural change,strict,1771216,1,,,type1,,2,21.06363296508789,103.09850311279297,2,0.3010299956639812
2987870,of_object,Representatives,strict,1771715,2,,,,,,7.662595748901367,48.260032653808594,1,0.5
2987871,of_object,neoglobalism,strict,1772097,1,,,,,,,,,0.3010299956639812
2987872,of_object,American finance,strict,1772241,1,,,type1,,2,23.873388290405273,114.59123992919922,2,0.3010299956639812
2987873,of_object,North Korean revolution in Manchuria,strict,1772544,1,,,type2,in,5,44.92227554321289,408.6369934082031,5,0.3010299956639812
2987874,of_object,city,strict,1773858,1,,,,,,8.997790336608887,29.999736785888672,1,0.3010299956639812
2987875,of_object,Arabian oil,strict,1774547,1,,,type1,,2,17.617450714111328,127.05890655517578,2,0.3010299956639812
2987876,of_object,inhumanity,strict,1777668,1,,,,,,9.832220077514648,46.48146057128906,1,0.3010299956639812
2987877,of_object,American manufacturing,strict,1777846,1,,,type1,,2,19.623775482177734,106.03897094726562,2,0.3010299956639812
2987878,of_object,critic,strict,1778212,1,,,,,,9.865217208862305,38.96550750732422,1,0.3010299956639812
2987879,of_object,Jewish urban space,strict,1778984,1,,,type1,,3,33.06688690185547,209.0394287109375,3,0.3010299956639812
2987880,of_object,Islam,strict,1778992,5,,,,,,11.25682544708252,56.50672912597656,1,0.3333333333333333
2987881,of_object,post-sixties America,strict,1779312,1,,,type1,,2,24.895286560058594,249.8846435546875,4,0.3010299956639812
2987882,of_object,Goethe,strict,1779500,2,,,,,,2.949748992919922,41.94442367553711,1,0.0
2987883,of_object,American state,strict,1779696,1,,,type1,,2,22.91814422607422,123.54386901855469,2,0.3010299956639812
2987884,of_object,Great Seal,strict,1781517,2,,,type1,,2,12.819473266601562,120.05384826660156,2,0.0
2987885,of_object,welfare reform,strict,1782121,1,,,,,,23.522823333740234,141.9745330810547,2,0.3010299956639812
2987886,of_object,Christian origins,strict,1783205,1,,,type1,,2,21.38524627685547,121.39356994628906,2,0.3010299956639812
2987887,of_object,Orphan Jones,strict,1784104,2,,,,,,15.866809844970703,94.9771728515625,2,0.5
2987888,of_object,American psychology,strict,1784629,1,,,type1,,2,21.049413681030273,121.35641479492188,2,0.3010299956639812
2987889,of_object,civilians,strict,1784914,1,,,,,,8.161077499389648,43.27933120727539,1,0.3010299956639812
2987890,of_object,secure ciphers,strict,1785672,1,,,,,,7.807179927825928,91.21733093261719,2,0.3010299956639812
2987891,of_object,unity,strict,1785919,1,,,,,,12.671688079833984,43.21925354003906,1,0.3010299956639812
2987892,of_object,American life,strict,1786456,1,,,type1,,2,24.932804107666016,107.55242919921875,2,0.3010299956639812
2987893,of_object,modern Japan,strict,1786488,1,,,type1,,2,17.83637046813965,87.4859390258789,2,0.3010299956639812
2987894,of_object,basketball,strict,1787636,1,,,,,,7.416491508483887,50.94314193725586,1,0.3010299956639812
2987895,of_object,presidential democracy,strict,1789455,1,,,type1,,2,18.164878845214844,119.4195785522461,2,0.3010299956639812
2987896,of_object,nonconceptual,strict,1789579,2,,,,,,,,,0.0
2987897,of_object,Christian values,strict,1790880,1,,,type1,,2,17.96774673461914,95.95806121826172,2,0.3010299956639812
2987898,of_object,cultural value,strict,1790911,1,,,type1,,2,18.676040649414062,98.8281021118164,2,0.3010299956639812
2987899,of_object,Zionist identity,strict,1790959,2,,,type1,,2,16.512737274169922,114.30831909179688,2,0.5
2987900,of_object,development,strict,1791120,2,,,,,,10.152782440185547,49.10176467895508,1,0.47712125471966244
2987901,of_object,modern metropolis,strict,1791625,2,,,type1,,2,16.314430236816406,82.71485137939453,2,0.47712125471966244
2987902,of_object,roads,strict,1792417,1,,,,,,7.2789411544799805,43.0946044921875,1,0.3010299956639812
2987903,of_object,civilizations,strict,1792622,4,,,,,,11.282825469970703,46.206382751464844,1,0.5
2987904,of_object,Enlightenment,strict,1793679,3,,,,,,12.671688079833984,43.21925354003906,1,0.5
2987905,of_object,goods,strict,1794010,2,,,,,,8.969389915466309,42.57829666137695,1,0.5
2987906,of_object,stock market,strict,1795781,1,,,,,,16.782190322875977,149.0255126953125,2,0.3010299956639812
2987907,of_object,national consciousness,strict,1796291,1,,,type1,,2,19.890655517578125,104.01314544677734,2,0.3010299956639812
2987908,of_object,sixties,strict,1796570,1,,,,,,7.604111671447754,47.18671417236328,1,0.3010299956639812
2987909,of_object,Ottoman Armenians,strict,1802925,2,,,type1,,2,10.322699546813965,106.73463439941406,2,0.6480346259461335
2987910,of_object,golden-calf incident,strict,1806221,2,,,type1,,2,13.437582969665527,204.3859100341797,4,0.0
2987911,of_object,BBC,strict,1806975,2,,,,,,7.626232147216797,46.31330871582031,1,0.5
2987912,of_object,East Timor,strict,1807187,1,,,,,,19.05299186706543,131.98194885253906,2,0.3010299956639812
2987913,of_object,interculturality,strict,1808263,1,,,,,,,,,0.3010299956639812
2987914,of_object,Australia,strict,1811412,2,,,,,,10.072237968444824,55.337093353271484,1,0.5
2987915,of_object,Hapsburg Empire,strict,1816615,1,,,,,,11.446199417114258,48.879825592041016,1,0.3010299956639812
2987916,of_object,China's prehistory,strict,1817798,1,,,type1,,2,18.88825225830078,138.2671356201172,3,0.3010299956639812
2987917,of_object,World Poker Tour,strict,1823213,1,,,type1,,3,19.43555450439453,156.99314880371094,3,0.3010299956639812
2987918,of_object,red planet,strict,1825538,1,,,type1,,2,18.04901885986328,112.47083282470703,2,0.3010299956639812
2987919,of_object,Germanic antiquity,strict,1828150,2,,,type1,,2,14.614151000976562,120.37848663330078,2,0.5
2987920,of_object,eighteenth century European consciousness,strict,1828338,1,,,,,,43.90098190307617,305.6755676269531,4,0.3010299956639812
2987921,of_object,Mark,strict,1829162,4,,,,,,7.466006278991699,42.00681686401367,1,0.5
2987922,of_object,modern Germany,strict,1829277,3,,,type1,,2,21.040401458740234,90.45037078857422,2,0.0
2987923,of_object,liberal internationalism,strict,1829860,1,,,type1,,2,21.102354049682617,135.0602569580078,2,0.3010299956639812
2987924,of_object,Caribbean cultural politics,strict,1830100,1,,,type1,,3,34.024818420410156,223.813232421875,3,0.3010299956639812
2987925,of_object,structures in post-humanist social theory,strict,1830164,1,,,type2,in,5,49.18658447265625,522.8484497070312,7,0.3010299956639812
2987926,of_object,American grownup,strict,1830493,1,,,type1,,2,15.361339569091797,96.5378189086914,2,0.3010299956639812
2987927,of_object,economics,strict,1831369,1,,,,,,13.476513862609863,55.33617401123047,1,0.3010299956639812
2987928,of_object,English piety,strict,1831499,1,,,type1,,2,18.31317710876465,103.70984649658203,2,0.3010299956639812
2987929,of_object,environmental justice,strict,1833920,1,,,type1,,2,17.572805404663086,112.74125671386719,2,0.3010299956639812
2987930,of_object,Holocaust survival,strict,1834179,1,,,type1,,2,21.143957138061523,130.20416259765625,2,0.3010299956639812
2987931,of_object,ocean motion,strict,1834292,1,,,,,,13.855113983154297,92.67642974853516,2,0.3010299956639812
2987932,of_object,opportunity,strict,1834469,1,,,,,,8.580060005187988,36.47443771362305,1,0.3010299956639812
2987933,of_object,A.Q.K.han network,strict,1834787,1,,,type2,a.q.k.han,2,6.1479811668396,59.74531555175781,1,0.3010299956639812
2987934,of_object,new revolutionary cultures,strict,1834930,1,,,type1,,3,27.001327514648438,171.46580505371094,3,0.3010299956639812
2987935,of_object,murder,strict,1838250,1,,,,,,7.097321033477783,49.55269241333008,1,0.3010299956639812
2987936,of_object,Ostpolitik,strict,1841186,3,,,,,,,,,0.5
2987937,of_object,Southern law,strict,1841231,2,,,type1,,2,20.051265716552734,143.6995391845703,2,0.5
2987938,of_object,aesthetic political theory,strict,1841399,1,,,type1,,3,27.99976921081543,210.51138305664062,3,0.3010299956639812
2987939,of_object,Weimar classicism,strict,1842115,2,,,,,,9.774458885192871,122.6908187866211,2,0.0
2987940,of_object,Spanish Civil War,strict,1842490,2,,,type1,,3,28.565359115600586,203.24673461914062,3,0.5
2987941,of_object,public self,strict,1842820,1,,,type1,,2,20.39583396911621,107.0566177368164,2,0.3010299956639812
2987942,of_object,global order,strict,1843182,1,,,type1,,2,18.59193992614746,108.13439178466797,2,0.3010299956639812
2987943,of_object,public enemies,strict,1844364,1,,,type1,,2,20.847183227539062,109.25135803222656,2,0.3010299956639812
2987944,of_object,public hero in postrevolutionary France,strict,1844528,1,,,type2,in,5,37.895870208740234,267.6011657714844,4,0.3010299956639812
2987945,of_object,antislavery politics,strict,1844672,1,,,,,,12.833867073059082,128.31729125976562,2,0.3010299956639812
2987946,of_object,postwar politics,strict,1845391,1,,,type1,,2,23.418041229248047,135.56568908691406,2,0.3010299956639812
2987947,of_object,America's first superhighway,strict,1845495,1,,,type1,,3,29.616058349609375,230.38365173339844,4,0.3010299956639812
2987948,of_object,state intervention,strict,1845785,1,,,,,,19.92613983154297,124.82969665527344,2,0.3010299956639812
2987949,of_object,Red River,strict,1846284,2,,,type1,,2,14.64615535736084,114.86986541748047,2,0.7100477069569824
2987950,of_object,global jihad,strict,1846606,2,,,type1,,2,24.483121871948242,152.78099060058594,2,0.47712125471966244
2987951,of_object,Americanists,strict,1847272,2,,,,,,,,,0.5
2987952,of_object,virtue,strict,1848825,2,,,,,,8.713518142700195,33.33462905883789,1,0.5
2987953,of_object,America's coastal cities,strict,1849217,1,,,type1,,3,34.50419235229492,269.24652099609375,4,0.3010299956639812
2987954,of_object,modern nations,strict,1849549,1,,,type1,,2,20.457500457763672,103.208984375,2,0.3010299956639812
2987955,of_object,mass public,strict,1850182,1,,,,,,20.20187759399414,115.85777282714844,2,0.3010299956639812
2987956,of_object,human mind,strict,1850426,2,,,type1,,2,19.675792694091797,105.98080444335938,2,0.47712125471966244
2987957,of_object,human dissection,strict,1850604,1,,,type1,,2,14.574481964111328,139.25218200683594,2,0.3010299956639812
2987958,of_object,environmental movement,strict,1852726,3,,,type1,,2,16.403169631958008,122.38717651367188,2,0.7880824447609492
2987959,of_object,fundamentalism,strict,1853745,2,,,,,,9.583370208740234,50.689388275146484,1,0.5
2987960,of_object,home run,strict,1855334,1,,,,,,20.0167179107666,124.09141540527344,2,0.3010299956639812
2987961,of_object,word,strict,1855429,1,,,,,,8.259167671203613,31.484020233154297,1,0.3010299956639812
2987962,of_object,separatist imagination,strict,1855798,1,,,type1,,2,18.67961311340332,116.1476821899414,2,0.3010299956639812
2987963,of_object,investment,strict,1857963,1,,,,,,11.612271308898926,46.59490203857422,1,0.3010299956639812
2987964,of_object,ideas,strict,1864551,2,,,,,,8.468868255615234,38.69528579711914,1,0.0
2987965,of_object,khaira ummah,strict,1867720,1,,,,,,3.317399501800537,53.81827163696289,1,0.3010299956639812
2987966,of_object,dollar,strict,1872443,1,,,,,,9.054346084594727,44.84825897216797,1,0.3010299956639812
2987967,of_object,fire,strict,1874073,2,,,,,,7.534196376800537,50.9269905090332,1,0.4956126689950911
2987968,of_object,international environmental law,strict,1875131,1,,,type1,,3,30.890546798706055,278.85125732421875,3,0.3010299956639812
2987969,of_object,girl child,strict,1876581,1,,,,,,16.282323837280273,132.81085205078125,2,0.3010299956639812
2987970,of_object,force,strict,1879847,2,,,,,,8.87256145477295,41.689125061035156,1,0.47712125471966244
2987971,of_object,Sikh history,strict,1886168,1,,,type1,,2,19.99357795715332,129.05523681640625,2,0.3010299956639812
2987972,of_object,daily life,strict,1888662,2,,,type1,,2,18.099580764770508,95.45890808105469,2,0.5
2987973,of_object,cosmos,strict,1894469,3,,,,,,11.2389554977417,50.1502685546875,1,0.5
2987974,of_object,Halabja,strict,1897394,2,,,,,,,,,0.5
2987975,of_object,American ideals,strict,1897577,2,,,type1,,2,24.932804107666016,107.55242919921875,2,0.7966646688961491
2987976,of_object,chemicals,strict,1898738,1,,,,,,8.940109252929688,50.003414154052734,1,0.3010299956639812
2987977,of_object,political dissent,strict,1898916,1,,,type1,,2,19.3945369720459,106.58824920654297,2,0.3010299956639812
2987978,of_object,self-help,strict,1900442,1,,,,,,17.064512252807617,122.75672912597656,3,0.3010299956639812
2987979,of_object,children,strict,1900861,2,,,,,,10.188642501831055,52.47013854980469,1,0.47712125471966244
2987980,of_object,Windsor,strict,1903280,1,,,,,,8.902339935302734,50.21731185913086,1,0.3010299956639812
2987981,of_object,superhero,strict,1903567,1,,,,,,5.792444705963135,45.73946762084961,1,0.3010299956639812
2987982,of_object,deadly epidemics,strict,1904349,1,,,type1,,2,16.8677921295166,144.0042724609375,2,0.3010299956639812
2987983,of_object,cosmopolitan film culture,strict,1906343,2,,,type1,,3,26.201377868652344,186.8379364013672,3,0.5
2987984,of_object,reproductive technologies,strict,1906974,1,,,type1,,2,14.035566329956055,119.56272888183594,2,0.3010299956639812
2987985,of_object,transformation,strict,1907086,2,,,,,,10.152782440185547,49.10176467895508,1,0.11888445031538629
2987986,of_object,research,strict,1907501,3,,,,,,8.73973560333252,44.59733200073242,1,0.6020599913279624
2987987,of_object,religious freedom in America,strict,1907789,1,,,type2,in,4,41.7181396484375,283.4914245605469,4,0.3010299956639812
2987988,of_object,hope,strict,1909666,1,,,,,,10.109046936035156,38.71051025390625,1,0.3010299956639812
2987989,of_object,cotton South,strict,1910073,1,,,,,,18.238061904907227,95.17079162597656,2,0.3010299956639812
2987990,of_object,endangered species,strict,1910757,1,,,type1,,2,18.367084503173828,173.74093627929688,2,0.3010299956639812
2987991,of_object,modern world,strict,1911625,3,,,type1,,2,21.301645278930664,108.85101318359375,2,0.6020599913279624
2987992,of_object,Roget's Thesaurus,strict,1911649,2,,,type1,,2,12.474738121032715,137.6377410888672,3,0.11347752507970867
2987993,of_object,post-orthodox pluralism,strict,1912999,1,,,type1,,2,25.76748275756836,245.924072265625,4,0.3010299956639812
2987994,of_object,body in modern India,strict,1913039,1,,,type2,in,4,34.405704498291016,280.8326110839844,4,0.3010299956639812
2987995,of_object,horror genre,strict,1915296,1,,,type1,,2,16.36349105834961,109.33989715576172,2,0.3010299956639812
2987996,of_object,dual containment,strict,1915882,1,,,type1,,2,6.693777561187744,103.0274429321289,2,0.3010299956639812
2987997,of_object,security practice,strict,1916517,1,,,,,,18.761722564697266,121.7127914428711,2,0.3010299956639812
2987998,of_object,cinema,strict,1916743,1,,,,,,12.261116981506348,42.844913482666016,1,0.3010299956639812
2987999,of_object,mobilization,strict,1916893,1,,,,,,6.741379261016846,46.364776611328125,1,0.3010299956639812
2988000,of_object,football's greatest battle,strict,1917205,3,,,type1,,3,33.67885971069336,343.4968566894531,4,0.9295224744282786
2988001,of_object,monotheism,strict,1917242,1,,,,,,9.583370208740234,50.689388275146484,1,0.3010299956639812
2988002,of_object,Scripture in Lurianic Kabbala,strict,1917536,2,,,type2,in,4,18.067224502563477,147.30044555664062,3,0.5
2988003,of_object,experimental medicine,strict,1917539,1,,,type1,,2,15.462019920349121,101.9435043334961,2,0.3010299956639812
2988004,of_object,company town,strict,1918280,1,,,,,,13.870392799377441,107.25357818603516,2,0.3010299956639812
2988005,of_object,accountability in America's public schools,strict,1918677,1,,,type2,in,5,54.70917892456055,566.065185546875,6,0.3010299956639812
2988006,of_object,global working class,strict,1919212,1,,,type1,,3,26.23354721069336,162.07803344726562,3,0.3010299956639812
2988007,of_object,insurance industry,strict,1920317,1,,,,,,14.200092315673828,116.73625183105469,2,0.3010299956639812
2988008,of_object,poet,strict,1920457,1,,,,,,6.507734298706055,46.41151809692383,1,0.3010299956639812
2988009,of_object,political imagination,strict,1922460,1,,,type1,,2,23.68243980407715,124.51378631591797,2,0.3010299956639812
2988010,of_object,Caesarea,strict,1926034,3,,,,,,-1.5115723609924316,61.92586135864258,1,0.0
2988011,of_object,security,strict,1929179,1,,,,,,10.189212799072266,45.36454391479492,1,0.3010299956639812
2988012,of_object,perfection,strict,1930888,1,,,,,,8.03260612487793,41.21033477783203,1,0.3010299956639812
2988013,of_object,rural clergy,strict,1931757,1,,,type1,,2,20.69762420654297,120.08140563964844,2,0.3010299956639812
2988014,of_object,West Papua,strict,1937355,1,,,,,,19.434301376342773,132.56993103027344,2,0.3010299956639812
2988015,of_object,Russian imperfective aspect,strict,1939824,1,,,type1,,3,19.75310516357422,179.7684783935547,3,0.3010299956639812
2988016,of_object,popular Enlightenment,strict,1941101,1,,,type1,,2,20.4227352142334,92.1469955444336,2,0.3010299956639812
2988017,of_object,capital punishment in Canada,strict,1944226,1,,,type2,in,4,39.24235153198242,325.1412658691406,4,0.3010299956639812
2988018,of_object,unitary status,strict,1948637,1,,,type1,,2,17.710973739624023,108.72543334960938,2,0.3010299956639812
2988019,of_object,ownership,strict,1953503,1,,,,,,9.112174034118652,34.54629135131836,1,0.3010299956639812
2988020,of_object,healthcare,strict,1958224,1,,,,,,6.894855499267578,46.35205841064453,1,0.3010299956639812
2988021,of_object,East Bay,strict,1959544,1,,,type1,,2,21.31278419494629,139.18194580078125,2,0.3010299956639812
2988022,of_object,new American mythology,strict,1960668,1,,,type1,,3,26.11540985107422,174.70138549804688,3,0.3010299956639812
2988023,of_object,political power,strict,1961184,1,,,type1,,2,18.692228317260742,107.64720153808594,2,0.3010299956639812
2988024,of_object,innocence,strict,1961261,2,,,,,,10.531342506408691,49.00833511352539,1,0.47712125471966244
2988025,of_object,American children's literature,strict,1961433,1,,,type1,,3,35.956092834472656,267.2901611328125,4,0.3010299956639812
2988026,of_object,modern China,strict,1962190,2,,,type1,,2,17.83637046813965,87.4859390258789,2,0.5
2988027,of_object,America's first food,strict,1963468,1,,,type1,,3,37.07960891723633,293.0926818847656,4,0.3010299956639812
2988028,of_object,evangelicalism,strict,1963722,1,,,,,,9.583370208740234,50.689388275146484,1,0.3010299956639812
2988029,of_object,mass information culture,strict,1964189,1,,,type1,,3,27.418718338012695,168.23748779296875,3,0.3010299956639812
2988030,of_object,intimacy,strict,1964444,1,,,,,,5.341681003570557,44.322303771972656,1,0.3010299956639812
2988031,of_object,European government,strict,1964994,1,,,type1,,2,21.65068817138672,111.55290222167969,2,0.3010299956639812
2988032,of_object,suicide attacks,strict,1966742,1,,,,,,17.242712020874023,149.23353576660156,2,0.3010299956639812
2988033,of_object,medieval France,strict,1967718,1,,,type1,,2,18.90207862854004,107.59912109375,2,0.3010299956639812
2988034,of_object,Bonesetter's Daughter opera,strict,1968884,1,,,type1,,3,19.20292854309082,171.66793823242188,3,0.3010299956639812
2988035,of_object,American power,strict,1969270,2,,,type1,,2,19.942594528198242,99.48675537109375,2,0.47712125471966244
2988036,of_object,pharmaceuticals,strict,1969429,1,,,,,,4.866503715515137,56.950931549072266,1,0.3010299956639812
2988037,of_object,spiritual transformation,strict,1969562,1,,,type1,,2,22.82447052001953,117.83246612548828,2,0.3010299956639812
2988038,of_object,new Russia,strict,1969797,2,,,type1,,2,15.7918062210083,104.4293212890625,2,0.47712125471966244
2988039,of_object,tribe of Ishmael,strict,1970110,1,,,type2,of,3,21.032581329345703,135.7061767578125,3,0.3010299956639812
2988040,of_object,festive foodscape,strict,1970823,1,,,type1,,2,4.146719932556152,52.66119384765625,1,0.3010299956639812
2988041,of_object,public health security,strict,1971632,1,,,type1,,3,32.67797088623047,238.5537567138672,3,0.3010299956639812
2988042,of_object,developmental state,strict,1971898,1,,,type1,,2,20.7388858795166,125.46573638916016,2,0.3010299956639812
2988043,of_object,Jamestown,strict,1972212,1,,,,,,8.902339935302734,50.21731185913086,1,0.3010299956639812
2988044,of_object,life in Europe's romantic age,strict,1972577,1,,,type2,in,5,49.80683517456055,463.64263916015625,6,0.3010299956639812
2988045,of_object,family difference,strict,1972712,1,,,,,,12.671850204467773,78.87299346923828,2,0.3010299956639812
2988046,of_object,difference in North American courts,strict,1973420,1,,,type2,in,5,49.25288772583008,433.78900146484375,5,0.3010299956639812
2988047,of_object,national leader,strict,1974263,1,,,type1,,2,17.45400619506836,96.88844299316406,2,0.3010299956639812
2988048,of_object,American family law,strict,1974472,1,,,type1,,3,28.040925979614258,173.10166931152344,3,0.3010299956639812
2988049,of_object,American public identity,strict,1974728,1,,,type1,,3,32.41835403442383,212.83578491210938,3,0.3010299956639812
2988050,of_object,tragedy,strict,1974741,1,,,,,,9.160988807678223,42.94102096557617,1,0.3010299956639812
2988051,of_object,nursing in New Jersey,strict,1976351,1,,,type2,in,4,31.24056053161621,327.6294860839844,4,0.3010299956639812
2988052,of_object,new spirituality,strict,1976409,1,,,type1,,2,20.034347534179688,90.05858612060547,2,0.3010299956639812
2988053,of_object,urban California,strict,1976582,1,,,type1,,2,22.03742790222168,118.92689514160156,2,0.3010299956639812
2988054,of_object,global commerce,strict,1977690,1,,,type1,,2,23.486879348754883,205.3950958251953,2,0.3010299956639812
2988055,of_object,national monument,strict,1977840,1,,,type1,,2,18.055545806884766,96.87444305419922,2,0.3010299956639812
2988056,of_object,Black urban America,strict,1978308,1,,,type1,,3,31.263086318969727,218.43101501464844,3,0.3010299956639812
2988057,of_object,UFC,strict,1980254,2,,,,,,5.459657669067383,64.18618774414062,1,0.5
2988058,of_object,modern media,strict,1980778,1,,,type1,,2,15.999524116516113,89.6517562866211,2,0.3010299956639812
2988059,of_object,fitness,strict,1981014,1,,,,,,9.342949867248535,61.07600402832031,1,0.3010299956639812
2988060,of_object,Madison Grant,strict,1981216,2,,,,,,14.203715324401855,113.8555908203125,2,0.5
2988061,of_object,nations,strict,1982268,5,,,,,,11.82754135131836,44.71976089477539,1,0.3219175292259369
2988062,of_object,central banker,strict,1984993,2,,,type1,,2,19.18557357788086,155.61441040039062,2,0.47712125471966244
2988063,of_object,Southeast Asian Nations,strict,1985927,1,,,type1,,3,28.321334838867188,234.09756469726562,3,0.3010299956639812
2988064,of_object,new middle class in Istanbul,strict,1986097,1,,,type2,in,5,39.93718719482422,455.1845703125,5,0.3010299956639812
2988065,of_object,market research,strict,1986121,1,,,,,,17.709125518798828,115.66069793701172,2,0.3010299956639812
2988066,of_object,polis,strict,1986449,1,,,,,,5.349216461181641,59.559654235839844,1,0.3010299956639812
2988067,of_object,War on Terror,strict,1986828,1,,,type2,on,3,28.404558181762695,209.8213348388672,3,0.3010299956639812
2988068,of_object,racial justice,strict,1986865,1,,,type1,,2,21.942419052124023,135.8591766357422,2,0.3010299956639812
2988069,of_object,American freedom,strict,1986959,1,,,type1,,2,24.932804107666016,107.55242919921875,2,0.3010299956639812
2988070,of_object,new middle class,strict,1987826,1,,,type1,,3,21.13302993774414,204.94552612304688,3,0.3010299956639812
2988071,of_object,America's mortgage market,strict,1988536,2,,,type1,,3,37.69298553466797,308.35516357421875,4,0.47712125471966244
2988072,of_object,omnitopia,strict,1989134,1,,,,,,,,,0.3010299956639812
2988073,of_object,conservation land ethic,strict,1989386,1,,,,,,23.602432250976562,242.25242614746094,3,0.3010299956639812
2988074,of_object,France,strict,1989560,2,,,,,,12.410444259643555,40.65589904785156,1,0.5684509113591762
2988075,of_object,education,strict,1989764,1,,,,,,8.621251106262207,41.60310745239258,1,0.3010299956639812
2988076,of_object,Islam in postsocialist Bulgaria,strict,1990424,1,,,type2,in,4,28.5439453125,193.01344299316406,3,0.3010299956639812
2988077,of_object,international society,strict,1991130,1,,,type1,,2,24.283958435058594,113.28931427001953,2,0.3010299956639812
2988078,of_object,Asclepius,strict,1991326,2,,,,,,-1.4136561155319214,58.049922943115234,1,0.5
2988079,of_object,Homer,strict,1992308,2,,,,,,4.999752998352051,37.02082824707031,1,0.5
2988080,of_object,anthropological knowledge,strict,1993655,1,,,type1,,2,14.79372787475586,124.40227508544922,2,0.3010299956639812
2988081,of_object,special relationship,strict,1994584,1,,,type1,,2,16.97822380065918,99.6013412475586,2,0.3010299956639812
2988082,of_object,Mata Hari,strict,1994636,2,,,,,,2.995109796524048,162.0680389404297,2,0.5
2988083,of_object,economic debate,strict,1994829,2,,,type1,,2,20.452421188354492,112.16213989257812,2,0.5
2988084,of_object,Reconstruction,strict,1996114,2,,,,,,5.370489597320557,49.93037796020508,1,0.5
2988085,of_object,narcissism,strict,1996588,1,,,,,,10.026250839233398,53.91887283325195,1,0.3010299956639812
2988086,of_object,behaviour change,strict,2002495,1,,,,,,17.398466110229492,92.61100006103516,2,0.3010299956639812
2988087,of_object,Troubles,strict,2003679,2,,,,,,10.427179336547852,48.41286087036133,1,0.5
2988088,of_object,Smithsonian,strict,2003784,2,,,,,,5.9397358894348145,35.17978286743164,1,0.6919379534615756
2988089,of_object,discovery,strict,2006099,4,,,,,,10.081859588623047,57.12111282348633,1,0.7582912873826964
2988090,of_object,'60s counter-culture,strict,2010367,1,,,,,,28.56560516357422,288.1482849121094,5,0.3010299956639812
2988091,of_object,St. Cuthbert,strict,2011481,1,,,,,,9.6527681350708,124.82767486572266,2,0.3010299956639812
2988092,of_object,Iraq War,strict,2011902,2,,,type1,,2,22.312978744506836,147.9602813720703,2,0.47712125471966244
2988093,of_object,new information technologies,strict,2015363,1,,,type1,,3,22.64842987060547,209.59878540039062,3,0.3010299956639812
2988094,of_object,voice,strict,2017147,1,,,,,,7.011264324188232,41.687313079833984,1,0.3010299956639812
2988095,of_object,atomic monopoly,strict,2025392,1,,,type1,,2,18.05695915222168,138.51837158203125,2,0.3010299956639812
2988096,of_object,travel,strict,2025422,1,,,,,,9.206412315368652,42.069915771484375,1,0.3010299956639812
2988097,of_object,Ottoman capital,strict,2025959,1,,,,,,17.002113342285156,94.75294494628906,2,0.3010299956639812
2988098,of_object,great St. Louis Exposition,strict,2026212,1,,,,,,25.640480041503906,251.05746459960938,4,0.3010299956639812
2988099,of_object,natural wisdom,strict,2026614,1,,,type1,,2,20.007333755493164,114.37881469726562,2,0.3010299956639812
2988100,of_object,popular verse in America,strict,2026916,1,,,type2,in,4,29.962539672851562,218.6395263671875,4,0.3010299956639812
2988101,of_object,American education,strict,2027018,1,,,type1,,2,20.882366180419922,98.9227523803711,2,0.3010299956639812
2988102,of_object,medical certainty,strict,2027103,1,,,type1,,2,17.454042434692383,110.2711410522461,2,0.3010299956639812
2988103,of_object,Judea,strict,2027482,2,,,,,,10.72344970703125,51.04301834106445,1,0.5
2988104,of_object,Baseball Hall of Fame,strict,2027946,2,,,type2,of,4,32.57748794555664,281.674560546875,4,0.0
2988105,of_object,triumviral assignment,strict,2029871,1,,,type1,,2,5.356998443603516,44.36752700805664,1,0.3010299956639812
2988106,of_object,visual technologies,strict,2031504,1,,,type1,,2,13.695893287658691,142.07626342773438,2,0.3010299956639812
2988107,of_object,extreme tourism,strict,2032114,1,,,type1,,2,20.330612182617188,113.67230224609375,2,0.3010299956639812
2988108,of_object,modern urban America,strict,2032364,1,,,type1,,3,34.17548751831055,198.33421325683594,3,0.3010299956639812
2988109,of_object,European culture,strict,2032366,1,,,type1,,2,24.088659286499023,121.82756805419922,2,0.3010299956639812
2988110,of_object,new nation-state,strict,2032800,1,,,type1,,2,26.7066593170166,289.2332763671875,4,0.3010299956639812
2988111,of_object,machine,strict,2034562,1,,,,,,5.849637031555176,45.57715606689453,1,0.3010299956639812
2988112,of_object,Nazis,strict,2034777,2,,,,,,11.501493453979492,56.26241683959961,1,0.0
2988113,of_object,legalistic state,strict,2035221,1,,,type1,,2,17.709314346313477,115.58885192871094,2,0.3010299956639812
2988114,of_object,social life,strict,2035528,1,,,type1,,2,25.806777954101562,145.3663787841797,2,0.3010299956639812
2988115,of_object,subjectivity,strict,2036426,1,,,,,,5.349728584289551,51.18695068359375,1,0.3010299956639812
2988116,of_object,modern body,strict,2036468,1,,,type1,,2,16.25275421142578,100.55220794677734,2,0.3010299956639812
2988117,of_object,modern Austin,strict,2037732,1,,,,,,14.235526084899902,76.4740219116211,2,0.3010299956639812
2988118,of_object,American Civil War,strict,2039142,2,,,type1,,3,32.539554595947266,217.08468627929688,3,0.5
2988119,of_object,green chemistry,strict,2039589,1,,,type1,,2,14.97152042388916,123.71134948730469,2,0.3010299956639812
2988120,of_object,immortality,strict,2040918,1,,,,,,11.282825469970703,46.206382751464844,1,0.3010299956639812
2988121,of_object,Pill,strict,2041983,2,,,,,,7.568724155426025,57.74018478393555,1,0.5
2988122,of_object,spaceship earth,strict,2042085,1,,,,,,17.32166862487793,117.9584732055664,2,0.3010299956639812
2988123,of_object,social space,strict,2042707,1,,,type1,,2,21.565391540527344,117.36677551269531,2,0.3010299956639812
2988124,of_object,new American woman,strict,2043475,1,,,type1,,3,25.341325759887695,210.5522918701172,3,0.3010299956639812
2988125,of_object,immigrant children,strict,2043497,1,,,type1,,2,21.371654510498047,126.75883483886719,2,0.3010299956639812
2988126,of_object,South Pole,strict,2043876,1,,,type1,,2,16.592575073242188,101.63111877441406,2,0.3010299956639812
2988127,of_object,veterinary medicine,strict,2044515,1,,,type1,,2,13.999465942382812,151.33717346191406,2,0.3010299956639812
2988128,of_object,New Deal narrative,strict,2044660,1,,,type1,,3,22.447755813598633,176.65658569335938,3,0.3010299956639812
2988129,of_object,Eastern Europe,strict,2045105,1,,,type1,,2,18.412824630737305,168.2796630859375,2,0.3010299956639812
2988130,of_object,ideas in early modern Germany,strict,2045618,1,,,type2,in,5,45.60386276245117,334.0228576660156,5,0.3010299956639812
2988131,of_object,Equatoria,strict,2046339,2,,,,,,,,,0.5
2988132,of_object,criticism,strict,2046526,3,,,,,,9.865217208862305,38.96550750732422,1,0.0
2988133,of_object,modern mathematics,strict,2047621,1,,,type1,,2,15.60793685913086,101.7991943359375,2,0.3010299956639812
2988134,of_object,Indian sovereignty,strict,2048817,1,,,type1,,2,16.902381896972656,116.13748168945312,2,0.3010299956639812
2988135,of_object,child victim,strict,2049871,1,,,,,,18.098970413208008,127.49359130859375,2,0.3010299956639812
2988136,of_object,human dignity,strict,2050252,1,,,type1,,2,24.2474422454834,150.7533416748047,2,0.3010299956639812
2988137,of_object,centrality,strict,2050468,1,,,,,,8.556562423706055,40.63966751098633,1,0.3010299956639812
2988138,of_object,mental illness in America,strict,2050692,1,,,type2,in,4,41.932411193847656,336.94384765625,4,0.3010299956639812
2988139,of_object,world economy,strict,2051623,1,,,,,,24.740325927734375,124.58194732666016,2,0.3010299956639812
2988140,of_object,public space,strict,2052309,2,,,type1,,2,20.042570114135742,129.49879455566406,2,0.47712125471966244
2988141,of_object,family,strict,2052801,2,,,,,,5.122786045074463,33.64056396484375,1,0.0
2988142,of_object,great chef,strict,2053364,1,,,type1,,2,11.567705154418945,106.50537109375,2,0.3010299956639812
2988143,of_object,Holocaust testimony,strict,2055371,1,,,type1,,2,17.582801818847656,132.9004669189453,2,0.3010299956639812
2988144,of_object,world's most notorious Ponzi scheme,strict,2055786,1,,,,,,47.64774703979492,443.6203308105469,6,0.3010299956639812
2988145,of_object,extraordinary mind,strict,2056396,1,,,type1,,2,16.13711166381836,74.27268981933594,2,0.3010299956639812
2988146,of_object,Liverpool's suburbs,strict,2056801,1,,,type1,,2,18.96575355529785,153.01837158203125,3,0.3010299956639812
2988147,of_object,dryland reservoir system,strict,2061190,1,,,type1,,3,21.014442443847656,242.97064208984375,3,0.3010299956639812
2988148,of_object,Indian capitalism,strict,2061360,1,,,type1,,2,23.54875373840332,132.6755828857422,2,0.3010299956639812
2988149,of_object,difference in South Africa,strict,2068625,1,,,type2,in,4,37.24662780761719,295.53057861328125,4,0.3010299956639812
2988150,of_object,'60s,strict,2075427,2,,,,,,8.232670783996582,98.02234649658203,2,0.5
2988151,of_object,gold,strict,2075480,1,,,,,,5.138031482696533,48.8804817199707,1,0.3010299956639812
2988152,of_object,walls,strict,2075519,1,,,,,,5.585294246673584,52.763221740722656,1,0.3010299956639812
2988153,of_object,heroes in Persiles,strict,2075523,1,,,type2,in,3,15.002341270446777,90.54096984863281,2,0.3010299956639812
2988154,of_object,gift,strict,2078317,1,,,,,,6.529392719268799,53.00567626953125,1,0.3010299956639812
2988155,of_object,civil-war editor,strict,2078345,1,,,type1,,2,25.317697525024414,219.742431640625,4,0.3010299956639812
2988156,of_object,global poverty,strict,2080747,1,,,type1,,2,24.878528594970703,155.3934783935547,2,0.3010299956639812
2988157,of_object,Britain's greatest comedian,strict,2081742,1,,,type1,,3,35.27484130859375,291.5949401855469,4,0.3010299956639812
2988158,of_object,amenity values,strict,2082217,1,,,,,,9.300027847290039,122.05762481689453,2,0.3010299956639812
2988159,of_object,comic book heroines,strict,2085547,1,,,type1,,3,19.357887268066406,184.36805725097656,3,0.3010299956639812
2988160,of_object,wealth,strict,2085679,2,,,,,,10.119183540344238,40.167301177978516,1,0.0
2988161,of_object,Bin Laden,strict,2086667,2,,,,,,11.826127052307129,200.98826599121094,2,0.5
2988162,of_object,Louis Sullivan,strict,2089047,1,,,,,,11.898144721984863,116.12236785888672,2,0.3010299956639812
2988163,of_object,mathematical history,strict,2090121,1,,,type1,,2,20.285940170288086,102.95722961425781,2,0.3010299956639812
2988164,of_object,eclipse reckoning,strict,2090518,1,,,,,,17.396007537841797,110.13581085205078,2,0.3010299956639812
2988165,of_object,precarious employment,strict,2090588,2,,,type1,,2,17.621612548828125,110.79108428955078,2,0.47712125471966244
2988166,of_object,African success story,strict,2090754,1,,,type1,,3,26.12433433532715,157.53018188476562,3,0.3010299956639812
2988167,of_object,Senegalese immigrants in America,strict,2091863,1,,,type2,in,4,36.607025146484375,321.29779052734375,4,0.3010299956639812
2988168,of_object,peace,strict,2091926,2,,,,,,12.671688079833984,43.21925354003906,1,0.47712125471966244
2988169,of_object,Islamic-nuclear nation,strict,2092168,1,,,type1,,2,30.23611831665039,255.26820373535156,4,0.3010299956639812
2988170,of_object,smart machines,strict,2093264,2,,,type1,,2,17.073862075805664,125.98863983154297,2,0.0
2988171,of_object,cybersex,strict,2093385,1,,,,,,4.03873872756958,59.25352478027344,1,0.3010299956639812
2988172,of_object,hip-hop,strict,2093660,1,,,,,,12.131054878234863,246.5775146484375,3,0.3010299956639812
2988173,of_object,Greek prose,strict,2094341,1,,,type1,,2,13.427295684814453,101.59065246582031,2,0.3010299956639812
2988174,of_object,research results,strict,2094478,1,,,,,,15.16650676727295,118.3134994506836,2,0.3010299956639812
2988175,of_object,new Europe,strict,2094944,1,,,type1,,2,16.569068908691406,98.328369140625,2,0.3010299956639812
2988176,of_object,dwelling,strict,2095019,1,,,,,,11.2389554977417,50.1502685546875,1,0.3010299956639812
2988177,of_object,modern Lebanon,strict,2095101,1,,,type1,,2,19.353408813476562,99.0999755859375,2,0.3010299956639812
2988178,of_object,Wall Street,strict,2095397,2,,,type1,,2,11.816412925720215,104.70442962646484,2,0.5
2988179,of_object,configurable culture,strict,2095478,1,,,type1,,2,17.67717933654785,97.95816802978516,2,0.3010299956639812
2988180,of_object,Washington's scandal culture,strict,2096104,1,,,type1,,3,33.98215103149414,238.88079833984375,4,0.3010299956639812
2988181,of_object,translation,strict,2098629,1,,,,,,8.2869234085083,48.842201232910156,1,0.3010299956639812
2988182,of_object,American legend,strict,2099412,2,,,type1,,2,16.522661209106445,114.02027130126953,2,0.47712125471966244
2988183,of_object,authority,strict,2099936,2,,,,,,10.559187889099121,36.02631759643555,1,0.47712125471966244
2988184,of_object,U.S. radical film culture,strict,2100593,1,,,,,,38.48992156982422,299.3564453125,4,0.3010299956639812
2988185,of_object,lifelong sobriety,strict,2101919,1,,,type1,,2,16.919389724731445,122.17178344726562,2,0.3010299956639812
2988186,of_object,life on Earth,strict,2103510,2,,,type2,on,3,30.601470947265625,234.66964721679688,3,0.47712125471966244
2988187,of_object,low-level radioactive waste,strict,2103542,1,,,type1,,3,34.57809066772461,482.6014099121094,5,0.3010299956639812
2988188,of_object,Western democracy,strict,2107106,1,,,type1,,2,25.73763084411621,126.45391845703125,2,0.3010299956639812
2988189,of_object,Notre Dame football,strict,2107136,1,,,type1,,3,17.058515548706055,201.38279724121094,3,0.3010299956639812
2988190,of_object,force in international politics,strict,2107443,1,,,type2,in,4,41.556400299072266,304.3605651855469,4,0.3010299956639812
2988191,of_object,evangelical conservatism,strict,2107625,1,,,type1,,2,15.519808769226074,141.04161071777344,2,0.3010299956639812
2988192,of_object,liberalism,strict,2107769,1,,,,,,13.476513862609863,55.33617401123047,1,0.3010299956639812
2988193,of_object,Mississippian world,strict,2108819,1,,,type1,,2,16.25171661376953,132.23690795898438,2,0.3010299956639812
2988194,of_object,critical theory,strict,2109348,1,,,type1,,2,16.980308532714844,99.582275390625,2,0.3010299956639812
2988195,of_object,mental health,strict,2110826,1,,,type1,,2,21.441259384155273,149.6343536376953,2,0.3010299956639812
2988196,of_object,political agency,strict,2110856,1,,,type1,,2,22.623023986816406,120.2599105834961,2,0.3010299956639812
2988197,of_object,urban space,strict,2111079,2,,,type1,,2,21.565391540527344,117.36677551269531,2,0.47712125471966244
2988198,of_object,Peruvian state,strict,2111252,1,,,type1,,2,22.91814422607422,123.54386901855469,2,0.3010299956639812
2988199,of_object,white-collar unemployment,strict,2111713,1,,,type1,,2,24.961742401123047,252.78086853027344,4,0.3010299956639812
2988200,of_object,humanitarianism,strict,2112628,1,,,,,,8.313899993896484,49.48645782470703,1,0.3010299956639812
2988201,of_object,digital information,strict,2112844,1,,,type1,,2,12.4132661819458,110.65851593017578,2,0.3010299956639812
2988202,of_object,Jesus,strict,2113086,5,,,,,,11.303386688232422,49.454193115234375,1,0.5
2988203,of_object,traditional society,strict,2113948,1,,,type1,,2,21.24419593811035,109.30099487304688,2,0.3010299956639812
2988204,of_object,American cultural memory,strict,2114191,1,,,type1,,3,28.11139488220215,201.31765747070312,3,0.3010299956639812
2988205,of_object,virtual revolution,strict,2114524,1,,,type1,,2,21.630765914916992,110.6904296875,2,0.3010299956639812
2988206,of_object,fusion,strict,2116286,1,,,,,,2.638355016708374,44.133758544921875,1,0.3010299956639812
2988207,of_object,modern promotion,strict,2116408,1,,,type1,,2,15.706582069396973,85.9769515991211,2,0.3010299956639812
2988208,of_object,third world states,strict,2116882,1,,,type1,,3,33.0906867980957,196.4774932861328,3,0.3010299956639812
2988209,of_object,scales,strict,2117425,1,,,,,,4.8989386558532715,44.13066101074219,1,0.3010299956639812
2988210,of_object,public conversation in America,strict,2117547,1,,,type2,in,4,39.68552780151367,274.5624084472656,4,0.3010299956639812
2988211,of_object,labor from reconstruction to globalization,strict,2118558,1,,,type2,from,5,43.045467376708984,424.6241149902344,5,0.3010299956639812
2988212,of_object,black left feminism,strict,2118810,1,,,type1,,3,24.562231063842773,207.35401916503906,3,0.3010299956639812
2988213,of_object,persons,strict,2119761,1,,,,,,11.2389554977417,50.1502685546875,1,0.3010299956639812
2988214,of_object,violence in Victorian Belfast,strict,2119858,1,,,type2,in,4,36.023895263671875,292.798828125,4,0.3010299956639812
2988215,of_object,China,strict,2121543,5,,,,,,9.206412315368652,42.069915771484375,1,0.5
2988216,of_object,women's poverty,strict,2123310,1,,,type1,,2,27.691089630126953,205.2641143798828,3,0.3010299956639812
2988217,of_object,Victorian religion,strict,2125252,1,,,type1,,2,17.924266815185547,141.12461853027344,2,0.3010299956639812
2988218,of_object,parenting,strict,2125594,1,,,,,,2.248927354812622,66.21019744873047,1,0.3010299956639812
2988219,of_object,era,strict,2125939,1,,,,,,11.446199417114258,48.879825592041016,1,0.3010299956639812
2988220,of_object,America's culture wars,strict,2126782,2,,,type1,,3,42.212547302246094,320.0348815917969,4,0.47712125471966244
2988221,of_object,Indian freedom,strict,2129592,1,,,type1,,2,22.743927001953125,113.68392181396484,2,0.3010299956639812
2988222,of_object,India's wildlife,strict,2130606,1,,,type1,,2,26.78923988342285,195.1485595703125,3,0.3010299956639812
2988223,of_object,postcolonial state,strict,2133487,1,,,type1,,2,22.50070571899414,122.7171401977539,2,0.3010299956639812
2988224,of_object,perceptive verbs,strict,2143018,1,,,type1,,2,11.689519882202148,110.12467193603516,2,0.3010299956639812
2988225,of_object,capitalism,strict,2144402,4,,,,,,13.476513862609863,55.33617401123047,1,0.6989700043360189
2988226,of_object,LNG price arbitrage,strict,2145377,1,,,type1,,3,13.007363319396973,171.80674743652344,3,0.3010299956639812
2988227,of_object,water-breathing animals,strict,2147015,1,,,type1,,2,23.259870529174805,239.10633850097656,4,0.3010299956639812
2988228,of_object,Isle Royale National Park,strict,2153329,1,,,,,,32.02581024169922,383.313720703125,4,0.3010299956639812
2988229,of_object,analogue computing,strict,2154837,1,,,,,,14.964378356933594,136.6888885498047,2,0.3010299956639812
2988230,of_object,membership,strict,2157702,1,,,,,,5.427891731262207,45.80866241455078,1,0.3010299956639812
2988231,of_object,virtual reality,strict,2157967,1,,,type1,,2,20.825937271118164,100.64673614501953,2,0.3010299956639812
2988232,of_object,Western capitalism,strict,2159699,1,,,type1,,2,25.73763084411621,126.45391845703125,2,0.3010299956639812
2988233,of_object,emissions trading,strict,2159785,1,,,,,,13.227957725524902,122.93391418457031,2,0.3010299956639812
2988234,of_object,American feud,strict,2160608,1,,,type1,,2,17.529369354248047,99.25390625,2,0.3010299956639812
2988235,of_object,social policy,strict,2160835,2,,,type1,,2,24.16023063659668,138.847900390625,2,0.47712125471966244
2988236,of_object,New York Yankees,strict,2161417,2,,,type1,,3,19.125551223754883,196.32211303710938,3,0.5
2988237,of_object,European polities,strict,2161468,1,,,type1,,2,19.09126091003418,106.97821807861328,2,0.3010299956639812
2988238,of_object,citizenship in Latin America,strict,2162990,1,,,type2,in,4,36.991050720214844,294.01055908203125,4,0.3010299956639812
2988239,of_object,inequality in China,strict,2163249,1,,,type2,in,3,28.254270553588867,182.78121948242188,3,0.3010299956639812
2988240,of_object,mass worker,strict,2163537,1,,,type1,,2,18.73410415649414,109.89063262939453,2,0.3010299956639812
2988241,of_object,Protestant identity,strict,2163619,1,,,type1,,2,19.848352432250977,104.992431640625,2,0.3010299956639812
2988242,of_object,chance,strict,2163897,1,,,,,,9.272577285766602,35.681358337402344,1,0.3010299956639812
2988243,of_object,modern American poetry,strict,2164109,1,,,type1,,3,30.75629234313965,181.76502990722656,3,0.3010299956639812
2988244,of_object,power panacea,strict,2164606,1,,,,,,14.709233283996582,104.38267517089844,2,0.3010299956639812
2988245,of_object,tennis's fiercest rivalry,strict,2164721,1,,,type1,,3,22.786867141723633,274.9082946777344,4,0.3010299956639812
2988246,of_object,business,strict,2165090,2,,,,,,11.612271308898926,46.59490203857422,1,0.0
2988247,of_object,disorder,strict,2165195,1,,,,,,8.890066146850586,46.11812973022461,1,0.3010299956639812
2988248,of_object,Protestant theology,strict,2167156,1,,,type1,,2,20.886754989624023,146.07418823242188,2,0.3010299956639812
2988249,of_object,abstract expressionism,strict,2167430,1,,,type1,,2,13.169201850891113,105.26737213134766,2,0.3010299956639812
2988250,of_object,public opinion professions,strict,2169154,1,,,type1,,3,26.71205711364746,204.34268188476562,3,0.3010299956639812
2988251,of_object,creative inquiry,strict,2169738,1,,,type1,,2,13.866732597351074,91.53202819824219,2,0.3010299956639812
2988252,of_object,cruelty,strict,2170043,1,,,,,,10.002349853515625,52.35593795776367,1,0.3010299956639812
2988253,of_object,activist-athlete,strict,2170419,1,,,,,,14.81818675994873,166.0564422607422,3,0.3010299956639812
2988254,of_object,recognition,strict,2171507,1,,,,,,5.301374435424805,46.514549255371094,1,0.3010299956639812
2988255,of_object,coexistence,strict,2171514,2,,,,,,9.778998374938965,45.06270980834961,1,0.47712125471966244
2988256,of_object,music,strict,2171734,1,,,,,,2.684130907058716,54.66400909423828,1,0.3010299956639812
2988257,of_object,Reformation,strict,2172168,2,,,,,,10.559187889099121,36.02631759643555,1,0.0
2988258,of_object,New Orleans,strict,2172580,2,,,,,,15.801156997680664,114.40947723388672,2,0.5
2988259,of_object,multiculturalism,strict,2172628,1,,,,,,9.420052528381348,48.251251220703125,1,0.3010299956639812
2988260,of_object,human being,strict,2173888,1,,,type1,,2,19.326797485351562,107.92916870117188,2,0.3010299956639812
2988261,of_object,queer past,strict,2174499,1,,,type2,past,2,16.340803146362305,106.03022003173828,2,0.3010299956639812
2988262,of_object,Christian,strict,2174793,3,,,,,,11.303386688232422,49.454193115234375,1,0.25
2988263,of_object,slavery in America,strict,2174828,1,,,type2,in,3,29.912490844726562,191.1067352294922,3,0.3010299956639812
2988264,of_object,avant-garde photomontage,strict,2176192,1,,,type1,,2,6.39543342590332,291.3934631347656,4,0.3010299956639812
2988265,of_object,leadership,strict,2176895,1,,,,,,10.38773250579834,44.682342529296875,1,0.3010299956639812
2988266,of_object,Law,strict,2177153,23,,,,,,10.657025337219238,54.1787109375,1,0.5
2988267,of_object,higher education,strict,2177488,2,,,type1,,2,17.8597469329834,108.47599029541016,2,0.47712125471966244
2988268,of_object,modern Guatemala,strict,2178154,1,,,type1,,2,15.653815269470215,91.43057250976562,2,0.3010299956639812
2988269,of_object,antihumanism,strict,2178232,1,,,,,,,,,0.3010299956639812
2988270,of_object,dynasty,strict,2178835,1,,,,,,11.446199417114258,48.879825592041016,1,0.3010299956639812
2988271,of_object,president,strict,2179171,1,,,,,,7.037020206451416,40.29916000366211,1,0.3010299956639812
2988272,of_object,federal government,strict,2179914,1,,,type1,,2,20.04659652709961,144.84786987304688,2,0.3010299956639812
2988273,of_object,secular culture,strict,2180254,1,,,type1,,2,20.382837295532227,120.38990020751953,2,0.3010299956639812
2988274,of_object,Jewish learning,strict,2180512,1,,,type1,,2,20.07400131225586,114.97612762451172,2,0.3010299956639812
2988275,of_object,artists,strict,2181556,1,,,,,,6.511479377746582,45.45928192138672,1,0.3010299956639812
2988276,of_object,Garifuna,strict,2182652,4,,,,,,,,,0.25
2988277,of_object,American south,strict,2182872,1,,,type1,,2,24.67156219482422,152.78561401367188,2,0.3010299956639812
2988278,of_object,singer-songwriter,strict,2183060,1,,,,,,8.155920028686523,238.40528869628906,3,0.3010299956639812
2988279,of_object,words,strict,2183870,1,,,,,,5.247894763946533,38.177406311035156,1,0.3010299956639812
2988280,of_object,reproduction,strict,2184480,1,,,,,,5.775416851043701,49.376182556152344,1,0.3010299956639812
2988281,of_object,Renaissance in Italy,strict,2184787,2,,,type2,in,3,32.75226974487305,224.97885131835938,3,0.0
2988282,of_object,certainty,strict,2184818,1,,,,,,10.559187889099121,36.02631759643555,1,0.3010299956639812
2988283,of_object,political faith,strict,2185311,1,,,type1,,2,23.68243980407715,124.51378631591797,2,0.3010299956639812
2988284,of_object,Saxons,strict,2186694,1,,,,,,8.241799354553223,43.86177062988281,1,0.3010299956639812
2988285,of_object,humanitarian intervention,strict,2187519,1,,,type1,,2,22.0087947845459,122.25672149658203,2,0.3010299956639812
2988286,of_object,possibilities,strict,2189452,2,,,,,,7.8401360511779785,39.53892517089844,1,0.0
2988287,of_object,revolution,strict,2194733,2,,,,,,13.476513862609863,55.33617401123047,1,0.47712125471966244
2988288,of_object,Odia jatra theatre,strict,2196109,1,,,type1,,3,4.567450523376465,115.5381851196289,2,0.3010299956639812
2988289,of_object,terrorists,strict,2203922,1,,,,,,10.727307319641113,56.616424560546875,1,0.3010299956639812
2988290,of_object,photography,strict,2205230,1,,,,,,3.4342896938323975,52.71894454956055,1,0.3010299956639812
2988291,of_object,Atlantic Neptune,strict,2206458,1,,,type1,,2,8.66586685180664,128.19140625,2,0.3010299956639812
2988292,of_object,Chinese Canadians,strict,2206505,2,,,type1,,2,24.663454055786133,148.84912109375,2,0.5
2988293,of_object,myth,strict,2208648,2,,,,,,8.11491584777832,38.61122512817383,1,0.5
2988294,of_object,divine monarchy in Ephesians,strict,2213159,1,,,type2,in,4,31.913888931274414,272.25006103515625,4,0.3010299956639812
2988295,of_object,human life,strict,2214137,1,,,type1,,2,24.2474422454834,150.7533416748047,2,0.3010299956639812
2988296,of_object,programming,strict,2216695,1,,,,,,4.196197509765625,47.537750244140625,1,0.3010299956639812
2988297,of_object,Justin Bieber,strict,2220005,2,,,,,,7.9432692527771,207.2230224609375,2,0.5
2988298,of_object,failure,strict,2220417,1,,,,,,10.90120792388916,44.198333740234375,1,0.3010299956639812
2988299,of_object,cultural icon,strict,2222629,1,,,type1,,2,17.001708984375,101.64861297607422,2,0.3010299956639812
2988300,of_object,national identity,strict,2223052,1,,,type1,,2,15.763932228088379,100.64044189453125,2,0.3010299956639812
2988301,of_object,mind in prehistoric times,strict,2223251,1,,,type2,in,4,36.514366149902344,288.5381164550781,4,0.3010299956639812
2988302,of_object,race in colonial Peru,strict,2223382,1,,,type2,in,4,39.11555862426758,281.7184753417969,4,0.3010299956639812
2988303,of_object,modern leadership,strict,2223689,1,,,type1,,2,19.017690658569336,103.1932601928711,2,0.3010299956639812
2988304,of_object,neoliberal politics,strict,2223774,1,,,type1,,2,22.410917282104492,143.74217224121094,2,0.3010299956639812
2988305,of_object,frontier's end,strict,2223910,2,,,type1,,2,27.430898666381836,172.35086059570312,3,0.47712125471966244
2988306,of_object,Tibet,strict,2224145,3,,,,,,5.272542953491211,56.941776275634766,1,0.25
2988307,of_object,risk,strict,2224304,2,,,,,,10.90120792388916,44.198333740234375,1,0.47712125471966244
2988308,of_object,new era,strict,2224343,2,,,type1,,2,18.808856964111328,106.89265441894531,2,0.47712125471966244
2988309,of_object,law in modern Egypt,strict,2224393,1,,,type2,in,4,38.09114074707031,269.3278503417969,4,0.3010299956639812
2988310,of_object,official secrets in American history,strict,2224443,1,,,type2,in,5,49.674617767333984,420.10015869140625,5,0.3010299956639812
2988311,of_object,Adolf Hitler,strict,2225122,3,,,,,,14.311441421508789,136.11563110351562,2,0.0
2988312,of_object,Delmas Four,strict,2225617,2,,,,,,7.567200183868408,101.38742065429688,2,0.5
2988313,of_object,environmental science,strict,2225998,1,,,type1,,2,17.409547805786133,123.78514862060547,2,0.3010299956639812
2988314,of_object,fashion legend,strict,2226328,2,,,,,,9.651384353637695,101.67399597167969,2,0.47712125471966244
2988315,of_object,human person,strict,2226616,1,,,type1,,2,21.192659378051758,109.5982894897461,2,0.3010299956639812
2988316,of_object,American sectionalism,strict,2226917,1,,,type1,,2,17.67760467529297,97.42141723632812,2,0.3010299956639812
2988317,of_object,mass production,strict,2227566,1,,,,,,15.839826583862305,99.47100830078125,2,0.3010299956639812
2988318,of_object,core values,strict,2227936,1,,,,,,11.293972969055176,113.70365905761719,2,0.3010299956639812
2988319,of_object,God's love,strict,2229041,1,,,type1,,2,22.400815963745117,164.0760955810547,3,0.3010299956639812
2988320,of_object,American dairy farm,strict,2229127,1,,,type1,,3,28.603961944580078,221.78648376464844,3,0.3010299956639812
2988321,of_object,posthuman body,strict,2229474,1,,,,,,13.33936882019043,99.94957733154297,2,0.3010299956639812
2988322,of_object,India pale ale,strict,2230229,1,,,type1,,3,15.687881469726562,215.4557647705078,3,0.3010299956639812
2988323,of_object,geography,strict,2230502,1,,,,,,6.9779791831970215,37.46572494506836,1,0.3010299956639812
2988324,of_object,Obama presidency,strict,2232250,1,,,,,,15.299964904785156,127.4054183959961,2,0.3010299956639812
2988325,of_object,others,strict,2232310,1,,,,,,8.241703033447266,34.58491134643555,1,0.3010299956639812
2988326,of_object,character,strict,2232659,1,,,,,,5.792444705963135,45.73946762084961,1,0.3010299956639812
2988327,of_object,attraction,strict,2232733,1,,,,,,7.965207099914551,39.777095794677734,1,0.3010299956639812
2988328,of_object,information capital,strict,2233596,1,,,,,,18.61384391784668,121.822998046875,2,0.3010299956639812
2988329,of_object,southern politics,strict,2234071,1,,,type1,,2,22.385103225708008,125.73353576660156,2,0.3010299956639812
2988330,of_object,middle-class home,strict,2234656,1,,,type1,,2,23.187997817993164,274.1640930175781,4,0.3010299956639812
2988331,of_object,French nation,strict,2234756,1,,,type1,,2,17.341066360473633,108.7209701538086,2,0.3010299956639812
2988332,of_object,Dutch New York,strict,2235118,2,,,type1,,3,24.551921844482422,212.23382568359375,3,0.5
2988333,of_object,islamic prestige,strict,2236205,1,,,type1,,2,17.838626861572266,105.43961334228516,2,0.3010299956639812
2988334,of_object,anthropology,strict,2236343,1,,,,,,8.788297653198242,52.50257110595703,1,0.3010299956639812
2988335,of_object,sacred texts,strict,2238293,1,,,type1,,2,16.638267517089844,108.51779174804688,2,0.3010299956639812
2988336,of_object,early modern identity,strict,2239121,1,,,type1,,3,25.18880844116211,162.40496826171875,3,0.3010299956639812
2988337,of_object,twenty-first-century families,strict,2239212,1,,,type1,,2,34.58799743652344,439.1404113769531,6,0.3010299956639812
2988338,of_object,performance,strict,2239458,1,,,,,,7.681477069854736,45.9267692565918,1,0.3010299956639812
2988339,of_object,better future,strict,2239495,1,,,,,,21.757251739501953,102.32965850830078,2,0.3010299956639812
2988340,of_object,partition,strict,2240873,1,,,,,,0.26299983263015747,74.33523559570312,1,0.3010299956639812
2988341,of_object,European dance,strict,2243658,1,,,type1,,2,14.945247650146484,113.08704376220703,2,0.3010299956639812
2988342,of_object,bebop,strict,2243802,1,,,,,,1.0889326333999634,48.80263137817383,1,0.3010299956639812
2988343,of_object,intelligibility,strict,2244171,1,,,,,,-0.5344114899635315,73.61666870117188,1,0.3010299956639812
2988344,of_object,gospel,strict,2244373,1,,,,,,9.125140190124512,50.77650451660156,1,0.3010299956639812
2988345,of_object,health,strict,2244451,1,,,,,,10.87648868560791,60.566715240478516,1,0.3010299956639812
2988346,of_object,American landscape,strict,2245170,1,,,type1,,2,21.20158576965332,109.66899108886719,2,0.3010299956639812
2988347,of_object,love,strict,2245535,1,,,,,,10.109046936035156,38.71051025390625,1,0.3010299956639812
2988348,of_object,Australian identities,strict,2246705,1,,,type1,,2,24.088659286499023,121.82756805419922,2,0.3010299956639812
2988349,of_object,youth homicide,strict,2246783,1,,,,,,19.934572219848633,153.05665588378906,2,0.3010299956639812
2988350,of_object,Renaissance literature,strict,2247013,1,,,type1,,2,19.23909568786621,100.11309051513672,2,0.3010299956639812
2988351,of_object,Individual,strict,2247370,3,,,,,,8.793638229370117,38.04032897949219,1,0.25
2988352,of_object,neuroscience,strict,2247645,1,,,,,,8.788297653198242,52.50257110595703,1,0.3010299956639812
2988353,of_object,Nationals,strict,2247785,2,,,,,,11.183015823364258,54.1860466003418,1,0.0
2988354,of_object,Indian civil-military relations,strict,2247924,1,,,type1,,3,37.837215423583984,365.05462646484375,5,0.3010299956639812
2988355,of_object,modern Middle East,strict,2249525,4,,,type1,,3,29.121109008789062,155.83920288085938,3,0.4093145324084527
2988356,of_object,modern spirituality,strict,2249761,1,,,type1,,2,21.301645278930664,108.85101318359375,2,0.3010299956639812
2988357,of_object,marijuana,strict,2250416,1,,,,,,10.564772605895996,49.053340911865234,1,0.3010299956639812
2988358,of_object,urban political machine,strict,2250499,1,,,type1,,3,29.9954776763916,195.268798828125,3,0.3010299956639812
2988359,of_object,cures,strict,2251863,1,,,,,,7.027756214141846,44.670963287353516,1,0.3010299956639812
2988360,of_object,violence,strict,2252114,1,,,,,,12.837247848510742,52.166324615478516,1,0.3010299956639812
2988361,of_object,L.A. muckraker Jerry Schneiderman,strict,2252421,1,,,,,,12.498985290527344,261.7388000488281,4,0.3010299956639812
2988362,of_object,worldview,strict,2252672,1,,,,,,9.583370208740234,50.689388275146484,1,0.3010299956639812
2988363,of_object,Jasper,strict,2262439,2,,,,,,4.907600402832031,39.45155715942383,1,0.5
2988364,of_object,Antarctica,strict,2262976,1,,,,,,9.206412315368652,42.069915771484375,1,0.3010299956639812
2988365,of_object,Canadian nature,strict,2264799,1,,,type1,,2,23.500076293945312,107.65641784667969,2,0.3010299956639812
2988366,of_object,drug policy,strict,2265329,1,,,,,,18.5938663482666,116.198974609375,2,0.3010299956639812
2988367,of_object,urban protest in Hamburg,strict,2265502,1,,,type2,in,4,39.07224655151367,285.39892578125,4,0.3010299956639812
2988368,of_object,global economy,strict,2270184,2,,,type1,,2,23.812076568603516,147.19976806640625,2,0.2968178012469744
2988369,of_object,postmodern homiletics,strict,2270384,1,,,type1,,2,12.416077613830566,120.30535888671875,2,0.3010299956639812
2988370,of_object,modern Poland,strict,2270660,1,,,type1,,2,17.83637046813965,87.4859390258789,2,0.3010299956639812
2988371,of_object,Middlemarch,strict,2273185,2,,,,,,,,,0.5
2988372,of_object,Toronto,strict,2274770,2,,,,,,8.902339935302734,50.21731185913086,1,0.5
2988373,of_object,hydroelectricity in Quebec,strict,2276640,1,,,type2,in,3,20.684711456298828,179.1747589111328,3,0.3010299956639812
2988374,of_object,international cooperation,strict,2277845,2,,,type1,,2,18.96082305908203,116.28506469726562,2,0.47712125471966244
2988375,of_object,consumerist Islam,strict,2278007,2,,,type1,,2,19.273256301879883,120.52278900146484,2,0.5
2988376,of_object,Greek national past,strict,2280437,1,,,type1,,3,25.650867462158203,160.4442901611328,3,0.3010299956639812
2988377,of_object,truth in modern psychological science,strict,2281055,1,,,type2,in,5,46.21862030029297,425.40313720703125,5,0.3010299956639812
2988378,of_object,balance,strict,2281452,1,,,,,,8.793638229370117,38.04032897949219,1,0.3010299956639812
2988379,of_object,prestige,strict,2284831,1,,,,,,6.581805229187012,44.895320892333984,1,0.3010299956639812
2988380,of_object,transcendence,strict,2286101,1,,,,,,12.671688079833984,43.21925354003906,1,0.3010299956639812
2988381,of_object,democratic self in postwar Britain,strict,2286133,1,,,type2,in,5,48.65345001220703,405.82818603515625,5,0.3010299956639812
2988382,of_object,American Global Health Science,strict,2286719,2,,,,,,43.669342041015625,401.98175048828125,4,0.5
2988383,of_object,art form,strict,2287798,1,,,,,,16.931568145751953,106.61787414550781,2,0.3010299956639812
2988384,of_object,modern New York,strict,2288501,1,,,type1,,3,24.894956588745117,166.02130126953125,3,0.3010299956639812
2988385,of_object,worlds,strict,2289319,2,,,,,,11.2389554977417,50.1502685546875,1,0.5
2988386,of_object,relation,strict,2289768,1,,,,,,8.012795448303223,41.02466583251953,1,0.3010299956639812
2988387,of_object,modern consumerism,strict,2290025,1,,,type1,,2,22.106470108032227,126.54458618164062,2,0.3010299956639812
2988388,of_object,well-being,strict,2290758,1,,,,,,15.134925842285156,153.96365356445312,3,0.3010299956639812
2988389,of_object,marijuana trade,strict,2290792,1,,,type1,,2,18.37757110595703,105.886474609375,2,0.3010299956639812
2988390,of_object,endangered animals,strict,2291272,1,,,type1,,2,20.37728500366211,209.88055419921875,2,0.3010299956639812
2988391,of_object,Palestinian state,strict,2291800,1,,,type1,,2,17.302217483520508,112.04756164550781,2,0.3010299956639812
2988392,of_object,modern India,strict,2292568,1,,,type1,,2,18.70219612121582,101.34285736083984,2,0.3010299956639812
2988393,of_object,America's universities,strict,2292688,1,,,type1,,2,30.1218204498291,181.1234130859375,3,0.3010299956639812
2988394,of_object,White Heat,strict,2292695,2,,,type1,,2,16.326589584350586,127.05352020263672,2,0.5
2988395,of_object,American celebrity,strict,2294484,1,,,type1,,2,19.63068389892578,88.7693099975586,2,0.3010299956639812
2988396,of_object,flight,strict,2294560,1,,,,,,7.032162189483643,52.90053939819336,1,0.3010299956639812
2988397,of_object,transatlantic financial crisis,strict,2294994,1,,,type1,,3,23.80561637878418,246.50718688964844,3,0.3010299956639812
2988398,of_object,Margaret Garner,strict,2295036,2,,,,,,14.340496063232422,97.3128433227539,2,0.5
2988399,of_object,Indonesia,strict,2296226,2,,,,,,9.206412315368652,42.069915771484375,1,0.5
2988400,of_object,modern city,strict,2296298,1,,,type1,,2,17.627748489379883,86.66202545166016,2,0.3010299956639812
2988401,of_object,racial scripts,strict,2296553,1,,,type1,,2,17.53006362915039,108.30997467041016,2,0.3010299956639812
2988402,of_object,irrationality,strict,2296570,1,,,,,,10.64419937133789,47.3026123046875,1,0.3010299956639812
2988403,of_object,Latin America,strict,2296648,4,,,type1,,2,17.727331161499023,131.26007080078125,2,0.16666666666666666
2988404,of_object,kinship,strict,2296849,1,,,,,,8.313899993896484,49.48645782470703,1,0.3010299956639812
2988405,of_object,religious intolerance,strict,2296872,1,,,type1,,2,18.731830596923828,154.8061065673828,2,0.3010299956639812
2988406,of_object,false prophecies,strict,2297321,1,,,type1,,2,19.17580795288086,91.45409393310547,2,0.3010299956639812
2988407,of_object,urban America,strict,2297547,1,,,type1,,2,25.545534133911133,125.62294006347656,2,0.3010299956639812
2988408,of_object,social individualism,strict,2297571,1,,,type1,,2,23.161340713500977,152.8004913330078,2,0.3010299956639812
2988409,of_object,foreign direct investments,strict,2297846,1,,,type1,,3,29.874629974365234,279.6392822265625,3,0.3010299956639812
2988410,of_object,sovereignty,strict,2297975,3,,,,,,6.830144882202148,57.50789260864258,1,0.6020599913279624
2988411,of_object,spy ship Pueblo,strict,2298428,1,,,,,,24.448272705078125,165.0536346435547,3,0.3010299956639812
2988412,of_object,groove,strict,2298484,1,,,,,,5.283535003662109,38.263816833496094,1,0.3010299956639812
2988413,of_object,two American anthems,strict,2298823,1,,,type1,,3,22.441883087158203,134.1518096923828,3,0.3010299956639812
2988414,of_object,journalism,strict,2300066,3,,,,,,9.865217208862305,38.96550750732422,1,0.6020599913279624
2988415,of_object,new American food culture,strict,2300405,2,,,,,,39.84286880493164,313.6484069824219,4,0.0
2988416,of_object,first acts,strict,2300998,1,,,,,,22.58649253845215,119.70093536376953,2,0.3010299956639812
2988417,of_object,death,strict,2301156,2,,,,,,7.534196376800537,50.9269905090332,1,0.6231355227786175
2988418,of_object,reconstruction,strict,2301251,1,,,,,,5.370489597320557,49.93037796020508,1,0.3010299956639812
2988419,of_object,psychiatry,strict,2301773,1,,,,,,8.788297653198242,52.50257110595703,1,0.3010299956639812
2988420,of_object,equity in public education,strict,2301819,1,,,type2,in,4,40.49154281616211,423.30865478515625,4,0.3010299956639812
2988421,of_object,Great Gatsby,strict,2302113,3,,,,,,10.700794219970703,67.81045532226562,2,0.5768254622647517
2988422,of_object,Russian state,strict,2302175,1,,,type1,,2,19.086172103881836,117.64216613769531,2,0.3010299956639812
2988423,of_object,criminal law,strict,2303146,1,,,type1,,2,21.22159194946289,155.93446350097656,2,0.3010299956639812
2988424,of_object,Bush Doctrine,strict,2303236,2,,,,,,21.425966262817383,109.65324401855469,2,0.5
2988425,of_object,objectivity,strict,2304389,1,,,,,,9.455662727355957,40.657257080078125,1,0.3010299956639812
2988426,of_object,zoos,strict,2304508,1,,,,,,10.188642501831055,52.47013854980469,1,0.3010299956639812
2988427,of_object,therapeutic boundaries,strict,2305192,1,,,type1,,2,20.461688995361328,105.13935852050781,2,0.3010299956639812
2988428,of_object,ethnic identity,strict,2305206,1,,,type1,,2,19.72797966003418,117.0926742553711,2,0.3010299956639812
2988429,of_object,Nuevo Mexico,strict,2306216,1,,,type1,,2,10.715154647827148,110.51294708251953,2,0.3010299956639812
2988430,of_object,religious authority in Islam,strict,2306850,1,,,type2,in,4,38.4520149230957,315.4107971191406,4,0.3010299956639812
2988431,of_object,Atlanta's water crisis,strict,2307784,1,,,type1,,3,34.324615478515625,274.4921875,4,0.3010299956639812
2988432,of_object,place in post-war Croatia,strict,2310504,1,,,type2,in,4,39.1827392578125,373.4947814941406,6,0.3010299956639812
2988433,of_object,child,strict,2313256,1,,,,,,10.564772605895996,49.053340911865234,1,0.3010299956639812
2988434,of_object,New England,strict,2314121,2,,,type1,,2,19.773101806640625,102.7034912109375,2,0.5
2988435,of_object,American art,strict,2314169,1,,,type1,,2,20.8336238861084,111.00543975830078,2,0.3010299956639812
2988436,of_object,self-creation,strict,2314609,1,,,,,,19.6992244720459,145.4445037841797,3,0.3010299956639812
2988437,of_object,law in Nepal,strict,2317666,1,,,type2,in,3,28.80997085571289,221.11061096191406,3,0.3010299956639812
2988438,of_object,Army,strict,2319375,1,,,,,,10.250600814819336,41.06074142456055,1,0.3010299956639812
2988439,of_object,British monarchy,strict,2323107,2,,,type1,,2,24.104795455932617,125.51923370361328,2,0.0
2988440,of_object,northern environments,strict,2323199,1,,,type1,,2,16.889732360839844,117.2580337524414,2,0.3010299956639812
2988441,of_object,genocide,strict,2323217,1,,,,,,11.272076606750488,56.72467041015625,1,0.3010299956639812
2988442,of_object,ethical ideal,strict,2323284,1,,,type1,,2,14.500767707824707,119.54125213623047,2,0.3010299956639812
2988443,of_object,armed conflicts,strict,2325520,1,,,type1,,2,19.55954360961914,125.29462432861328,2,0.3010299956639812
2988444,of_object,humanity,strict,2328011,4,,,,,,12.671688079833984,43.21925354003906,1,0.0
2988445,of_object,rural Nova Scotia,strict,2328972,1,,,type1,,3,22.850261688232422,240.99517822265625,3,0.3010299956639812
2988446,of_object,great Gatsby,strict,2329063,1,,,,,,10.700794219970703,67.81045532226562,2,0.3010299956639812
2988447,of_object,Canadian icon,strict,2330319,1,,,type1,,2,17.435283660888672,117.93006134033203,2,0.3010299956639812
2988448,of_object,modern Italy,strict,2333191,1,,,type1,,2,21.040401458740234,90.45037078857422,2,0.3010299956639812
2988449,of_object,Byron,strict,2334367,1,,,,,,5.657554626464844,38.303287506103516,1,0.3010299956639812
2988450,of_object,consumer culture,strict,2335328,1,,,,,,19.190200805664062,99.09567260742188,2,0.3010299956639812
2988451,of_object,musicality,strict,2339143,1,,,,,,7.420989990234375,53.28926467895508,1,0.3010299956639812
2988452,of_object,inequality,strict,2339349,1,,,,,,10.967150688171387,54.13751983642578,1,0.3010299956639812
2988453,of_object,competition,strict,2340627,1,,,,,,3.0563888549804688,25.376523971557617,1,0.3010299956639812
2988454,of_object,austerity,strict,2340909,1,,,,,,8.416784286499023,61.99692916870117,1,0.3010299956639812
2988455,of_object,port security,strict,2341294,1,,,,,,16.302392959594727,110.11852264404297,2,0.3010299956639812
2988456,of_object,modern cultural sphere,strict,2341473,1,,,type1,,3,31.696453094482422,226.12994384765625,3,0.3010299956639812
2988457,of_object,femininity in Venezuela,strict,2342198,1,,,type2,in,3,24.297792434692383,168.14923095703125,3,0.3010299956639812
2988458,of_object,painless needle insertion,strict,2342293,1,,,type1,,3,21.048917770385742,194.0454864501953,3,0.3010299956639812
2988459,of_object,Florentine codex,strict,2342863,1,,,,,,3.7698163986206055,131.58746337890625,2,0.3010299956639812
2988460,of_object,liberal democracy,strict,2343508,1,,,type1,,2,22.73518943786621,138.98703002929688,2,0.3010299956639812
2988461,of_object,American diet,strict,2345389,1,,,type1,,2,21.604066848754883,138.90902709960938,2,0.3010299956639812
2988462,of_object,Jewish identity,strict,2345413,1,,,type1,,2,20.04646110534668,119.04803466796875,2,0.3010299956639812
2988463,of_object,Colonial Williamsburg landscape,strict,2346347,1,,,type1,,3,29.686487197875977,201.13265991210938,3,0.3010299956639812
2988464,of_object,U.S.C.atholicism,strict,2347279,1,,,,,,,,,0.3010299956639812
2988465,of_object,feminist critique,strict,2347619,1,,,type1,,2,18.189226150512695,126.1309585571289,2,0.3010299956639812
2988466,of_object,American music,strict,2348159,1,,,type1,,2,14.945247650146484,113.08704376220703,2,0.3010299956639812
2988467,of_object,personal responsibility,strict,2348382,1,,,type1,,2,22.000001907348633,139.98687744140625,2,0.3010299956639812
2988468,of_object,American liberalism,strict,2348509,1,,,type1,,2,25.73763084411621,126.45391845703125,2,0.3010299956639812
2988469,of_object,self in Byzantium,strict,2348738,1,,,type2,in,3,20.19559669494629,153.07589721679688,3,0.3010299956639812
2988470,of_object,Mongolian identity,strict,2348826,1,,,type1,,2,16.348440170288086,103.316650390625,2,0.3010299956639812
2988471,of_object,Bergholz barbers,strict,2349265,1,,,type1,,2,1.637965440750122,59.21333312988281,1,0.3010299956639812
2988472,of_object,modern Laos,strict,2349694,1,,,type1,,2,17.83637046813965,87.4859390258789,2,0.3010299956639812
2988473,of_object,social problem,strict,2349902,1,,,type1,,2,23.367021560668945,108.7401123046875,2,0.3010299956639812
2988474,of_object,cultural freedom,strict,2349935,1,,,type1,,2,24.499229431152344,135.39190673828125,2,0.3010299956639812
2988475,of_object,rational therapeutics,strict,2350018,1,,,type1,,2,18.389259338378906,134.4069061279297,2,0.3010299956639812
2988476,of_object,Philadelphia,strict,2350872,2,,,,,,8.902339935302734,50.21731185913086,1,0.0
2988477,of_object,human rights,strict,2351960,1,,,type1,,2,20.40798568725586,108.61031341552734,2,0.3010299956639812
2988478,of_object,American empire,strict,2352321,2,,,type1,,2,23.70731544494629,126.77701568603516,2,0.48883426904311345
2988479,of_object,schools,strict,2353201,1,,,,,,5.689662933349609,44.14180374145508,1,0.3010299956639812
2988480,of_object,Pacific,strict,2353355,2,,,,,,9.206412315368652,42.069915771484375,1,0.47712125471966244
2988481,of_object,Ming novel,strict,2353411,1,,,type1,,2,10.966713905334473,65.07655334472656,2,0.3010299956639812
2988482,of_object,normative reasoning in international relations,strict,2353445,1,,,type2,in,5,47.24052429199219,438.76849365234375,5,0.3010299956639812
2988483,of_object,Irishness,strict,2356012,3,,,,,,,,,0.5
2988484,of_object,Cedric Dover,strict,2356396,1,,,,,,5.839224338531494,107.16339111328125,2,0.3010299956639812
2988485,of_object,modern nation,strict,2356603,2,,,type1,,2,17.684099197387695,103.20738220214844,2,0.0
2988486,of_object,abstraction,strict,2357029,1,,,,,,8.629958152770996,38.84266662597656,1,0.3010299956639812
2988487,of_object,excellence,strict,2357102,1,,,,,,7.556007385253906,47.60746383666992,1,0.3010299956639812
2988488,of_object,British Atlantic empire,strict,2357247,1,,,type1,,3,32.60965347290039,248.7083282470703,3,0.3010299956639812
2988489,of_object,American highways,strict,2357795,1,,,type1,,2,19.540058135986328,102.86915588378906,2,0.3010299956639812
2988490,of_object,forgery,strict,2358013,1,,,,,,5.205684185028076,46.39783477783203,1,0.3010299956639812
2988491,of_object,events,strict,2358555,1,,,,,,5.431983470916748,42.32540512084961,1,0.3010299956639812
2988492,of_object,cultural identities,strict,2359047,1,,,type1,,2,23.65508270263672,178.87904357910156,2,0.3010299956639812
2988493,of_object,Manhattan musical marketplace,strict,2359259,1,,,type1,,3,24.458520889282227,160.1392822265625,3,0.3010299956639812
2988494,of_object,religious icon,strict,2359786,2,,,type1,,2,13.729464530944824,101.09568786621094,2,0.47712125471966244
2988495,of_object,international relations,strict,2360059,1,,,type1,,2,20.241567611694336,136.3009490966797,2,0.3010299956639812
2988496,of_object,Americas,strict,2360107,2,,,,,,12.410444259643555,40.65589904785156,1,0.5
2988497,of_object,warlord entrepreneur,strict,2360147,1,,,type1,,2,13.66877269744873,94.81685638427734,2,0.3010299956639812
2988498,of_object,modern Judaism,strict,2361818,1,,,type1,,2,20.131452560424805,109.7905502319336,2,0.3010299956639812
2988499,of_object,modern political culture,strict,2362080,1,,,type1,,3,31.46824836730957,219.70494079589844,3,0.3010299956639812
2988500,of_object,male supremacy,strict,2362706,1,,,type1,,2,17.067420959472656,141.99317932128906,2,0.3010299956639812
2988501,of_object,urban apathy,strict,2364051,1,,,type1,,2,21.492551803588867,134.6933135986328,2,0.3010299956639812
2988502,of_object,continental drift,strict,2364077,1,,,type1,,2,22.438945770263672,106.6135025024414,2,0.3010299956639812
2988503,of_object,Edwardian age,strict,2364800,1,,,type1,,2,10.987977981567383,105.18939971923828,2,0.3010299956639812
2988504,of_object,new society,strict,2364961,1,,,type1,,2,20.034347534179688,90.05858612060547,2,0.3010299956639812
2988505,of_object,navy,strict,2365597,1,,,,,,12.261116981506348,42.844913482666016,1,0.3010299956639812
2988506,of_object,postwar liberalism,strict,2366177,1,,,type1,,2,23.90369415283203,152.7150115966797,2,0.3010299956639812
2988507,of_object,American Metropolis,strict,2367070,1,,,type1,,2,19.945589065551758,87.55757141113281,2,0.3010299956639812
2988508,of_object,American slavery,strict,2367317,1,,,type1,,2,21.682453155517578,121.57760620117188,2,0.3010299956639812
2988509,of_object,life after death,strict,2368601,1,,,type2,after,3,27.740079879760742,303.054931640625,3,0.3010299956639812
2988510,of_object,Lincoln Center,strict,2369096,2,,,type1,,2,16.983047485351562,104.48392486572266,2,0.5
2988511,of_object,Thai government,strict,2370250,1,,,type1,,2,18.59598159790039,108.90591430664062,2,0.3010299956639812
2988512,of_object,modern culture sphere,strict,2371966,1,,,,,,31.696453094482422,226.12994384765625,3,0.3010299956639812
2988513,of_object,Inder Kaur,strict,2372985,1,,,,,,-2.554131507873535,127.30420684814453,2,0.3010299956639812
2988514,of_object,modern South Africa,strict,2375414,1,,,type1,,3,30.24681282043457,194.6490478515625,3,0.3010299956639812
2988515,of_object,European crust,strict,2380386,1,,,type1,,2,17.080442428588867,131.17332458496094,2,0.3010299956639812
2988516,of_object,Catholic America,strict,2380690,8,,,type1,,2,23.713830947875977,132.9272003173828,2,0.9542425094393249
2988517,of_object,idea,strict,2382336,1,,,,,,8.35905933380127,28.771934509277344,1,0.3010299956639812
2988518,of_object,American environmental policy,strict,2382706,1,,,type1,,3,31.90751075744629,195.50633239746094,3,0.3010299956639812
2988519,of_object,Tsarist Russia,strict,2384267,2,,,type1,,2,20.2728271484375,124.51133728027344,2,0.5
2988520,of_object,modern societies,strict,2386158,1,,,type1,,2,20.457500457763672,103.208984375,2,0.3010299956639812
2988521,of_object,free country,strict,2387385,1,,,type1,,2,18.740745544433594,107.3563461303711,2,0.3010299956639812
2988522,of_object,equity,strict,2389779,1,,,,,,12.177316665649414,62.134666442871094,1,0.3010299956639812
2988523,of_object,human,strict,2390547,1,,,,,,11.575752258300781,48.6839714050293,1,0.3010299956639812
2988524,of_object,modern finance,strict,2390645,1,,,type1,,2,20.242229461669922,97.37002563476562,2,0.3010299956639812
2988525,of_object,psychological realism,strict,2392065,1,,,type1,,2,17.259254455566406,114.44349670410156,2,0.3010299956639812
2988526,of_object,Praxis,strict,2393137,1,,,,,,2.4251325130462646,56.726749420166016,1,0.3010299956639812
2988527,of_object,divinity,strict,2394064,1,,,,,,12.671688079833984,43.21925354003906,1,0.3010299956639812
2988528,of_object,wild things,strict,2394366,1,,,type1,,2,20.42057228088379,106.40222930908203,2,0.3010299956639812
2988529,of_object,complex life,strict,2394434,1,,,type1,,2,20.4227352142334,92.1469955444336,2,0.3010299956639812
2988530,of_object,anti-LGBT discrimination,strict,2394601,1,,,type1,,2,21.25885009765625,245.24151611328125,4,0.3010299956639812
2988531,of_object,cinematic space,strict,2395896,1,,,type1,,2,13.570671081542969,85.86214447021484,2,0.3010299956639812
2988532,of_object,stories,strict,2396363,1,,,,,,7.604111671447754,47.18671417236328,1,0.3010299956639812
2988533,of_object,Victorian body,strict,2396366,1,,,type1,,2,14.290236473083496,110.29915618896484,2,0.3010299956639812
2988534,of_object,Southern soul,strict,2396655,1,,,type1,,2,22.065929412841797,119.33406829833984,2,0.3010299956639812
2988535,of_object,scripture,strict,2397592,1,,,,,,10.559187889099121,36.02631759643555,1,0.3010299956639812
2988536,of_object,identities,strict,2397737,1,,,,,,11.82754135131836,44.71976089477539,1,0.3010299956639812
2988537,of_object,20-year losing streak,strict,2397797,1,,,,,,21.26308822631836,288.5102844238281,5,0.3010299956639812
2988538,of_object,coworkers,strict,2398241,1,,,,,,5.122786045074463,33.64056396484375,1,0.3010299956639812
2988539,of_object,Sino-American relations,strict,2398308,1,,,type1,,2,21.590755462646484,201.40016174316406,4,0.3010299956639812
2988540,of_object,global civil society,strict,2398355,1,,,type1,,3,33.24736022949219,224.2198028564453,3,0.3010299956639812
2988541,of_object,Eritrea,strict,2399084,1,,,,,,6.642548084259033,57.494197845458984,1,0.3010299956639812
2988542,of_object,cultural identity,strict,2399098,1,,,type1,,2,20.372509002685547,111.72142791748047,2,0.3010299956639812
2988543,of_object,glamour,strict,2399721,1,,,,,,6.33167839050293,39.65119552612305,1,0.3010299956639812
2988544,of_object,North American borderlands,strict,2400077,1,,,type1,,3,26.961069107055664,264.7434997558594,3,0.3010299956639812
2988545,of_object,Cambodian diaspora,strict,2400377,1,,,type1,,2,18.767295837402344,128.3032989501953,2,0.3010299956639812
2988546,of_object,new network,strict,2400787,1,,,type1,,2,13.510638236999512,121.20659637451172,2,0.3010299956639812
2988547,of_object,intrinsic worth,strict,2401006,1,,,type1,,2,16.81324005126953,89.19934844970703,2,0.3010299956639812
2988548,of_object,global markets,strict,2401147,1,,,type1,,2,20.71282958984375,131.24209594726562,2,0.3010299956639812
2988549,of_object,America's greatest president,strict,2401364,1,,,type1,,3,35.72507095336914,257.1122131347656,4,0.3010299956639812
2988550,of_object,new justice movement,strict,2401679,1,,,type1,,3,24.096132278442383,185.09243774414062,3,0.3010299956639812
2988551,of_object,U.S. nuclear weapons,strict,2401824,1,,,type1,,3,30.334880828857422,232.02456665039062,3,0.3010299956639812
2988552,of_object,religious concept,strict,2402224,1,,,type1,,2,16.44859504699707,104.92182922363281,2,0.3010299956639812
2988553,of_object,island,strict,2402685,1,,,,,,12.410444259643555,40.65589904785156,1,0.3010299956639812
2988554,of_object,carceral expansion,strict,2403215,1,,,type1,,2,11.543328285217285,94.29207611083984,2,0.3010299956639812
2988555,of_object,Middle Eastern politics,strict,2404271,1,,,type1,,3,30.277982711791992,172.1577911376953,3,0.3010299956639812
2988556,of_object,modern Korean literature,strict,2405605,1,,,type1,,3,24.037086486816406,174.83399963378906,3,0.3010299956639812
2988557,of_object,New Yorker,strict,2406659,2,,,type1,,2,14.988889694213867,93.86079406738281,2,0.6169695628246669
2988558,of_object,literary form,strict,2407193,1,,,type1,,2,18.224279403686523,99.91439819335938,2,0.3010299956639812
2988559,of_object,financial subject,strict,2407396,1,,,type1,,2,19.971330642700195,99.51107025146484,2,0.3010299956639812
2988560,of_object,communism in Europe,strict,2407637,1,,,type2,in,3,30.76363182067871,179.3280792236328,3,0.3010299956639812
2988561,of_object,knowledge in Late Antiquity,strict,2407967,1,,,type2,in,4,40.09217071533203,281.14068603515625,4,0.3010299956639812
2988562,of_object,Muslim youth,strict,2408140,1,,,type1,,2,24.814777374267578,155.58102416992188,2,0.3010299956639812
2988563,of_object,alterity,strict,2408529,1,,,,,,5.349728584289551,51.18695068359375,1,0.3010299956639812
2988564,of_object,immanence,strict,2408553,1,,,,,,1.510449767112732,85.88887023925781,1,0.3010299956639812
2988565,of_object,architecture,strict,2408764,1,,,,,,8.430299758911133,46.45999526977539,1,0.3010299956639812
2988566,of_object,community in modern Russia,strict,2408856,1,,,type2,in,4,33.78792953491211,233.41079711914062,4,0.3010299956639812
2988567,of_object,Jim Crow modernity,strict,2408933,1,,,,,,21.945600509643555,157.57069396972656,3,0.3010299956639812
2988568,of_object,America's mobile ICBMs,strict,2409724,2,,,type1,,3,27.223005294799805,165.14735412597656,3,0.47712125471966244
2988569,of_object,biomedicine,strict,2409741,1,,,,,,8.788297653198242,52.50257110595703,1,0.3010299956639812
2988570,of_object,Muslim state,strict,2409785,1,,,type1,,2,22.634553909301758,136.1246795654297,2,0.3010299956639812
2988571,of_object,American imperialism,strict,2410093,1,,,type1,,2,24.104795455932617,125.51923370361328,2,0.3010299956639812
2988572,of_object,international community,strict,2411010,1,,,type1,,2,20.26038360595703,109.88361358642578,2,0.3010299956639812
2988573,of_object,sovereignty in Latin America,strict,2411315,1,,,type2,in,4,32.63818359375,262.2884826660156,4,0.3010299956639812
2988574,of_object,world-class society,strict,2411856,1,,,type1,,2,30.66587257385254,263.9720458984375,4,0.3010299956639812
2988575,of_object,Virginia hunt country,strict,2413082,1,,,type1,,3,27.360292434692383,192.46531677246094,3,0.3010299956639812
2988576,of_object,modern South Asia,strict,2413470,1,,,type1,,3,30.24681282043457,194.6490478515625,3,0.3010299956639812
2988577,of_object,identity in Oceania,strict,2414581,1,,,type2,in,3,19.160114288330078,142.01675415039062,3,0.3010299956639812
2988578,of_object,American film,strict,2415290,1,,,type1,,2,18.8479061126709,106.44315338134766,2,0.3010299956639812
2988579,of_object,John Owen's theology,strict,2423316,1,,,,,,31.04374122619629,298.8453063964844,4,0.3010299956639812
2988580,of_object,WTO,strict,2424730,2,,,,,,4.681343078613281,61.38078308105469,1,0.5
2988581,of_object,disciplinary archive,strict,2425732,1,,,type1,,2,10.274314880371094,85.11003875732422,2,0.3010299956639812
2988582,of_object,Roman art,strict,2425799,1,,,type1,,2,20.8336238861084,111.00543975830078,2,0.3010299956639812
2988583,of_object,Canada's drug laws,strict,2425873,1,,,type1,,3,33.83057403564453,375.1034240722656,4,0.3010299956639812
2988584,of_object,techno-human condition,strict,2427270,1,,,type1,,2,24.769207000732422,286.9293212890625,4,0.3010299956639812
2988585,of_object,Text,strict,2448571,1,,,,,,2.7219698429107666,54.9489631652832,1,0.0
2988586,of_object,Indian Art in Oklahoma,strict,2459484,1,,,type2,in,4,35.1639518737793,309.5980224609375,4,0.0
2988587,of_object,Character,strict,2459858,2,,,,,,5.792444705963135,45.73946762084961,1,0.25
2988588,of_object,President Lincoln,strict,2460296,1,,,,,,15.939360618591309,92.2619857788086,2,0.5
2988589,of_object,European Polities,strict,2460565,1,,,type1,,2,19.09126091003418,106.97821807861328,2,0.5
2988590,of_object,New Era,strict,2460687,2,,,type1,,2,18.808856964111328,106.89265441894531,2,0.25
2988591,of_object,Emotion in Sufi Cults,strict,2460904,1,,,type2,in,4,38.59694290161133,324.3751525878906,4,0.5
2988592,of_object,Societies,strict,2461064,2,,,,,,11.82754135131836,44.71976089477539,1,0.5
2988593,of_object,Longform Poetics,strict,2461135,1,,,type1,,2,6.549802780151367,101.5066146850586,2,0.5
2988594,of_object,Indigenous Commodity,strict,2462567,1,,,type1,,2,20.796932220458984,104.96501159667969,2,0.5
2988595,of_object,Post-Soviet Society,strict,2463361,1,,,type1,,2,25.355892181396484,206.9828338623047,4,0.5
2988596,of_object,John Owen's Theology,strict,2463838,1,,,,,,31.04374122619629,298.8453063964844,4,0.0
2988597,of_object,People,strict,2465148,6,,,,,,11.82754135131836,44.71976089477539,1,0.5
2988598,of_object,American Icon,strict,2465183,3,,,type1,,2,17.435283660888672,117.93006134033203,2,0.2712811136104083
2988599,of_object,Tradition,strict,2465351,5,,,,,,9.277761459350586,33.855079650878906,1,0.5
2988600,of_object,Scene,strict,2466021,1,,,,,,9.070709228515625,51.75021743774414,1,0.5
2988601,of_object,Quilting,strict,2467589,1,,,,,,3.6320130825042725,53.07781219482422,1,0.5
2988602,of_object,Psychiatry,strict,2487677,2,,,,,,8.788297653198242,52.50257110595703,1,0.25
2988603,of_object,Illness,strict,2489342,3,,,,,,10.87648868560791,60.566715240478516,1,0.5
2988604,of_object,Culture,strict,2491715,9,,,,,,11.82754135131836,44.71976089477539,1,0.5
2988605,of_object,Media Space,strict,2493075,1,,,type1,,2,15.799864768981934,89.05068969726562,2,0.5
2988606,of_object,Politics,strict,2494158,5,,,,,,12.990863800048828,54.486534118652344,1,0.5
2988607,of_object,Secularism,strict,2505270,2,,,,,,9.583370208740234,50.689388275146484,1,0.25
2988608,of_object,Suicide Attacks,strict,2505541,1,,,type1,,2,17.242712020874023,149.23353576660156,2,0.5
2988609,of_object,Carers,strict,2505986,1,,,,,,7.769489765167236,43.43977737426758,1,0.5
2988610,of_object,Marketing,strict,2506383,2,,,,,,7.36265754699707,42.88561248779297,1,0.5
2988611,of_object,Longevity,strict,2507152,3,,,,,,7.681477069854736,45.9267692565918,1,0.5473431361074729
2988612,of_object,Middle-Class America,strict,2507167,1,,,type1,,2,25.81365203857422,233.43600463867188,4,0.5
2988613,of_object,Everyday Life,strict,2508012,7,,,type1,,2,21.294235229492188,96.38442993164062,2,0.5
2988614,of_object,Democratic Ideas,strict,2510560,1,,,type1,,2,17.42042350769043,110.14790344238281,2,0.5
2988615,of_object,Public Space,strict,2516502,3,,,type1,,2,20.042570114135742,129.49879455566406,2,0.5
2988616,of_object,Economic Debate,strict,2516991,2,,,type1,,2,20.452421188354492,112.16213989257812,2,0.25
2988617,of_object,Alliance,strict,2517046,1,,,,,,9.90159797668457,44.32664108276367,1,0.5
2988618,of_object,Capitalism,strict,2521287,10,,,,,,13.476513862609863,55.33617401123047,1,0.5
2988619,of_object,Critic,strict,2522266,1,,,,,,9.865217208862305,38.96550750732422,1,0.5
2988620,of_object,Postracial Britain,strict,2526537,1,,,type1,,2,12.410444259643555,40.65589904785156,1,0.5
2988621,of_object,Christian Art,strict,2526751,1,,,,,,19.875892639160156,108.03506469726562,2,0.5
2988622,of_object,Executive Branch Primacy,strict,2527025,1,,,type1,,3,21.48158836364746,198.720458984375,3,0.5
2988623,of_object,Social Engineering,strict,2528648,1,,,type1,,2,21.565391540527344,117.36677551269531,2,0.5
2988624,of_object,Race,strict,2536129,6,,,,,,9.984759330749512,44.496517181396484,1,0.5
2988625,of_object,Modernist Art,strict,2550264,2,,,type1,,2,17.0413761138916,113.74726104736328,2,0.4232425935548886
2988626,of_object,Terrorism,strict,2551160,3,,,,,,12.739679336547852,52.75557327270508,1,0.3333333333333333
2988627,of_object,Love,strict,2551331,5,,,,,,10.109046936035156,38.71051025390625,1,0.3333333333333333
2988628,of_object,Sixties,strict,2551492,1,,,,,,7.604111671447754,47.18671417236328,1,0.5
2988629,of_object,Marijuana,strict,2551542,1,,,,,,10.564772605895996,49.053340911865234,1,0.5
2988630,of_object,Global Trading System,strict,2551793,1,,,type1,,3,27.986541748046875,220.51670837402344,3,0.5
2988631,of_object,Modern Urban America,strict,2551857,1,,,type1,,3,34.17548751831055,198.33421325683594,3,0.5
2988632,of_object,Modern International Law,strict,2552411,1,,,type1,,3,30.899255752563477,221.13685607910156,3,0.5
2988633,of_object,Knowledge in Late Antiquity,strict,2552678,1,,,type2,in,4,40.09217071533203,281.14068603515625,4,0.5
2988634,of_object,Jim Crow Modernity,strict,2552697,1,,,,,,21.945600509643555,157.57069396972656,3,0.5
2988635,of_object,French Nation,strict,2553681,1,,,type1,,2,17.341066360473633,108.7209701538086,2,0.5
2988636,of_object,Humanity,strict,2553783,9,,,,,,12.671688079833984,43.21925354003906,1,0.5712202249944509
2988637,of_object,Authority,strict,2553823,3,,,,,,10.559187889099121,36.02631759643555,1,0.5
2988638,of_object,Peace,strict,2554034,3,,,,,,12.671688079833984,43.21925354003906,1,0.16666666666666666
2988639,of_object,Information State,strict,2554468,1,,,type1,,2,17.65859603881836,124.20582580566406,2,0.5
2988640,of_object,Evangelicalism,strict,2554655,3,,,,,,9.583370208740234,50.689388275146484,1,0.3333333333333333
2988641,of_object,Family in Tumult,strict,2555413,1,,,type2,in,3,18.395822525024414,139.04241943359375,3,0.5
2988642,of_object,Smithsonian's Fossil Halls,strict,2555466,1,,,,,,24.682689666748047,218.80467224121094,4,0.5
2988643,of_object,Sacrifice from Space to Image,strict,2556501,1,,,type2,from,5,38.906795501708984,394.1035461425781,5,0.5
2988644,of_object,Family,strict,2560726,4,,,,,,5.122786045074463,33.64056396484375,1,0.16666666666666666
2988645,of_object,Queer Past,strict,2571584,1,,,type1,,2,16.340803146362305,106.03022003173828,2,0.5
2988646,of_object,Early Attachment,strict,2574531,3,,,type1,,2,16.905303955078125,93.61446380615234,2,0.5
2988647,of_object,Identities,strict,2578650,3,,,,,,11.82754135131836,44.71976089477539,1,0.5
2988648,of_object,Decision-Making,strict,2580204,1,,,,,,19.01453399658203,134.14419555664062,3,0.0
2988649,of_object,Modern Surgery,strict,2582050,1,,,type1,,2,13.52698802947998,118.01515197753906,2,0.8857770211708509
2988650,of_object,Life,strict,2596490,19,,,,,,12.671688079833984,43.21925354003906,1,0.5
2988651,of_object,Modern Spirituality,strict,2596760,2,,,type1,,2,21.301645278930664,108.85101318359375,2,0.25
2988652,of_object,Urban Education,strict,2597214,1,,,type1,,2,21.756338119506836,124.06254577636719,2,0.5
2988653,of_object,Prisons,strict,2597527,1,,,,,,10.189685821533203,50.70199203491211,1,0.0
2988654,of_object,Society,strict,2599097,8,,,,,,12.671688079833984,43.21925354003906,1,0.5544071638516176
2988655,of_object,Southern Folk,strict,2599540,1,,,type1,,2,21.22178077697754,134.16831970214844,2,0.5
2988656,of_object,Bipolar Disorder,strict,2600463,1,,,,,,13.643818855285645,157.41526794433594,2,0.02118348992125511
2988657,of_object,Masterpiece,strict,2601902,2,,,,,,7.258699417114258,32.590484619140625,1,0.5910847649439168
2988658,of_object,Development,strict,2602003,6,,,,,,10.152782440185547,49.10176467895508,1,0.5
2988659,of_object,Desire,strict,2602920,6,,,,,,7.949771881103516,40.106895446777344,1,0.5
2988660,of_object,Victorian Religion,strict,2605320,1,,,,,,17.924266815185547,141.12461853027344,2,0.5
2988661,of_object,Knowledge in Premodern Europe,strict,2605623,1,,,type2,in,4,27.78382682800293,168.66836547851562,3,0.0
2988662,of_object,Teen Film,strict,2613754,1,,,,,,13.87417221069336,135.08682250976562,2,0.5
2988663,of_object,Healthcare,strict,2613781,2,,,,,,6.894855499267578,46.35205841064453,1,0.5
2988664,of_object,Research,strict,2614553,2,,,,,,8.73973560333252,44.59733200073242,1,0.25
2988665,of_object,Business,strict,2617040,2,,,,,,11.612271308898926,46.59490203857422,1,0.25
2988666,of_object,Profiles in Courage,strict,2625543,1,,,type2,in,3,24.241432189941406,174.32415771484375,3,0.5
2988667,of_object,Modernism,strict,2626732,2,,,,,,9.583370208740234,50.689388275146484,1,0.5
2988668,of_object,American Jewish Identity,strict,2642353,1,,,type1,,3,32.307579040527344,225.87913513183594,3,0.5
2988669,of_object,Transparency,strict,2642830,1,,,,,,10.38773250579834,44.682342529296875,1,0.5
2988670,of_object,Industry,strict,2644573,1,,,,,,6.511479377746582,45.45928192138672,1,0.5
2988671,of_object,Sociological Meanings,strict,2645502,1,,,type1,,2,15.074549674987793,124.51820373535156,2,0.5
2988672,of_object,Indie Music,strict,2648890,2,,,type1,,2,10.694924354553223,113.81600952148438,2,0.22619947409154065
2988673,of_object,Countervailing Movement,strict,2652540,1,,,type1,,2,15.534621238708496,125.96875762939453,2,0.5
2988674,of_object,Empire,strict,2658801,13,,,,,,11.446199417114258,48.879825592041016,1,0.6156092705027151
2988675,of_object,War,strict,2664437,8,,,,,,11.446199417114258,48.879825592041016,1,0.5
2988676,of_object,Conservation,strict,2670310,1,,,,,,7.105957508087158,58.827510833740234,1,0.0
2988677,of_object,Extraordinary Mind,strict,2675495,1,,,type1,,2,16.13711166381836,74.27268981933594,2,0.7945565619677206
2988678,of_object,State of Israel,strict,2685961,3,,,type2,of,3,30.17411231994629,215.32760620117188,3,0.3333333333333333
2988679,of_object,Modern NFL,strict,2687836,1,,,type1,,2,13.04636287689209,81.47007751464844,2,0.5
2988680,of_object,Rural Church,strict,2688533,2,,,type1,,2,20.69762420654297,120.08140563964844,2,0.0
2988681,of_object,Body,strict,2688832,3,,,,,,7.622795104980469,49.744140625,1,0.5
2988682,of_object,Language,strict,2689154,3,,,,,,6.6056809425354,53.986446380615234,1,0.5
2988683,of_object,Labour,strict,2689177,2,,,,,,10.14449691772461,50.6395149230957,1,0.5
2988684,of_object,Noir,strict,2689408,1,,,,,,1.3427605628967285,62.72101593017578,1,0.38366877724020254
2988685,of_object,Law in Latin America,strict,2690180,2,,,type2,in,4,36.465065002441406,310.1703186035156,4,0.5
2988686,of_object,Memory,strict,2690207,7,,,,,,4.022740364074707,54.62759780883789,1,0.5
2988687,of_object,Mississippian World,strict,2690619,1,,,type1,,2,16.25171661376953,132.23690795898438,2,0.5
2988688,of_object,Religious Concept,strict,2692134,1,,,type1,,2,16.44859504699707,104.92182922363281,2,0.5
2988689,of_object,Climate Change,strict,2695921,1,,,type1,,2,17.14691734313965,123.63750457763672,2,0.5
2988690,of_object,Veterinary Medicine,strict,2696143,1,,,type1,,2,13.999465942382812,151.33717346191406,2,0.0
2988691,of_object,Credit Suisse,strict,2706389,1,,,type1,,2,9.955367088317871,105.17357635498047,2,0.5
2988692,of_object,Dignity,strict,2708871,3,,,,,,12.671688079833984,43.21925354003906,1,0.3333333333333333
2988693,of_object,Greece,strict,2713133,1,,,,,,9.206412315368652,42.069915771484375,1,0.5
2988694,of_object,Political Agency,strict,2714660,2,,,type1,,2,22.623023986816406,120.2599105834961,2,0.25
2988695,of_object,unconditional love,strict,2729917,2,,,type1,,2,19.45988655090332,117.24629974365234,2,0.49781326670987036
2988696,of_object,Great Painter,strict,2730252,1,,,type1,,2,14.273289680480957,82.32508850097656,2,0.5
2988697,of_object,Harper Lee,strict,2730601,1,,,,,,13.123560905456543,128.4154052734375,2,0.5
2988698,of_object,Comedy,strict,2731383,1,,,,,,6.586789131164551,44.826114654541016,1,0.5
2988699,of_object,Japan's National Economy,strict,2731434,1,,,type1,,3,35.022377014160156,257.6941833496094,4,0.5
2988700,of_object,Afrique Française Libre,strict,2733013,1,,,,,,-0.7085822224617004,275.2475280761719,3,0.5
2988701,of_object,Third World States,strict,2733094,1,,,type1,,3,33.0906867980957,196.4774932861328,3,0.5
2988702,of_object,Ethical Ideal,strict,2733743,1,,,type1,,2,14.500767707824707,119.54125213623047,2,0.5
2988703,of_object,Water,strict,2733747,1,,,,,,6.825276851654053,39.63362121582031,1,0.5
2988704,of_object,Television,strict,2735433,1,,,,,,5.00118350982666,47.213134765625,1,0.5
2988705,of_object,Golf,strict,2738134,3,,,,,,8.902339935302734,50.21731185913086,1,0.22473383993132715
2988706,of_object,Self-Reflection,strict,2738614,1,,,,,,16.08448600769043,114.8253173828125,3,0.5
2988707,of_object,Race in Post-Civil Rights America,strict,2740336,1,,,type2,in,5,53.021114349365234,620.865234375,7,0.5
2988708,of_object,Landscape,strict,2740367,2,,,,,,8.940468788146973,47.91136932373047,1,0.5
2988709,of_object,Geographical Knowledge,strict,2741154,1,,,type1,,2,14.79372787475586,124.40227508544922,2,0.5
2988710,of_object,Christian Higher Education,strict,2741552,1,,,type1,,3,29.163127899169922,172.28578186035156,3,0.0
2988711,of_object,Labor from Reconstruction to Globalization,strict,2746779,1,,,type2,from,5,43.045467376708984,424.6241149902344,5,0.5
2988712,of_object,International Law,strict,2748192,3,,,type1,,2,22.26929473876953,160.99838256835938,2,0.16666666666666666
2988713,of_object,Force,strict,2757567,4,,,,,,8.87256145477295,41.689125061035156,1,0.5
2988714,of_object,New Market Economies,strict,2759797,3,,,type1,,3,25.220197677612305,237.96621704101562,3,0.16666666666666666
2988715,of_object,iconic American role,strict,2774224,1,,,type1,,3,27.830860137939453,152.20132446289062,3,0.17420151979398144
2988716,of_object,Second Indochina War,strict,2777855,1,,,type1,,3,20.50271987915039,233.3143768310547,3,0.5
2988717,of_object,Configurable Culture,strict,2777869,1,,,type1,,2,17.67717933654785,97.95816802978516,2,0.5
2988718,of_object,Global Los Angeles,strict,2778866,2,,,type1,,3,26.89068031311035,248.77389526367188,3,0.5
2988719,of_object,New Right,strict,2780738,2,,,type1,,2,17.594589233398438,93.15447998046875,2,0.25
2988720,of_object,Tragedy,strict,2780954,1,,,,,,9.160988807678223,42.94102096557617,1,0.5
2988721,of_object,Identity in Early Modern Rome,strict,2781052,1,,,type2,in,5,45.67995834350586,344.2528381347656,5,0.5
2988722,of_object,Ethics,strict,2784233,6,,,,,,10.38773250579834,44.682342529296875,1,0.5
2988723,of_object,Fraud,strict,2785131,1,,,,,,10.564566612243652,49.849876403808594,1,0.9329335461969306
2988724,of_object,Early Jewish Identity,strict,2791177,1,,,type1,,3,28.06034278869629,181.5820770263672,3,0.0
2988725,of_object,Britain's global strategy,strict,2794795,1,,,type1,,3,40.848350524902344,283.94305419921875,4,0.0
2988726,of_object,World Scale,strict,2797482,1,,,type1,,2,21.57063102722168,109.45530700683594,2,0.5
2988727,of_object,History,strict,2797519,14,,,,,,12.261116981506348,42.844913482666016,1,0.5
2988728,of_object,Psychoanalysis,strict,2797542,3,,,,,,8.468868255615234,38.69528579711914,1,0.3333333333333333
2988729,of_object,Syria's Kurds,strict,2818455,1,,,type1,,2,20.539081573486328,218.05421447753906,3,0.5
2988730,of_object,Latino Youth,strict,2818677,1,,,type1,,2,20.094736099243164,119.17001342773438,2,0.22686229879265654
2988731,of_object,Human Catastrophe,strict,2818770,1,,,type1,,2,20.89451789855957,119.58256530761719,2,0.5
2988732,of_object,Islam in Postsocialist Bulgaria,strict,2819630,1,,,type2,in,4,28.5439453125,193.01344299316406,3,0.5
2988733,of_object,Self-Help,strict,2819818,1,,,,,,17.064512252807617,122.75672912597656,3,0.5
2988734,of_object,Ibiza Clubland,strict,2822900,1,,,type1,,2,-0.06319676339626312,134.063720703125,2,0.0
2988735,of_object,Nonconceptual,strict,2824362,1,,,,,,,,,0.5
2988736,of_object,American Life,strict,2825422,3,,,type1,,2,24.932804107666016,107.55242919921875,2,0.5
2988737,of_object,Post-Cold War Stalemate,strict,2826777,1,,,type1,,3,33.25112533569336,334.4267578125,5,0.5
2988738,of_object,Structures in Post-Humanist Social Theory,strict,2827831,1,,,type2,in,5,49.18658447265625,522.8484497070312,7,0.5
2988739,of_object,Nation-State,strict,2828417,1,,,,,,19.34400177001953,177.6410675048828,3,0.5
2988740,of_object,Accountability in America's Public Schools,strict,2829433,1,,,type2,in,5,54.70917892456055,566.065185546875,6,0.5
2988741,of_object,Power,strict,2830002,4,,,,,,7.681477069854736,45.9267692565918,1,0.3333333333333333
2988742,of_object,Mid-Level Theories,strict,2837564,1,,,type1,,2,25.05693817138672,223.0641326904297,4,0.0
2988743,of_object,World Food Production,strict,2841239,2,,,type1,,3,28.313467025756836,200.95394897460938,3,0.5
2988744,of_object,New American Culture,strict,2848560,1,,,type1,,3,31.451313018798828,196.51193237304688,3,0.3558201667540892
2988745,of_object,Science,strict,2851902,2,,,,,,8.788297653198242,52.50257110595703,1,0.25
2988746,of_object,Cultural Revolution,strict,2862795,1,,,type1,,2,25.30405616760254,133.61953735351562,2,0.5
2988747,of_object,Social Individualism,strict,2863824,1,,,type1,,2,23.161340713500977,152.8004913330078,2,0.5
2988748,of_object,Child,strict,2863855,2,,,,,,10.564772605895996,49.053340911865234,1,0.5
2988749,of_object,European Democracies Against Fascism,strict,2864175,1,,,type2,against,4,36.4356689453125,313.62261962890625,4,0.5
2988750,of_object,Diverse Democracy,strict,2864228,1,,,type1,,2,22.12462615966797,109.0528793334961,2,0.5
2988751,of_object,Inner City,strict,2864259,2,,,,,,17.07849884033203,89.32557678222656,2,0.25
2988752,of_object,Truth,strict,2868638,5,,,,,,12.090362548828125,45.50667953491211,1,0.6058472153837732
2988753,of_object,Ethnic Nationalism,strict,2872638,2,,,type1,,2,23.02669334411621,142.01675415039062,2,0.5
2988754,of_object,Thought,strict,2873748,5,,,,,,10.231931686401367,30.091676712036133,1,0.5
2988755,of_object,Human Heart,strict,2874680,1,,,type1,,2,22.452239990234375,165.30850219726562,2,0.0
2988756,of_object,youth,strict,2878380,1,,,,,,12.837247848510742,52.166324615478516,1,0.0
2988757,of_object,Low-Level Radioactive Waste,strict,2879102,1,,,type1,,3,34.57809066772461,482.6014099121094,5,0.5
2988758,of_object,Public Health Security,strict,2880486,2,,,type1,,3,32.67797088623047,238.5537567138672,3,0.25
2988759,of_object,Modern World,strict,2883799,12,,,type1,,2,21.301645278930664,108.85101318359375,2,0.6163881339571359
2988760,of_object,Earth Surface Processes,strict,2885553,2,,,type1,,3,22.04363250732422,199.9217987060547,3,0.25
2988761,of_object,Dissent in Seventeenth-Century England,strict,2906846,1,,,type2,in,4,42.75675582885742,394.0401306152344,6,0.0
2988762,of_object,Readers in Fifteenth-Century England,strict,2907633,1,,,type2,in,4,41.709049224853516,392.7742004394531,6,0.5
2988763,of_object,American Conservation,strict,2907908,1,,,type1,,2,19.367074966430664,116.09329986572266,2,0.5
2988764,of_object,Rural Land Market,strict,2908076,1,,,type1,,3,27.30409812927246,290.6849060058594,3,0.5
2988765,of_object,Transatlantic Jewish Culture,strict,2909677,1,,,type1,,3,23.453744888305664,220.53091430664062,3,0.5
2988766,of_object,Modern Philadelphia,strict,2910293,1,,,type1,,2,17.532297134399414,92.42351531982422,2,0.5
2988767,of_object,St. Margaret in Medieval England,strict,2910386,1,,,type2,in,5,41.914798736572266,473.4959411621094,5,0.5
2988768,of_object,Urban Reputations,strict,2910751,1,,,type1,,2,19.71689796447754,116.12279510498047,2,0.5
2988769,of_object,Differences,strict,2911424,1,,,,,,8.012795448303223,41.02466583251953,1,0.5
2988770,of_object,'80s Rock Guitar,strict,2911598,1,,,,,,20.42273712158203,263.005859375,4,0.0
2988771,of_object,Animal Form,strict,2914003,1,,,type1,,2,18.547698974609375,99.94509887695312,2,0.5
2988772,of_object,Computer Art,strict,2914453,1,,,type1,,2,17.0028076171875,142.16326904296875,2,0.0
2988773,of_object,Pop Song,strict,2915629,2,,,type1,,2,8.771280288696289,122.91791534423828,2,0.5
2988774,of_object,Portuguese Empire,strict,2916579,1,,,,,,19.733121871948242,122.26165771484375,2,0.5
2988775,of_object,Real Happiness,strict,2917012,1,,,type1,,2,19.0154972076416,90.54783630371094,2,0.0
2988776,of_object,Human Mind,strict,2917180,2,,,type1,,2,19.675792694091797,105.98080444335938,2,0.5416969187298004
2988777,of_object,Modern Canada,strict,2923942,1,,,type1,,2,17.693693161010742,116.91045379638672,2,0.5
2988778,of_object,Fundamentalism,strict,2924440,1,,,,,,9.583370208740234,50.689388275146484,1,0.5
2988779,of_object,Disputes,strict,2924442,1,,,,,,8.832234382629395,46.60602951049805,1,0.5
2988780,of_object,Civic Life,strict,2926116,1,,,type1,,2,23.05942153930664,120.56705474853516,2,0.5
2988781,of_object,Alternatives,strict,2931410,1,,,,,,8.162575721740723,40.561866760253906,1,0.0
2988782,of_object,Space,strict,2934392,8,,,,,,8.430299758911133,46.45999526977539,1,0.5
2988783,of_object,Dog,strict,2934644,1,,,,,,5.815723896026611,55.40489959716797,1,0.0
2988784,of_object,Hip Consumerism,strict,2937444,1,,,type1,,2,19.725624084472656,103.63035583496094,2,0.5986402536871555
2988785,of_object,Sacred Geometry,strict,2949751,1,,,type1,,2,17.67258071899414,104.95408630371094,2,0.0
2988786,of_object,Identity,strict,2950009,10,,,,,,8.544966697692871,46.9934196472168,1,0.5
2988787,of_object,Violence,strict,2951011,4,,,,,,12.837247848510742,52.166324615478516,1,0.5
2988788,of_object,Maritime World,strict,2951949,1,,,type1,,2,19.777645111083984,117.9019775390625,2,0.0
2988789,of_object,Democratic Self in Postwar Britain,strict,2953460,1,,,type2,in,5,48.65345001220703,405.82818603515625,5,0.5
2988790,of_object,Sport,strict,2953728,3,,,,,,7.416491508483887,50.94314193725586,1,0.40334923565232744
2988791,of_object,Dissent,strict,2953822,2,,,,,,8.383784294128418,34.7809944152832,1,0.25
2988792,of_object,Feminism,strict,2955976,1,,,,,,9.720356941223145,51.12865447998047,1,0.0
2988793,of_object,Plagiarized Text,strict,2955984,1,,,type1,,2,5.772885322570801,123.36265563964844,2,0.0
2988794,of_object,Risk,strict,2960502,3,,,,,,10.90120792388916,44.198333740234375,1,0.3333333333333333
2988795,of_object,Gift,strict,2964639,1,,,,,,6.529392719268799,53.00567626953125,1,0.5
2988796,of_object,Sexual Strategies,strict,2966887,1,,,type1,,2,19.137277603149414,121.03986358642578,2,0.5
2988797,of_object,Religion,strict,2969321,5,,,,,,11.25682544708252,56.50672912597656,1,0.5
2988798,of_object,Los Angeles,strict,2971222,2,,,,,,15.147242546081543,184.3950653076172,2,0.5334656548244786
2988799,of_object,Concentration,strict,2971239,1,,,,,,8.898943901062012,43.507568359375,1,0.0
2988800,of_object,Unfreedom,strict,2971667,1,,,,,,,,,0.5
2988801,of_object,Innovative Poetics,strict,2971739,1,,,type1,,2,16.753068923950195,102.0738525390625,2,0.5
2988802,of_object,12 Zodiac Signs,strict,2974962,1,,,type1,,3,16.86932945251465,126.57426452636719,3,0.5
2988803,of_object,Transition,strict,2977260,1,,,,,,10.152782440185547,49.10176467895508,1,0.0
2988804,of_object,Disease,strict,2977283,1,,,,,,10.87648868560791,60.566715240478516,1,0.35452861394850554
2988805,of_object,Mystic Management,strict,2978297,1,,,type1,,2,16.88759422302246,82.40853881835938,2,0.0
2988806,of_object,Global Commerce,strict,2993413,3,,,type1,,2,23.486879348754883,205.3950958251953,2,0.16666666666666666
2988807,of_object,LGBT Revolution,strict,2993792,1,,,type1,,2,19.824922561645508,132.90347290039062,2,0.5
2988808,of_object,E.T. Kingsley,strict,2995665,1,,,,,,0.619277834892273,79.64884185791016,2,0.5
2988809,of_object,Digital,strict,2998779,1,,,,,,5.4116950035095215,55.26864242553711,1,0.5
2988810,of_object,Century,strict,3000198,6,,,,,,7.124492645263672,30.612119674682617,1,0.5561791226712408
2988811,of_object,Official Ideology,strict,3001749,2,,,type1,,2,16.58493995666504,89.09561920166016,2,0.25
2988812,of_object,Global Jihad,strict,3002169,2,,,type1,,2,24.483121871948242,152.78099060058594,2,0.5
2988813,of_object,Modernity,strict,3002390,12,,,,,,9.420052528381348,48.251251220703125,1,0.5
2988814,of_object,Health Activism,strict,3011918,1,,,type1,,2,23.867353439331055,145.55938720703125,2,0.5
2988815,of_object,Mass Society,strict,3012305,1,,,,,,21.261295318603516,103.65885162353516,2,0.5
2988816,of_object,FTX's Billion-Dollar Fintech Empire,strict,3012817,1,,,,,,32.238868713378906,440.9685974121094,7,0.7889171798192665
2988817,of_object,Spiritual Transformation,strict,3014275,1,,,type1,,2,22.82447052001953,117.83246612548828,2,0.5
2988818,of_object,World's Most Influential Hip-Hop Label,strict,3023789,1,,,,,,55.554969787597656,734.4934692382812,8,0.15364891414101223
2988819,of_object,Gospels,strict,3036477,2,,,,,,5.3993120193481445,44.46232986450195,1,0.5
2988820,of_object,Meanings,strict,3039827,1,,,,,,6.6056809425354,53.986446380615234,1,0.5
2988821,of_object,Knowledge,strict,3040653,10,,,,,,10.49670696258545,50.16355895996094,1,0.5
2988822,of_object,International Drug Trade,strict,3040701,1,,,type1,,3,26.99379539489746,222.20498657226562,3,0.5
2988823,of_object,ISIS,strict,3040985,1,,,,,,2.2005059719085693,45.62792205810547,1,0.5
2988824,of_object,Transformation,strict,3041062,4,,,,,,10.152782440185547,49.10176467895508,1,0.5
2988825,of_object,Human Race,strict,3044484,3,,,type1,,2,21.56051254272461,129.5081787109375,2,0.3325397584713448
2988826,of_object,Schools,strict,3045264,2,,,,,,5.689662933349609,44.14180374145508,1,0.25
2988827,of_object,Catholic History,strict,3052982,1,,,type1,,2,23.56450653076172,131.60104370117188,2,0.0
2988828,of_object,Public Input,strict,3055776,1,,,type1,,2,18.14634895324707,115.87105560302734,2,0.5
2988829,of_object,Liberty,strict,3056178,5,,,,,,13.476513862609863,55.33617401123047,1,0.5888655805771172
2988830,of_object,Human Kinds,strict,3057249,1,,,type1,,2,16.99262237548828,120.41937255859375,2,0.5
2988831,of_object,Community,strict,3057772,5,,,,,,8.648114204406738,31.5285701751709,1,0.5
2988832,of_object,Pagan Myth,strict,3063955,2,,,,,,19.41830062866211,115.55529022216797,2,0.3036158458842399
2988833,of_object,Region,strict,3064454,3,,,,,,8.080708503723145,38.03434371948242,1,0.25
2988834,of_object,North Korea,strict,3078447,1,,,,,,21.61685562133789,138.28121948242188,2,0.5
2988835,of_object,New Innovation Economy,strict,3078478,1,,,type1,,3,28.31944465637207,223.52359008789062,3,0.5
2988836,of_object,British Monarchy,strict,3078792,1,,,type1,,2,24.104795455932617,125.51923370361328,2,0.7998377159150492
2988837,of_object,Design,strict,3079604,1,,,,,,6.9278740882873535,42.68080139160156,1,0.5
2988838,of_object,Iconic Dwelling,strict,3080235,1,,,type1,,2,18.16058921813965,134.73374938964844,2,0.0
2988839,of_object,Modern Mexico,strict,3080305,3,,,type1,,2,21.040401458740234,90.45037078857422,2,0.5
2988840,of_object,Twentieth-Century Master,strict,3081071,1,,,type1,,2,25.323089599609375,179.2627716064453,4,0.0
2988841,of_object,Pleasure,strict,3081215,4,,,,,,7.059031009674072,57.29486083984375,1,0.5
2988842,of_object,Mobilization,strict,3081749,1,,,,,,6.741379261016846,46.364776611328125,1,0.5
2988843,of_object,Missionary,strict,3081913,2,,,,,,11.303386688232422,49.454193115234375,1,0.25
2988844,of_object,Equal Partnership,strict,3084317,1,,,type1,,2,16.14219093322754,94.21479034423828,2,0.9278647494638183
2988845,of_object,Clinical Pastoral Education,strict,3088040,1,,,type1,,3,26.54849624633789,237.94091796875,3,0.5
2988846,of_object,Gang War,strict,3093376,1,,,type1,,2,21.934707641601562,134.70257568359375,2,0.5
2988847,of_object,mobility,strict,3094056,1,,,,,,7.681477069854736,45.9267692565918,1,0.0
2988848,of_object,World,strict,3106214,14,,,,,,12.671688079833984,43.21925354003906,1,0.6331637261347521
2988849,of_object,Home Run,strict,3109801,1,,,type1,,2,20.0167179107666,124.09141540527344,2,0.0
2988850,of_object,African Industrial Education,strict,3122436,1,,,type1,,3,29.312667846679688,203.5626983642578,3,0.5
2988851,of_object,Democratic Republic,strict,3124106,1,,,,,,21.36199951171875,107.0669174194336,2,0.5
2988852,of_object,Sex in Modern China,strict,3126346,1,,,type2,in,4,33.002464294433594,251.91281127929688,4,0.5
2988853,of_object,Japanese Finance,strict,3130798,1,,,type1,,2,20.041418075561523,113.10316467285156,2,0.5
2988854,of_object,Western Democracy,strict,3132014,1,,,type1,,2,25.73763084411621,126.45391845703125,2,0.5
2988855,of_object,American Empire,strict,3141054,4,,,type1,,2,23.70731544494629,126.77701568603516,2,0.5
2988856,of_object,Yoga,strict,3141812,1,,,,,,7.781919479370117,52.57719802856445,1,0.0
2988857,of_object,Rohingya,strict,3145464,2,,,,,,,,,0.0
2988858,of_object,Informal Politics,strict,3148772,1,,,type1,,2,22.082502365112305,125.99650573730469,2,0.5
2988859,of_object,Arab-Israeli conflict,strict,3149284,1,,,type1,,2,32.14383316040039,320.34033203125,4,0.0
2988860,of_object,Mentally Ill,strict,3150264,1,,,type1,,2,19.366533279418945,105.88230895996094,2,0.5
2988861,of_object,Post-Sixties America,strict,3151605,1,,,type1,,2,24.895286560058594,249.8846435546875,4,0.0
2988862,of_object,Nations,strict,3153918,7,,,,,,11.82754135131836,44.71976089477539,1,0.6243442388893711
2988863,of_object,American Dream,strict,3164300,8,,,type1,,2,20.361156463623047,97.11067199707031,2,0.6375677707749191
2988864,of_object,Electoral Authoritarianism,strict,3168140,1,,,type1,,2,18.534923553466797,130.79359436035156,2,0.5
2988865,of_object,German Southwest Africa,strict,3168574,1,,,type1,,3,29.903779983520508,266.97601318359375,3,0.5
2988866,of_object,Women's Rights,strict,3169646,1,,,type1,,2,23.38823699951172,175.4876708984375,3,0.8225689734229762
2988867,of_object,Pregnant Teens,strict,3172438,1,,,type1,,2,12.640129089355469,157.35401916503906,2,0.5
2988868,of_object,Mexican Revolution,strict,3173066,2,,,type1,,2,25.73763084411621,126.45391845703125,2,0.25
2988869,of_object,Festive Foodscape,strict,3173535,1,,,,,,4.146719932556152,52.66119384765625,1,0.5
2988870,of_object,Musicality,strict,3173553,1,,,,,,7.420989990234375,53.28926467895508,1,0.5
2988871,of_object,Narcissm,strict,3173599,1,,,,,,,,,0.5
2988872,of_object,Heresy,strict,3174532,2,,,,,,7.766539096832275,37.578975677490234,1,0.5
2988873,of_object,Billionaire,strict,3184320,1,,,,,,9.74594783782959,48.09369659423828,1,0.5
2988874,of_object,Performance,strict,3186125,3,,,,,,7.681477069854736,45.9267692565918,1,0.16666666666666666
2988875,of_object,Internet Literature,strict,3191291,1,,,type1,,2,15.132230758666992,90.23643493652344,2,0.0
2988876,of_object,Profit,strict,3194223,2,,,,,,9.913715362548828,42.614906311035156,1,0.33301824489666665
2988877,of_object,adult,strict,3202767,1,,,,,,8.347606658935547,63.45519256591797,1,0.5
2988878,of_object,Genocide,strict,3206489,3,,,,,,11.272076606750488,56.72467041015625,1,0.16666666666666666
2988879,of_object,Insurgencies in Iraq,strict,3206924,1,,,type2,in,3,28.710224151611328,178.1359405517578,3,0.5
2988880,of_object,Jack Irish,strict,3207032,1,,,,,,19.727121353149414,130.52960205078125,2,0.5
2988881,of_object,No-Good English Professor,strict,3208121,1,,,type1,,3,35.10570526123047,371.31927490234375,5,0.5
2988882,of_object,Private Property,strict,3208206,1,,,type1,,2,19.001445770263672,157.826171875,2,0.0
2988883,of_object,Mankind,strict,3209378,2,,,,,,11.282825469970703,46.206382751464844,1,0.5
2988884,of_object,Nepali Girls,strict,3209442,1,,,,,,11.526556968688965,143.56044006347656,2,0.5
2988885,of_object,Reggae,strict,3214584,1,,,,,,2.684130907058716,54.66400909423828,1,0.5
2988886,of_object,America's Youth,strict,3215987,2,,,type1,,2,31.77605438232422,185.36485290527344,3,0.5
2988887,of_object,America's Largest Urban Commune,strict,3216240,1,,,,,,44.107242584228516,367.6153259277344,5,0.9551142641605435
2988888,of_object,Self,strict,3216390,12,,,,,,8.783564567565918,39.18723678588867,1,0.5
2988889,of_object,Twenty-First-Century Families,strict,3217070,1,,,type1,,2,34.58799743652344,439.1404113769531,6,0.5
2988890,of_object,Democracy,strict,3236121,13,,,,,,13.476513862609863,55.33617401123047,1,0.5
2988891,of_object,portraits in Britain,strict,3245595,1,,,type2,in,3,26.121463775634766,148.2471923828125,3,0.5
2988892,of_object,Berlin Wall,strict,3247999,1,,,type1,,2,13.388543128967285,95.93724822998047,2,0.43466482304041987
2988893,of_object,FBI,strict,3249310,2,,,,,,5.9130635261535645,50.247066497802734,1,0.4954680374980336
2988894,of_object,Capital,strict,3249926,4,,,,,,11.612271308898926,46.59490203857422,1,0.5
2988895,of_object,Owen Thomas,strict,3249942,1,,,,,,14.932012557983398,168.0272674560547,2,0.5
2988896,of_object,Donald Trump,strict,3251235,3,,,,,,17.430213928222656,84.0894775390625,2,0.16666666666666666
2988897,of_object,Bureaucracy,strict,3253045,1,,,,,,9.684950828552246,52.540321350097656,1,0.5
2988898,of_object,Silence,strict,3254636,2,,,,,,7.011264324188232,41.687313079833984,1,0.24693586311113386
2988899,of_object,Cultural Studies,strict,3254863,2,,,type1,,2,20.567276000976562,100.62153625488281,2,0.5
2988900,of_object,Edwardian Age,strict,3255016,1,,,type1,,2,10.987977981567383,105.18939971923828,2,0.5
2988901,of_object,Official Secrets in American History,strict,3256555,1,,,type2,in,5,49.674617767333984,420.10015869140625,5,0.9121531073028554
2988902,of_object,Modern Worker,strict,3265621,1,,,type1,,2,18.77445411682129,100.74542236328125,2,0.5
2988903,of_object,Fuggers,strict,3267468,1,,,,,,-0.7415127158164978,57.02290344238281,1,0.0
2988904,of_object,English Studies,strict,3268365,2,,,type1,,2,17.026660919189453,105.5419921875,2,0.0
2988905,of_object,John Mack,strict,3275441,1,,,,,,11.118599891662598,116.70548248291016,2,0.5097123424674985
2988906,of_object,Three Classic Westerns,strict,3275471,1,,,type1,,3,16.37540626525879,152.5915069580078,3,0.5
2988907,of_object,Comic Book,strict,3276475,1,,,type1,,2,12.43625545501709,105.026611328125,2,0.750851086510911
2988908,of_object,Crisis,strict,3278978,1,,,,,,12.068635940551758,46.591400146484375,1,0.0
2988909,of_object,Profession,strict,3290715,2,,,,,,8.713518142700195,33.33462905883789,1,0.5
2988910,of_object,Great Powers,strict,3290915,2,,,type1,,2,19.146577835083008,99.99282836914062,2,0.5
2988911,of_object,Exclusivity,strict,3291050,1,,,,,,7.764640808105469,53.786067962646484,1,0.5
2988912,of_object,American Past,strict,3291468,1,,,type1,,2,22.406097412109375,92.7037353515625,2,0.5
2988913,of_object,European Culture,strict,3295040,1,,,type1,,2,24.088659286499023,121.82756805419922,2,0.5
2988914,of_object,Consumption,strict,3297986,4,,,,,,9.029231071472168,48.27568817138672,1,0.3333333333333333
2988915,of_object,Packaging Waste Directive,strict,3298042,1,,,type1,,3,20.814678192138672,262.7453918457031,3,0.5
2988916,of_object,Música Popular Brasileira,strict,3299824,1,,,,,,4.785804748535156,257.4527587890625,3,0.5
2988917,of_object,Kentucky Violence,strict,3305709,1,,,type1,,2,21.73958969116211,117.55520629882812,2,0.5
2988918,of_object,Modern Lagos,strict,3309334,1,,,type1,,2,11.681899070739746,91.75923919677734,2,0.5
2988919,of_object,Happiness,strict,3314539,11,,,,,,8.783564567565918,39.18723678588867,1,0.5840667417167366
2988920,of_object,World Cricket,strict,3315763,1,,,type1,,2,22.444459915161133,116.10576629638672,2,0.5
2988921,of_object,Paris Agreement,strict,3318605,1,,,type1,,2,17.367919921875,97.58325958251953,2,0.5
2988922,of_object,consent,strict,3331555,1,,,,,,6.43464994430542,33.994140625,1,0.0
2988923,of_object,Nationalist Modernity,strict,3332903,1,,,type1,,2,16.178680419921875,129.86976623535156,2,0.0
2988924,of_object,Untruthfulness,strict,3333078,1,,,,,,,,,0.5
2988925,of_object,American Islam,strict,3339058,1,,,type1,,2,23.517942428588867,139.34317016601562,2,0.5
2988926,of_object,José Medellin,strict,3340213,1,,,,,,-1.7647989988327026,157.17066955566406,2,0.5
2988927,of_object,Secular Culture,strict,3341024,1,,,type1,,2,20.382837295532227,120.38990020751953,2,0.5
2988928,of_object,Genre,strict,3342217,2,,,,,,6.052086353302002,44.8929328918457,1,0.25
2988929,of_object,American Aviation,strict,3347959,2,,,type1,,2,19.251035690307617,101.13700103759766,2,0.25
2988930,of_object,Wealth,strict,3352133,1,,,,,,10.119183540344238,40.167301177978516,1,0.0
2988931,of_object,Objects,strict,3352757,2,,,,,,7.618825912475586,38.78078842163086,1,0.25
2988932,of_object,Innocence,strict,3353219,1,,,,,,10.531342506408691,49.00833511352539,1,0.5
2988933,of_object,Liberalism,strict,3354069,3,,,,,,13.476513862609863,55.33617401123047,1,0.3333333333333333
2988934,of_object,Modern Tourism,strict,3357273,1,,,type1,,2,18.78274154663086,98.74365997314453,2,0.5
2988935,of_object,human remains,strict,3358181,1,,,,,,19.326797485351562,107.92916870117188,2,0.0
2988936,of_object,Military Force,strict,3373308,1,,,type1,,2,19.543167114257812,132.1283721923828,2,0.5
2988937,of_object,Environmental Movement,strict,3374751,2,,,type1,,2,16.403169631958008,122.38717651367188,2,0.25
2988938,of_object,California Paradise,strict,3380704,1,,,type1,,2,21.31278419494629,139.18194580078125,2,0.5
2988939,of_object,Peat,strict,3380907,1,,,,,,5.476901054382324,54.45326614379883,1,0.5
2988940,of_object,Sugar,strict,3382121,1,,,,,,5.410424709320068,65.14846801757812,1,0.5
2988941,of_object,Robert Carter,strict,3401070,1,,,,,,14.932012557983398,168.0272674560547,2,0.6206647194744811
2988942,of_object,Persistent Hatred,strict,3416331,1,,,type1,,2,20.439655303955078,117.95318603515625,2,0.5
2988943,of_object,Public-Private France,strict,3416397,1,,,type1,,2,35.267822265625,337.6718444824219,4,0.5
2988944,of_object,Martyrdom,strict,3417971,1,,,,,,5.157696723937988,51.120513916015625,1,0.5
2988945,of_object,Symbols,strict,3419009,1,,,,,,6.491634368896484,45.78631591796875,1,0.5
2988946,of_object,Downtown Yonge Street,strict,3419807,1,,,type1,,3,19.558940887451172,187.4891815185547,3,0.5
2988947,of_object,19th-Century Novel in Spain,strict,3419864,1,,,type2,in,4,32.86708450317383,331.0434875488281,6,0.0
2988948,of_object,Anthropocene,strict,3420243,1,,,,,,-1.1108944416046143,76.66681671142578,1,0.5
2988949,of_object,Polis,strict,3420932,1,,,,,,5.349216461181641,59.559654235839844,1,0.5
2988950,of_object,Progress,strict,3420997,6,,,,,,9.269116401672363,47.4116325378418,1,0.5
2988951,of_object,Government,strict,3424226,4,,,,,,9.389572143554688,45.905487060546875,1,0.5
2988952,of_object,Health Consciousness,strict,3424374,1,,,type1,,2,23.548175811767578,136.09259033203125,2,0.5
2988953,of_object,Revolution,strict,3434981,3,,,,,,13.476513862609863,55.33617401123047,1,0.5045598945742823
2988954,of_object,Modern East Asia,strict,3435540,1,,,type1,,3,30.24681282043457,194.6490478515625,3,0.0
2988955,of_object,Frontier,strict,3443064,1,,,,,,10.670605659484863,50.71723937988281,1,0.5
2988956,of_object,Aesthetic Political Theory,strict,3443203,1,,,type1,,3,27.99976921081543,210.51138305664062,3,0.0
2988957,of_object,early marriage,strict,3452292,1,,,type1,,2,16.509862899780273,86.64854431152344,2,0.0
2988958,of_object,Materialism,strict,3456510,2,,,,,,10.026250839233398,53.91887283325195,1,0.5
2988959,of_object,Revolt,strict,3457641,3,,,,,,8.954108238220215,40.476619720458984,1,0.5
2988960,of_object,Modern City,strict,3459030,1,,,,,,17.627748489379883,86.66202545166016,2,0.5
2988961,of_object,University of Illinois,strict,3459656,1,,,type2,of,3,26.598316192626953,267.026123046875,3,0.5
2988962,of_object,Gunpowder Armies,strict,3461477,1,,,type1,,2,15.369050979614258,122.68574523925781,2,0.5
2988963,of_object,Cultural Power in Italy,strict,3462472,1,,,type2,in,4,40.00016403198242,298.83203125,4,0.5
2988964,of_object,Modern Media,strict,3462788,2,,,type1,,2,15.999524116516113,89.6517562866211,2,0.25
2988965,of_object,Ancient World,strict,3463138,1,,,type1,,2,24.499229431152344,135.39190673828125,2,0.5
2988966,of_object,Civilizations,strict,3466627,3,,,,,,11.282825469970703,46.206382751464844,1,0.3333333333333333
2988967,of_object,Human Dignity,strict,3466795,1,,,type1,,2,24.2474422454834,150.7533416748047,2,0.5
2988968,of_object,International Cooperation,strict,3467142,1,,,type1,,2,18.96082305908203,116.28506469726562,2,0.5
2988969,of_object,Afghan Generation,strict,3475470,1,,,type1,,2,15.965282440185547,91.83943939208984,2,0.7880545993479832
2988970,of_object,Public History,strict,3481516,1,,,type1,,2,23.873388290405273,114.59123992919922,2,0.5
2988971,of_object,Partisan News,strict,3481754,1,,,type1,,2,14.03283977508545,91.38842010498047,2,0.5
2988972,of_object,Security State,strict,3483059,1,,,type1,,2,20.84623908996582,121.11853790283203,2,0.0
2988973,of_object,American Psychology,strict,3485670,1,,,type1,,2,21.049413681030273,121.35641479492188,2,0.5
2988974,of_object,unconscious in French Symbolist art,strict,3494163,1,,,type2,in,5,32.15327835083008,304.28216552734375,5,0.0
2988975,of_object,Modern American Financial System,strict,3498406,1,,,,,,40.93364715576172,301.5433654785156,4,0.5
2988976,of_object,Management Consulting,strict,3498475,2,,,type1,,2,14.102102279663086,108.41954803466797,2,0.5998409689783152
2988977,of_object,Online Infamy,strict,3499190,1,,,type1,,2,13.485865592956543,78.86417388916016,2,0.5
2988978,of_object,City,strict,3500142,4,,,,,,8.997790336608887,29.999736785888672,1,0.6085269419447351
2988979,of_object,Russian Radicalism,strict,3500512,1,,,type1,,2,18.191883087158203,107.9832763671875,2,0.5
2988980,of_object,Daily Fantasy Sports,strict,3500634,1,,,type1,,3,18.89647102355957,188.19239807128906,3,0.5
2988981,of_object,Anti-LGBT Discrimination,strict,3500656,1,,,type1,,2,21.25885009765625,245.24151611328125,4,0.5
2988982,of_object,Tax Law,strict,3502393,1,,,type1,,2,21.314050674438477,216.71484375,2,0.5
2988983,of_object,British Politics,strict,3502401,1,,,type1,,2,25.25197982788086,129.34310913085938,2,0.5
2988984,of_object,Sunbelt Development,strict,3505496,1,,,type1,,2,9.828648567199707,120.97039031982422,2,0.5
2988985,of_object,Posthumanism,strict,3507358,1,,,,,,,,,0.5
2988986,of_object,Women's Poverty,strict,3514733,2,,,type1,,2,27.691089630126953,205.2641143798828,3,0.25
2988987,of_object,Influence,strict,3514763,1,,,,,,8.648114204406738,31.5285701751709,1,0.5
2988988,of_object,Captain James Cook,strict,3516818,1,,,,,,17.589433670043945,177.08958435058594,3,0.9855191297924879
2988989,of_object,Helen Keller,strict,3518650,3,,,,,,12.887931823730469,130.9574432373047,2,0.16666666666666666
2988990,of_object,Modern America,strict,3522597,5,,,type1,,2,21.040401458740234,90.45037078857422,2,0.5976776709870514
2988991,of_object,American Gynecology,strict,3524068,2,,,type1,,2,15.20926570892334,125.50843811035156,2,0.5
2988992,of_object,Western academy,strict,3535956,1,,,type1,,2,24.522233963012695,171.37965393066406,2,0.0
2988993,of_object,Existentialism,strict,3538930,2,,,,,,9.583370208740234,50.689388275146484,1,0.25
2988994,of_object,Developmental State,strict,3541421,1,,,type1,,2,20.7388858795166,125.46573638916016,2,0.5
2988995,of_object,Salmon Lice,strict,3541621,1,,,,,,14.346362113952637,133.55194091796875,2,0.5
2988996,of_object,American Religion,strict,3541631,1,,,type1,,2,23.517942428588867,139.34317016601562,2,0.0
2988997,of_object,Modern Asia,strict,3542632,1,,,type1,,2,17.83637046813965,87.4859390258789,2,0.5
2988998,of_object,Walls,strict,3547843,2,,,,,,5.585294246673584,52.763221740722656,1,0.25
2988999,of_object,Online Doping Cultures,strict,3555168,1,,,type1,,3,24.157106399536133,159.65711975097656,3,0.5
2989000,of_object,Swedish American Identity,strict,3556693,1,,,type1,,3,29.2352352142334,225.38526916503906,3,0.0
2989001,of_object,Demedicalization,strict,3557954,1,,,,,,,,,0.5
2989002,of_object,Grief,strict,3558761,3,,,,,,10.704113006591797,47.89508819580078,1,0.6156092705027151
2989003,of_object,Sociability,strict,3563736,1,,,,,,8.313899993896484,49.48645782470703,1,0.5
2989004,of_object,Unsung New York Hero,strict,3565052,1,,,,,,29.319978713989258,227.5662384033203,4,0.0
2989005,of_object,English Piety,strict,3579853,1,,,type1,,2,18.31317710876465,103.70984649658203,2,0.0
2989006,of_object,Persons,strict,3579862,1,,,,,,11.2389554977417,50.1502685546875,1,0.5
2989007,of_object,International Business,strict,3580557,1,,,type1,,2,23.22454261779785,186.37960815429688,2,0.5
2989008,of_object,Human Cooperation,strict,3580744,1,,,type1,,2,18.92430877685547,110.20331573486328,2,0.5
2989009,of_object,Time,strict,3580923,3,,,,,,10.231931686401367,30.091676712036133,1,0.16666666666666666
2989010,of_object,Literary Heritage,strict,3582166,1,,,type1,,2,21.692760467529297,107.03353118896484,2,0.0
2989011,of_object,Common Good,strict,3583176,1,,,type1,,2,20.450057983398438,88.81582641601562,2,0.5
2989012,of_object,British Public Sphere,strict,3585090,1,,,type1,,3,35.112342834472656,197.3690948486328,3,0.5
2989013,of_object,Mussolinis Regime,strict,3585139,1,,,type1,,2,10.143406867980957,45.39179229736328,1,0.0
2989014,of_object,Central Banker,strict,3587426,1,,,type1,,2,19.18557357788086,155.61441040039062,2,0.5792484078052769
2989015,of_object,Inhumanity,strict,3594811,1,,,,,,9.832220077514648,46.48146057128906,1,0.5
2989016,of_object,Russian State,strict,3594833,1,,,,,,19.086172103881836,117.64216613769531,2,0.5
2989017,of_object,Home,strict,3596332,2,,,,,,9.784788131713867,61.74114227294922,1,0.5
2989018,of_object,Jewish Theology in America,strict,3597865,1,,,type2,in,4,41.57601547241211,313.7449035644531,4,0.5
2989019,of_object,Phenomenology,strict,3598135,1,,,,,,3.153480052947998,51.33773422241211,1,0.5
2989020,of_object,Second Chances,strict,3599719,2,,,type1,,2,19.89422607421875,112.34947967529297,2,0.25
2989021,of_object,Happy Accidents,strict,3600519,1,,,type1,,2,19.529539108276367,95.84493255615234,2,0.0
2989022,of_object,East India Company,strict,3620419,3,,,type1,,3,29.845340728759766,239.2190704345703,3,0.16666666666666666
2989023,of_object,Historical Consciousness,strict,3620624,1,,,type1,,2,20.69651222229004,102.78176879882812,2,0.5
2989024,of_object,Canadian Icon,strict,3621216,1,,,type1,,2,17.435283660888672,117.93006134033203,2,0.5
2989025,of_object,Neoliberal Politics,strict,3622052,1,,,type1,,2,22.410917282104492,143.74217224121094,2,0.5
2989026,of_object,Northern Environments,strict,3623129,1,,,type1,,2,16.889732360839844,117.2580337524414,2,0.5
2989027,of_object,Women in Selected World Religions,strict,3623745,1,,,type2,in,5,45.81117248535156,418.59771728515625,5,0.5
2989028,of_object,A.Q. Khan Network,strict,3626054,1,,,type1,,3,15.920753479003906,124.20829010009766,2,0.5
2989029,of_object,Political Dissent,strict,3626908,1,,,type1,,2,19.3945369720459,106.58824920654297,2,0.0
2989030,of_object,Presentation,strict,3628300,1,,,,,,5.360562324523926,44.11071014404297,1,0.5
2989031,of_object,Recognition,strict,3630748,2,,,,,,5.301374435424805,46.514549255371094,1,0.5
2989032,of_object,Earth,strict,3634783,1,,,,,,11.282825469970703,46.206382751464844,1,0.5
2989033,of_object,Carceral State,strict,3639778,1,,,type1,,2,10.657025337219238,54.1787109375,1,0.5
2989034,of_object,Neutrality,strict,3640817,1,,,,,,9.96420669555664,41.07499694824219,1,0.5
2989035,of_object,Sociology,strict,3643061,1,,,,,,8.788297653198242,52.50257110595703,1,0.0
2989036,of_object,Stories,strict,3662066,1,,,,,,7.604111671447754,47.18671417236328,1,0.5
2989037,of_object,Certainty,strict,3662538,1,,,,,,10.559187889099121,36.02631759643555,1,0.5
2989038,of_object,State,strict,3662640,7,,,,,,10.657025337219238,54.1787109375,1,0.5
2989039,of_object,Police,strict,3662959,1,,,,,,7.534196376800537,50.9269905090332,1,0.0
2989040,of_object,Relationships,strict,3663168,1,,,,,,8.62929630279541,55.44069290161133,1,0.5
2989041,of_object,New Spirituality,strict,3664243,1,,,type1,,2,20.034347534179688,90.05858612060547,2,0.5
2989042,of_object,Grime,strict,3664583,1,,,,,,5.585294246673584,52.763221740722656,1,0.5
2989043,of_object,Presidential Branch,strict,3665147,1,,,type1,,2,13.957186698913574,102.1882095336914,2,0.5
2989044,of_object,Ideas,strict,3665412,2,,,,,,8.468868255615234,38.69528579711914,1,0.25
2989045,of_object,Electoral Strategies,strict,3665524,1,,,type1,,2,17.524063110351562,107.32014465332031,2,0.5
2989046,of_object,Financial Services,strict,3667459,1,,,type1,,2,19.896474838256836,137.28659057617188,2,0.5
2989047,of_object,Virtual Revolution,strict,3668144,1,,,type1,,2,21.630765914916992,110.6904296875,2,0.5
2989048,of_object,Complexity,strict,3670663,2,,,,,,6.581911563873291,35.34809494018555,1,0.25
2989049,of_object,Archetypes,strict,3671233,1,,,,,,6.921633243560791,46.27532958984375,1,0.5
2989050,of_object,Liberal Democracy,strict,3676512,1,,,type1,,2,22.73518943786621,138.98703002929688,2,0.5
2989051,of_object,Sustainability,strict,3680207,5,,,,,,7.531062602996826,56.11149978637695,1,0.5
2989052,of_object,Happiness in Silicon Valley,strict,3680276,1,,,type2,in,4,28.136693954467773,250.09349060058594,4,0.5
2989053,of_object,Black music's African origins,strict,3702030,1,,,,,,37.27301788330078,445.3996276855469,5,0.0
2989054,of_object,Knowledge in Northwest Argentina,strict,3702905,1,,,type2,in,4,40.19426727294922,300.87213134765625,4,0.5
2989055,of_object,Utopia,strict,3702917,1,,,,,,13.476513862609863,55.33617401123047,1,0.0
2989056,of_object,Intellectual Disability,strict,3703022,1,,,type1,,2,17.39156150817871,106.98390197753906,2,0.5
2989057,of_object,Legal Doctrine,strict,3703569,1,,,type1,,2,19.391422271728516,112.32571411132812,2,0.5
2989058,of_object,Ancient Federal States,strict,3704951,1,,,type1,,3,33.15431594848633,291.3970947265625,3,0.5
2989059,of_object,Conversation,strict,3705882,1,,,,,,7.582103729248047,44.9616584777832,1,0.5
2989060,of_object,Gaelic Public Sphere,strict,3705949,1,,,type1,,3,31.138154983520508,187.3246307373047,3,0.5
2989061,of_object,BMW's Largest Export Market,strict,3706541,1,,,,,,45.31787109375,447.2099609375,5,0.0
2989062,of_object,Heroes in Persiles,strict,3706799,1,,,type2,in,3,15.002341270446777,90.54096984863281,2,0.0
2989063,of_object,Distance,strict,3707897,1,,,,,,7.656101226806641,45.02768325805664,1,0.5
2989064,of_object,Public Enemies,strict,3710627,1,,,type1,,2,20.847183227539062,109.25135803222656,2,0.5
2989065,of_object,Translation,strict,3711995,2,,,,,,8.2869234085083,48.842201232910156,1,0.5
2989066,of_object,Worlds,strict,3716866,1,,,,,,11.2389554977417,50.1502685546875,1,0.5
2989067,of_object,Market Research,strict,3720046,1,,,type1,,2,17.709125518798828,115.66069793701172,2,0.5
2989068,of_object,National Freedom,strict,3720925,1,,,type1,,2,19.890655517578125,104.01314544677734,2,0.5
2989069,of_object,America's Imperfect Union,strict,3721220,2,,,type1,,3,37.206024169921875,250.09986877441406,4,0.391425021837421
2989070,of_object,Basic Industry,strict,3729206,1,,,type1,,2,14.870538711547852,82.83561706542969,2,0.0
2989071,of_object,America's origin,strict,3742262,1,,,type1,,2,29.02066421508789,170.69189453125,3,0.12766631515584903
2989072,of_object,Law Enforcement,strict,3743008,1,,,type1,,2,17.0916748046875,114.3358383178711,2,0.5
2989073,of_object,Green Growth,strict,3743126,1,,,type1,,2,16.33600425720215,126.34061431884766,2,0.5709710871475191
2989074,of_object,Species,strict,3743520,4,,,,,,8.178445816040039,61.1568717956543,1,0.5
2989075,of_object,Food,strict,3744044,3,,,,,,8.391555786132812,52.7052001953125,1,0.5
2989076,of_object,Crime Scene Investigation,strict,3746221,1,,,type1,,3,28.218687057495117,216.3057403564453,3,0.5
2989077,of_object,Bengali Islam,strict,3746225,1,,,type1,,2,15.495999336242676,145.856201171875,2,0.0
2989078,of_object,Protest,strict,3749354,1,,,,,,8.954108238220215,40.476619720458984,1,0.5
2989079,of_object,Young Criminals,strict,3750443,2,,,type1,,2,21.25864601135254,158.20411682128906,2,0.25
2989080,of_object,Subjectivity,strict,3751862,3,,,,,,5.349728584289551,51.18695068359375,1,0.5
2989081,of_object,Working Psychic,strict,3752826,1,,,type1,,2,20.03940200805664,103.37834930419922,2,0.0
2989082,of_object,Brazil,strict,3755410,1,,,,,,9.206412315368652,42.069915771484375,1,0.0
2989083,of_object,French Feminism,strict,3760434,1,,,type1,,2,18.007278442382812,107.62438201904297,2,0.5
2989084,of_object,Christian Community,strict,3768610,2,,,type1,,2,19.95149803161621,92.1580581665039,2,0.25
2989085,of_object,Birthday Letters,strict,3769320,1,,,type1,,2,11.955195426940918,97.17310333251953,2,0.9681837902531978
2989086,of_object,Rupture,strict,3771687,1,,,,,,8.86611270904541,49.4912223815918,1,0.5
2989087,of_object,British North America,strict,3783342,1,,,type1,,3,37.08200454711914,344.0380859375,3,0.5
2989088,of_object,Cultures,strict,3784198,1,,,,,,11.82754135131836,44.71976089477539,1,0.5
2989089,of_object,Terror,strict,3784684,1,,,,,,10.31140422821045,46.0461311340332,1,0.5
2989090,of_object,Rugby League Football,strict,3785132,1,,,type1,,3,20.11612319946289,281.0107116699219,3,0.5
2989091,of_object,Duress,strict,3785532,1,,,,,,8.887453079223633,47.6634635925293,1,0.5
2989092,of_object,Taste,strict,3785538,2,,,,,,4.19248104095459,48.129432678222656,1,0.5
2989093,of_object,Age,strict,3785653,3,,,,,,8.179295539855957,48.17508316040039,1,0.3333333333333333
2989094,of_object,Women,strict,3785803,7,,,,,,8.027640342712402,60.28559112548828,1,0.5
2989095,of_object,Value,strict,3786078,3,,,,,,6.848499774932861,44.372066497802734,1,0.16666666666666666
2989096,of_object,Chinese Miracle,strict,3786323,1,,,type1,,2,20.859743118286133,106.78407287597656,2,0.9180151892881593
2989097,of_object,Conflict,strict,3786499,5,,,,,,12.837247848510742,52.166324615478516,1,0.5
2989098,of_object,Religious Icon,strict,3788810,1,,,type1,,2,13.729464530944824,101.09568786621094,2,0.5
2989099,of_object,Legal Order,strict,3788917,2,,,type1,,2,15.68073558807373,104.91336822509766,2,0.5
2989100,of_object,American Imperialism,strict,3789115,1,,,type1,,2,24.104795455932617,125.51923370361328,2,0.5
2989101,of_object,Global Waste Problem,strict,3792365,1,,,type1,,3,30.915485382080078,193.16033935546875,3,0.5
2989102,of_object,Research Results,strict,3792638,1,,,,,,15.16650676727295,118.3134994506836,2,0.5
2989103,of_object,America's Mobile ICBMs,strict,3801420,1,,,type1,,3,27.223005294799805,165.14735412597656,3,0.5
2989104,of_object,Breast Cancer Movement,strict,3807086,1,,,type1,,3,25.292932510375977,299.152099609375,3,0.0
2989105,of_object,Jews,strict,3808501,1,,,,,,11.501493453979492,56.26241683959961,1,0.5
2989106,of_object,Technological Change,strict,3809263,3,,,type1,,2,20.979530334472656,114.0654296875,2,0.25
2989107,of_object,Misogyny,strict,3810314,1,,,,,,9.720356941223145,51.12865447998047,1,0.0
2989108,of_object,Reason,strict,3810390,4,,,,,,10.231931686401367,30.091676712036133,1,0.5911570208186862
2989109,of_object,Modern Japan,strict,3811200,1,,,type1,,2,17.83637046813965,87.4859390258789,2,0.0
2989110,of_object,Civil Rights,strict,3824273,2,,,type1,,2,17.66446876525879,186.4241180419922,2,0.25
2989111,of_object,Victorian Body,strict,3825874,1,,,,,,14.290236473083496,110.29915618896484,2,0.5
2989112,of_object,Italy,strict,3826203,1,,,,,,12.410444259643555,40.65589904785156,1,0.8395158426585962
2989113,of_object,Christendom,strict,3828226,1,,,,,,3.3313255310058594,57.47163772583008,1,0.0
2989114,of_object,Book in Early Modern England,strict,3828539,1,,,type2,in,5,41.967132568359375,307.21063232421875,5,0.5
2989115,of_object,US National Identity,strict,3830871,1,,,type1,,3,24.005638122558594,165.8675994873047,3,0.5
2989116,of_object,Senegalese Immigrants in America,strict,3832229,1,,,type2,in,4,36.607025146484375,321.29779052734375,4,0.5
2989117,of_object,Radio,strict,3837594,1,,,,,,6.534079074859619,52.805198669433594,1,0.5
2989118,of_object,Gospel Genre,strict,3837634,1,,,type1,,2,15.177226066589355,109.48326873779297,2,0.5
2989119,of_object,Money,strict,3841693,4,,,,,,10.119183540344238,40.167301177978516,1,0.3333333333333333
2989120,of_object,Drones,strict,3842149,1,,,,,,10.727307319641113,56.616424560546875,1,0.0
2989121,of_object,Education in Digital Times,strict,3843412,1,,,type2,in,4,32.258636474609375,305.7816162109375,4,0.5
2989122,of_object,Advocacy,strict,3848807,1,,,,,,10.38773250579834,44.682342529296875,1,0.5
2989123,of_object,local authorities,strict,3856391,1,,,type1,,2,15.828889846801758,96.96406555175781,2,0.0
2989124,of_object,Urban Gambling,strict,3863030,1,,,type1,,2,18.82032585144043,116.37718963623047,2,0.5
2989125,of_object,Energy Pricing,strict,3863758,1,,,type1,,2,13.918821334838867,127.20777130126953,2,0.5
2989126,of_object,Painless Needle Insertion,strict,3865338,1,,,type1,,3,21.048917770385742,194.0454864501953,3,0.0
2989127,of_object,Modernist Form,strict,3866654,1,,,type1,,2,16.82792854309082,98.82054138183594,2,0.5
2989128,of_object,Antartica,strict,3869784,1,,,,,,6.642548084259033,57.494197845458984,1,0.5
2989129,of_object,Happiness in Fortress America,strict,3870770,1,,,type2,in,4,38.767723083496094,271.9382019042969,4,0.5
2989130,of_object,Humanities,strict,3870784,3,,,,,,6.9779791831970215,37.46572494506836,1,0.3333333333333333
2989131,of_object,Higher Education,strict,3870848,6,,,type1,,2,17.8597469329834,108.47599029541016,2,0.5
2989132,of_object,Post-Orthodox Pluralism,strict,3871836,1,,,type1,,2,25.76748275756836,245.924072265625,4,0.5
2989133,of_object,Digital Information,strict,3872210,1,,,type1,,2,12.4132661819458,110.65851593017578,2,0.5
2989134,of_object,Sidney Street,strict,3881076,1,,,type1,,2,13.624064445495605,100.55451202392578,2,0.0
2989135,of_object,Celebrity,strict,3889571,2,,,,,,7.369564533233643,34.946903228759766,1,0.25
2989136,of_object,Youth,strict,3891463,2,,,,,,12.837247848510742,52.166324615478516,1,0.5
2989137,of_object,undersea noise,strict,3893148,1,,,type1,,2,12.969956398010254,123.54428100585938,2,0.0
2989138,of_object,oil frontier,strict,3902308,1,,,,,,19.337759017944336,129.19515991210938,2,0.18326253240875467
2989139,of_object,Modern Biblical Scholarship,strict,3903320,1,,,type1,,3,27.90266227722168,207.5703125,3,0.5
2989140,of_object,U.S. Third World Left,strict,3903907,1,,,,,,43.95570755004883,312.4611511230469,4,0.0
2989141,of_object,Alien in America,strict,3904049,1,,,type2,in,3,31.88668441772461,181.6616668701172,3,0.5
2989142,of_object,Modern-Day NBA,strict,3904140,1,,,type1,,2,22.534801483154297,209.4879608154297,4,0.5
2989143,of_object,Scientific Thought,strict,3905937,1,,,type1,,2,14.993414878845215,86.17176818847656,2,0.5
2989144,of_object,Ruins,strict,3906588,1,,,,,,10.836579322814941,42.38573455810547,1,0.0
2989145,of_object,Past in Medieval Iceland,strict,3907216,1,,,type2,in,4,34.07253646850586,252.55813598632812,4,0.5
2989146,of_object,Europe-Africa Relations,strict,3908837,1,,,type1,,2,26.674957275390625,288.0788269042969,4,0.5
2989147,of_object,Christian Values,strict,3911308,2,,,type1,,2,17.96774673461914,95.95806121826172,2,0.25
2989148,of_object,Island,strict,3911319,1,,,,,,12.410444259643555,40.65589904785156,1,0.5930132907312694
2989149,of_object,Economic Analysis,strict,3911877,1,,,type1,,2,20.80837059020996,117.88928985595703,2,0.5
2989150,of_object,Control,strict,3917136,3,,,,,,8.430299758911133,46.45999526977539,1,0.5
2989151,of_object,Racial Ideologies in Solitary Confinement,strict,3920221,1,,,type2,in,5,47.93836212158203,455.8312072753906,5,0.5
2989152,of_object,Eighteenth-Century Britain,strict,3920760,1,,,type1,,2,31.011449813842773,208.79629516601562,4,0.5
2989153,of_object,Electronic Music,strict,3920931,1,,,type1,,2,8.533768653869629,99.35804748535156,2,0.5
2989154,of_object,Murdaugh Dynasty,strict,3921502,1,,,type1,,2,11.446199417114258,48.879825592041016,1,0.5
2989155,of_object,Soul,strict,3923231,2,,,,,,12.671688079833984,43.21925354003906,1,0.6008851931496123
2989156,of_object,Suburbia,strict,3942746,3,,,,,,9.044639587402344,45.36733627319336,1,0.35814360347328694
2989157,of_object,Gay Male Community,strict,3943076,1,,,type1,,3,25.56721305847168,211.29873657226562,3,0.0
2989158,of_object,Diversity,strict,3943078,2,,,,,,7.8286356925964355,44.98299026489258,1,0.25
2989159,of_object,Legality,strict,3943567,1,,,,,,10.042889595031738,37.37937545776367,1,0.0
2989160,of_object,European Government,strict,3943696,1,,,type1,,2,21.65068817138672,111.55290222167969,2,0.5
2989161,of_object,Everence,strict,3944549,1,,,,,,,,,0.0
2989162,of_object,Continental Drift,strict,3945182,1,,,type1,,2,22.438945770263672,106.6135025024414,2,0.5
2989163,of_object,Disruptive Technologies,strict,3948833,1,,,type1,,2,17.363473892211914,98.2442398071289,2,0.5
2989164,of_object,America's Counterintelligence,strict,3951297,1,,,type1,,2,20.637474060058594,129.19483947753906,3,0.922419232230387
2989165,of_object,American Modernism,strict,3952316,1,,,type1,,2,21.844484329223633,105.59078979492188,2,0.5
2989166,of_object,Rationality,strict,3961559,3,,,,,,8.313899993896484,49.48645782470703,1,0.3333333333333333
2989167,of_object,Ad Game,strict,3969851,1,,,type1,,2,17.601497650146484,87.6801986694336,2,0.0
2989168,of_object,healthy aging,strict,3981625,1,,,type1,,2,13.984942436218262,190.36810302734375,2,0.0
2989169,of_object,Washington's regular order,strict,3982197,1,,,type1,,3,27.70709228515625,287.09527587890625,4,0.0
2989170,of_object,Americans,strict,3982458,1,,,,,,12.402338027954102,44.29200744628906,1,0.5
2989171,of_object,Notre Dame Football,strict,3982655,2,,,type1,,3,17.058515548706055,201.38279724121094,3,0.25
2989172,of_object,Modern World Economy,strict,3983355,1,,,type1,,3,33.37028121948242,205.9813995361328,3,0.5
2989173,of_object,Dual Containment,strict,3984811,1,,,type1,,2,6.693777561187744,103.0274429321289,2,0.5
2989174,of_object,24-Hour News,strict,3985118,2,,,type1,,2,8.01451587677002,268.008544921875,4,0.30629755013555043
2989175,of_object,Nature,strict,3986910,6,,,,,,11.2389554977417,50.1502685546875,1,0.618840918189989
2989176,of_object,Lemuria,strict,3987175,1,,,,,,3.3313255310058594,57.47163772583008,1,0.5
2989177,of_object,Modern Germany,strict,3987866,4,,,,,,21.040401458740234,90.45037078857422,2,0.6264590146760375
2989178,of_object,Degeneration,strict,3991904,1,,,,,,10.87648868560791,60.566715240478516,1,0.5
2989179,of_object,Identity Politics,strict,3995265,1,,,,,,21.535831451416016,131.59521484375,2,0.6570327348518302
2989180,of_object,Inequality,strict,4000356,2,,,,,,10.967150688171387,54.13751983642578,1,0.6395501290326976
2989181,of_object,Political Identity,strict,4001046,1,,,type1,,2,19.55571746826172,118.70083618164062,2,0.5
2989182,of_object,Blackness,strict,4006263,1,,,,,,7.477226257324219,46.89558029174805,1,0.5
2989183,of_object,John Maynard Keynes,strict,4022086,1,,,,,,14.373953819274902,237.41058349609375,3,0.6976864694434709
2989184,of_object,American Liberalism,strict,4022593,1,,,type1,,2,25.73763084411621,126.45391845703125,2,0.5
2989185,of_object,Racial Scripts,strict,4023383,1,,,type1,,2,17.53006362915039,108.30997467041016,2,0.5
2989186,of_object,Early America,strict,4025584,2,,,type1,,2,20.42432403564453,76.83631134033203,2,0.5
2989187,of_object,Images in Early Modern Spain,strict,4026339,1,,,type2,in,5,41.38374328613281,324.6519775390625,5,0.5
2989188,of_object,Co-Workers,strict,4026536,1,,,,,,16.022235870361328,167.86270141601562,3,0.5
2989189,of_object,Grace,strict,4028681,2,,,,,,9.328327178955078,45.41648483276367,1,0.25
2989190,of_object,Fashion Legend,strict,4029712,1,,,type1,,2,9.651384353637695,101.67399597167969,2,0.5
2989191,of_object,Iceland,strict,4030614,2,,,,,,9.355215072631836,51.8552360534668,1,0.25
2989192,of_object,Truth in Modern Psychological Science,strict,4030642,1,,,type2,in,5,46.21862030029297,425.40313720703125,5,0.0
2989193,of_object,Irving Oil,strict,4030701,1,,,,,,13.220833778381348,99.3634262084961,2,0.0
2989194,of_object,Postfeminism,strict,4031167,1,,,,,,,,,0.5
2989195,of_object,Reproduction,strict,4031477,1,,,,,,5.775416851043701,49.376182556152344,1,0.5
2989196,of_object,Experience,strict,4035505,3,,,,,,7.949771881103516,40.106895446777344,1,0.3333333333333333
2989197,of_object,Better Human,strict,4037986,1,,,type1,,2,21.720733642578125,111.23263549804688,2,0.0
2989198,of_object,Compassion,strict,4038417,1,,,,,,9.328327178955078,45.41648483276367,1,0.5
2989199,of_object,Hydroelectricity in Quebec,strict,4039486,1,,,type2,in,3,20.684711456298828,179.1747589111328,3,0.5
2989200,of_object,Modern Adoption,strict,4040651,1,,,type1,,2,14.445682525634766,95.28036499023438,2,0.5
2989201,of_object,International Relations,strict,4040676,2,,,type1,,2,20.241567611694336,136.3009490966797,2,0.5
2989202,of_object,Tolerence,strict,4048050,1,,,,,,,,,0.8498496864546632
2989203,of_object,American Culture,strict,4050299,4,,,type1,,2,24.088659286499023,121.82756805419922,2,0.5637826184689516
2989204,of_object,baseball's golden age,strict,4061225,1,,,type1,,3,25.77001190185547,299.0502624511719,4,0.357828859153297
2989205,of_object,City-County Separation,strict,4062111,1,,,type1,,2,25.026060104370117,208.69642639160156,4,0.5
2989206,of_object,Anonymity,strict,4062567,1,,,,,,9.455662727355957,40.657257080078125,1,0.5
2989207,of_object,Political Power,strict,4063836,1,,,type1,,2,18.692228317260742,107.64720153808594,2,0.5
2989208,of_object,Harmscapes,strict,4066103,1,,,,,,,,,0.5
2989209,of_object,Co-Dependency,strict,4081621,2,,,,,,19.012828826904297,163.27871704101562,3,0.25
2989210,of_object,Border,strict,4081732,1,,,,,,7.916196346282959,53.422943115234375,1,0.5
2989211,of_object,Independent Voices,strict,4085466,1,,,type1,,2,12.545633316040039,96.48002624511719,2,0.5
2989212,of_object,New World,strict,4086846,2,,,type1,,2,20.034347534179688,90.05858612060547,2,0.5
2989213,of_object,tolerance,strict,4087286,1,,,,,,9.778998374938965,45.06270980834961,1,0.0
2989214,of_object,Young Black Males,strict,4100881,1,,,type1,,3,24.175765991210938,245.6802520751953,3,0.0
2989215,of_object,American Politics,strict,4101132,2,,,type1,,2,25.25197982788086,129.34310913085938,2,0.5
2989216,of_object,Jazz in New Orleans,strict,4101274,1,,,type2,in,4,26.828853607177734,273.5435485839844,4,0.5
2989217,of_object,Very Small Colleges,strict,4101545,1,,,type1,,3,22.141176223754883,201.03062438964844,3,0.0
2989218,of_object,Freedom,strict,4101632,7,,,,,,12.671688079833984,43.21925354003906,1,0.6138501858583728
2989219,of_object,Soviet Kazakhstan,strict,4102184,2,,,type1,,2,17.009885787963867,129.51547241210938,2,0.25
2989220,of_object,Caribbean Cultural Politics,strict,4103685,1,,,type1,,3,34.024818420410156,223.813232421875,3,0.5
2989221,of_object,Feminist Embodied Methodology,strict,4104191,1,,,type1,,3,30.285343170166016,196.6489715576172,3,0.5
2989222,of_object,Adaptation,strict,4105391,1,,,,,,6.188079833984375,39.67558670043945,1,0.5
2989223,of_object,Legalistic State,strict,4107937,1,,,,,,17.709314346313477,115.58885192871094,2,0.5
2989224,of_object,Assertive Living,strict,4115391,1,,,type1,,2,22.10177230834961,113.44474029541016,2,0.0
2989225,of_object,Black Quarterback,strict,4119010,1,,,type1,,2,9.487887382507324,125.82170104980469,2,0.7240611710209356
2989226,of_object,American Religious Freedom,strict,4119127,1,,,type1,,3,33.488101959228516,199.56732177734375,3,0.5
2989227,of_object,Movement,strict,4124647,3,,,,,,7.781919479370117,52.57719802856445,1,0.3333333333333333
2989228,of_object,American Dairy Farm,strict,4126105,1,,,type1,,3,28.603961944580078,221.78648376464844,3,0.5
2989229,of_object,Human Suffering,strict,4127669,2,,,type1,,2,19.690210342407227,119.48814392089844,2,0.25
2989230,of_object,European Dance,strict,4140419,1,,,type1,,2,14.945247650146484,113.08704376220703,2,0.5
2989231,of_object,American-Israeli Alliance,strict,4141445,1,,,type1,,2,32.51900100708008,277.59088134765625,4,0.5
2989232,of_object,Spectacle,strict,4141607,1,,,,,,6.941082000732422,28.983386993408203,1,0.5
2989233,of_object,Sperm,strict,4141815,1,,,,,,7.051416873931885,58.97795486450195,1,0.5
2989234,of_object,Public Self,strict,4142531,1,,,type1,,2,20.39583396911621,107.0566177368164,2,0.5
2989235,of_object,Moral Duties,strict,4142774,2,,,type1,,2,18.521434783935547,108.93730163574219,2,0.5
2989236,of_object,U.S. Catholicism,strict,4142921,1,,,type1,,2,23.713830947875977,132.9272003173828,2,0.0
2989237,of_object,American Ideal,strict,4143063,2,,,type1,,2,19.39642906188965,96.75288391113281,2,0.4659031635933912
2989238,of_object,Modern Nation,strict,4143452,1,,,type1,,2,17.684099197387695,103.20738220214844,2,0.0
2989239,of_object,Modern Identities,strict,4143910,1,,,type1,,2,20.457500457763672,103.208984375,2,0.0
2989240,of_object,Laws of War,strict,4144393,1,,,type2,of,3,30.909584045410156,231.13970947265625,3,0.5
2989241,of_object,Human Survival,strict,4146172,1,,,type1,,2,21.447633743286133,141.13771057128906,2,0.5612295677406964
2989242,of_object,President,strict,4146215,1,,,,,,7.037020206451416,40.29916000366211,1,0.6560640427812844
2989243,of_object,Bedside Management,strict,4146318,1,,,type1,,2,7.00336217880249,95.81906127929688,2,0.5
2989244,of_object,Cinema,strict,4148253,2,,,,,,12.261116981506348,42.844913482666016,1,0.5
2989245,of_object,surgical oncologist,strict,4153878,1,,,type1,,2,9.025938987731934,185.8537139892578,2,0.0
2989246,of_object,Self-Government,strict,4157067,1,,,,,,17.80596923828125,128.4744110107422,3,0.5
2989247,of_object,Company Town,strict,4157376,1,,,type1,,2,13.870392799377441,107.25357818603516,2,0.5
2989248,of_object,America's First Food,strict,4165259,1,,,type1,,3,37.07960891723633,293.0926818847656,4,0.5
2989249,of_object,Drug Testing,strict,4179685,1,,,type1,,2,16.189973831176758,110.11735534667969,2,0.0
2989250,of_object,American Utopia,strict,4180638,1,,,type1,,2,25.73763084411621,126.45391845703125,2,0.7006325012357321
2989251,of_object,Nuclear War,strict,4180645,1,,,type1,,2,21.738513946533203,148.2629852294922,2,0.5
2989252,of_object,Cruelty,strict,4181366,1,,,,,,10.002349853515625,52.35593795776367,1,0.5
2989253,of_object,Troubled Partnership,strict,4181500,2,,,type1,,2,14.097521781921387,88.4802474975586,2,0.5
2989254,of_object,William James's Radical Empiricism,strict,4181505,1,,,,,,38.70888900756836,415.6663513183594,5,0.5
2989255,of_object,Endings,strict,4181750,1,,,,,,3.045955181121826,59.99274444580078,1,0.5
2989256,of_object,Justice in Europe,strict,4184518,1,,,type2,in,3,26.23867416381836,165.4638214111328,3,0.5
2989257,of_object,Gang Green,strict,4184937,1,,,,,,16.671730041503906,125.06251525878906,2,0.5
2989258,of_object,Rome,strict,4185194,3,,,,,,12.410444259643555,40.65589904785156,1,0.2277541774695849
2989259,of_object,Empowerment,strict,4186227,1,,,,,,9.28510856628418,56.54817199707031,1,0.0
2989260,of_object,London,strict,4186826,2,,,,,,7.466006278991699,42.00681686401367,1,0.0
2989261,of_object,European Union,strict,4187285,1,,,type1,,2,22.53876495361328,110.02363586425781,2,0.5
2989262,of_object,Childhood,strict,4187306,1,,,,,,10.87648868560791,60.566715240478516,1,0.5
2989263,of_object,Hong Kong,strict,4198088,1,,,,,,18.412824630737305,168.2796630859375,2,0.5
2989264,of_object,Rural Clergy,strict,4205658,1,,,type1,,2,20.69762420654297,120.08140563964844,2,0.5
2989265,of_object,Ultimate Authority,strict,4205976,1,,,type1,,2,17.849895477294922,92.67706298828125,2,0.3010299956639812
2989266,of_object,blacklist,strict,4217932,1,,,,,,6.536047458648682,53.180789947509766,1,0.0
2989267,of_object,state in peri-urban Ghana,strict,4217987,1,,,type2,in,4,38.099266052246094,416.5710144042969,6,0.0
2989268,of_object,populations,strict,4218090,1,,,,,,6.266307353973389,52.97005081176758,1,0.08651646250996912
2989269,of_object,Shared Meaning,strict,4218235,1,,,type1,,2,18.260658264160156,94.48667907714844,2,0.5
2989270,of_object,National Cliché,strict,4218309,2,,,type1,,2,12.566000938415527,81.4013900756836,2,0.0
2989271,of_object,Akkadians,strict,4218882,1,,,,,,,,,0.0
2989272,of_object,Jewish State,strict,4219063,1,,,type1,,2,22.158519744873047,128.9812774658203,2,0.5
2989273,of_object,Vegetal Economies,strict,4220867,1,,,type1,,2,13.85300064086914,131.00497436523438,2,0.5
2989274,of_object,Punitive Education State,strict,4222278,1,,,type1,,3,29.678342819213867,231.33187866210938,3,0.5
2989275,of_object,Popular Enlightenment,strict,4223049,1,,,type1,,2,20.4227352142334,92.1469955444336,2,0.5
2989276,of_object,America's Greatest President,strict,4223525,1,,,type1,,3,35.72507095336914,257.1122131347656,4,0.5
2989277,of_object,Farmers,strict,4223546,1,,,,,,9.39423942565918,53.075035095214844,1,0.5
2989278,of_object,Morals,strict,4227705,2,,,,,,10.598164558410645,49.99961471557617,1,0.0
2989279,of_object,Mobility,strict,4233611,1,,,,,,7.681477069854736,45.9267692565918,1,0.5
2989280,of_object,Liverpool's Suburbs,strict,4236424,1,,,type1,,2,18.96575355529785,153.01837158203125,3,0.5
2989281,of_object,Northwest Coast Cultures,strict,4238034,1,,,type1,,3,28.353641510009766,210.06253051757812,3,0.5
2989282,of_object,Private Law Society,strict,4241247,1,,,type1,,3,34.94098663330078,242.09991455078125,3,0.0
2989283,of_object,Climate Crisis,strict,4243203,1,,,type1,,2,19.97946548461914,150.0443115234375,2,0.0
2989284,of_object,Industrial Societies,strict,4245998,1,,,type1,,2,20.257843017578125,113.91740417480469,2,0.5
2989285,of_object,White Majorities,strict,4257062,1,,,type1,,2,20.136661529541016,166.64755249023438,2,0.206452014276068
2989286,of_object,American Morality,strict,4257497,1,,,type1,,2,24.932804107666016,107.55242919921875,2,0.5
2989287,of_object,Destruction of ISIS,strict,4257724,1,,,type2,of,3,21.830724716186523,152.1269989013672,3,0.22686229879265654
2989288,of_object,New Kin,strict,4258241,1,,,,,,14.508136749267578,79.89196014404297,2,0.5
2989289,of_object,Order after Major Wars,strict,4258321,1,,,type2,after,4,34.41850280761719,318.5230407714844,4,0.5
2989290,of_object,Mussolini's Rome,strict,4258511,1,,,,,,19.1773681640625,159.51559448242188,3,0.0
2989291,of_object,Australian Narrative,strict,4258804,1,,,type1,,2,18.313201904296875,95.64302062988281,2,0.5
2989292,of_object,Belief,strict,4259818,3,,,,,,12.090362548828125,45.50667953491211,1,0.5
2989293,of_object,Customer Delight,strict,4261245,1,,,type1,,2,15.899543762207031,160.42758178710938,2,0.22686229879265654
2989294,of_object,Spirit,strict,4265900,1,,,,,,12.671688079833984,43.21925354003906,1,0.5
2989295,of_object,Society in Britain,strict,4271181,1,,,type2,in,3,33.162841796875,181.2167205810547,3,0.5
2989296,of_object,Texas,strict,4274978,1,,,,,,8.438499450683594,50.995574951171875,1,0.5
2989297,of_object,Japanese American Artist,strict,4284251,1,,,type1,,3,27.212509155273438,218.53500366210938,3,0.0
2989298,of_object,New Revolutionary Cultures,strict,4285026,2,,,type1,,3,27.001327514648438,171.46580505371094,3,0.5
2989299,of_object,Morisco identity in sixteenth-century Aragon,strict,4285289,1,,,type2,in,5,29.00010108947754,330.8748779296875,6,0.0
2989300,of_object,Global Shanghai,strict,4297033,1,,,type1,,2,20.94985008239746,123.51274108886719,2,0.5
2989301,of_object,Civilization,strict,4297115,8,,,,,,11.282825469970703,46.206382751464844,1,0.7436980191949768
2989302,of_object,College Sports,strict,4297249,2,,,type1,,2,13.10615348815918,112.44306945800781,2,0.5
2989303,of_object,human body,strict,4297744,1,,,type1,,2,19.198549270629883,131.94012451171875,2,0.5
2989304,of_object,Imperialism,strict,4298010,1,,,,,,11.843679428100586,52.67760467529297,1,0.5
2989305,of_object,Theatrical Value,strict,4298136,1,,,type1,,2,11.988871574401855,87.03730010986328,2,0.0
2989306,of_object,Racial Equality,strict,4298401,1,,,type1,,2,23.95801544189453,171.6953887939453,2,0.35746405220273614
2989307,of_object,Positional Imperative,strict,4298572,1,,,type1,,2,18.400527954101562,108.3744125366211,2,0.5
2989308,of_object,Modern Metropolis,strict,4301791,3,,,,,,16.314430236816406,82.71485137939453,2,0.3333333333333333
2989309,of_object,America's Favorite Pastime,strict,4305574,1,,,type1,,3,33.68933868408203,275.1571350097656,4,0.0
2989310,of_object,Wall Street Legend,strict,4310207,1,,,type1,,3,16.077953338623047,182.82313537597656,3,0.5
2989311,of_object,False Prophecies,strict,4310240,1,,,type1,,2,19.17580795288086,91.45409393310547,2,0.6805868963779695
2989312,of_object,Sexual Psyche,strict,4317007,1,,,type1,,2,23.236459732055664,119.90324401855469,2,0.0
2989313,of_object,Friendship,strict,4319136,2,,,,,,9.90159797668457,44.32664108276367,1,0.25
2989314,of_object,Modern Middle East,strict,4334568,2,,,type1,,3,29.121109008789062,155.83920288085938,3,0.5
2989315,of_object,International Community,strict,4335501,2,,,type1,,2,20.26038360595703,109.88361358642578,2,0.5
2989316,of_object,Sustainable Future,strict,4339392,1,,,type1,,2,16.807769775390625,118.50672912597656,2,0.5
2989317,of_object,Jack Ruby,strict,4339506,1,,,,,,7.932376384735107,119.24258422851562,2,0.587418225121317
2989318,of_object,Cultural Space,strict,4339642,1,,,type1,,2,20.257843017578125,113.91740417480469,2,0.5
2989319,of_object,American Family Law,strict,4351437,2,,,type1,,3,28.040925979614258,173.10166931152344,3,0.25
2989320,of_object,Middle Class,strict,4354462,2,,,type1,,2,13.770371437072754,114.00554656982422,2,0.25
2989321,of_object,Global Politics,strict,4357727,1,,,type1,,2,24.734302520751953,153.64031982421875,2,0.0
2989322,of_object,North Sea environmental cooperation,strict,4358109,1,,,,,,34.37080383300781,266.89886474609375,4,0.0
2989323,of_object,Philosophy,strict,4359134,6,,,,,,7.893296718597412,38.36292266845703,1,0.5
2989324,of_object,American Independence,strict,4359141,2,,,type1,,2,22.648849487304688,101.68401336669922,2,0.5
2989325,of_object,Proscription,strict,4373122,1,,,,,,6.252773284912109,44.4565544128418,1,0.5
2989326,of_object,Christian Self,strict,4375838,1,,,type1,,2,20.08694839477539,117.07713317871094,2,0.5
2989327,of_object,Contested Pasts,strict,4378794,1,,,type1,,2,15.414040565490723,118.73194122314453,2,0.5
2989328,of_object,Atomic Monopoly,strict,4378914,1,,,type1,,2,18.05695915222168,138.51837158203125,2,0.5
2989329,of_object,Archive,strict,4380359,1,,,,,,3.7673981189727783,38.0438346862793,1,0.0
2989330,of_object,U.S. Force,strict,4380836,1,,,type1,,2,21.28300666809082,100.55438232421875,2,0.5
2989331,of_object,UN Secretariat in Rwanda,strict,4411351,1,,,type2,in,4,22.250410079956055,235.42835998535156,4,0.0
2989332,of_object,Soho,strict,4411869,1,,,,,,1.1445000171661377,58.753028869628906,1,0.03678180432433771
2989333,of_object,Mccarthyism,strict,4412278,1,,,,,,2.7380995750427246,60.95718002319336,1,0.5
2989334,of_object,Interiority,strict,4412544,1,,,,,,,,,0.5
2989335,of_object,Touch,strict,4412872,1,,,,,,5.824031352996826,34.70844650268555,1,0.5
2989336,of_object,Global Age,strict,4413438,1,,,type1,,2,19.92273712158203,119.35607147216797,2,0.5
2989337,of_object,Modern Biblical Criticism,strict,4414463,1,,,type1,,3,29.054363250732422,217.50201416015625,3,0.5
2989338,of_object,Pakistan,strict,4416301,1,,,,,,9.772772789001465,53.412174224853516,1,0.5
2989339,of_object,Chinese Power,strict,4416724,1,,,type1,,2,19.942594528198242,99.48675537109375,2,0.5
2989340,of_object,Delinquency,strict,4417259,1,,,,,,3.7984492778778076,58.647464752197266,1,0.5
2989341,of_object,Difference,strict,4418301,6,,,,,,7.549066066741943,33.616851806640625,1,0.3333333333333333
2989342,of_object,Youth Homicide,strict,4419742,1,,,type1,,2,19.934572219848633,153.05665588378906,2,0.5
2989343,of_object,Modern Europe,strict,4420128,1,,,type1,,2,17.83637046813965,87.4859390258789,2,0.5
2989344,of_object,Humankind,strict,4431166,1,,,,,,11.282825469970703,46.206382751464844,1,0.0
2989345,of_object,Light Worker,strict,4432200,1,,,type1,,2,14.32662582397461,105.90042114257812,2,0.0
2989346,of_object,Puerto Rico,strict,4435909,1,,,,,,24.82088851928711,162.62359619140625,2,0.5
2989347,of_object,Academic Integrity,strict,4435991,1,,,type1,,2,16.433643341064453,92.80799102783203,2,0.0
2989348,of_object,Environmental Science,strict,4436048,1,,,type1,,2,17.409547805786133,123.78514862060547,2,0.5
2989349,of_object,Modern State,strict,4436695,1,,,type1,,2,19.286983489990234,102.38473510742188,2,0.5
2989350,of_object,American Foreign Policy,strict,4439295,1,,,type1,,3,34.898529052734375,244.94305419921875,3,0.5
2989351,of_object,Crime,strict,4439333,2,,,,,,12.837247848510742,52.166324615478516,1,0.018390902162168855
2989352,of_object,good communication,strict,4448142,1,,,type1,,2,18.86122703552246,99.25811004638672,2,0.5
2989353,of_object,Omar Khadr,strict,4449633,1,,,,,,2.198181629180908,49.68205642700195,1,0.11890968954149192
2989354,of_object,Sarah Aaronsohn,strict,4449696,1,,,,,,7.466006278991699,42.00681686401367,1,0.08859815326353668
2989355,of_object,Organisational Capability,strict,4452038,1,,,type1,,2,14.453329086303711,115.56582641601562,2,0.5
2989356,of_object,Chasing Snow,strict,4452467,1,,,,,,15.857921600341797,102.87272644042969,2,0.8443289028201912
2989357,of_object,Urban Political Machine,strict,4457577,1,,,type1,,3,29.9954776763916,195.268798828125,3,0.5
2989358,of_object,Posthuman Body,strict,4457821,2,,,type1,,2,13.33936882019043,99.94957733154297,2,0.0
2989359,of_object,Sovereignty,strict,4457846,4,,,,,,6.830144882202148,57.50789260864258,1,0.3333333333333333
2989360,of_object,American Nursing,strict,4466063,1,,,type1,,2,19.155969619750977,105.6866226196289,2,0.5
2989361,of_object,Equality,strict,4466768,1,,,,,,10.967150688171387,54.13751983642578,1,0.5
2989362,of_object,Postmodernity,strict,4469362,1,,,,,,,,,0.0
2989363,of_object,Unitary Status,strict,4469706,1,,,type1,,2,17.710973739624023,108.72543334960938,2,0.0
2989364,of_object,Nazi POWs in America,strict,4472658,1,,,type2,in,4,31.19747543334961,282.5727233886719,4,0.0
2989365,of_object,Human Dissection,strict,4476444,2,,,type1,,2,14.574481964111328,139.25218200683594,2,0.5861404542098902
2989366,of_object,automation,strict,4485145,1,,,,,,5.849637031555176,45.57715606689453,1,0.3010299956639812
2989367,of_object,Monogamy,strict,4488442,1,,,,,,8.313899993896484,49.48645782470703,1,0.5
2989368,of_object,George Zimmerman,strict,4488505,2,,,,,,10.2470064163208,124.19122314453125,2,0.0
2989369,of_object,International Politics,strict,4488531,3,,,type1,,2,24.603134155273438,120.32527160644531,2,0.5
2989370,of_object,Contemporary Colombia,strict,4488641,1,,,type1,,2,20.879310607910156,94.43899536132812,2,0.5
2989371,of_object,Immanence,strict,4489107,1,,,,,,,,,0.5
2989372,of_object,Political Tradition,strict,4490107,1,,,type1,,2,20.28851318359375,111.4500732421875,2,0.5
2989373,of_object,African American Culture,strict,4490997,1,,,type1,,3,36.34977340698242,284.6252136230469,3,0.5
2989374,of_object,Welfare State,strict,4491673,1,,,type1,,2,23.792116165161133,150.94961547851562,2,0.5
2989375,of_object,Ming Novel,strict,4492035,1,,,,,,10.966713905334473,65.07655334472656,2,0.5
2989376,of_object,Modern Political Culture,strict,4492401,1,,,type1,,3,31.46824836730957,219.70494079589844,3,0.5
2989377,of_object,Athletic Enhancement Debate,strict,4493257,1,,,type1,,3,22.393327713012695,153.48121643066406,3,0.0
2989378,of_object,Australian Convict,strict,4504298,1,,,type1,,2,20.78809356689453,95.33832550048828,2,0.5
2989379,of_object,Christian Identity,strict,4510797,1,,,type1,,2,19.848352432250977,104.992431640625,2,0.0
2989380,of_object,Truth in Turkey,strict,4512075,1,,,type2,in,3,27.43230438232422,172.01004028320312,3,0.5
2989381,of_object,Deconstruction,strict,4513084,2,,,,,,8.468868255615234,38.69528579711914,1,0.25
2989382,of_object,decolonization,strict,4525688,1,,,,,,11.843679428100586,52.67760467529297,1,0.5
2989383,of_object,Gamer Educator,strict,4528167,1,,,type1,,2,11.736858367919922,97.7652587890625,2,0.5
2989384,of_object,Soft Sensors,strict,4528288,1,,,type1,,2,12.076164245605469,104.93218994140625,2,0.5
2989385,of_object,Parliaments,strict,4529289,1,,,,,,8.951555252075195,49.121803283691406,1,0.5
2989386,of_object,Zoom,strict,4542874,1,,,,,,0.20959322154521942,40.80583953857422,1,0.0
2989387,of_object,Modern Laos,strict,4564789,1,,,type1,,2,17.83637046813965,87.4859390258789,2,0.5
2989388,of_object,Human Rights in Civil War,strict,4569353,2,,,type2,in,5,48.767127990722656,513.5823364257812,5,0.25
2989389,of_object,U.S. -Japan Relations,strict,4571600,1,,,type1,,3,21.039737701416016,104.10853576660156,2,0.5
2989390,of_object,Confidence in American Government,strict,4572021,1,,,type2,in,4,37.152381896972656,268.4304504394531,4,0.5
2989391,of_object,Cultural Change,strict,4582951,1,,,type1,,2,21.06363296508789,103.09850311279297,2,0.5
2989392,of_object,Corpse After Death,strict,4588587,1,,,type2,after,3,24.51451873779297,401.6510314941406,3,0.8685291843122999
2989393,of_object,Neurology,strict,4588647,1,,,,,,2.9481494426727295,69.5573501586914,1,0.5
2989394,of_object,Marijuana Trade,strict,4602538,1,,,type1,,2,18.37757110595703,105.886474609375,2,0.5
2989395,of_object,Chinese Communism,strict,4602877,1,,,type1,,2,25.73763084411621,126.45391845703125,2,0.5
2989396,of_object,Winners,strict,4604052,2,,,,,,5.301374435424805,46.514549255371094,1,0.5
2989397,of_object,Animal Exploitation,strict,4604534,1,,,type1,,2,20.968332290649414,125.69219970703125,2,0.5
2989398,of_object,Horror,strict,4604732,1,,,,,,10.31140422821045,46.0461311340332,1,0.5
2989399,of_object,Global Economy,strict,4604947,1,,,type1,,2,23.812076568603516,147.19976806640625,2,0.8610220226133264
2989400,of_object,Faith,strict,4605065,2,,,,,,12.671688079833984,43.21925354003906,1,0.5
2989401,of_object,Funeral Culture,strict,4605097,1,,,type1,,2,20.61225700378418,111.71429443359375,2,0.0
2989402,of_object,Modern Israel,strict,4606057,1,,,type1,,2,19.353408813476562,99.0999755859375,2,0.25073340838340336
2989403,of_object,Joseph Kinmont Hart,strict,4606058,1,,,,,,13.387548446655273,135.86422729492188,2,0.5
2989404,of_object,Black America,strict,4606314,1,,,type1,,2,18.127994537353516,131.50888061523438,2,0.5
2989405,of_object,Yankee Guard,strict,4607254,1,,,type1,,2,15.127915382385254,89.61579132080078,2,0.5
2989406,of_object,Self-Creation,strict,4608510,1,,,,,,19.6992244720459,145.4445037841797,3,0.0
2989407,of_object,Pleistocene,strict,4610783,1,,,,,,2.5344393253326416,52.88094711303711,1,0.0
2989408,of_object,off-World Frontier,strict,4618907,1,,,type2,off,2,29.50349235534668,231.87339782714844,4,0.5
2989409,of_object,Miami Homeland,strict,4620637,1,,,type1,,2,21.642019271850586,115.80348205566406,2,0.5
2989410,of_object,Art,strict,4627722,3,,,,,,8.572507858276367,49.98180389404297,1,0.3333333333333333
2989411,of_object,Difference in North American Courts,strict,4640315,1,,,type2,in,5,49.25288772583008,433.78900146484375,5,0.5
2989412,of_object,Modern Horse,strict,4640888,1,,,type1,,2,15.838155746459961,86.74103546142578,2,0.5
2989413,of_object,New Pharmaceuticals,strict,4640917,1,,,type1,,2,12.229162216186523,112.5988540649414,2,0.5
2989414,of_object,Just Life,strict,4643455,1,,,type1,,2,22.90361976623535,96.21585845947266,2,0.5
2989415,of_object,EU,strict,4643812,1,,,,,,1.473623514175415,61.63744354248047,1,0.5
2989416,of_object,Normality,strict,4647795,4,,,,,,4.140582084655762,49.123130798339844,1,0.3333333333333333
2989417,of_object,Literature,strict,4656696,4,,,,,,6.9779791831970215,37.46572494506836,1,0.30653182500229575
2989418,of_object,America's Coastal Cities,strict,4665189,2,,,type1,,3,34.50419235229492,269.24652099609375,4,0.25
2989419,of_object,Virus,strict,4678459,1,,,,,,8.054756164550781,64.9139404296875,1,0.3783997235392524
2989420,of_object,Authenticity,strict,4679891,1,,,,,,9.455662727355957,40.657257080078125,1,0.5
2989421,of_object,Speculation,strict,4680162,1,,,,,,9.059874534606934,43.85114288330078,1,0.0
2989422,of_object,Consciousness,strict,4681009,3,,,,,,12.671688079833984,43.21925354003906,1,0.16666666666666666
2989423,of_object,Bergholz Barbers,strict,4681514,1,,,type1,,2,1.637965440750122,59.21333312988281,1,0.0
2989424,of_object,Singer-Songwriter,strict,4681619,1,,,,,,8.155920028686523,238.40528869628906,3,0.5
2989425,of_object,Contemporary Identity,strict,4681948,1,,,type1,,2,17.013835906982422,91.85198211669922,2,0.5
2989426,of_object,Inclusive Education,strict,4682364,1,,,type1,,2,17.841899871826172,122.05316925048828,2,0.5
2989427,of_object,Artificial Intelligence,strict,4683341,1,,,type1,,2,18.413677215576172,127.62129211425781,2,0.5
2989428,of_object,Shareholder Value,strict,4691515,3,,,type1,,2,12.1760835647583,127.74520874023438,2,0.16666666666666666
2989429,of_object,Digital Sell,strict,4693677,1,,,type1,,2,12.77435302734375,116.6687240600586,2,0.5
2989430,of_object,Murderous Faith,strict,4694654,2,,,type1,,2,22.030624389648438,112.9575424194336,2,0.4176582138121122
2989431,of_object,Afro-Asian solidarity,strict,4714841,1,,,type1,,2,19.249486923217773,284.2611389160156,4,0.0
2989432,of_object,Divine Chosenness,strict,4716077,1,,,type1,,2,9.328327178955078,45.41648483276367,1,0.5
2989433,of_object,Protected Areas,strict,4717292,1,,,type1,,2,19.34022331237793,105.43132781982422,2,0.5
2989434,of_object,Participatory Development,strict,4718527,1,,,type1,,2,17.5013370513916,114.13607025146484,2,0.0
2989435,of_object,Divine Love,strict,4722071,1,,,type1,,2,19.437374114990234,114.2049560546875,2,0.5709710871475191
2989436,of_object,Public Policy,strict,4731785,1,,,type1,,2,22.637414932250977,154.52536010742188,2,0.5
2989437,of_object,innocent man,strict,4752555,1,,,type1,,2,18.065540313720703,149.87548828125,2,0.289090900285832
2989438,of_object,Modern Philosophy,strict,4753429,1,,,type1,,2,16.523256301879883,110.01046752929688,2,0.5
2989439,of_object,Human Beings,strict,4753845,2,,,type1,,2,22.814708709716797,178.01019287109375,2,0.5
2989440,of_object,Planet,strict,4756091,1,,,,,,12.671688079833984,43.21925354003906,1,0.0
2989441,of_object,Single Individual,strict,4757791,1,,,type1,,2,16.44974136352539,126.63606262207031,2,0.0
2989442,of_object,Posthumous Fame,strict,4759333,1,,,type1,,2,11.84003734588623,88.94629669189453,2,0.5
2989443,of_object,Victorian Journalism,strict,4771464,1,,,,,,16.53265953063965,92.456787109375,2,0.5
2989444,of_object,New Deal Narrative,strict,4790916,1,,,type1,,3,22.447755813598633,176.65658569335938,3,0.5
2989445,of_object,Space Race,strict,4791522,1,,,type1,,2,18.41506004333496,103.74173736572266,2,0.322195036035248
2989446,of_object,Family Difference,strict,4792568,1,,,type1,,2,12.671850204467773,78.87299346923828,2,0.5
2989447,of_object,American Capitalism,strict,4793286,1,,,type1,,2,25.73763084411621,126.45391845703125,2,0.5
2989448,of_object,Organ Music,strict,4793310,1,,,type1,,2,10.164276123046875,111.70852661132812,2,0.5
2989449,of_object,Reform,strict,4795614,2,,,,,,10.38773250579834,44.682342529296875,1,0.25
2989450,of_object,New Moral Barbarism,strict,4797559,2,,,type1,,3,27.75406265258789,166.01707458496094,3,0.0
2989451,of_object,Press,strict,4797957,1,,,,,,7.369564533233643,34.946903228759766,1,0.5
2989452,of_object,Youth Activism in Baltimore,strict,4801876,1,,,type2,in,4,42.8111572265625,334.43017578125,4,0.5
2989453,of_object,Human Spirit,strict,4813917,1,,,type1,,2,24.2474422454834,150.7533416748047,2,0.0
2989454,of_object,Corporate Capitalism,strict,4814959,3,,,type1,,2,25.08878517150879,140.6993408203125,2,0.3333333333333333
2989455,of_object,World Heritage Site,strict,4827776,1,,,type1,,3,29.905656814575195,189.89674377441406,3,0.5
2989456,of_object,Good Governance,strict,4828133,1,,,type1,,2,20.61966323852539,93.89683532714844,2,0.5
2989457,of_object,Body in Modern India,strict,4828338,1,,,type2,in,4,34.405704498291016,280.8326110839844,4,0.5
2989458,of_object,Poetry,strict,4828707,3,,,,,,9.865217208862305,38.96550750732422,1,0.4389352387305281
2989459,of_object,British Democracy,strict,4829483,1,,,type1,,2,25.73763084411621,126.45391845703125,2,0.5
2989460,of_object,Web 2. 0,strict,4830575,1,,,,,,19.57362174987793,241.098388671875,4,0.5
2989461,of_object,Death,strict,4835150,2,,,,,,7.534196376800537,50.9269905090332,1,0.25
2989462,of_object,Comic Book Heroines,strict,4839865,2,,,type1,,3,19.357887268066406,184.36805725097656,3,0.06153842538162908
2989463,of_object,Third Roman Civil War,strict,4844460,1,,,,,,42.28879928588867,326.3335876464844,4,0.0
2989464,of_object,Roads,strict,4846146,1,,,,,,7.2789411544799805,43.0946044921875,1,0.5
2989465,of_object,Garda Forensic Expert,strict,4849894,1,,,type1,,3,15.500388145446777,191.3977508544922,3,0.5
2989466,of_object,Divine in Ancient Israel,strict,4852217,1,,,type2,in,4,39.960025787353516,304.2326965332031,4,0.10723169176847977
2989467,of_object,Fitness,strict,4866903,1,,,,,,9.342949867248535,61.07600402832031,1,0.5
2989468,of_object,Leadership,strict,4868203,1,,,,,,10.38773250579834,44.682342529296875,1,0.5
2989469,of_object,Common Reader,strict,4868358,1,,,type1,,2,13.76977825164795,87.67382049560547,2,0.0
2989470,of_object,Music Industry,strict,4869033,1,,,type1,,2,9.195610046386719,117.30130004882812,2,0.5
2989471,of_object,Discipleship,strict,4869980,2,,,,,,9.350839614868164,53.272640228271484,1,0.25
2989472,of_object,Palestinian State,strict,4870016,1,,,type1,,2,17.302217483520508,112.04756164550781,2,0.5
2989473,of_object,Negotiation Household,strict,4872660,1,,,type1,,2,19.625192642211914,129.9524383544922,2,0.5
2989474,of_object,Reality,strict,4872931,3,,,,,,12.671688079833984,43.21925354003906,1,0.4552227112243945
2989475,of_object,Japanese Literature in English,strict,4879416,1,,,type2,in,4,31.774763107299805,302.3495788574219,4,0.5
2989476,of_object,Firm,strict,4881206,1,,,,,,11.612271308898926,46.59490203857422,1,0.5
2989477,of_object,Southern Nostalgia,strict,4881916,1,,,type1,,2,18.438880920410156,105.95096588134766,2,0.0
2989478,of_object,Embargo,strict,4902178,2,,,,,,6.091886520385742,51.366573333740234,1,0.0
2989479,of_object,Trump,strict,4902347,1,,,,,,9.96420669555664,41.07499694824219,1,0.5
2989480,of_object,LAPD,strict,4902566,1,,,,,,2.0562210083007812,49.949745178222656,1,0.5
2989481,of_object,Healthcare Marketing,strict,4902909,1,,,type1,,2,14.257513046264648,119.76617431640625,2,0.5
2989482,of_object,One Family's Life with Leukemia,strict,4903813,1,,,type2,with,5,46.63508224487305,527.3612670898438,6,0.0
2989483,of_object,Political Imagination,strict,4904577,1,,,type1,,2,23.68243980407715,124.51378631591797,2,0.5
2989484,of_object,American Military Thought,strict,4904732,1,,,type1,,3,33.163658142089844,196.112548828125,3,0.5
2989485,of_object,New East Asian Order,strict,4907311,1,,,,,,33.90898513793945,320.2555847167969,4,0.5
2989486,of_object,palestinian nationalism,strict,4907948,1,,,type1,,2,18.488868713378906,139.08644104003906,2,0.0
2989487,of_object,Transformational Imprint,strict,4908137,1,,,type1,,2,3.7927496433258057,105.23667907714844,2,0.5
2989488,of_object,World Economy,strict,4909876,3,,,type1,,2,24.740325927734375,124.58194732666016,2,0.4686782512052668
2989489,of_object,Quiet Professional,strict,4915761,1,,,type1,,2,14.30418872833252,100.79933166503906,2,0.0
2989490,of_object,Orange-Nassau,strict,4938883,1,,,,,,14.45860767364502,157.2195281982422,3,0.5
2989491,of_object,Mental Health,strict,4940477,1,,,type1,,2,21.441259384155273,149.6343536376953,2,0.5
2989492,of_object,Terrorists,strict,4942395,3,,,,,,10.727307319641113,56.616424560546875,1,0.3044334280121546
2989493,of_object,U.S. Bases,strict,4942464,1,,,type1,,2,23.137752532958984,124.37357330322266,2,0.5
2989494,of_object,Oil Dynasty,strict,4943297,1,,,type1,,2,20.113353729248047,120.49320983886719,2,0.5
2989495,of_object,modern liberalism,strict,4943329,1,,,type1,,2,22.106470108032227,126.54458618164062,2,0.5
2989496,of_object,Human Sciences,strict,4951478,1,,,type1,,2,20.364049911499023,146.16542053222656,2,0.5
2989497,of_object,American Dynasty,strict,4954218,1,,,type1,,2,23.70731544494629,126.77701568603516,2,0.5
2989498,of_object,Human,strict,4954760,1,,,,,,11.575752258300781,48.6839714050293,1,0.0
2989499,of_object,Imagination,strict,4976462,2,,,,,,12.671688079833984,43.21925354003906,1,0.25
2989500,of_object,Sacred Texts,strict,4976535,1,,,type1,,2,16.638267517089844,108.51779174804688,2,0.5
2989501,of_object,Performative,strict,4977525,1,,,,,,,,,0.5
2989502,of_object,Modern Hinduism,strict,4988401,1,,,type1,,2,16.3624210357666,109.59720611572266,2,0.0
2989503,of_object,Chinese American Community,strict,4991521,1,,,type1,,3,33.17034912109375,228.42117309570312,3,0.5
2989504,of_object,Old Mexico,strict,4999590,1,,,type1,,2,22.642375946044922,98.47185516357422,2,0.8791497333098631
2989505,of_object,Dynasty,strict,5012700,1,,,,,,11.446199417114258,48.879825592041016,1,0.5
2989506,of_object,American Film,strict,5012873,1,,,type1,,2,18.8479061126709,106.44315338134766,2,0.5
2989507,of_object,Legitimacy,strict,5013050,2,,,,,,9.455662727355957,40.657257080078125,1,0.5
2989508,of_object,Caribbean Figure,strict,5013362,1,,,type1,,2,16.862512588500977,97.9181900024414,2,0.5
2989509,of_object,African-American Community,strict,5014619,1,,,type1,,2,32.80318069458008,276.8518371582031,4,0.5
2989510,of_object,Hip-Hop,strict,5018207,1,,,,,,12.131054878234863,246.5775146484375,3,0.5
2989511,of_object,Citizenship,strict,5020476,3,,,,,,11.183015823364258,54.1860466003418,1,0.3333333333333333
2989512,of_object,Old South,strict,5026225,1,,,type1,,2,22.642375946044922,98.47185516357422,2,0.5
2989513,of_object,Animals,strict,5027549,1,,,,,,10.188642501831055,52.47013854980469,1,0.5
2989514,of_object,Morrissey,strict,5028780,1,,,,,,1.6559182405471802,45.41498565673828,1,0.0
2989515,of_object,Telehealth,strict,5028953,1,,,,,,2.304960250854492,61.69198226928711,1,0.5
2989516,of_object,Marduk,strict,5030477,1,,,,,,-0.4914061427116394,69.84711456298828,1,0.0
2989517,of_object,Surveillance State,strict,5035416,1,,,type1,,2,17.59453773498535,112.21587371826172,2,0.5
2989518,of_object,Children,strict,5049168,2,,,,,,10.188642501831055,52.47013854980469,1,0.5
2989519,of_object,Ocean Motion,strict,5050027,1,,,type1,,2,13.855113983154297,92.67642974853516,2,0.5
2989520,of_object,Cold War Arms Race,strict,5052027,1,,,,,,36.399375915527344,328.2431640625,4,0.5
2989521,of_object,Presidency,strict,5052261,2,,,,,,8.951555252075195,49.121803283691406,1,0.4354136081275489
2989522,of_object,Feminine,strict,5052661,2,,,,,,6.4543585777282715,55.29448318481445,1,0.25
2989523,of_object,Criminal Law,strict,5055733,2,,,type1,,2,21.22159194946289,155.93446350097656,2,0.0
2989524,of_object,Phantom Menace,strict,5069427,1,,,type1,,2,17.18172836303711,113.79529571533203,2,0.0
2989525,of_object,Modern China,strict,5086654,3,,,type1,,2,17.83637046813965,87.4859390258789,2,0.1737278299737517
2989526,of_object,pictures,strict,5087359,1,,,,,,5.448062896728516,47.336814880371094,1,0.0
2989527,of_object,Prestige,strict,5090832,1,,,,,,6.581805229187012,44.895320892333984,1,0.5
2989528,of_object,Mao,strict,5090910,1,,,,,,2.949748992919922,41.94442367553711,1,0.5
2989529,of_object,PR Agency,strict,5091238,1,,,type1,,2,17.320812225341797,125.83739471435547,2,0.0
2989530,of_object,Inuit Lands,strict,5091479,1,,,type1,,2,18.00448989868164,127.17845916748047,2,0.5
2989531,of_object,Health,strict,5091834,2,,,,,,10.87648868560791,60.566715240478516,1,0.15546442378230185
2989532,of_object,New Middle Class in Istanbul,strict,5093533,1,,,type2,in,5,39.93718719482422,455.1845703125,5,0.5
2989533,of_object,Cuban Slave Trade,strict,5093937,1,,,type1,,3,29.495250701904297,207.03514099121094,3,0.5
2989534,of_object,Global Capitalism,strict,5098510,1,,,type1,,2,25.219953536987305,178.00265502929688,2,0.5
2989535,of_object,Far Right in Brazil,strict,5101854,1,,,type2,in,4,37.664031982421875,281.3236083984375,4,0.5
2989536,of_object,Cities,strict,5102471,1,,,,,,8.459431648254395,50.067996978759766,1,0.5
2989537,of_object,conservation,strict,5122143,1,,,,,,7.105957508087158,58.827510833740234,1,0.0
2989538,of_object,Education Research,strict,5122180,1,,,type1,,2,17.36098861694336,144.00648498535156,2,0.5
2989539,of_object,Martyrs,strict,5122464,1,,,,,,8.161077499389648,43.27933120727539,1,0.5
2989540,of_object,Buddhist Ideas,strict,5122755,1,,,type1,,2,16.201330184936523,105.81966400146484,2,0.5
2989541,of_object,Greek Prose,strict,5122796,1,,,type1,,2,13.427295684814453,101.59065246582031,2,0.5
2989542,of_object,New World Order,strict,5122890,1,,,type1,,3,26.882843017578125,190.68524169921875,3,0.8646529480104274
2989543,of_object,Cultural Knowledge in Central Africa,strict,5123249,1,,,type2,in,5,48.88019561767578,432.8574523925781,5,0.5
2989544,of_object,Emissions Trading,strict,5123364,1,,,type1,,2,13.227957725524902,122.93391418457031,2,0.5
2989545,of_object,Astronomy,strict,5123373,1,,,,,,5.175026893615723,48.2564582824707,1,0.5
2989546,of_object,Private Actors in Education,strict,5125260,1,,,type2,in,4,35.235862731933594,281.3362121582031,4,0.0
2989547,of_object,Natural Fake,strict,5125475,1,,,type1,,2,16.204086303710938,129.34133911132812,2,0.5
2989548,of_object,Wellcome,strict,5126914,1,,,,,,0.3486584424972534,56.11492156982422,1,0.5
2989549,of_object,Red Planet,strict,5127038,1,,,type1,,2,18.04901885986328,112.47083282470703,2,0.0
2989550,of_object,Contemporary Japanese Buddhism,strict,5127040,1,,,,,,28.15484046936035,211.5583038330078,3,0.5
2989551,of_object,Human Intelligence,strict,5130582,2,,,type1,,2,22.072458267211914,138.0543670654297,2,0.4298345067622398
2989552,of_object,Relation,strict,5135143,1,,,,,,8.012795448303223,41.02466583251953,1,0.5
2989553,of_object,Hope,strict,5135209,1,,,,,,10.109046936035156,38.71051025390625,1,0.5
2989554,of_object,Solidarity,strict,5148496,2,,,,,,8.78471565246582,38.02729034423828,1,0.25
2989555,of_object,New Settings,strict,5148774,1,,,type1,,2,15.202791213989258,97.74034118652344,2,0.5
2989556,of_object,Legislation,strict,5149943,1,,,,,,10.657025337219238,54.1787109375,1,0.0
2989557,of_object,Machu Picchu,strict,5158578,1,,,,,,0.6622787117958069,290.8663024902344,2,0.5
2989558,of_object,Strawberry Industry,strict,5159224,1,,,,,,10.412047386169434,107.87789916992188,2,0.5
2989559,of_object,Art Form,strict,5159511,1,,,,,,16.931568145751953,106.61787414550781,2,0.5
2989560,of_object,Postmodern Homiletics,strict,5161333,1,,,type1,,2,8.468868255615234,38.69528579711914,1,0.5
2989561,of_object,East,strict,5161656,1,,,,,,12.410444259643555,40.65589904785156,1,0.0
2989562,of_object,Trans-Mississippi West,strict,5162478,2,,,type1,,2,22.963623046875,248.37379455566406,4,0.25
2989563,of_object,Human Person,strict,5174495,1,,,type1,,2,21.192659378051758,109.5982894897461,2,0.5
2989564,of_object,Modern Science,strict,5175019,1,,,type1,,2,17.418256759643555,108.08665466308594,2,0.6994403274854911
2989565,of_object,Masculinities,strict,5177039,1,,,,,,7.844563007354736,46.95771026611328,1,0.5
2989566,of_object,Rhetoric,strict,5196109,1,,,,,,6.807976245880127,42.2874870300293,1,0.5
2989567,of_object,North Korean Revolution in Manchuria,strict,5196644,1,,,type2,in,5,44.92227554321289,408.6369934082031,5,0.0
2989568,of_object,Scientific Concepts,strict,5196768,1,,,type1,,2,12.654781341552734,130.2122344970703,2,0.5
2989569,of_object,Community in Modern Russia,strict,5197639,1,,,type2,in,4,33.78792953491211,233.41079711914062,4,0.5
2989570,of_object,Giants of Ancient America,strict,5197997,1,,,type2,of,4,39.523258209228516,295.5500183105469,4,0.5
2989571,of_object,Transatlantic Financial Crisis,strict,5198356,1,,,type1,,3,23.80561637878418,246.50718688964844,3,0.5
2989572,of_object,Utopian Hope,strict,5198640,2,,,type1,,2,19.432422637939453,106.97242736816406,2,0.0
2989573,of_object,Print Culture,strict,5211132,1,,,type1,,2,18.474498748779297,105.89163208007812,2,0.5
2989574,of_object,U.S. Policy,strict,5216599,2,,,type1,,2,23.43558692932129,108.36624145507812,2,0.0
2989575,of_object,Arms Control,strict,5216974,1,,,type1,,2,13.166784286499023,101.16516876220703,2,0.0
2989576,of_object,Formation,strict,5218749,1,,,,,,10.152782440185547,49.10176467895508,1,0.5
2989577,of_object,Modern Yoga,strict,5231872,1,,,type1,,2,16.411876678466797,115.3902587890625,2,0.0
2989578,of_object,Nation,strict,5232212,7,,,,,,9.054142951965332,51.40907669067383,1,0.5
2989579,of_object,New Myth,strict,5232448,2,,,type1,,2,15.47757339477539,84.39581298828125,2,0.0
2989580,of_object,Small Cities,strict,5232761,1,,,type1,,2,16.210477828979492,94.26424407958984,2,0.5
2989581,of_object,American Ummah,strict,5234793,1,,,type1,,2,15.578516006469727,105.3578109741211,2,0.0
2989582,of_object,Modern Politics,strict,5235017,1,,,type1,,2,21.620820999145508,125.40611267089844,2,0.5
2989583,of_object,Discovery,strict,5237153,2,,,,,,10.081859588623047,57.12111282348633,1,0.25
2989584,of_object,Radical Right in France,strict,5240043,2,,,type2,in,4,38.38823318481445,289.191162109375,4,0.25
2989585,of_object,Modern France,strict,5248499,2,,,type1,,2,21.040401458740234,90.45037078857422,2,0.25
2989586,of_object,Internet,strict,5248501,3,,,,,,8.154250144958496,39.96929168701172,1,0.3333333333333333
2989587,of_object,WWI,strict,5253458,1,,,,,,10.866779327392578,51.63837814331055,1,0.0
2989588,of_object,Rural Communities,strict,5256487,1,,,type1,,2,21.22178077697754,134.16831970214844,2,0.5
2989589,of_object,Coast Guard's Small Boat Stations,strict,5257836,1,,,,,,40.868587493896484,532.9830932617188,6,0.5
2989590,of_object,political unity,strict,5267389,1,,,type1,,2,23.68243980407715,124.51378631591797,2,0.0
2989591,of_object,Theological Reflection,strict,5268554,1,,,type1,,2,18.22727394104004,115.60218048095703,2,0.0
2989592,of_object,Chemicals,strict,5270191,1,,,,,,8.940109252929688,50.003414154052734,1,0.5
2989593,of_object,Classic,strict,5272795,1,,,,,,5.389841556549072,42.382781982421875,1,0.5
2989594,of_object,monastic formation,strict,5280433,1,,,type1,,2,18.863554000854492,113.75335693359375,2,0.0
2989595,of_object,Obama Presidency,strict,5283576,1,,,,,,15.299964904785156,127.4054183959961,2,0.5
2989596,of_object,Emily Weiss's Glossier,strict,5284803,1,,,,,,10.870500564575195,207.53775024414062,4,0.5
2989597,of_object,public opinion in Cornwall,strict,5299543,1,,,type2,in,4,30.962358474731445,223.68899536132812,4,0.0
2989598,of_object,silver ball,strict,5303932,1,,,type1,,2,7.9697794914245605,103.17301940917969,2,0.17420151979398144
2989599,of_object,Revolution Today,strict,5304671,1,,,,,,20.478084564208984,101.70629119873047,2,0.5
2989600,of_object,Dinka Anglicanism,strict,5305313,1,,,,,,4.214781761169434,113.98113250732422,2,0.5
2989601,of_object,Public Opinion Professions,strict,5306210,1,,,type1,,3,26.71205711364746,204.34268188476562,3,0.5
2989602,of_object,Nineteenth-Century Madagascar,strict,5307011,1,,,type1,,2,25.62486457824707,199.5973358154297,4,0.0
2989603,of_object,Security in Postwar America,strict,5307027,1,,,type2,in,4,41.1075439453125,293.81854248046875,4,0.5
2989604,of_object,Raphael's Villa Madama,strict,5312316,1,,,,,,11.261056900024414,238.2146759033203,4,0.5
2989605,of_object,IMF,strict,5315564,1,,,,,,4.681343078613281,61.38078308105469,1,0.5
2989606,of_object,Football's Greatest Battle,strict,5315912,1,,,type1,,3,33.67885971069336,343.4968566894531,4,0.9295224744282786
2989607,of_object,King,strict,5315916,1,,,,,,11.39553165435791,47.13890075683594,1,0.0
2989608,of_object,Truth in Fin-De-siècle Montmartre,strict,5322082,1,,,type2,in,4,22.03244972229004,535.2715454101562,8,0.5
2989609,of_object,Cultural Identities,strict,5322136,1,,,type1,,2,23.65508270263672,178.87904357910156,2,0.5
2989610,of_object,Iraqi Kurdistan,strict,5325797,1,,,type1,,2,15.522284507751465,177.2119140625,2,0.0
2989611,of_object,Downtown Bogotá,strict,5327096,1,,,type1,,2,7.504784107208252,66.734375,2,0.0
2989612,of_object,Interdependence,strict,5329304,2,,,,,,11.743439674377441,51.34877395629883,1,0.5
2989613,of_object,Occasionalism,strict,5341341,1,,,,,,,,,0.0
2989614,of_object,Electrodynamics,strict,5342768,1,,,,,,2.172725200653076,64.05809020996094,1,0.5
2989615,of_object,Human Race by Walter Isaacson,strict,5342986,1,,,type2,by,5,39.70893096923828,364.9515380859375,5,0.0
2989616,of_object,Soviet Industrially Embedded Ecology,strict,5356226,1,,,,,,25.057125091552734,238.8017120361328,4,0.5
2989617,of_object,Assassin,strict,5357253,1,,,,,,6.946689128875732,38.80121994018555,1,0.5
2989618,of_object,Mindfulness,strict,5359161,1,,,,,,9.28510856628418,56.54817199707031,1,0.0
2989619,of_object,gut-brain connection,strict,5375927,1,,,type1,,2,19.82528305053711,272.2666931152344,4,0.7063493714251485
2989620,of_object,Consumer Culture,strict,5376478,2,,,type1,,2,19.190200805664062,99.09567260742188,2,0.5
2989621,of_object,American Education,strict,5376821,2,,,type1,,2,20.882366180419922,98.9227523803711,2,0.25
2989622,of_object,Black Britain,strict,5377214,1,,,,,,18.127994537353516,131.50888061523438,2,0.5
2989623,of_object,Succession,strict,5378687,1,,,,,,8.013880729675293,28.984718322753906,1,0.5
2989624,of_object,Irregularized Migrants,strict,5381804,1,,,type1,,2,11.183015823364258,54.1860466003418,1,0.5
2989625,of_object,Today's Journalism,strict,5389014,1,,,type1,,2,23.395151138305664,170.08453369140625,3,0.0
2989626,of_object,American Republic,strict,5392138,1,,,,,,24.67156219482422,152.78561401367188,2,0.5
2989627,of_object,Alberta-Montana Borderlands,strict,5392309,1,,,type1,,2,18.799339294433594,321.9069519042969,4,0.5
2989628,of_object,Ethology,strict,5399522,1,,,,,,3.153480052947998,51.33773422241211,1,0.5
2989629,of_object,Blacklist,strict,5412084,1,,,,,,6.536047458648682,53.180789947509766,1,0.5
2989630,of_object,Modern Warfare,strict,5412857,2,,,type1,,2,19.300565719604492,112.86460876464844,2,0.25
2989631,of_object,High Society,strict,5414056,1,,,type1,,2,20.837783813476562,92.27129364013672,2,0.5
2989632,of_object,Regional Organizations,strict,5424174,1,,,type1,,2,16.73157501220703,104.9110107421875,2,0.5
2989633,of_object,Modern Promotion,strict,5425284,1,,,type1,,2,15.706582069396973,85.9769515991211,2,0.0
2989634,of_object,Nationhood,strict,5426969,1,,,,,,6.830144882202148,57.50789260864258,1,0.5
2989635,of_object,Social Class,strict,5427348,1,,,type1,,2,18.82475471496582,113.96984100341797,2,0.5
2989636,of_object,Life's Oldest Betrayal,strict,5447368,1,,,type1,,3,36.618717193603516,276.4031066894531,4,0.0
2989637,of_object,Multicellularity,strict,5447527,1,,,,,,,,,0.5
2989638,of_object,Jim Crow,strict,5448279,2,,,,,,12.525545120239258,100.47128295898438,2,0.3081542966540093
2989639,of_object,Torah,strict,5450459,1,,,,,,6.462298393249512,62.22552490234375,1,0.5
2989640,of_object,end of time,strict,5450997,1,,,type2,of,3,29.257503509521484,215.39620971679688,3,0.5
2989641,of_object,Buddhism in Tibet,strict,5451108,1,,,type2,in,3,24.610074996948242,197.05088806152344,3,0.5
2989642,of_object,Delinquent Area,strict,5452637,1,,,type1,,2,13.490457534790039,104.6443099975586,2,0.5
2989643,of_object,Modern Institutions in China,strict,5453380,1,,,type2,in,4,37.52934646606445,252.87176513671875,4,0.5
2989644,of_object,Sex,strict,5454792,2,,,,,,7.085391998291016,54.28789138793945,1,0.5
2989645,of_object,Genders,strict,5471359,1,,,,,,8.525945663452148,48.19715118408203,1,0.5
2989646,of_object,Gender,strict,5471623,3,,,,,,9.720356941223145,51.12865447998047,1,0.3333333333333333
2989647,of_object,Representation,strict,5483971,1,,,,,,8.024823188781738,46.56601333618164,1,0.5
2989648,of_object,British Navy,strict,5484716,1,,,type1,,2,24.522233963012695,171.37965393066406,2,0.5
2989649,of_object,Concealment in Early Medieval England,strict,5485909,1,,,type2,in,5,45.066768646240234,344.1095886230469,5,0.5
2989650,of_object,Southern Baptists,strict,5489233,1,,,type1,,2,20.69762420654297,120.08140563964844,2,0.0
2989651,of_object,Modern Body,strict,5489977,1,,,type1,,2,16.25275421142578,100.55220794677734,2,0.5
2989652,of_object,Photography,strict,5497140,1,,,,,,3.4342896938323975,52.71894454956055,1,0.5
2989653,of_object,Jazz Age,strict,5505014,1,,,type1,,2,11.126286506652832,103.21558380126953,2,0.5
2989654,of_object,Male,strict,5508335,1,,,,,,8.000064849853516,56.95419692993164,1,0.5
2989655,of_object,American Sign Language,strict,5510277,1,,,type1,,3,27.899810791015625,174.42086791992188,3,0.1909293769481893
2989656,of_object,atomic bomb,strict,5513590,1,,,type1,,2,16.65657615661621,185.53277587890625,2,0.7282585705470774
2989657,of_object,Courtly Love,strict,5519670,1,,,,,,17.691150665283203,111.25930786132812,2,0.0
2989658,of_object,Competition,strict,5519685,1,,,,,,3.0563888549804688,25.376523971557617,1,0.5
2989659,of_object,Accidents in Nineteenth Century America,strict,5519888,2,,,type2,in,5,49.37195587158203,396.1860656738281,5,0.5
2989660,of_object,New Deal,strict,5521420,1,,,type1,,2,16.395668029785156,117.57836151123047,2,0.5
2989661,of_object,Natural World,strict,5521453,1,,,type1,,2,20.58865737915039,116.94575500488281,2,0.5
2989662,of_object,Inequality in China,strict,5522480,1,,,type2,in,3,28.254270553588867,182.78121948242188,3,0.5
2989663,of_object,Devotion in Banaras,strict,5525135,1,,,type2,in,3,16.699176788330078,89.4234848022461,2,0.5
2989664,of_object,Financial Subject,strict,5526827,1,,,type1,,2,19.971330642700195,99.51107025146484,2,0.5
2989665,of_object,Patriarchal Relations,strict,5531973,1,,,,,,13.506203651428223,119.14203643798828,2,0.0
2989666,of_object,New Europe,strict,5537324,2,,,type1,,2,16.569068908691406,98.328369140625,2,0.25
2989667,of_object,Cultural Consciousness,strict,5543518,1,,,type1,,2,24.499229431152344,135.39190673828125,2,0.0
2989668,of_object,Impressionism,strict,5544634,1,,,,,,6.522243022918701,39.45398712158203,1,0.577407332312655
2989669,of_object,Public Education,strict,5555027,7,,,type1,,2,20.2335205078125,128.64041137695312,2,0.5
2989670,of_object,British Atlantic Empire,strict,5556034,1,,,type1,,3,32.60965347290039,248.7083282470703,3,0.5
2989671,of_object,UK Asylum Housing,strict,5557437,1,,,type1,,3,31.247343063354492,216.0657196044922,3,0.5
2989672,of_object,St Cuthbert,strict,5557925,1,,,,,,11.089102745056152,123.0255126953125,2,0.5
2989673,of_object,Minerva,strict,5558404,1,,,,,,2.949748992919922,41.94442367553711,1,0.0
2989674,of_object,Cultural Capital,strict,5559154,1,,,type1,,2,23.43981170654297,111.63004302978516,2,0.5
2989675,of_object,Modern Poland,strict,5559429,2,,,type1,,2,17.83637046813965,87.4859390258789,2,0.25
2989676,of_object,Civilians,strict,5561798,1,,,,,,8.161077499389648,43.27933120727539,1,0.5
2989677,of_object,Aboriginal people,strict,5567199,1,,,type1,,2,23.65508270263672,178.87904357910156,2,0.0
2989678,of_object,Persuasion,strict,5567830,4,,,,,,8.887453079223633,47.6634635925293,1,0.3333333333333333
2989679,of_object,Noh Theater,strict,5571497,1,,,type1,,2,12.562859535217285,92.91890716552734,2,0.5
2989680,of_object,American Christianity,strict,5576627,1,,,type1,,2,23.56450653076172,131.60104370117188,2,0.0
2989681,of_object,Miami,strict,5578058,1,,,,,,8.902339935302734,50.21731185913086,1,0.5
2989682,of_object,Football Coach,strict,5578127,1,,,type1,,2,12.00174617767334,146.80616760253906,2,0.0
2989683,of_object,Composition,strict,5579318,2,,,,,,3.931499719619751,49.31961441040039,1,0.5
2989684,of_object,New Middle Class,strict,5596036,1,,,type1,,3,21.13302993774414,204.94552612304688,3,0.0
2989685,of_object,Georgian Country House,strict,5596800,1,,,type1,,3,29.977937698364258,211.42137145996094,3,0.8132094074181925
2989686,of_object,Place in Post-War Croatia,strict,5598799,2,,,type2,in,4,39.1827392578125,373.4947814941406,6,0.25
2989687,of_object,Nuclear Revolution,strict,5615160,1,,,type1,,2,23.76882553100586,149.900634765625,2,0.5
2989688,of_object,Montreal,strict,5616457,1,,,,,,8.902339935302734,50.21731185913086,1,0.8230526071562292
2989689,of_object,Perfection,strict,5616477,2,,,,,,8.03260612487793,41.21033477783203,1,0.7266290278478651
2989690,of_object,Appearances,strict,5616837,2,,,,,,5.91202449798584,41.66643142700195,1,0.25
2989691,of_object,Edith Thompson,strict,5626934,1,,,,,,10.459915161132812,139.17735290527344,2,0.28285004367484196
2989692,of_object,Populism in Europe,strict,5633559,1,,,type2,in,3,24.251628875732422,148.27403259277344,3,0.5
2989693,of_object,Middle East,strict,5643629,2,,,type1,,2,20.491151809692383,95.34814453125,2,0.26300547238704536
2989694,of_object,Modern Art,strict,5650692,1,,,type1,,2,17.202465057373047,114.51941680908203,2,0.9272726119975272
2989695,of_object,diplomacy,strict,5662365,1,,,,,,11.843679428100586,52.67760467529297,1,0.5
2989696,of_object,New Minority,strict,5662605,1,,,type1,,2,18.545671463012695,107.34147644042969,2,0.0
2989697,of_object,Humanitarian Intervention,strict,5662777,1,,,type1,,2,22.0087947845459,122.25672149658203,2,0.5
2989698,of_object,Theme Park Urbanization,strict,5663390,1,,,type1,,3,22.40604591369629,174.48883056640625,3,0.0
2989699,of_object,Business Model,strict,5665600,1,,,type1,,2,19.505569458007812,118.06903076171875,2,0.0
2989700,of_object,Criticism,strict,5666348,1,,,,,,9.865217208862305,38.96550750732422,1,0.0
2989701,of_object,Interculturality,strict,5667664,1,,,,,,,,,0.5
2989702,of_object,Neoliberalism,strict,5668893,1,,,,,,9.420052528381348,48.251251220703125,1,0.5
2989703,of_object,Academic Freedom,strict,5676803,2,,,type1,,2,19.649669647216797,94.77365112304688,2,0.5
2989704,of_object,Home in China,strict,5678060,1,,,type2,in,3,27.0719051361084,206.90399169921875,3,0.5
2989705,of_object,Coral,strict,5685499,1,,,,,,3.7855584621429443,51.61277770996094,1,0.8150654170420933
2989706,of_object,American Golf,strict,5687058,1,,,type1,,2,21.16345977783203,145.30076599121094,2,0.5
2989707,of_object,Saint,strict,5689209,1,,,,,,2.0005176067352295,46.021583557128906,1,0.0
2989708,of_object,Extraordinary Lady Detective,strict,5698511,1,,,type1,,3,21.75127410888672,162.27294921875,3,0.5
2989709,of_object,Reproductive Technologies,strict,5698716,1,,,type1,,2,14.035566329956055,119.56272888183594,2,0.5
2989710,of_object,State-Sponsored Development,strict,5699687,1,,,type1,,2,25.744020462036133,280.90777587890625,4,0.5
2989711,of_object,Witchcraft Historiography,strict,5699785,1,,,type1,,2,23.23921012878418,139.2601776123047,2,0.5
2989712,of_object,Antihumanism,strict,5702177,1,,,,,,,,,0.5
2989713,of_object,Terence Hawkes,strict,5705090,1,,,,,,6.375869274139404,129.9497833251953,2,0.5
2989714,of_object,Word,strict,5720623,2,,,,,,8.259167671203613,31.484020233154297,1,0.25
2989715,of_object,Justice for Women,strict,5722474,1,,,type2,for,3,25.540002822875977,188.2039794921875,3,0.6536509245295035
2989716,of_object,Alternative Cancer Treatments,strict,5724132,1,,,type1,,3,26.660999298095703,267.1637268066406,3,0.0
2989717,of_object,Exclusion Orders,strict,5733478,1,,,type1,,2,17.73541259765625,115.08872985839844,2,0.0
2989718,of_object,Mongolian Identity,strict,5734615,1,,,type1,,2,16.348440170288086,103.316650390625,2,0.5
2989719,of_object,Port Sanitary Zone,strict,5738493,1,,,type1,,3,14.881911277770996,171.73219299316406,3,0.5
2989720,of_object,Métis Identity,strict,5748355,1,,,type1,,2,6.864640712738037,118.9627456665039,2,0.5
2989721,of_object,Arabia,strict,5768007,1,,,,,,9.355215072631836,51.8552360534668,1,0.5
2989722,of_object,Personal Life,strict,5773863,1,,,type1,,2,24.283958435058594,113.28931427001953,2,0.5
2989723,of_object,Happy Gothic,strict,5782123,1,,,type1,,2,14.757275581359863,100.49128723144531,2,0.5
2989724,of_object,Western Culture,strict,5784168,1,,,type1,,2,24.088659286499023,121.82756805419922,2,0.5
2989725,of_object,Modern India,strict,5785628,2,,,type1,,2,18.70219612121582,101.34285736083984,2,0.25
2989726,of_object,Helmontian Chymistry,strict,5793707,2,,,type1,,2,,,,0.25
2989727,of_object,U.S. -Saudi Relations,strict,5803811,2,,,type1,,3,21.039737701416016,104.10853576660156,2,0.25
2989728,of_object,Amy Robsart,strict,5803815,1,,,,,,6.954098224639893,41.547149658203125,1,0.6536509245295035
2989729,of_object,Cultural Freedom,strict,5805571,1,,,type1,,2,24.499229431152344,135.39190673828125,2,0.5
2989730,of_object,Haiti,strict,5806533,1,,,,,,7.0238566398620605,48.171592712402344,1,0.0
2989731,of_object,Trinity,strict,5808829,1,,,,,,7.466006278991699,42.00681686401367,1,0.5
2989732,of_object,Restoration,strict,5817257,1,,,,,,10.836579322814941,42.38573455810547,1,0.0
2989733,of_object,Fascism in Postmodern Art,strict,5819064,1,,,type2,in,4,32.48172378540039,249.99693298339844,4,0.0
2989734,of_object,Modern Mind,strict,5819375,1,,,type1,,2,16.729997634887695,95.73057556152344,2,0.6601726053094186
2989735,of_object,American oligarchy,strict,5838474,1,,,type1,,2,19.62076187133789,108.69783782958984,2,0.17420151979398144
2989736,of_object,Glamour,strict,5838930,1,,,,,,6.33167839050293,39.65119552612305,1,0.5
2989737,of_object,Legendary Lawman,strict,5839188,1,,,,,,9.649680137634277,85.78669738769531,2,0.0
2989738,of_object,Racist Nationalism,strict,5839957,1,,,type1,,2,23.050010681152344,154.45094299316406,2,0.5
2989739,of_object,America's Constitutional Republic,strict,5841532,1,,,type1,,3,40.30080032348633,321.0451965332031,4,0.0
2989740,of_object,American Federalism,strict,5841541,1,,,type1,,2,18.269041061401367,99.08448028564453,2,0.5
2989741,of_object,Social Assistance,strict,5843851,1,,,type1,,2,24.747360229492188,145.69760131835938,2,0.5
2989742,of_object,Fauvism,strict,5852128,1,,,,,,1.2689920663833618,62.82712173461914,1,0.5630105170762247
2989743,of_object,Ulysses S.G.rant,strict,5854655,1,,,,,,3.1451618671417236,40.44054412841797,1,0.6640478649032897
2989744,of_object,Inequality in Global Cities,strict,5856056,1,,,type2,in,4,39.25072479248047,348.0657958984375,4,0.5
2989745,of_object,fraud,strict,5866623,1,,,,,,10.564566612243652,49.849876403808594,1,0.0
2989746,of_object,Michigan's Mining Frontier,strict,5875831,1,,,type1,,3,34.57793045043945,270.69183349609375,4,0.0
2989747,of_object,John Callender,strict,5878366,1,,,,,,6.0772247314453125,108.8696517944336,2,0.5
2989748,of_object,Indonesian Republic,strict,5880570,1,,,,,,21.61685562133789,138.28121948242188,2,0.0
2989749,of_object,Feminist Critique,strict,5880868,1,,,type1,,2,18.189226150512695,126.1309585571289,2,0.5
2989750,of_object,Modern Theoretical Science,strict,5881190,1,,,type1,,3,25.443082809448242,219.3667755126953,3,0.5
2989751,of_object,Unseen Spaces,strict,5889264,1,,,type1,,2,19.66925621032715,120.9117660522461,2,0.0
2989752,of_object,Modern Societies,strict,5909117,1,,,type1,,2,20.457500457763672,103.208984375,2,0.5
2989753,of_object,Modern South Asia,strict,5909161,1,,,type1,,3,30.24681282043457,194.6490478515625,3,0.0
2989754,of_object,Cultural Oblivion in Canada,strict,5909237,1,,,type2,in,4,36.467281341552734,274.21514892578125,4,0.0
2989755,of_object,Machine,strict,5909498,2,,,,,,5.849637031555176,45.57715606689453,1,0.5
2989756,of_object,National Fragility,strict,5909608,1,,,type1,,2,16.0850772857666,100.3186264038086,2,0.5
2989757,of_object,America's Public Lands,strict,5909804,1,,,type1,,3,39.0105094909668,288.7955322265625,4,0.5
2989758,of_object,Urban Spaces,strict,5910557,1,,,type1,,2,21.565391540527344,117.36677551269531,2,0.5
2989759,of_object,Theatrical Canon,strict,5911189,1,,,type1,,2,8.065062522888184,98.07610321044922,2,0.5
2989760,of_object,Management Accountants,strict,5913269,2,,,type1,,2,15.40881061553955,97.66786193847656,2,0.25
2989761,of_object,Resistance,strict,5932679,4,,,,,,5.068427562713623,55.52614974975586,1,0.5812367104458867
2989762,of_object,Religious Freedom in America,strict,5934898,1,,,type2,in,4,41.7181396484375,283.4914245605469,4,0.5
2989763,of_object,European Convention,strict,5943262,1,,,type1,,2,21.258907318115234,95.96913146972656,2,0.5
2989764,of_object,Aesthetic Education,strict,5943663,1,,,type1,,2,17.25120735168457,99.95179748535156,2,0.5
2989765,of_object,America's Most Dangerous Amusement Park,strict,5944181,1,,,,,,51.44526672363281,492.5899963378906,6,0.17420151979398144
2989766,of_object,Ethnic Minority,strict,5945156,1,,,type1,,2,22.366031646728516,216.7441864013672,2,0.0
2989767,of_object,Weapons,strict,5945476,1,,,,,,7.632117748260498,45.91226577758789,1,0.5
2989768,of_object,Carceral Expansion,strict,5945496,1,,,type1,,2,10.152782440185547,49.10176467895508,1,0.5
2989769,of_object,Partition,strict,5945900,1,,,,,,0.26299983263015747,74.33523559570312,1,0.5
2989770,of_object,Radical Temporality,strict,5949486,2,,,type1,,2,7.665149211883545,62.07106018066406,1,0.5
2989771,of_object,agrarian system,strict,5956429,1,,,type1,,2,17.370769500732422,121.21643829345703,2,0.0
2989772,of_object,Endless Conflict,strict,5957132,1,,,type1,,2,21.637569427490234,120.66825866699219,2,0.5
2989773,of_object,Western Capitalism,strict,5957894,1,,,type1,,2,25.73763084411621,126.45391845703125,2,0.5
2989774,of_object,Australian Identities,strict,5958525,1,,,type1,,2,24.088659286499023,121.82756805419922,2,0.5
2989775,of_object,St Kilda,strict,5959284,1,,,,,,11.524869918823242,132.5149383544922,2,0.5
2989776,of_object,Decentered Subject,strict,5966523,2,,,type1,,2,8.35905933380127,28.771934509277344,1,0.0
2989777,of_object,Renaissance Literature,strict,5980851,1,,,type1,,2,19.23909568786621,100.11309051513672,2,0.5
2989778,of_object,Indian Sovereignty,strict,5983805,1,,,type1,,2,16.902381896972656,116.13748168945312,2,0.0
2989779,of_object,Form,strict,5984306,1,,,,,,8.35905933380127,28.771934509277344,1,0.5
2989780,of_object,Roman Republic,strict,5996888,2,,,,,,24.67156219482422,152.78561401367188,2,0.0
2989781,of_object,Techno-Utopia,strict,5999923,1,,,,,,15.793479919433594,176.28369140625,3,0.0
2989782,of_object,New Energy Source,strict,6002775,1,,,type1,,3,18.44272804260254,220.50677490234375,3,0.5
2989783,of_object,Quantum-Theoretical Thinking,strict,6016746,1,,,type1,,2,20.062314987182617,218.00396728515625,4,0.5
2989784,of_object,Indian Civil-Military Relations,strict,6018103,1,,,type1,,3,37.837215423583984,365.05462646484375,5,0.5
2989785,of_object,England,strict,6046998,1,,,,,,12.410444259643555,40.65589904785156,1,0.5
2989786,of_object,Continent,strict,6047908,1,,,,,,11.82754135131836,44.71976089477539,1,0.5
2989787,of_object,Illness in India,strict,6048286,1,,,type2,in,3,29.029434204101562,223.1616668701172,3,0.5
2989788,of_object,Written Word,strict,6049258,1,,,type1,,2,13.665596008300781,85.06033325195312,2,0.0
2989789,of_object,Masculinity,strict,6049433,2,,,,,,9.720356941223145,51.12865447998047,1,0.5
2989790,of_object,Endangered Species,strict,6050735,1,,,type1,,2,18.367084503173828,173.74093627929688,2,0.5
2989791,of_object,Locomotion,strict,6051406,1,,,,,,1.454360842704773,48.0732307434082,1,0.5
2989792,of_object,Core Values,strict,6051937,1,,,,,,11.293972969055176,113.70365905761719,2,0.5
2989793,of_object,Roman Art,strict,6051966,1,,,,,,20.8336238861084,111.00543975830078,2,0.5
2989794,of_object,Egypt,strict,6053775,2,,,,,,10.72344970703125,51.04301834106445,1,0.04186335206022314
2989795,of_object,Concentration Camps,strict,6061102,1,,,,,,14.221803665161133,96.39666748046875,2,0.5
2989796,of_object,Afro-Asian Solidarity,strict,6064018,1,,,type1,,2,19.249486923217773,284.2611389160156,4,0.0
2989797,of_object,Cloth in Protest,strict,6067870,1,,,type2,in,3,22.62010955810547,165.94471740722656,3,0.0
2989798,of_object,Petro-States,strict,6069134,2,,,,,,14.696322441101074,136.45094299316406,3,0.25
2989799,of_object,Victory in Rome,strict,6069217,1,,,type2,in,3,30.475915908813477,182.36399841308594,3,0.0
2989800,of_object,Modern Non/personhood,strict,6082456,1,,,type1,,2,31.461078643798828,235.41452026367188,4,0.5
2989801,of_object,European Integration,strict,6082468,1,,,type1,,2,20.545316696166992,107.71109771728516,2,0.0
2989802,of_object,Tribe of Ishmael,strict,6082881,1,,,type2,of,3,21.032581329345703,135.7061767578125,3,0.0
2989803,of_object,salvation,strict,6085026,1,,,,,,9.328327178955078,45.41648483276367,1,0.0
2989804,of_object,Ridiculous Theatrical Company,strict,6086891,1,,,type1,,3,21.870052337646484,174.3893280029297,3,0.5
2989805,of_object,Extra-Legalities from Bosnia to China,strict,6088478,1,,,type2,from,5,48.029476165771484,480.4425048828125,7,0.5
2989806,of_object,Broadway,strict,6088567,1,,,,,,6.2553534507751465,37.61531066894531,1,0.5
2989807,of_object,Sonnet,strict,6093439,1,,,,,,0.061149366199970245,67.97740173339844,1,0.5
2989808,of_object,votes for women,strict,6094333,1,,,type2,for,3,21.478940963745117,198.2995147705078,3,0.0
2989809,of_object,Islamic-Nuclear Nation,strict,6095941,1,,,type1,,2,30.23611831665039,255.26820373535156,4,0.5
2989810,of_object,Tibet's Oldest Religion,strict,6096524,1,,,type1,,3,30.406299591064453,276.48236083984375,4,0.5
2989811,of_object,Revolutionary Mexico,strict,6098043,2,,,type1,,2,20.221574783325195,86.30805206298828,2,0.25
2989812,of_object,Globalization,strict,6098486,1,,,,,,11.743439674377441,51.34877395629883,1,0.5
2989813,of_object,Englishness,strict,6115434,2,,,,,,,,,0.0
2989814,of_object,Modern New York,strict,6117035,1,,,type1,,3,24.894956588745117,166.02130126953125,3,0.5
2989815,of_object,Slave Society,strict,6118276,1,,,,,,22.09302520751953,135.39552307128906,2,0.5
2989816,of_object,Two American Anthems,strict,6118960,1,,,type1,,3,22.441883087158203,134.1518096923828,3,0.5
2989817,of_object,Technology,strict,6119975,4,,,,,,8.430299758911133,46.45999526977539,1,0.5
2989818,of_object,Normative Reasoning in International Relations,strict,6120802,1,,,type2,in,5,47.24052429199219,438.76849365234375,5,0.5
2989819,of_object,American Finance,strict,6120929,1,,,type1,,2,23.873388290405273,114.59123992919922,2,0.5
2989820,of_object,Yorkshire Cricket,strict,6122554,1,,,,,,12.58145523071289,134.08566284179688,2,0.5
2989821,of_object,Urban America,strict,6122854,2,,,type1,,2,25.545534133911133,125.62294006347656,2,0.25
2989822,of_object,Public Values,strict,6129599,1,,,type1,,2,18.276634216308594,114.16934967041016,2,0.5
2989823,of_object,Psychoanalytic Practice,strict,6132953,1,,,type1,,2,17.0413761138916,113.74726104736328,2,0.5
2989824,of_object,Nationalism,strict,6139105,1,,,,,,11.843679428100586,52.67760467529297,1,0.8798267368156262
2989825,of_object,American Revivalism,strict,6139138,1,,,type1,,2,12.261116981506348,42.844913482666016,1,0.5
2989826,of_object,Psychorealism,strict,6152869,1,,,,,,,,,0.0
2989827,of_object,Personal Diplomacy,strict,6153835,1,,,type1,,2,23.455947875976562,120.28936767578125,2,0.5
2989828,of_object,World Politics,strict,6154685,1,,,type1,,2,25.662551879882812,142.15826416015625,2,0.0
2989829,of_object,Psyche,strict,6155476,1,,,,,,12.671688079833984,43.21925354003906,1,0.0
2989830,of_object,American Imperialism in Indian Country,strict,6155578,1,,,type2,in,5,55.3928337097168,504.8951110839844,5,0.5
2989831,of_object,Green Chemistry,strict,6165302,1,,,type1,,2,14.97152042388916,123.71134948730469,2,0.5
2989832,of_object,Burnout,strict,6170626,1,,,,,,5.236420631408691,57.43118667602539,1,0.5
2989833,of_object,English Language,strict,6176125,1,,,type1,,2,14.892606735229492,137.7412872314453,2,0.5
2989834,of_object,National Statistics,strict,6184590,1,,,type1,,2,15.243789672851562,109.40016174316406,2,0.5
2989835,of_object,Modern Visual Politics in America,strict,6184866,1,,,type2,in,5,47.5236701965332,386.7431335449219,5,0.0
2989836,of_object,Ancient Greece,strict,6187018,1,,,type1,,2,21.033954620361328,113.72880554199219,2,0.0
2989837,of_object,Creation,strict,6188740,1,,,,,,11.282825469970703,46.206382751464844,1,0.5
2989838,of_object,promiscuous man,strict,6191612,1,,,type1,,2,18.132362365722656,118.6729736328125,2,0.0
2989839,of_object,Chattels,strict,6192966,1,,,,,,5.180210590362549,59.17342758178711,1,0.0
2989840,of_object,great Oregon novel,strict,6195237,1,,,type1,,3,22.841466903686523,150.64340209960938,3,0.10021768462078491
2989841,of_object,Racial Power,strict,6199438,1,,,type1,,2,20.672340393066406,104.21934509277344,2,0.5
2989842,of_object,Technological Constraint,strict,6204919,1,,,type1,,2,16.33449935913086,115.126708984375,2,0.0
2989843,of_object,Murder,strict,6207243,1,,,,,,7.097321033477783,49.55269241333008,1,0.4274754084163287
2989844,of_object,Helen Hamilton Gardener,strict,6218862,1,,,,,,19.913475036621094,213.6193084716797,3,0.41959547500688726
2989845,of_object,Muslim State,strict,6219083,1,,,type1,,2,22.634553909301758,136.1246795654297,2,0.5
2989846,of_object,Language Science,strict,6219331,1,,,type1,,2,15.393978118896484,129.34165954589844,2,0.5
2989847,of_object,Postwar Politics,strict,6219775,1,,,type1,,2,23.418041229248047,135.56568908691406,2,0.5
2989848,of_object,Jerusalem,strict,6221002,1,,,,,,10.72344970703125,51.04301834106445,1,0.5
2989849,of_object,Metaphysics,strict,6221463,1,,,,,,6.300692558288574,59.14869689941406,1,0.5
2989850,of_object,Modern Photojournalism,strict,6222445,1,,,type1,,2,12.064248085021973,106.23968505859375,2,0.7294827032977462
2989851,of_object,Self Realization,strict,6222894,1,,,type1,,2,21.45525360107422,118.28889465332031,2,0.0
2989852,of_object,Psychotherapy,strict,6224099,1,,,,,,8.62929630279541,55.44069290161133,1,0.5
2989853,of_object,Scripture,strict,6224650,3,,,,,,10.559187889099121,36.02631759643555,1,0.5
2989854,of_object,World's Most Notorious Ponzi Scheme,strict,6226070,1,,,,,,47.64774703979492,443.6203308105469,6,0.0
2989855,of_object,Brazil's Military Dictatorship,strict,6230780,1,,,type1,,3,38.24905776977539,306.5401611328125,4,0.5
2989856,of_object,Women's Golf,strict,6240432,1,,,type1,,2,23.458341598510742,201.1036834716797,3,0.0
2989857,of_object,law enforcement,strict,6252840,1,,,,,,17.0916748046875,114.3358383178711,2,0.03678180432433771
2989858,of_object,Little House Books,strict,6253343,1,,,type1,,3,23.534027099609375,176.81784057617188,3,0.5
2989859,of_object,Attitude,strict,6255549,1,,,,,,10.033955574035645,50.065773010253906,1,0.5
2989860,of_object,New York City Ballet,strict,6256422,1,,,,,,32.679283142089844,301.4555969238281,4,0.5
2989861,of_object,American Conservatism,strict,6256836,1,,,type1,,2,19.22562599182129,102.20514678955078,2,0.5
2989862,of_object,Regenerative Farming,strict,6257112,1,,,type1,,2,13.607728958129883,102.66661071777344,2,0.7698088707371623
2989863,of_object,Divine Monarchy in Ephesians,strict,6266306,2,,,type2,in,4,31.913888931274414,272.25006103515625,4,0.0
2989864,of_object,Existence,strict,6267665,1,,,,,,11.2389554977417,50.1502685546875,1,0.0
2989865,of_object,Legendary Wrecker Captains,strict,6270039,1,,,,,,11.656729698181152,143.45533752441406,3,0.0
2989866,of_object,Gay Rodeo,strict,6274396,1,,,type1,,2,11.679344177246094,116.95406341552734,2,0.5
2989867,of_object,Rule of Law,strict,6275769,1,,,type2,of,3,29.65540313720703,222.8577423095703,3,0.0
2989868,of_object,solar system,strict,6286789,1,,,type1,,2,15.961362838745117,137.59608459472656,2,0.5101703285288599
2989869,of_object,Modern Consumerism,strict,6290342,1,,,type1,,2,22.106470108032227,126.54458618164062,2,0.5
2989870,of_object,Scripture in Romans 9,strict,6290498,1,,,type2,in,4,31.430906295776367,212.24180603027344,4,0.0
2989871,of_object,Atlanta,strict,6290780,1,,,,,,8.902339935302734,50.21731185913086,1,0.0
2989872,of_object,American Landscape,strict,6292477,1,,,type1,,2,21.20158576965332,109.66899108886719,2,0.5
2989873,of_object,Cures,strict,6294515,1,,,,,,7.027756214141846,44.670963287353516,1,0.5
2989874,of_object,Africa-nation,strict,6298390,1,,,,,,17.893390655517578,153.77618408203125,3,0.0
2989875,of_object,Antarctic Science,strict,6321148,1,,,type1,,2,12.027754783630371,133.6325225830078,2,0.5
2989876,of_object,Market,strict,6324642,1,,,,,,8.969389915466309,42.57829666137695,1,0.5
2989877,of_object,Biblical Writers,strict,6334982,2,,,type1,,2,20.424406051635742,112.82453155517578,2,0.0
2989878,of_object,History in Vanuatu,strict,6341109,1,,,type2,in,3,21.675384521484375,177.83596801757812,3,0.5
2989879,of_object,Conciliation,strict,6355321,1,,,,,,6.506916522979736,46.54612350463867,1,0.0
2989880,of_object,America's Public-Private Welfare State,strict,6355483,1,,,,,,65.58829498291016,892.5527954101562,7,0.5
2989881,of_object,Post-Feminism,strict,6355843,1,,,,,,14.601086616516113,154.64572143554688,3,0.5
2989882,of_object,Menthol Cigarette,strict,6356787,1,,,,,,14.08421516418457,119.770751953125,2,0.3565315386669442
2989883,of_object,Social Orders in Iraq,strict,6359810,1,,,type2,in,4,39.89320373535156,317.91473388671875,4,0.5
2989884,of_object,Gender in Postwar America,strict,6360740,1,,,type2,in,4,40.63868713378906,276.03692626953125,4,0.5
2989885,of_object,Pslams,strict,6368165,1,,,,,,,,,0.5
2989886,of_object,Modern Greece,strict,6378969,2,,,type1,,2,17.83637046813965,87.4859390258789,2,0.5
2989887,of_object,Protestant Identity,strict,6393490,1,,,type1,,2,19.848352432250977,104.992431640625,2,0.5
2989888,of_object,Choice,strict,6395162,1,,,,,,6.9278740882873535,42.68080139160156,1,0.5
2989889,of_object,End,strict,6395989,1,,,,,,10.231931686401367,30.091676712036133,1,0.5
2989890,of_object,Gods,strict,6406032,1,,,,,,11.2389554977417,50.1502685546875,1,0.0
2989891,of_object,citizenship in Civil War America,strict,6422345,1,,,type2,in,5,51.952598571777344,460.0611877441406,5,0.5
2989892,of_object,Irrigation under Scarcity,strict,6424994,1,,,type2,under,3,23.666980743408203,194.57431030273438,3,0.5
2989893,of_object,Urban California,strict,6426540,1,,,type1,,2,22.03742790222168,118.92689514160156,2,0.0
2989894,of_object,modern politics,strict,6456184,2,,,type1,,2,21.620820999145508,125.40611267089844,2,0.0
2989895,of_object,Modern Neuropsychiatry,strict,6458192,1,,,type1,,2,8.629958152770996,38.84266662597656,1,0.5
2989896,of_object,Chaucer,strict,6458291,1,,,,,,1.6045458316802979,65.21336364746094,1,0.5
2989897,of_object,Atlanta's Water Crisis,strict,6458874,1,,,type1,,3,34.324615478515625,274.4921875,4,0.5
2989898,of_object,Soft Power Culture,strict,6461006,1,,,type1,,3,23.15488052368164,169.2091522216797,3,0.0
2989899,of_object,Modern Leadership,strict,6462768,1,,,type1,,2,19.017690658569336,103.1932601928711,2,0.0
2989900,of_object,Imperial Histories,strict,6471594,1,,,type1,,2,23.671218872070312,134.64608764648438,2,0.5
2989901,of_object,Sherlock Holmes,strict,6472656,1,,,,,,10.525361061096191,140.05221557617188,2,0.5
2989902,of_object,Vasile Avramenko,strict,6490467,1,,,,,,-2.6658051013946533,64.93009948730469,1,0.0
2989903,of_object,Quebec,strict,6490674,1,,,,,,8.902339935302734,50.21731185913086,1,0.5
2989904,of_object,Techno-Human Condition,strict,6490982,1,,,type1,,2,24.769207000732422,286.9293212890625,4,0.5
2989905,of_object,story,strict,6501074,1,,,,,,6.052086353302002,44.8929328918457,1,0.0
2989906,of_object,customary land law,strict,6506230,1,,,type1,,3,28.46988868713379,197.4970703125,3,0.0
2989907,of_object,Postwar England,strict,6511402,1,,,type1,,2,22.837621688842773,107.68185424804688,2,0.0
2989908,of_object,Arabian Oil,strict,6511447,1,,,type1,,2,17.617450714111328,127.05890655517578,2,0.5
2989909,of_object,Genetic Toxicology,strict,6512716,1,,,type1,,2,16.375022888183594,160.61181640625,2,0.5
2989910,of_object,New Religion,strict,6515066,1,,,type1,,2,18.619482040405273,98.5685043334961,2,0.5
2989911,of_object,Mental Illness in America,strict,6523531,1,,,type2,in,4,41.932411193847656,336.94384765625,4,0.8556942446184175
2989912,of_object,Separate Spheres,strict,6524409,1,,,type1,,2,19.66925621032715,120.9117660522461,2,0.5
2989913,of_object,Separatist Imagination,strict,6524591,1,,,type1,,2,18.67961311340332,116.1476821899414,2,0.5
2989914,of_object,Written Tradition,strict,6526692,2,,,type1,,2,14.684186935424805,77.91587829589844,2,0.25
2989915,of_object,American Banking,strict,6528832,1,,,type1,,2,21.529937744140625,124.26990509033203,2,0.5
2989916,of_object,Law in Modern Egypt,strict,6529420,1,,,type2,in,4,38.09114074707031,269.3278503417969,4,0.0
2989917,of_object,Sikh Diaspora,strict,6529870,2,,,type1,,2,19.475900650024414,127.2253646850586,2,0.25
2989918,of_object,U.S.W.arfare,strict,6546441,1,,,,,,,,,0.6480346259461335
2989919,of_object,Life after Death,strict,6558795,1,,,type2,after,3,27.740079879760742,303.054931640625,3,0.5
2989920,of_object,Anglo-Saxon Church History,strict,6560170,1,,,type1,,3,36.73066329956055,439.6572265625,5,0.5
2989921,of_object,Great Writ,strict,6561782,1,,,type1,,2,16.319169998168945,84.77897644042969,2,0.5
2989922,of_object,Myanmar,strict,6568422,1,,,,,,9.206412315368652,42.069915771484375,1,0.5
2989923,of_object,Words,strict,6573744,1,,,,,,5.247894763946533,38.177406311035156,1,0.5
2989924,of_object,eclogical restoration,strict,6582684,1,,,type1,,2,10.836579322814941,42.38573455810547,1,0.0
2989925,of_object,American epidemic,strict,6590953,1,,,type1,,2,21.07514762878418,112.83612823486328,2,0.563776540853449
2989926,of_object,urban wildlife,strict,6591028,1,,,type1,,2,23.323732376098633,135.03651428222656,2,0.6755952757875558
2989927,of_object,American Slavery,strict,6591481,1,,,type1,,2,21.682453155517578,121.57760620117188,2,0.5
2989928,of_object,American Cultural Memory,strict,6591763,1,,,type1,,3,28.11139488220215,201.31765747070312,3,0.0
2989929,of_object,Mushrooms,strict,6594672,1,,,,,,4.1700239181518555,67.98989868164062,1,0.754572062495921
2989930,of_object,American Manufacturing,strict,6594927,1,,,type1,,2,19.623775482177734,106.03897094726562,2,0.5
2989931,of_object,modern lifestyle media,strict,6602159,1,,,type1,,3,25.34247398376465,187.9010467529297,3,0.0
2989932,of_object,Pathological Value,strict,6605786,1,,,type1,,2,13.889883995056152,103.1717529296875,2,0.5
2989933,of_object,Literacy,strict,6607637,1,,,,,,6.295953750610352,46.086185455322266,1,0.5
2989934,of_object,Resources Boom,strict,6611042,1,,,type1,,2,15.458734512329102,94.56340789794922,2,0.0
2989935,of_object,new country,strict,6619232,1,,,type1,,2,20.49774932861328,111.99298858642578,2,0.0
2989936,of_object,Life on Earth,strict,6624713,3,,,type2,on,3,30.601470947265625,234.66964721679688,3,0.4561056794682468
2989937,of_object,Goods,strict,6624796,1,,,,,,8.969389915466309,42.57829666137695,1,0.0
2989938,of_object,Iconic American Role,strict,6624834,1,,,type1,,3,27.830860137939453,152.20132446289062,3,0.5
2989939,of_object,Modern Guatemala,strict,6625383,1,,,type1,,2,15.653815269470215,91.43057250976562,2,0.5
2989940,of_object,Offenders,strict,6626227,1,,,,,,10.485638618469238,47.9969596862793,1,0.0
2989941,of_object,Black Racial Progress,strict,6628263,1,,,type1,,3,27.97753143310547,196.13919067382812,3,0.5
2989942,of_object,Vulnerability Transformations,strict,6628566,1,,,type1,,2,13.166335105895996,106.65433502197266,2,0.5
2989943,of_object,Writer,strict,6630483,1,,,,,,5.406427383422852,32.93843460083008,1,0.5
2989944,of_object,African Orifices,strict,6635298,1,,,type1,,2,19.43118667602539,110.21871948242188,2,0.5
2989945,of_object,Global Governance,strict,6644395,1,,,type1,,2,22.13117027282715,129.46060180664062,2,0.5
2989946,of_object,Well-Being,strict,6658262,2,,,,,,15.134925842285156,153.96365356445312,3,0.25
2989947,of_object,Colonial City,strict,6658892,1,,,,,,20.84147071838379,92.51214599609375,2,0.0
2989948,of_object,Union Movement,strict,6658945,1,,,type1,,2,18.059568405151367,114.82779693603516,2,0.5
2989949,of_object,Hospital,strict,6660652,1,,,,,,9.483369827270508,59.56277084350586,1,0.5
2989950,of_object,Faraway Places,strict,6661023,1,,,type1,,2,18.890195846557617,85.58154296875,2,0.0
2989951,of_object,inclusive education,strict,6662199,1,,,type1,,2,17.841899871826172,122.05316925048828,2,0.0
2989952,of_object,America's Culture Wars,strict,6662390,1,,,type1,,3,42.212547302246094,320.0348815917969,4,0.5
2989953,of_object,Prolific American Author,strict,6663397,1,,,type1,,3,25.196800231933594,156.14598083496094,3,0.0
2989954,of_object,Online Town,strict,6665313,1,,,type1,,2,12.113390922546387,97.3691635131836,2,0.5
2989955,of_object,Latin Jazz,strict,6677111,1,,,type1,,2,8.263876914978027,125.18185424804688,2,0.0
2989956,of_object,Human Value,strict,6678797,1,,,type1,,2,18.424253463745117,104.71964263916016,2,0.5
2989957,of_object,America's Fourth Television Network,strict,6681519,1,,,,,,39.837215423583984,399.067138671875,5,0.5
2989958,of_object,Rational Therapeutics,strict,6693751,1,,,type1,,2,18.389259338378906,134.4069061279297,2,0.5
2989959,of_object,Roberto Alvarez,strict,6693994,1,,,,,,7.430137634277344,138.56546020507812,2,0.5927017293347698
2989960,of_object,Isaac,strict,6695287,2,,,,,,3.1451618671417236,40.44054412841797,1,0.0
2989961,of_object,Noir Western,strict,6698224,1,,,type1,,2,13.603877067565918,110.72667694091797,2,0.0
2989962,of_object,Heredity,strict,6698493,1,,,,,,8.788297653198242,52.50257110595703,1,0.0
2989963,of_object,Affordable Housing,strict,6705476,2,,,type1,,2,18.0175838470459,127.20378875732422,2,0.0
2989964,of_object,America's Universities,strict,6705766,1,,,type1,,2,30.1218204498291,181.1234130859375,3,0.40008257151486126
2989965,of_object,Wetlands,strict,6712045,1,,,,,,7.105957508087158,58.827510833740234,1,0.5
2989966,of_object,Tradition in Bali,strict,6724402,1,,,type2,in,3,26.56488037109375,149.5768280029297,3,0.5
2989967,of_object,Pahlavi Dynasty,strict,6725222,1,,,,,,13.338411331176758,104.92483520507812,2,0.5
2989968,of_object,Modern Mental Health,strict,6726909,1,,,type1,,3,30.071218490600586,214.22750854492188,3,0.5
2989969,of_object,Cultural Difference,strict,6728016,1,,,type1,,2,19.37660789489746,94.55227661132812,2,0.5
2989970,of_object,Denial,strict,6728691,2,,,,,,9.924785614013672,40.06089782714844,1,0.25
2989971,of_object,Mont Pelerin Society,strict,6730788,1,,,type1,,3,12.91515827178955,121.128173828125,2,0.0
2989972,of_object,Democracy in America,strict,6732892,1,,,type2,in,3,33.96766662597656,200.02276611328125,3,0.0
2989973,of_object,Quotation,strict,6737074,1,,,,,,6.406069755554199,40.39848327636719,1,0.0
2989974,of_object,Superhero,strict,6739658,3,,,,,,5.792444705963135,45.73946762084961,1,0.5553454965977778
2989975,of_object,Hebrew Scripture,strict,6740203,1,,,type1,,2,18.846111297607422,93.89323425292969,2,0.5
2989976,of_object,Cold War Intimacies,strict,6744165,1,,,type1,,3,21.678131103515625,108.82028198242188,2,0.5
2989977,of_object,Republic of Armenia,strict,6745659,1,,,type2,of,3,30.559295654296875,201.09556579589844,3,0.0
2989978,of_object,Advice About Children,strict,6746114,1,,,type2,about,3,27.142658233642578,174.75050354003906,3,0.812671770391448
2989979,of_object,Narrative,strict,6748958,1,,,,,,6.052086353302002,44.8929328918457,1,0.5
2989980,of_object,Heller,strict,6757869,1,,,,,,2.233363151550293,39.898929595947266,1,0.5
2989981,of_object,Scientific Discovery,strict,6759503,1,,,type1,,2,14.843343734741211,143.08506774902344,2,0.5
2989982,of_object,Ethnographic Museum,strict,6760088,1,,,type1,,2,16.121057510375977,87.19287872314453,2,0.5
2989983,of_object,Religious Unity,strict,6760118,1,,,type1,,2,21.226987838745117,125.51832580566406,2,0.0
2989984,of_object,Nuevo México,strict,6761034,1,,,type1,,2,-1.7170268297195435,146.5362091064453,2,0.0
2989985,of_object,Forgiveness,strict,6762030,2,,,,,,9.350839614868164,53.272640228271484,1,0.4282657693334721
2989986,of_object,Black Left Feminism,strict,6763275,1,,,type1,,3,24.562231063842773,207.35401916503906,3,0.5
2989987,of_object,American City,strict,6764572,2,,,,,,21.258907318115234,95.96913146972656,2,0.5
2989988,of_object,Propertization,strict,6771916,1,,,,,,,,,0.5
2989989,of_object,Long Nineteenth Century,strict,6771922,1,,,type1,,3,26.719215393066406,156.04672241210938,3,0.5
2989990,of_object,warfare,strict,6790586,1,,,,,,10.670605659484863,50.71723937988281,1,0.0
2989991,of_object,Democratic Societies,strict,6790807,1,,,type1,,2,20.779096603393555,119.12165832519531,2,0.5
2989992,of_object,Era,strict,6791200,1,,,,,,11.446199417114258,48.879825592041016,1,0.5
2989993,of_object,Marriage,strict,6791466,2,,,,,,8.495983123779297,43.05611801147461,1,0.5
2989994,of_object,Alterity,strict,6796205,1,,,,,,,,,0.5
2989995,of_object,Nursing in New Jersey,strict,6796945,1,,,type2,in,4,31.24056053161621,327.6294860839844,4,0.5
2989996,of_object,Virginia,strict,6798012,1,,,,,,8.902339935302734,50.21731185913086,1,0.5
2989997,of_object,Epic Masculinity,strict,6828257,1,,,type1,,2,16.307146072387695,120.55425262451172,2,0.0
2989998,of_object,Bodies in Early America,strict,6828613,1,,,type2,in,4,39.74399185180664,256.4865417480469,4,0.5
2989999,of_object,Pluralism,strict,6838569,2,,,,,,9.583370208740234,50.689388275146484,1,0.25
2990000,of_object,Southern Soul,strict,6857065,1,,,type1,,2,22.065929412841797,119.33406829833984,2,0.778833925097839
2990001,of_object,U.S. Army Corps of Engineers,strict,6861352,1,,,type2,of,5,43.575340270996094,369.743896484375,5,0.5
2990002,of_object,American Legend,strict,6871765,2,,,type1,,2,16.522661209106445,114.02027130126953,2,0.25
2990003,of_object,World Market,strict,6876629,1,,,type1,,2,21.64107894897461,107.28082275390625,2,0.5
2990004,of_object,Communism,strict,6878819,1,,,,,,13.476513862609863,55.33617401123047,1,0.5
2990005,of_object,benefactors,strict,6890040,1,,,,,,2.008772134780884,53.86931228637695,1,0.0
2990006,of_object,Cultural Identity,strict,6890802,2,,,type1,,2,20.372509002685547,111.72142791748047,2,0.25
2990007,of_object,Social Entitlement State in Germany,strict,6892067,1,,,type2,in,5,54.9530143737793,633.8004760742188,5,0.0
2990008,of_object,Habsburg Conquest in Asia,strict,6895296,1,,,type2,in,4,30.52763557434082,245.37014770507812,4,0.5
2990009,of_object,displacement,strict,6900589,1,,,,,,8.86611270904541,49.4912223815918,1,0.0
2990010,of_object,Protestant Theology,strict,6902951,1,,,type1,,2,20.886754989624023,146.07418823242188,2,0.0
2990011,of_object,Modern-Day Slavery,strict,6904332,1,,,type1,,2,27.43337631225586,205.521484375,4,0.5
2990012,of_object,trash,strict,6923072,1,,,,,,8.950499534606934,34.660743713378906,1,0.5514745934478024
2990013,of_object,Postwar Liberalism,strict,6923328,2,,,type1,,2,23.90369415283203,152.7150115966797,2,0.25
2990014,of_object,Transparency in Coastal Kenya,strict,6924078,1,,,type2,in,4,35.347171783447266,291.88079833984375,4,0.5
2990015,of_object,Migration,strict,6925835,2,,,,,,6.517256736755371,47.6385612487793,1,0.5
2990016,of_object,State Schooling in British Columbia,strict,6927955,1,,,type2,in,5,43.03300094604492,465.5789489746094,5,0.5
2990017,of_object,New Political Subject,strict,6945611,1,,,type1,,3,26.732467651367188,171.13551330566406,3,0.5
2990018,of_object,Cinematic Space,strict,6956442,1,,,type1,,2,13.570671081542969,85.86214447021484,2,0.5
2990019,of_object,Summitry,strict,6957788,1,,,,,,-1.2215496301651,46.53568649291992,1,0.5
2990020,of_object,Good Government,strict,6958239,1,,,type1,,2,19.621501922607422,99.49535369873047,2,0.5
2990021,of_object,Religious Intolerance,strict,6960154,1,,,type1,,2,18.731830596923828,154.8061065673828,2,0.0
2990022,of_object,Infectious Disease,strict,6960792,1,,,type1,,2,21.75297737121582,242.26686096191406,2,0.5
2990023,of_object,Child Victim,strict,6966132,1,,,type1,,2,18.098970413208008,127.49359130859375,2,0.5
2990024,of_object,Modern Cosmology,strict,6978136,1,,,type1,,2,15.874503135681152,128.46604919433594,2,0.6554192805066351
2990025,of_object,Independent Fil,strict,6992864,1,,,type1,,2,4.824422359466553,103.39903259277344,2,0.5
2990026,of_object,Visual Technologies,strict,7008900,1,,,type1,,2,13.695893287658691,142.07626342773438,2,0.5
2990027,of_object,Better Future,strict,7008901,1,,,type1,,2,21.757251739501953,102.32965850830078,2,0.0
2990028,of_object,Modern Nations,strict,7009785,1,,,type1,,2,20.457500457763672,103.208984375,2,0.9301415927348254
2990029,of_object,Cotton Capitalism in India,strict,7022911,1,,,type2,in,4,37.45707702636719,274.54510498046875,4,0.5
2990030,of_object,Urban Space,strict,7024327,1,,,type1,,2,21.565391540527344,117.36677551269531,2,0.5
2990031,of_object,Virgil,strict,7028737,1,,,,,,2.949748992919922,41.94442367553711,1,0.0
2990032,of_object,Self in Byzantium,strict,7034618,1,,,type2,in,3,20.19559669494629,153.07589721679688,3,0.5
2990033,of_object,Deadly Epidemics,strict,7035494,1,,,type1,,2,16.8677921295166,144.0042724609375,2,0.5
2990034,of_object,Foreign Interference,strict,7041508,1,,,type1,,2,19.105365753173828,110.14603424072266,2,0.0
2990035,of_object,Unabomber,strict,7045627,1,,,,,,-0.06648115813732147,56.32522201538086,1,0.0
2990036,of_object,university,strict,7053065,1,,,,,,8.902339935302734,50.21731185913086,1,0.0
2990037,of_object,tiki,strict,7053699,1,,,,,,3.6933786869049072,56.3903923034668,1,0.5714490477134252
2990038,of_object,General Electric,strict,7054812,1,,,type1,,2,15.49437141418457,89.96532440185547,2,0.9679874601867442
2990039,of_object,French Surveillance State,strict,7055615,1,,,type1,,3,25.881460189819336,178.88458251953125,3,0.5
2990040,of_object,Anti-Politics,strict,7056237,1,,,,,,18.78013801574707,161.7917938232422,3,0.5
2990041,of_object,brown queer man,strict,7064053,1,,,,,,17.375883102416992,194.0979766845703,3,0.0
2990042,of_object,Lesbian Masculinity,strict,7065960,1,,,,,,17.007740020751953,132.11334228515625,2,0.5
2990043,of_object,School Success,strict,7071333,1,,,type1,,2,13.500792503356934,99.82394409179688,2,0.0
2990044,of_object,Entanglement,strict,7087135,1,,,,,,7.493095397949219,43.37939453125,1,0.5
2990045,of_object,Sanity,strict,7088187,1,,,,,,9.277761459350586,33.855079650878906,1,0.5
2990046,of_object,Post-Genocide Citizen,strict,7088409,1,,,type1,,2,26.195695877075195,226.975341796875,4,0.5
2990047,of_object,Modern Subject,strict,7090346,1,,,type1,,2,16.989015579223633,101.21842956542969,2,0.5
2990048,of_object,Power Politics,strict,7093299,1,,,,,,20.672340393066406,104.21934509277344,2,0.5
2990049,of_object,Events,strict,7097613,1,,,,,,5.431983470916748,42.32540512084961,1,0.5
2990050,of_object,Interests,strict,7100374,1,,,,,,9.90159797668457,44.32664108276367,1,0.5
2990051,of_object,Social Field,strict,7101339,1,,,type1,,2,20.572250366210938,126.68553161621094,2,0.5
2990052,of_object,Literary Form,strict,7119195,1,,,type1,,2,18.224279403686523,99.91439819335938,2,0.5
2990053,of_object,Globalization in North America,strict,7119253,1,,,type2,in,4,44.64503479003906,359.3845520019531,4,0.5
2990054,of_object,Retail,strict,7119922,1,,,,,,7.36265754699707,42.88561248779297,1,0.0
2990055,of_object,Presidential Nomination Process,strict,7120586,1,,,type1,,3,16.568418502807617,163.92250061035156,3,0.5
2990056,of_object,Collaboration,strict,7121670,1,,,,,,5.11930513381958,35.88117599487305,1,0.5
2990057,of_object,Junkyard Mafia,strict,7122118,1,,,type1,,2,10.107393264770508,128.41400146484375,2,0.5275198564308229
2990058,of_object,Beads,strict,7141000,1,,,,,,4.517972469329834,50.20310592651367,1,0.0
2990059,of_object,new world disorder,strict,7151079,2,,,type1,,3,28.924413681030273,164.87509155273438,3,0.06383315757792452
2990060,of_object,Queer Theory,strict,7151787,1,,,type1,,2,14.554882049560547,88.97045135498047,2,0.37082721625509785
2990061,of_object,King Philip's War,strict,7153152,1,,,,,,35.3098258972168,285.8222351074219,4,0.5
2990062,of_object,Modern Britain,strict,7154222,2,,,type1,,2,21.040401458740234,90.45037078857422,2,0.018390902162168855
2990063,of_object,First Acts,strict,7154696,1,,,type1,,2,22.58649253845215,119.70093536376953,2,0.5
2990064,of_object,America's Big Cities,strict,7155001,1,,,type1,,3,35.98784255981445,274.5991516113281,4,0.5
2990065,of_object,Progressive Politics,strict,7155399,1,,,type1,,2,20.580833435058594,137.6060028076172,2,0.0
2990066,of_object,Irish Revolution,strict,7163166,1,,,type1,,2,25.73763084411621,126.45391845703125,2,0.5
2990067,of_object,Social Space,strict,7164563,1,,,type1,,2,21.565391540527344,117.36677551269531,2,0.5
2990068,of_object,Knowledges,strict,7173620,1,,,,,,8.62929630279541,55.44069290161133,1,0.5
2990069,of_object,Self-Care,strict,7185914,2,,,,,,17.688974380493164,139.26316833496094,3,0.25
2990070,of_object,Democracy in France,strict,7187712,1,,,type2,in,3,33.96766662597656,200.02276611328125,3,0.5
2990071,of_object,God's Bounty,strict,7189663,2,,,type1,,2,18.399658203125,157.7350311279297,3,0.0
2990072,of_object,Mafia,strict,7190694,2,,,,,,7.916196346282959,53.422943115234375,1,0.25
2990073,of_object,Working Life,strict,7204907,1,,,type1,,2,21.472131729125977,96.09847259521484,2,0.5
2990074,of_object,Global Order,strict,7217992,1,,,type1,,2,18.59193992614746,108.13439178466797,2,0.5
2990075,of_object,Objectivity,strict,7218647,1,,,,,,9.455662727355957,40.657257080078125,1,0.5
2990076,of_object,Immaculate Saturday,strict,7219396,1,,,type1,,2,10.830181121826172,117.09342193603516,2,0.0
2990077,of_object,Ibn Sa'ud,strict,7220582,1,,,,,,1.1464011669158936,92.02021026611328,1,0.0
2990078,of_object,Washington's Scandal Culture,strict,7220630,1,,,type1,,3,33.98215103149414,238.88079833984375,4,0.549787597226264
2990079,of_object,Colonial Williamsburg Landscape,strict,7221426,1,,,type1,,3,29.686487197875977,201.13265991210938,3,0.0
2990080,of_object,American Mass Production,strict,7227488,2,,,type1,,3,28.1009464263916,172.11614990234375,3,0.0
2990081,of_object,Hermeticism,strict,7229839,1,,,,,,1.510449767112732,85.88887023925781,1,0.0
2990082,of_object,Civil War National Military Park,strict,7239403,1,,,,,,47.070343017578125,460.3529357910156,5,0.5
2990083,of_object,Sociable Amenities,strict,7249573,1,,,type1,,2,10.749011993408203,82.50800323486328,2,0.0
2990084,of_object,Kinship,strict,7249715,1,,,,,,8.313899993896484,49.48645782470703,1,0.5
2990085,of_object,Major American City,strict,7252282,1,,,type1,,3,29.848512649536133,169.57672119140625,3,0.5
2990086,of_object,Sisterhood,strict,7253627,1,,,,,,7.649477958679199,42.07170486450195,1,0.8297742566475654
2990087,of_object,Classroom Assessment,strict,7253746,1,,,type1,,2,10.821215629577637,124.9481201171875,2,0.5
2990088,of_object,Sustainable Living,strict,7263707,2,,,type1,,2,18.33058738708496,144.2778778076172,2,0.0
2990089,of_object,Central Sydney,strict,7281451,1,,,type1,,2,18.171159744262695,128.30599975585938,2,0.0
2990090,of_object,Attraction,strict,7281548,1,,,,,,7.965207099914551,39.777095794677734,1,0.0
2990091,of_object,Cambodian Diaspora,strict,7281595,1,,,type1,,2,18.767295837402344,128.3032989501953,2,0.5
2990092,of_object,Hasmonean Kingdom,strict,7283277,1,,,,,,11.282825469970703,46.206382751464844,1,0.5
2990093,of_object,Navy,strict,7285517,1,,,,,,12.261116981506348,42.844913482666016,1,0.5
2990094,of_object,Attribution,strict,7290099,2,,,,,,5.583298206329346,41.880985260009766,1,0.25
2990095,of_object,Early Modern England,strict,7295146,1,,,type1,,3,29.054285049438477,140.22000122070312,3,0.5
2990096,of_object,Authority at Sea,strict,7296030,1,,,type2,at,3,15.980264663696289,146.9818878173828,3,0.5
2990097,of_object,Anthropological Knowledge,strict,7296560,1,,,type1,,2,14.79372787475586,124.40227508544922,2,0.5
2990098,of_object,Artist,strict,7300415,1,,,,,,6.522243022918701,39.45398712158203,1,0.5
2990099,of_object,Old Japan,strict,7302299,1,,,type1,,2,19.438344955444336,87.7613754272461,2,0.5
2990100,of_object,Nevada Territory,strict,7305314,1,,,type1,,2,17.361772537231445,124.95030975341797,2,0.0
2990101,of_object,Manhattan Musical Marketplace,strict,7314028,1,,,type1,,3,24.458520889282227,160.1392822265625,3,0.5
2990102,of_object,College Admissions Scandal,strict,7315784,1,,,type1,,3,18.749982833862305,167.20492553710938,3,0.18326253240875467
2990103,of_object,Capital Punishment in Canada,strict,7317635,1,,,type2,in,4,39.24235153198242,325.1412658691406,4,0.5
2990104,of_object,Irish Saints in Medieval Europe,strict,7318669,1,,,type2,in,5,45.368202209472656,404.64898681640625,5,0.0
2990105,of_object,Monotheism,strict,7320155,1,,,,,,9.583370208740234,50.689388275146484,1,0.0
2990106,of_object,Desperation,strict,7321908,1,,,,,,7.477226257324219,46.89558029174805,1,0.0
2990107,of_object,TV Masterpiece,strict,7357206,1,,,type1,,2,19.519817352294922,91.08009338378906,2,0.5
2990108,of_object,Matthew,strict,7358239,1,,,,,,7.466006278991699,42.00681686401367,1,0.5
2990109,of_object,Idea,strict,7359382,2,,,,,,8.35905933380127,28.771934509277344,1,0.5
2990110,of_object,U.S.T.hird World Left,strict,7368980,1,,,,,,21.7960147857666,104.4443130493164,2,0.5
2990111,of_object,Jest in Early Modern England,strict,7380249,1,,,type2,in,5,45.394161224365234,326.6590576171875,5,0.5
2990112,of_object,Equity in Public Education,strict,7383455,1,,,type2,in,4,40.49154281616211,423.30865478515625,4,0.5
2990113,of_object,Service,strict,7387082,2,,,,,,6.387758731842041,44.69618606567383,1,0.25
2990114,of_object,Billion-Dollar Empire,strict,7398829,1,,,type1,,2,28.017189025878906,334.0989685058594,4,0.0
2990115,of_object,New African Diasporas,strict,7411551,1,,,type1,,3,26.453922271728516,160.4550018310547,3,0.5
2990116,of_object,Divinity,strict,7414667,1,,,,,,12.671688079833984,43.21925354003906,1,0.5
2990117,of_object,Traditional Discourse,strict,7414679,1,,,type1,,2,17.0413761138916,113.74726104736328,2,0.5
2990118,of_object,Cotton South,strict,7415605,1,,,type1,,2,18.238061904907227,95.17079162597656,2,0.5
2990119,of_object,International Society,strict,7417251,1,,,type1,,2,24.283958435058594,113.28931427001953,2,0.5
2990120,of_object,American Fashion,strict,7424399,1,,,type1,,2,17.65096092224121,108.14666748046875,2,0.8180186548069335
2990121,of_object,Democratic Party,strict,7424502,1,,,type1,,2,17.9493465423584,100.45089721679688,2,0.8444589062654017
2990122,of_object,Social Debt,strict,7429261,1,,,type1,,2,25.312408447265625,171.33985900878906,2,0.5
2990123,of_object,Laity,strict,7431608,1,,,,,,6.679566383361816,58.44739532470703,1,0.0
2990124,of_object,Works of Art,strict,7433385,1,,,type2,of,3,24.39598274230957,262.77001953125,3,0.0
2990125,of_object,City Identity,strict,7443131,1,,,type1,,2,17.54275894165039,96.65238189697266,2,0.0
2990126,of_object,Imperial Policy,strict,7443248,1,,,type1,,2,22.868820190429688,128.98233032226562,2,0.5
2990127,of_object,Liberal Internationalism,strict,7444238,1,,,type1,,2,21.102354049682617,135.0602569580078,2,0.5
2990128,of_object,Holocaust Testimony,strict,7445397,1,,,type1,,2,17.582801818847656,132.9004669189453,2,0.0
2990129,of_object,International Theory,strict,7447077,2,,,type1,,2,19.971330642700195,99.51107025146484,2,0.0
2990130,of_object,Global Economic Governance,strict,7447536,1,,,type1,,3,34.199806213378906,265.61883544921875,3,0.5
2990131,of_object,Juvenile Justice,strict,7456583,1,,,type1,,2,16.62476348876953,108.18729400634766,2,0.0
2990132,of_object,Motherhood,strict,7465842,1,,,,,,9.28510856628418,56.54817199707031,1,0.5
2990133,of_object,Chance,strict,7477046,2,,,,,,9.272577285766602,35.681358337402344,1,0.0
2990134,of_object,Goby Fish,strict,7477212,1,,,,,,8.847816467285156,223.66403198242188,2,0.5
2990135,of_object,Innocent Man,strict,7494553,1,,,type1,,2,18.065540313720703,149.87548828125,2,0.0
2990136,of_object,Economic Thought,strict,7498503,1,,,type1,,2,22.300567626953125,107.25310516357422,2,0.5
2990137,of_object,nuclear age,strict,7506235,1,,,type1,,2,18.47161102294922,129.03150939941406,2,0.18326253240875467
2990138,of_object,poetry,strict,7506240,1,,,,,,9.865217208862305,38.96550750732422,1,0.4487329769948993
2990139,of_object,Education,strict,7508711,2,,,,,,8.621251106262207,41.60310745239258,1,0.5
2990140,of_object,Modern Environmentalism,strict,7510822,1,,,type1,,2,18.213327407836914,121.91085815429688,2,0.5
2990141,of_object,Criminal Legal Practice,strict,7518867,1,,,type1,,3,27.96930694580078,228.06820678710938,3,0.0
2990142,of_object,Audley Moore,strict,7526316,1,,,,,,4.302824020385742,152.5670623779297,2,0.0
2990143,of_object,American master,strict,7538174,1,,,type1,,2,18.983200073242188,99.5575942993164,2,0.1621794633746952
2990144,of_object,American Century,strict,7540434,1,,,type1,,2,19.385608673095703,79.79940032958984,2,0.5
2990145,of_object,American Circus,strict,7540813,1,,,type1,,2,17.130834579467773,99.22047424316406,2,0.3783997235392524
2990146,of_object,Mass Worker,strict,7542864,1,,,type1,,2,18.73410415649414,109.89063262939453,2,0.5
2990147,of_object,Film Culture,strict,7544656,2,,,type1,,2,18.414331436157227,105.7473373413086,2,0.0
2990148,of_object,Modern Sport,strict,7544791,1,,,type1,,2,16.046449661254883,100.41481018066406,2,0.8041440505273284
2990149,of_object,New Generation,strict,7549428,2,,,type1,,2,14.497971534729004,113.38462829589844,2,0.5
2990150,of_object,Eden,strict,7551911,1,,,,,,6.474956512451172,39.7872314453125,1,0.5
2990151,of_object,Quiet American,strict,7560698,1,,,type1,,2,19.843219757080078,104.89613342285156,2,0.5
2990152,of_object,Cosmos,strict,7570980,1,,,,,,11.2389554977417,50.1502685546875,1,0.5
2990153,of_object,Cultural Pluralism,strict,7571873,1,,,type1,,2,21.41090965270996,115.98563385009766,2,0.0
2990154,of_object,Steam Engine,strict,7572011,1,,,,,,10.194624900817871,122.98046875,2,0.5
2990155,of_object,Local Government,strict,7574742,1,,,type1,,2,18.7838134765625,131.5208740234375,2,0.5
2990156,of_object,Flavian Imperial Family,strict,7574776,1,,,type1,,3,16.966466903686523,87.82412719726562,2,0.5
2990157,of_object,Geography,strict,7576174,1,,,,,,6.9779791831970215,37.46572494506836,1,0.5
2990158,of_object,Wicca,strict,7589161,1,,,,,,11.25682544708252,56.50672912597656,1,0.0
2990159,of_object,Global Culture,strict,7590954,1,,,type1,,2,23.570980072021484,127.46548461914062,2,0.5
2990160,of_object,Office Work,strict,7592298,1,,,,,,13.971025466918945,93.5616683959961,2,0.5
2990161,of_object,Modern Kirkuk,strict,7602604,1,,,type1,,2,11.155420303344727,84.65845489501953,2,0.5
2990162,of_object,AIDS,strict,7605074,2,,,,,,8.634148597717285,36.899566650390625,1,0.5
2990163,of_object,Eclipse Reckoning,strict,7605789,1,,,type1,,2,17.396007537841797,110.13581085205078,2,0.5
2990164,of_object,America's Food Industry,strict,7616142,1,,,type1,,3,33.84183883666992,295.0125732421875,4,0.9047048973778632
2990165,of_object,Corruption,strict,7616169,1,,,,,,11.241535186767578,52.10574722290039,1,0.0
2990166,of_object,Project Apollo,strict,7635438,1,,,type1,,2,13.42674732208252,63.82952880859375,2,0.0
2990167,of_object,High-Tech Babies,strict,7636488,1,,,type1,,2,17.436674118041992,207.51217651367188,4,0.5
2990168,of_object,Modern Economy,strict,7636892,1,,,type1,,2,20.698596954345703,101.20177459716797,2,0.5
2990169,of_object,American Family,strict,7637886,1,,,type1,,2,17.383901596069336,84.5060043334961,2,0.5
2990170,of_object,modern Chinese culture,strict,7644350,1,,,type1,,3,32.71861267089844,193.37953186035156,3,0.0
2990171,of_object,National Identity,strict,7647296,1,,,type1,,2,15.763932228088379,100.64044189453125,2,0.5
2990172,of_object,Sisyphus,strict,7648243,1,,,,,,-1.9396226406097412,52.66590881347656,1,0.0
2990173,of_object,One Entrepreneur,strict,7649598,1,,,type1,,2,16.95401382446289,83.64937591552734,2,0.0
2990174,of_object,modernism in Berlin,strict,7653502,1,,,type2,in,3,26.87049102783203,158.68955993652344,3,0.0
2990175,of_object,Latin American Art,strict,7665604,1,,,type1,,3,26.150508880615234,218.65394592285156,3,0.0
2990176,of_object,Evangelical Conservatism,strict,7666363,1,,,type1,,2,15.519808769226074,141.04161071777344,2,0.5
2990177,of_object,Political Community,strict,7670938,1,,,type1,,2,19.658864974975586,98.31056213378906,2,0.0
2990178,of_object,Great Atlantic Steamships,strict,7671168,1,,,type1,,3,20.831424713134766,164.1942901611328,3,0.0
2990179,of_object,Welfare Reform,strict,7671214,1,,,type1,,2,23.522823333740234,141.9745330810547,2,0.5
2990180,of_object,University,strict,7680930,1,,,,,,8.902339935302734,50.21731185913086,1,0.5
2990181,of_object,GOP,strict,7685595,1,,,,,,6.348410606384277,50.91922378540039,1,0.0
2990182,of_object,Amanda Knox,strict,7697588,1,,,,,,11.780016899108887,124.4550552368164,2,0.5
2990183,of_object,Digital Media,strict,7697859,1,,,type1,,2,12.781259536743164,100.66702270507812,2,0.5
2990184,of_object,Abstraction,strict,7697865,1,,,,,,8.629958152770996,38.84266662597656,1,0.5
2990185,of_object,Photo-Finish,strict,7698623,1,,,,,,10.39229679107666,160.18894958496094,3,0.0
2990186,of_object,Humanitarianism,strict,7699214,1,,,,,,8.313899993896484,49.48645782470703,1,0.0
2990187,of_object,Mussolini's Regime,strict,7700617,1,,,,,,16.91033172607422,149.60296630859375,3,0.5
2990188,of_object,Political Philosophy,strict,7700946,1,,,type1,,2,18.904050827026367,108.37987518310547,2,0.5
2990189,of_object,Great St. Louis Exposition,strict,7702298,1,,,,,,25.640480041503906,251.05746459960938,4,0.5
2990190,of_object,Power Panacea,strict,7703375,1,,,type1,,2,14.709233283996582,104.38267517089844,2,0.5
2990191,of_object,Civil Society in Post-Revolution France,strict,7704203,1,,,type2,in,5,60.352317810058594,581.60302734375,7,0.0
2990192,of_object,Poverty,strict,7719992,1,,,,,,13.135089874267578,54.218135833740234,1,0.0
2990193,of_object,wild culture,strict,7726718,1,,,type1,,2,22.016183853149414,133.65902709960938,2,0.047825641900537404
2990194,of_object,amnesia,strict,7728410,1,,,,,,9.044639587402344,45.36733627319336,1,0.0
2990195,of_object,Poet,strict,7729860,1,,,,,,6.507734298706055,46.41151809692383,1,0.5
2990196,of_object,American State Economies,strict,7730824,1,,,type1,,3,31.806291580200195,211.5038299560547,3,0.5
2990197,of_object,Social Sciences,strict,7731309,1,,,type1,,2,21.923385620117188,127.8138427734375,2,0.0
2990198,of_object,New Spain,strict,7731319,1,,,type1,,2,19.773101806640625,102.7034912109375,2,0.5
2990199,of_object,U.S. Radical Film Culture,strict,7731408,1,,,,,,38.48992156982422,299.3564453125,4,0.5
2990200,of_object,Sacred Union,strict,7732036,3,,,type1,,2,21.516603469848633,124.08300018310547,2,0.322778458594829
2990201,of_object,Fiction,strict,7740254,1,,,,,,6.052086353302002,44.8929328918457,1,0.5
2990202,of_object,Lifetime,strict,7742659,2,,,,,,7.032907962799072,35.37069320678711,1,0.25
2990203,of_object,impulsivity for long-term outcome,strict,7747548,1,,,type2,for,4,38.8399543762207,430.9143981933594,6,0.0
2990204,of_object,presidency,strict,7760591,1,,,,,,8.951555252075195,49.121803283691406,1,0.3284295652408724
2990205,of_object,Modern Brazil,strict,7763272,1,,,type1,,2,17.83637046813965,87.4859390258789,2,0.5
2990206,of_object,Political Disintegration,strict,7773972,1,,,type1,,2,17.52800750732422,111.54402160644531,2,0.9648231701091198
2990207,of_object,Opportunity,strict,7774796,1,,,,,,8.580060005187988,36.47443771362305,1,0.5
2990208,of_object,Yognis,strict,7792501,1,,,,,,,,,0.0
2990209,of_object,Reform after Stalin,strict,7792517,1,,,type2,after,3,25.725400924682617,179.65992736816406,3,0.5
2990210,of_object,Classical Literature,strict,7792705,1,,,type1,,2,14.007816314697266,103.6593246459961,2,0.5
2990211,of_object,New Network,strict,7792985,1,,,type1,,2,13.510638236999512,121.20659637451172,2,0.5
2990212,of_object,Music,strict,7793136,1,,,,,,2.684130907058716,54.66400909423828,1,0.5
2990213,of_object,Gospel,strict,7794156,1,,,,,,9.125140190124512,50.77650451660156,1,0.5
2990214,of_object,British Neo-Romantic Art,strict,7795262,1,,,type1,,3,33.57460021972656,281.1374206542969,5,0.0
2990215,of_object,Agriculture in Eastern North America,strict,7795887,1,,,type2,in,5,51.04847717285156,522.1544189453125,5,0.5
2990216,of_object,Secret Lifeforms,strict,7798338,1,,,,,,13.028149604797363,109.84893035888672,2,0.35746405220273614
2990217,of_object,Modern Sports,strict,7805752,1,,,type1,,2,16.046449661254883,100.41481018066406,2,0.8142015390687533
2990218,of_object,information life cycle management,strict,7807257,1,,,,,,35.3181037902832,244.440673828125,4,0.0
2990219,of_object,Young People,strict,7813477,1,,,type1,,2,22.358884811401367,126.5352783203125,2,0.5
2990220,of_object,Antarctic science,strict,7823052,1,,,type1,,2,12.027754783630371,133.6325225830078,2,0.17345450108488641
2990221,of_object,Global Agriculture,strict,7824321,1,,,type1,,2,20.683910369873047,129.51351928710938,2,0.5
2990222,of_object,George Eliot,strict,7824496,1,,,,,,12.687833786010742,130.13670349121094,2,0.0
2990223,of_object,Black Emancipation,strict,7824696,1,,,type1,,2,15.138888359069824,147.19741821289062,2,0.5
2990224,of_object,Endangered Animals,strict,7825571,1,,,type1,,2,20.37728500366211,209.88055419921875,2,0.0
2990225,of_object,Biblical Israel,strict,7844591,1,,,type1,,2,21.282638549804688,109.33656311035156,2,0.5
2990226,of_object,Mass Production,strict,7855887,1,,,type1,,2,15.839826583862305,99.47100830078125,2,0.6805868963779695
2990227,of_object,Knowledge Management,strict,7858227,1,,,type1,,2,15.98876953125,95.34811401367188,2,0.0
2990228,of_object,American Iconoclast,strict,7860642,1,,,type1,,2,12.242753982543945,84.53195190429688,2,0.6356614805918359
2990229,of_object,Romance,strict,7868764,1,,,,,,6.052086353302002,44.8929328918457,1,0.39011364510683366
2990230,of_object,Bebop,strict,7887983,2,,,,,,1.0889326333999634,48.80263137817383,1,0.30848478141233343
2990231,of_object,African Success Story,strict,7889322,1,,,type1,,3,26.12433433532715,157.53018188476562,3,0.5
2990232,of_object,Human Consciousness,strict,7894468,1,,,type1,,2,24.2474422454834,150.7533416748047,2,0.0
2990233,of_object,America's First Black Star,strict,7900105,1,,,,,,38.34133529663086,536.4528198242188,5,0.5
2990234,of_object,Hellenistic Design,strict,7905637,1,,,type1,,2,10.259199142456055,85.31666564941406,2,0.0
2990235,of_object,National Consciousness,strict,7907844,1,,,type1,,2,19.890655517578125,104.01314544677734,2,0.5
2990236,of_object,Great War at Sea,strict,7918620,1,,,type2,at,4,24.618324279785156,213.60983276367188,4,0.7783402569187203
2990237,of_object,Forgery,strict,7919306,1,,,,,,5.205684185028076,46.39783477783203,1,0.5
2990238,of_object,Global Cultural Network,strict,7919327,1,,,type1,,3,29.718961715698242,215.1278839111328,3,0.0
2990239,of_object,American Epidemic,strict,7920159,1,,,type1,,2,21.07514762878418,112.83612823486328,2,0.5
2990240,of_object,Community Safety,strict,7924773,1,,,type1,,2,19.549320220947266,114.98700714111328,2,0.5
2990241,of_object,Feminine Identity,strict,7933337,1,,,type1,,2,14.999324798583984,100.62715148925781,2,0.5
2990242,of_object,Conscription in Britain,strict,7936657,1,,,type2,in,3,29.378604888916016,158.2241668701172,3,0.0
2990243,of_object,Mary Rabagliati,strict,7937859,1,,,,,,7.466006278991699,42.00681686401367,1,0.5
2990244,of_object,Values,strict,7949637,1,,,,,,6.66436243057251,39.60496520996094,1,0.0
2990245,of_object,Political Faith,strict,7950247,1,,,type1,,2,23.68243980407715,124.51378631591797,2,0.5
2990246,of_object,Programming,strict,7952718,1,,,,,,4.196197509765625,47.537750244140625,1,0.5
2990247,of_object,Paul,strict,7953118,1,,,,,,7.466006278991699,42.00681686401367,1,0.5
2990248,of_object,French Monarchy,strict,7953588,1,,,type1,,2,20.130603790283203,122.14260864257812,2,0.0
2990249,of_object,Patagonia,strict,7962882,1,,,,,,0.04346311837434769,83.91777038574219,1,0.5
2990250,of_object,Christianity to Socialism,strict,7963243,1,,,type2,to,3,33.017879486083984,203.6422576904297,3,0.0
2990251,of_object,Peruvian State,strict,7981394,1,,,,,,22.91814422607422,123.54386901855469,2,0.5
2990252,of_object,Strategic Triangle,strict,7982146,1,,,type1,,2,18.42997169494629,121.05290222167969,2,0.0
2990253,of_object,Basketball,strict,7983497,2,,,,,,7.416491508483887,50.94314193725586,1,0.36523839814239567
2990254,of_object,Gender Equality,strict,7983649,1,,,type1,,2,20.68750762939453,162.82850646972656,2,0.5
2990255,of_object,Romantic Discourse,strict,7991237,2,,,type1,,2,13.609240531921387,102.25066375732422,2,0.25
2990256,of_object,labor movement,strict,8011927,1,,,,,,17.92641830444336,116.8340072631836,2,0.12766631515584903
2990257,of_object,Video Games,strict,8012017,1,,,type1,,2,15.197308540344238,95.96376037597656,2,0.5
2990258,of_object,Tennis's Fiercest Rivalry,strict,8012504,1,,,type1,,3,22.786867141723633,274.9082946777344,4,0.5
2990259,of_object,Renewable Energy,strict,8013627,1,,,type1,,2,15.062125205993652,224.4459991455078,2,0.5
2990260,of_object,School Safety,strict,8013668,1,,,type1,,2,16.590869903564453,109.77587890625,2,0.5
2990261,of_object,U.S. Nuclear Weapons,strict,8015987,1,,,type1,,3,30.334880828857422,232.02456665039062,3,0.5
2990262,of_object,Cultural Icon,strict,8023612,1,,,type1,,2,17.001708984375,101.64861297607422,2,0.0
2990263,of_object,Imago Dei,strict,8031570,1,,,type1,,2,1.2132794857025146,153.5902099609375,2,0.0
2990264,of_object,beautiful friendship,strict,8043250,1,,,type1,,2,17.65264320373535,91.52232360839844,2,0.4177495788764623
2990265,of_object,Voluntourism,strict,8045466,1,,,,,,,,,0.5
2990266,of_object,Modern Lebanon,strict,8046734,1,,,type1,,2,19.353408813476562,99.0999755859375,2,0.0
2990267,of_object,Human Activity,strict,8047069,1,,,type1,,2,20.474695205688477,131.82608032226562,2,0.5
2990268,of_object,Inequality in India,strict,8061642,1,,,type2,in,3,29.120092391967773,200.8239288330078,3,0.5
2990269,of_object,social attributions,strict,8071724,1,,,type1,,2,18.718387603759766,106.08375549316406,2,0.0
2990270,of_object,Electronic Markets,strict,8076563,1,,,type1,,2,14.8190279006958,113.17764282226562,2,0.5
2990271,of_object,U.S. Marijuana Policy,strict,8076728,1,,,type1,,3,34.00035858154297,203.42323303222656,3,0.5
2990272,of_object,Bitcoin,strict,8091879,1,,,,,,2.28442645072937,71.61312866210938,1,0.0
2990273,of_object,Habsburg Empire,strict,8109705,2,,,,,,12.843034744262695,105.20001220703125,2,0.0
2990274,of_object,Modernist Garden,strict,8124484,1,,,type1,,2,14.652090072631836,94.31647491455078,2,0.5
2990275,of_object,Perspective in Medieval Italy,strict,8136454,1,,,type2,in,4,35.34184646606445,237.20538330078125,4,0.0
2990276,of_object,Frozen Embryo,strict,8139241,1,,,,,,9.041213035583496,115.13294219970703,2,0.0
2990277,of_object,Zoos,strict,8142436,2,,,,,,10.188642501831055,52.47013854980469,1,0.25
2990278,of_object,Extraordinary Physician,strict,8157725,1,,,type1,,2,14.931925773620605,98.24694061279297,2,0.0
2990279,of_object,Catholic Church,strict,8185435,1,,,type1,,2,22.606773376464844,197.8167724609375,2,0.5
2990280,of_object,New Business Engines,strict,8185486,1,,,type1,,3,24.887157440185547,239.17144775390625,3,0.0
2990281,of_object,American Constitutionalism,strict,8187470,1,,,type1,,2,19.62076187133789,108.69783782958984,2,0.0
2990282,of_object,common sense,strict,8190103,1,,,type1,,2,19.835033416748047,91.47706604003906,2,0.0
2990283,of_object,African American adults,strict,8192896,1,,,type1,,3,32.495750427246094,259.3109130859375,3,0.5
2990284,of_object,Disorder,strict,8198652,1,,,,,,8.890066146850586,46.11812973022461,1,0.5
2990285,of_object,European Mind from Philosophy,strict,8201319,1,,,type2,from,4,35.80352020263672,240.28199768066406,4,0.5
2990286,of_object,American Art,strict,8201940,1,,,type1,,2,20.8336238861084,111.00543975830078,2,0.5
2990287,of_object,Adtech,strict,8207351,1,,,,,,-2.3440845012664795,54.86893081665039,1,0.5
2990288,of_object,Federal Lands,strict,8219852,1,,,type1,,2,19.116455078125,138.23208618164062,2,0.0
2990289,of_object,Civil Society,strict,8229273,1,,,type1,,2,21.503921508789062,109.36831665039062,2,0.0
2990290,of_object,Canadian Nature,strict,8229368,1,,,type1,,2,23.500076293945312,107.65641784667969,2,0.739427880503438
2990291,of_object,Hasidic Williamsburg,strict,8231117,1,,,type1,,2,20.403831481933594,128.54489135742188,2,0.18326253240875467
2990292,of_object,Black internationalism,strict,8231632,1,,,type1,,2,17.56123161315918,121.26299285888672,2,0.5
2990293,of_object,Canada's Cultural Diplomacy,strict,8233292,1,,,type1,,3,39.2633171081543,300.813232421875,4,0.5
2990294,of_object,American Mafia in New Orleans,strict,8234756,1,,,type2,in,5,44.05917739868164,438.2262268066406,5,0.0
2990295,of_object,Legal Analysis,strict,8242249,1,,,type1,,2,17.571969985961914,113.68758392333984,2,0.0
2990296,of_object,showgirl,strict,8259298,1,,,,,,4.239480495452881,41.314884185791016,1,0.0
2990297,of_object,New Social Movement,strict,8260163,1,,,type1,,3,28.2796688079834,190.3876495361328,3,0.0
2990298,of_object,Sonification,strict,8264003,1,,,,,,,,,0.0
2990299,of_object,comic book culture,strict,8290111,1,,,type1,,3,24.263797760009766,173.9570770263672,3,0.47902484986046073
2990300,of_object,gtreat painter,strict,8290423,1,,,type1,,2,6.522243022918701,39.45398712158203,1,0.0
2990301,of_object,Global Working Class,strict,8291062,1,,,type1,,3,26.23354721069336,162.07803344726562,3,0.5
2990302,of_object,Dispute Resolution,strict,8291149,1,,,type1,,2,8.826007843017578,116.02058410644531,2,0.5
2990303,of_object,People with Disabilities,strict,8291945,1,,,type2,with,3,30.233234405517578,227.5050811767578,3,0.0
2990304,of_object,Psychological Realism,strict,8293513,1,,,type1,,2,17.259254455566406,114.44349670410156,2,0.5
2990305,of_object,Common Law,strict,8294936,1,,,type1,,2,20.875154495239258,112.51972198486328,2,0.0
2990306,of_object,Distance Dynasty,strict,8295462,1,,,type1,,2,19.1023006439209,103.18571472167969,2,0.0
2990307,of_object,Literary History,strict,8303600,1,,,type1,,2,22.1263370513916,99.23300170898438,2,0.5
2990308,of_object,Mobile Content,strict,8311097,1,,,type1,,2,13.690628051757812,94.21490478515625,2,0.0
2990309,of_object,Western Civilization,strict,8339552,1,,,type1,,2,23.543941497802734,106.24092864990234,2,0.5
2990310,of_object,Space-In-between,strict,8354239,1,,,,,,23.857383728027344,397.5670166015625,5,0.5
2990311,of_object,Spirits,strict,8362076,1,,,,,,11.2389554977417,50.1502685546875,1,0.5
2990312,of_object,20th Century,strict,8363113,1,,,type1,,2,6.555017948150635,75.83818817138672,2,0.5
2990313,of_object,Yoeme Identity,strict,8383969,1,,,,,,8.544966697692871,46.9934196472168,1,0.5
2990314,of_object,DNA's Double Helix,strict,8384090,1,,,type1,,3,25.5898494720459,274.0292053222656,4,0.7654937065944847
2990315,of_object,Witness,strict,8384547,1,,,,,,6.310726165771484,41.467384338378906,1,0.5
2990316,of_object,Great War Memorials,strict,8395605,1,,,type1,,3,27.98196029663086,166.54335021972656,3,0.0
2990317,of_object,American Cinema,strict,8417101,1,,,type1,,2,24.522233963012695,171.37965393066406,2,0.5
2990318,of_object,Conservative Right,strict,8424405,2,,,type1,,2,18.787229537963867,94.03721618652344,2,0.25
2990319,of_object,Home in Syria,strict,8424408,1,,,type2,in,3,27.2207088470459,201.5418701171875,3,0.5
2990320,of_object,Nuclear Age,strict,8443370,1,,,type1,,2,18.47161102294922,129.03150939941406,2,0.0
2990321,of_object,Muslim Youth,strict,8445514,1,,,type1,,2,24.814777374267578,155.58102416992188,2,0.5
2990322,of_object,Intellectual Property,strict,8463241,2,,,type1,,2,17.88588523864746,115.0579605102539,2,0.25
2990323,of_object,suffragettes,strict,8469826,1,,,,,,3.9485483169555664,63.62451934814453,1,0.0
2990324,of_object,Irish Cycling's Golden Gener,strict,8478854,1,,,,,,33.4296989440918,361.4736022949219,5,0.5
2990325,of_object,Theory,strict,8487194,2,,,,,,8.35905933380127,28.771934509277344,1,0.5
2990326,of_object,Communication,strict,8491354,1,,,,,,8.62929630279541,55.44069290161133,1,0.0
2990327,of_object,Black Atlantic Tradition,strict,8506176,1,,,type1,,3,23.89765167236328,189.8466339111328,3,0.5
2990328,of_object,Science Fiction Fandom,strict,8515841,1,,,type1,,3,19.85515785217285,188.6788787841797,3,0.0
2990329,of_object,America's Greatest Museum,strict,8536333,1,,,type1,,3,35.02485656738281,255.96226501464844,4,0.0
2990330,of_object,Urban Apathy,strict,8536402,1,,,type1,,2,21.492551803588867,134.6933135986328,2,0.5
2990331,of_object,College Admissions,strict,8536425,1,,,type1,,2,12.026073455810547,107.31934356689453,2,0.5
2990332,of_object,Noise,strict,8536513,1,,,,,,6.7177815437316895,50.86598205566406,1,0.5
2990333,of_object,American Music,strict,8543339,1,,,type1,,2,14.945247650146484,113.08704376220703,2,0.0
2990334,of_object,NGO-elites in contemporary Nicaragua,strict,8544178,1,,,type2,in,4,29.809715270996094,305.5958251953125,6,0.0
2990335,of_object,Middle-Class Home,strict,8547474,1,,,type1,,2,23.187997817993164,274.1640930175781,4,0.0
2990336,of_object,China's Stolen Artistic Treasures,strict,8552315,1,,,,,,39.08541488647461,321.35528564453125,5,0.5
2990337,of_object,Self-Determination,strict,8565078,1,,,,,,14.60447883605957,109.76864624023438,3,0.0
2990338,of_object,Arabic Novel,strict,8565247,1,,,type1,,2,12.650379180908203,101.76311492919922,2,0.5
2990339,of_object,Female Self,strict,8567463,1,,,type1,,2,15.237923622131348,122.97367095947266,2,0.0
2990340,of_object,Irregular Warfare,strict,8567943,1,,,,,,18.660173416137695,107.12271118164062,2,0.5
2990341,of_object,Stigma,strict,8568487,1,,,,,,8.525945663452148,48.19715118408203,1,0.5
2990342,of_object,Physics,strict,8570845,1,,,,,,6.9779791831970215,37.46572494506836,1,0.0
2990343,of_object,Spiritual Eating,strict,8576250,1,,,,,,22.01464080810547,121.56621551513672,2,0.5
2990344,of_object,Business of Hockey in Canada,strict,8577716,1,,,type2,of,5,44.96684265136719,471.19317626953125,5,0.0
2990345,of_object,American Grown-up,strict,8585385,1,,,type1,,2,25.770883560180664,226.9962921142578,4,0.8537669486152051
2990346,of_object,organisations,strict,8594273,2,,,,,,6.9899187088012695,46.32291793823242,1,0.5
2990347,of_object,Multiculturalism,strict,8595384,1,,,,,,9.420052528381348,48.251251220703125,1,0.5
2990348,of_object,Current Debate,strict,8596927,1,,,type1,,2,19.996055603027344,103.27882385253906,2,0.5
2990349,of_object,Femininity in Venezuela,strict,8600156,1,,,type2,in,3,24.297792434692383,168.14923095703125,3,0.5
2990350,of_object,matter,strict,8604337,1,,,,,,10.231931686401367,30.091676712036133,1,0.0
2990351,of_object,Roxie Laybourne,strict,8614397,1,,,,,,-0.8000904321670532,49.78448486328125,1,0.5
2990352,of_object,Paperwork,strict,8615623,1,,,,,,3.9331414699554443,52.444210052490234,1,0.5
2990353,of_object,Precariousness in Highly Qualified Migration,strict,8625874,1,,,type2,in,5,33.20334243774414,314.31524658203125,5,0.5
2990354,of_object,Operation Market Garden,strict,8626113,1,,,type1,,3,21.73128890991211,236.9161376953125,3,0.0
2990355,of_object,Stewardship,strict,8627918,1,,,,,,10.38773250579834,44.682342529296875,1,0.0
2990356,of_object,Lyrical Nostalgia,strict,8629600,1,,,,,,14.185009956359863,123.33919525146484,2,0.5
2990357,of_object,NHL Franchise,strict,8630602,1,,,type1,,2,8.982341766357422,99.88044738769531,2,0.0
2990358,of_object,Acid Rock,strict,8636388,1,,,type1,,2,16.256126403808594,129.29176330566406,2,0.28285004367484196
2990359,of_object,Western Modernity,strict,8642224,1,,,type1,,2,21.681171417236328,104.43277740478516,2,0.0
2990360,of_object,Twentieth Century,strict,8646432,1,,,type1,,2,18.968172073364258,98.67982482910156,2,0.5
2990361,of_object,Popular Culture,strict,8656712,1,,,type1,,2,19.57858657836914,93.63670349121094,2,0.5
2990362,of_object,Traditional Society,strict,8668334,1,,,type1,,2,21.24419593811035,109.30099487304688,2,0.0
2990363,of_object,Photography 101,strict,8670479,1,,,,,,5.171932697296143,80.39798736572266,2,0.0
2990364,of_object,Power in Europe,strict,8686576,1,,,type2,in,3,24.968597412109375,175.5928497314453,3,0.5
2990365,of_object,Chaos,strict,8688742,1,,,,,,7.684471607208252,33.69336700439453,1,0.0
2990366,of_object,Grand Tour,strict,8688758,1,,,type1,,2,7.3496222496032715,120.90147399902344,2,0.0
2990367,of_object,Coexistence,strict,8716548,1,,,,,,9.778998374938965,45.06270980834961,1,0.5
2990368,of_object,Holy City,strict,8716636,1,,,,,,18.12293243408203,104.53507232666016,2,0.5
2990369,of_object,Human Being,strict,8721453,2,,,type1,,2,19.326797485351562,107.92916870117188,2,0.25
2990370,of_object,Knowledge in Late Sixteenth-Century Rome,strict,8721549,1,,,type2,in,5,55.10161209106445,573.529296875,7,0.5
2990371,of_object,Hindu vote,strict,8725174,1,,,type1,,2,12.622953414916992,129.41268920898438,2,0.0
2990372,of_object,Nuclear Physics,strict,8735548,1,,,type1,,2,17.270294189453125,120.86248779296875,2,0.5
2990373,of_object,Christian Ethics,strict,8735729,1,,,type1,,2,21.691120147705078,112.60686492919922,2,0.6086285813517325
2990374,of_object,World Hero,strict,8736578,1,,,type1,,2,18.464134216308594,119.90554809570312,2,0.0
2990375,of_object,Public Conversation in America,strict,8746583,1,,,type2,in,4,39.68552780151367,274.5624084472656,4,0.5
2990376,of_object,experience,strict,8775037,1,,,,,,7.949771881103516,40.106895446777344,1,0.5
2990377,of_object,Foreign Military Assistance,strict,8776381,1,,,type1,,3,33.89514923095703,276.21832275390625,3,0.5
2990378,of_object,American Diet,strict,8776767,1,,,type1,,2,21.604066848754883,138.90902709960938,2,0.6335143013467103
2990379,of_object,American Deal,strict,8777419,1,,,type1,,2,21.294130325317383,106.96580505371094,2,0.0
2990380,of_object,Social Policy,strict,8779592,2,,,type1,,2,24.16023063659668,138.847900390625,2,0.25
2990381,of_object,Kennedy Assassination,strict,8787263,1,,,,,,18.389812469482422,111.0821533203125,2,0.5
2990382,of_object,Rock Promotion,strict,8793375,1,,,type1,,2,16.319698333740234,88.21559143066406,2,0.0
2990383,of_object,Loss,strict,8795935,1,,,,,,8.910181045532227,46.812294006347656,1,0.0
2990384,of_object,L.A.R.iots,strict,8805783,1,,,,,,,,,0.5
2990385,of_object,Nam Hollow,strict,8806708,1,,,,,,9.547102928161621,113.94188690185547,2,0.5
2990386,of_object,Free Country,strict,8807648,1,,,type1,,2,18.740745544433594,107.3563461303711,2,0.5
2990387,of_object,Modern Judaism,strict,8807722,1,,,type1,,2,20.131452560424805,109.7905502319336,2,0.5
2990388,of_object,Modern Christianity,strict,8837999,1,,,type1,,2,19.9333438873291,110.08314514160156,2,0.0
2990389,of_object,Logistical Societies,strict,8838225,1,,,type1,,2,18.568920135498047,107.64872741699219,2,0.5
2990390,of_object,Judicial Activism,strict,8839001,2,,,type1,,2,21.942419052124023,135.8591766357422,2,0.5
2990391,of_object,Eighteenth-Century Britons,strict,8841718,1,,,type1,,2,26.84280776977539,203.60220336914062,4,0.5
2990392,of_object,Local Cultures,strict,8855316,1,,,type1,,2,21.22178077697754,134.16831970214844,2,0.5
2990393,of_object,security state,strict,8865253,1,,,,,,20.84623908996582,121.11853790283203,2,0.0
2990394,of_object,Modern Finance,strict,8865988,1,,,type1,,2,20.242229461669922,97.37002563476562,2,0.0
2990395,of_object,American Nationality,strict,8867001,1,,,type1,,2,23.44413185119629,120.9686279296875,2,0.0
2990396,of_object,Digital Age,strict,8867468,1,,,type1,,2,13.590989112854004,119.43138885498047,2,0.3304171513140922
2990397,of_object,Catastrophic Climate Change,strict,8868632,1,,,type1,,3,26.465681076049805,236.4562530517578,3,0.5
2990398,of_object,Jewish Identity,strict,8870192,1,,,type1,,2,20.04646110534668,119.04803466796875,2,0.5
2990399,of_object,Finger Lakes,strict,8871437,1,,,type1,,2,9.529178619384766,116.52946472167969,2,0.5
2990400,of_object,Entertainment,strict,8875786,1,,,,,,5.431983470916748,42.32540512084961,1,0.5
2990401,of_object,Heartless World,strict,8880793,1,,,type1,,2,20.393598556518555,117.31812286376953,2,0.08372670412044628
2990402,of_object,British Imperialism,strict,8882971,1,,,type1,,2,24.104795455932617,125.51923370361328,2,0.0
2990403,of_object,Virginia Hunt Country,strict,8883991,1,,,,,,27.360292434692383,192.46531677246094,3,0.5
2990404,of_object,American Comedy,strict,8895344,1,,,type1,,2,18.8479061126709,106.44315338134766,2,0.4806031705702985
2990405,of_object,Environmental Justice,strict,8895557,2,,,type1,,2,17.572805404663086,112.74125671386719,2,0.0
2990406,of_object,Diaspora Institutions,strict,8895723,1,,,type1,,2,23.355709075927734,136.54647827148438,2,0.0
2990407,of_object,Shojo Manga,strict,8896005,1,,,,,,6.420891761779785,166.68844604492188,2,0.0
2990408,of_object,Early Modern Identity,strict,8897435,1,,,type1,,3,25.18880844116211,162.40496826171875,3,0.5
2990409,of_object,U.S. Multiracial Democracy,strict,8898000,1,,,type1,,3,30.550142288208008,209.0171661376953,3,0.5
2990410,of_object,Australian Naval Power,strict,8906188,1,,,type1,,3,30.613201141357422,191.6483612060547,3,0.0
2990411,of_object,Nure Valley,strict,8912232,1,,,type1,,2,8.902339935302734,50.21731185913086,1,0.0
2990412,of_object,American Financial Supremacy,strict,8914788,1,,,type1,,3,32.94074249267578,206.5816650390625,3,0.5
2990413,of_object,Crosswords,strict,8925507,1,,,,,,2.162825345993042,57.462928771972656,1,0.41143928962047105
2990414,of_object,Korea,strict,8926834,1,,,,,,9.206412315368652,42.069915771484375,1,0.5
2990415,of_object,Entrepreneurship,strict,8929989,1,,,,,,8.888150215148926,46.892818450927734,1,0.5
2990416,of_object,Power in Nicaragua,strict,8930331,1,,,type2,in,3,22.786043167114258,156.0648956298828,3,0.0
2990417,of_object,Real Estate,strict,8938047,1,,,type1,,2,17.621109008789062,116.48711395263672,2,0.5
2990418,of_object,America's Favorite Media Company,strict,8942669,1,,,,,,39.040435791015625,372.94384765625,5,0.0
2990419,of_object,Mathematical History,strict,8958572,1,,,type1,,2,20.285940170288086,102.95722961425781,2,0.5
2990420,of_object,island community,strict,8973130,1,,,,,,21.058557510375977,85.20384216308594,2,0.0
2990421,of_object,North America,strict,8984895,1,,,type1,,2,24.82088851928711,162.62359619140625,2,0.6251710520316641
2990422,of_object,Economics,strict,8985075,2,,,,,,13.476513862609863,55.33617401123047,1,0.7705260019148761
2990423,of_object,Easy Money,strict,8987451,1,,,type1,,2,17.870229721069336,95.13142395019531,2,0.5
2990424,of_object,Future in 21st-Century Indonesia,strict,9017116,1,,,type2,in,4,35.28955078125,425.6390075683594,6,0.5
2990425,of_object,Charleston Region,strict,9034491,1,,,,,,16.983047485351562,104.48392486572266,2,0.5
2990426,of_object,Heart,strict,9046601,1,,,,,,10.87648868560791,60.566715240478516,1,0.6597451166715167
2990427,of_object,Sapiential Theology,strict,9057086,1,,,,,,9.583370208740234,50.689388275146484,1,0.0
2990428,of_object,Opinion,strict,9073817,2,,,,,,8.460698127746582,34.15507507324219,1,0.0
2990429,of_object,Dorian Gray,strict,9074150,1,,,,,,6.324420928955078,106.14128875732422,2,0.0
2990430,of_object,Early Modern British World,strict,9086491,1,,,,,,41.57664489746094,256.45648193359375,4,0.0
2990431,of_object,Abuse,strict,9086956,1,,,,,,10.564772605895996,49.053340911865234,1,0.5
2990432,of_object,American Law,strict,9092977,1,,,type1,,2,22.91814422607422,123.54386901855469,2,0.5
2990433,of_object,lower Manhattan,strict,9103177,1,,,type1,,2,16.983047485351562,104.48392486572266,2,0.5
2990434,of_object,Colonial Rule in Venezuela,strict,9103217,1,,,type2,in,4,42.539573669433594,286.017333984375,4,0.5
2990435,of_object,Experimental Medicine,strict,9104244,1,,,type1,,2,15.462019920349121,101.9435043334961,2,0.0
2990436,of_object,International Criminal Law,strict,9115726,1,,,type1,,3,32.833858489990234,314.5540466308594,3,0.0
2990437,of_object,Greatness,strict,9138529,1,,,,,,12.671688079833984,43.21925354003906,1,0.0
2990438,of_object,Modern Entertainment Industry,strict,9150036,1,,,type1,,3,20.573421478271484,161.89447021484375,3,0.5
2990439,of_object,imagery,strict,9160467,1,,,,,,8.572507858276367,49.98180389404297,1,0.5
2990440,of_object,Mixture Data,strict,9166365,1,,,type1,,2,11.95632266998291,123.53527069091797,2,0.5
2990441,of_object,Grammar,strict,9166375,1,,,,,,6.6056809425354,53.986446380615234,1,0.5
2990442,of_object,Texas Community,strict,9167931,1,,,type1,,2,17.08661460876465,89.16944122314453,2,0.0
2990443,of_object,Clothing,strict,9176882,1,,,,,,5.5324530601501465,50.17604446411133,1,0.0
2990444,of_object,Chimney Hill,strict,9191138,1,,,type1,,2,13.051299095153809,102.30066680908203,2,0.2501722203032551
2990445,of_object,Local Commitments,strict,9192258,1,,,type1,,2,19.78197479248047,118.77711486816406,2,0.5
2990446,of_object,Properties of Matter,strict,9197189,1,,,type2,of,3,25.153470993041992,197.97543334960938,3,0.0
2990447,of_object,Museum Diplomacy,strict,9197531,1,,,type1,,2,18.180482864379883,97.76554870605469,2,0.0
2990448,of_object,Crowd,strict,9199660,2,,,,,,5.6800923347473145,45.22600555419922,1,0.25
2990449,of_object,Exterior in Michel Foucault,strict,9203568,1,,,type2,in,4,12.123983383178711,234.32293701171875,4,0.0
2990450,of_object,Personal Responsibility,strict,9222004,1,,,type1,,2,22.000001907348633,139.98687744140625,2,0.5
2990451,of_object,gardens of Versailles,strict,9249510,1,,,type2,of,3,15.63333797454834,155.99559020996094,3,0.6570192889947438
2990452,of_object,Contemporary Art,strict,9252961,1,,,,,,17.0413761138916,113.74726104736328,2,0.5833938374596007
2990453,of_object,technical expert,strict,9268647,1,,,type1,,2,15.0062837600708,119.44804382324219,2,0.5
2990454,of_object,Contemporary Arctic,strict,9280565,1,,,type1,,2,18.646696090698242,98.07129669189453,2,0.5
2990455,of_object,American Outlaw,strict,9300617,1,,,type1,,2,19.207805633544922,101.30332946777344,2,0.8346361663122044
2990456,of_object,American Manhood,strict,9310096,1,,,type1,,2,20.261180877685547,126.85606384277344,2,0.5
2990457,of_object,Middle Eastern Politics,strict,9313074,1,,,type1,,3,30.277982711791992,172.1577911376953,3,0.5
2990458,of_object,Little House books,strict,9338779,1,,,type1,,3,23.534027099609375,176.81784057617188,3,0.17584814773553176
2990459,of_object,Boston Celtics,strict,9368639,2,,,type1,,2,11.762892723083496,134.43887329101562,2,0.25
2990460,of_object,Industrial Giant,strict,9371327,1,,,type1,,2,17.01990509033203,105.84325408935547,2,0.5
2990461,of_object,Fin-De-Siècle Painting,strict,9371726,1,,,type1,,2,10.240082740783691,308.1024475097656,5,0.5
2990462,of_object,God's Will in Luke-Acts,strict,9377116,1,,,type2,in,4,48.82966995239258,543.925537109375,7,0.5
2990463,of_object,Neuroscience,strict,9377826,1,,,,,,8.788297653198242,52.50257110595703,1,0.5
2990464,of_object,Empathy,strict,9378782,2,,,,,,8.78471565246582,38.02729034423828,1,0.25
2990465,of_object,Sagon Penn,strict,9380631,1,,,,,,5.421926021575928,34.68587875366211,1,0.46611257608359663
2990466,of_object,Momentum,strict,9380874,1,,,,,,7.824338912963867,36.67576599121094,1,0.5
2990467,of_object,animal psychiatry,strict,9397110,1,,,,,,18.976940155029297,141.15443420410156,2,0.23770300082054832
2990468,of_object,Things in Early Anglo-America,strict,9397136,1,,,type2,in,4,46.61159896850586,415.1093444824219,6,0.0
2990469,of_object,'60s Counter-Culture,strict,9397281,1,,,type1,,2,28.56560516357422,288.1482849121094,5,0.8255808258342053
2990470,of_object,Enhancement Drugs,strict,9402378,1,,,,,,14.161776542663574,141.29249572753906,2,0.5
2990471,of_object,Public Health,strict,9407726,1,,,type1,,2,22.488759994506836,130.7314453125,2,0.5
2990472,of_object,Emotions,strict,9426978,1,,,,,,10.704113006591797,47.89508819580078,1,0.5
2990473,of_object,Third-Way Socialism,strict,9427367,1,,,type1,,2,33.09052658081055,261.18359375,4,0.0
2990474,of_object,Neutral Ports,strict,9427801,1,,,type1,,2,16.297012329101562,121.0113296508789,2,0.0
2990475,of_object,Italian Poetry,strict,9443759,1,,,type1,,2,18.152143478393555,103.67865753173828,2,0.0
2990476,of_object,Slaves,strict,9446730,1,,,,,,9.42133617401123,53.248138427734375,1,0.0
2990477,of_object,Slavery,strict,9457163,1,,,,,,9.42133617401123,53.248138427734375,1,0.5
2990478,of_object,Municipal Texas,strict,9457370,1,,,type1,,2,19.095523834228516,135.7971649169922,2,0.5
2990479,of_object,New Business Models,strict,9458603,1,,,type1,,3,27.405231475830078,245.24510192871094,3,0.0
2990480,of_object,Reconstruction in Texas,strict,9465718,1,,,type2,in,3,21.889694213867188,187.72393798828125,3,0.5
2990481,of_object,Casas de Migrantes in Mexico,strict,9473829,1,,,type2,in,5,23.3074893951416,239.37486267089844,4,0.0
2990482,of_object,modern monument,strict,9484898,1,,,type1,,2,19.466537475585938,95.66686248779297,2,0.0
2990483,of_object,Modern Italy,strict,9486884,1,,,type1,,2,21.040401458740234,90.45037078857422,2,0.5
2990484,of_object,Epistemic Injustice,strict,9490295,1,,,type1,,2,9.189981460571289,126.04956817626953,2,0.0
2990485,of_object,New Farmers in Taiwan,strict,9496154,1,,,type2,in,4,34.04401779174805,295.6910400390625,4,0.0
2990486,of_object,Senses,strict,9502210,1,,,,,,11.2389554977417,50.1502685546875,1,0.0
2990487,of_object,Minoan Empire,strict,9502214,1,,,,,,11.424105644226074,119.82933807373047,2,0.0
2990488,of_object,Modern Diaspora,strict,9514823,1,,,type1,,2,20.37339973449707,115.08087921142578,2,0.5
2990489,of_object,Theological Meaning,strict,9514961,1,,,type1,,2,18.91824722290039,105.288818359375,2,0.5
2990490,of_object,Confederacy,strict,9515104,1,,,,,,6.830144882202148,57.50789260864258,1,0.0
2990491,of_object,Wild Things,strict,9517262,1,,,type1,,2,20.42057228088379,106.40222930908203,2,0.5709710871475191
2990492,of_object,Eighteenth-Century European Consciousness,strict,9533185,1,,,type1,,3,43.533817291259766,329.5126953125,5,0.5
2990493,of_object,Biotechnology,strict,9534428,1,,,,,,7.138080596923828,48.292877197265625,1,0.5
2990494,of_object,Organized Crime,strict,9549263,1,,,type1,,2,17.956554412841797,112.61152648925781,2,0.0
2990495,of_object,Social Welfare,strict,9574338,1,,,type1,,2,26.270179748535156,216.87254333496094,2,0.5
2990496,of_object,Great Recession,strict,9575214,1,,,type1,,2,19.819683074951172,98.23410034179688,2,0.5
2990497,of_object,Intellectual,strict,9576067,1,,,,,,10.49670696258545,50.16355895996094,1,0.5
2990498,of_object,Blessed Life,strict,9584090,1,,,type1,,2,22.00001335144043,139.78138732910156,2,0.5
2990499,of_object,Faith in Victorian Britain,strict,9602497,1,,,type2,in,4,39.830284118652344,280.7367858886719,4,0.5
2990500,of_object,America's First Superhighway,strict,9603908,1,,,type1,,3,29.616058349609375,230.38365173339844,4,0.5
2990501,of_object,America's Highways,strict,9613619,1,,,type1,,2,26.217742919921875,161.61033630371094,3,0.6427397929857751
2990502,of_object,Luke's Acts,strict,9622106,1,,,type1,,2,26.3197078704834,174.9718475341797,3,0.0
2990503,of_object,Imperial Russia,strict,9630664,1,,,type1,,2,20.2728271484375,124.51133728027344,2,0.6103111984050361
2990504,of_object,Modern Imperial World,strict,9631569,1,,,type1,,3,33.145328521728516,230.37721252441406,3,0.0
2990505,of_object,Security Practice,strict,9632258,1,,,type1,,2,18.761722564697266,121.7127914428711,2,0.0
2990506,of_object,consultant,strict,9655956,1,,,,,,6.722083568572998,38.137123107910156,1,0.0
2990507,of_object,Andrew Johnson,strict,9662387,1,,,,,,13.940963745117188,143.0735321044922,2,0.5927017293347698
2990508,of_object,Price Discovery,strict,9663693,1,,,type1,,2,16.930360794067383,110.36053466796875,2,0.0
2990509,of_object,concept of mortgage lending value,strict,9668906,1,,,type2,of,5,42.21492385864258,540.933349609375,5,0.0
2990510,of_object,American Public Identity,strict,9717968,1,,,type1,,3,32.41835403442383,212.83578491210938,3,0.5
2990511,of_object,Great Western Schism,strict,9718133,1,,,type1,,3,25.75065040588379,136.8162078857422,3,0.0
2990512,of_object,Celts,strict,9733200,1,,,,,,3.3313255310058594,57.47163772583008,1,0.0
2990513,of_object,Critical Education,strict,9735507,1,,,type1,,2,17.242502212524414,166.4124298095703,2,0.0
2990514,of_object,New World Disorder,strict,9746514,2,,,type1,,3,28.924413681030273,164.87509155273438,3,0.0
2990515,of_object,Democratic Citizenship,strict,9758014,1,,,type1,,2,20.134571075439453,149.7301788330078,2,0.5
2990516,of_object,Modern Mathematics,strict,9775349,1,,,type1,,2,15.60793685913086,101.7991943359375,2,0.5
2990517,of_object,Joint Actions,strict,9775838,1,,,type1,,2,16.94611930847168,90.8051528930664,2,0.5
2990518,of_object,small business,strict,9776127,1,,,type1,,2,19.363317489624023,99.61331939697266,2,0.0
2990519,of_object,Sixties to Australia,strict,9777823,1,,,type2,to,3,25.914325714111328,182.95352172851562,3,0.0
2990520,of_object,International Rule,strict,9778111,1,,,type1,,2,21.81700897216797,101.4835433959961,2,0.0
2990521,of_object,Perception,strict,9781266,1,,,,,,9.262513160705566,35.74920654296875,1,0.0
2990522,of_object,Art Theft,strict,9787737,1,,,type1,,2,17.117475509643555,112.83086395263672,2,0.5
2990523,of_object,P-Funk,strict,9823883,1,,,,,,4.462486267089844,190.6829071044922,3,0.0
2990524,of_object,English Rock,strict,9824019,1,,,type1,,2,17.530000686645508,123.40995788574219,2,0.9000158803084112
2990525,of_object,Adulthood,strict,9824541,1,,,,,,8.179295539855957,48.17508316040039,1,0.5
2990526,of_object,Hamlet,strict,9825025,1,,,,,,3.443742275238037,48.604496002197266,1,0.0
2990527,of_object,Christian Epics,strict,9838329,1,,,type1,,2,16.443758010864258,103.76828002929688,2,0.0
2990528,of_object,National Monument,strict,9843073,1,,,type1,,2,18.055545806884766,96.87444305419922,2,0.0
2990529,of_object,Paris,strict,9843565,1,,,,,,9.206412315368652,42.069915771484375,1,0.0
2990530,of_object,Global Pentecostalism,strict,9844214,1,,,type1,,2,17.159929275512695,142.76376342773438,2,0.0
2990531,of_object,Morality,strict,9845897,1,,,,,,12.671688079833984,43.21925354003906,1,0.0
2990532,of_object,Relativity,strict,9852734,1,,,,,,8.35905933380127,28.771934509277344,1,0.6518500308023927
2990533,of_object,WW2,strict,9853064,1,,,,,,10.866779327392578,51.63837814331055,1,0.5
2990534,of_object,Modern Golf,strict,9862825,1,,,type1,,2,17.532297134399414,92.42351531982422,2,0.0
2990535,of_object,Corpse after Death,strict,9863939,1,,,type2,after,3,24.51451873779297,401.6510314941406,3,0.0
2990536,of_object,American Power,strict,9865031,1,,,type1,,2,19.942594528198242,99.48675537109375,2,0.5
2990537,of_object,Modern Comic Book Writer,strict,9873484,1,,,,,,26.472639083862305,259.1279602050781,4,0.09389262896178054
2990538,of_object,laity,strict,9886347,1,,,,,,6.679566383361816,58.44739532470703,1,0.0
2990539,of_object,Modern Detroit,strict,9891722,1,,,type1,,2,17.068456649780273,91.14906311035156,2,0.5
2990540,of_object,traditions,strict,9899080,1,,,,,,11.82754135131836,44.71976089477539,1,0.0
2990541,of_object,Scientific Knowledge,strict,9907761,1,,,type1,,2,15.258191108703613,126.35399627685547,2,0.0
2990542,of_object,Social Difference on Shakespeare's Stage,strict,9918742,1,,,type2,on,5,49.28257751464844,525.9542846679688,6,0.5
2990543,of_object,Financial Crises,strict,9918955,1,,,type1,,2,22.03944969177246,145.02926635742188,2,0.5
2990544,of_object,Gelukpa,strict,9919302,1,,,,,,,,,0.5
2990545,of_object,Cool Judgment,strict,9920735,1,,,type1,,2,14.570752143859863,92.5082015991211,2,0.5
2990546,of_object,Doris Delevingne,strict,9922214,1,,,,,,4.45725679397583,177.36236572265625,2,0.5
2990547,of_object,American Indian,strict,9928070,1,,,type1,,2,22.333354949951172,149.65858459472656,2,0.0
2990548,of_object,Life in Europe's Romantic Age,strict,9948020,1,,,type2,in,5,49.80683517456055,463.64263916015625,6,0.0
2990549,of_object,Tutankhamun's Tomb,strict,9949437,1,,,,,,13.891585350036621,136.2949676513672,3,0.0
2990550,of_object,Free Land,strict,9956619,1,,,type1,,2,14.546123504638672,94.67012023925781,2,0.6306556657358419
2990551,of_object,Empire in Egypt,strict,9963522,1,,,type2,in,3,30.250356674194336,191.08505249023438,3,0.5
2990552,of_object,Celebrity Politics,strict,9975632,1,,,,,,20.360427856445312,118.11648559570312,2,0.04322569350500534
2990553,of_object,Analogue Computing,strict,9977219,1,,,type1,,2,14.964378356933594,136.6888885498047,2,0.5
2990554,of_object,Augustinian Identity,strict,9978001,1,,,type1,,2,7.9159650802612305,116.95375061035156,2,0.0
2990555,of_object,American Highways,strict,9978185,1,,,type1,,2,19.540058135986328,102.86915588378906,2,0.5
2990556,of_object,Ugandan State,strict,9993242,1,,,,,,13.182488441467285,88.06231689453125,2,0.5
2990557,of_object,Flight,strict,10004312,1,,,,,,7.032162189483643,52.90053939819336,1,0.0
2990558,of_object,Family Therapy,strict,10009365,1,,,type1,,2,11.095094680786133,113.92808532714844,2,0.5
2990559,of_object,Early Christian Movement,strict,10015594,1,,,type1,,3,27.09918785095215,167.0110321044922,3,0.0
2990560,of_object,United Arab Emirates,strict,10042355,1,,,type1,,3,31.133516311645508,293.2052307128906,3,0.5
2990561,of_object,Activist-Athlete,strict,10044105,1,,,,,,14.81818675994873,166.0564422607422,3,0.5
2990562,of_object,Architectural Knowledge,strict,10052787,1,,,type1,,2,18.780908584594727,131.80816650390625,2,0.5
2990563,of_object,Free Enterprise,strict,10063595,1,,,type1,,2,13.88985538482666,115.87454223632812,2,0.5
2990564,of_object,democracy in France,strict,10064339,1,,,type2,in,3,33.96766662597656,200.02276611328125,3,0.0
2990565,of_object,Purpose,strict,10076993,1,,,,,,10.559187889099121,36.02631759643555,1,0.0
2990566,of_object,American Celebrity,strict,10118458,1,,,type1,,2,19.63068389892578,88.7693099975586,2,0.0
2990567,of_object,British Society,strict,10118828,1,,,type1,,2,24.932804107666016,107.55242919921875,2,0.0
2990568,of_object,Public Opinion Polling,strict,10120863,1,,,type1,,3,24.761337280273438,172.97752380371094,3,0.5
2990569,of_object,Surveillance,strict,10129542,1,,,,,,6.937510967254639,44.0910530090332,1,0.5
2990570,of_object,Resources,strict,10136966,1,,,,,,8.648114204406738,31.5285701751709,1,0.5
2990571,of_object,English Verse,strict,10149781,1,,,type1,,2,10.007270812988281,138.39308166503906,2,0.0
2990572,of_object,Selfhood,strict,10156131,1,,,,,,,,,0.0
2990573,of_object,Archives,strict,10156702,1,,,,,,3.7673981189727783,38.0438346862793,1,0.0
2990574,of_object,American People,strict,10163892,1,,,type1,,2,24.088659286499023,121.82756805419922,2,0.0
2990575,of_object,Cultural Value,strict,10174855,1,,,type1,,2,18.676040649414062,98.8281021118164,2,0.0
2990576,of_object,Travel,strict,10176143,1,,,,,,9.206412315368652,42.069915771484375,1,0.0
2990577,of_object,Practical Theology,strict,10176304,1,,,type1,,2,18.162370681762695,96.73279571533203,2,0.5
2990578,of_object,Social Mentality,strict,10178068,1,,,type1,,2,23.169048309326172,136.03700256347656,2,0.5
2990579,of_object,Northern Hunting Society,strict,10187013,1,,,type1,,3,26.453981399536133,184.7445068359375,3,0.0
2990580,of_object,Canadian Nationalism,strict,10188301,1,,,type1,,2,24.104795455932617,125.51923370361328,2,0.0
2990581,of_object,Canadian Dream,strict,10192662,1,,,type1,,2,20.361156463623047,97.11067199707031,2,0.0
2990582,of_object,Border Security,strict,10192709,1,,,type1,,2,18.10540771484375,131.83148193359375,2,0.0
2990583,of_object,History's Most Desired Baseball Card,strict,10194730,2,,,,,,49.358802795410156,545.832763671875,6,0.5327202267996348
2990584,of_object,Corps,strict,10195831,1,,,,,,8.298644065856934,50.185211181640625,1,0.5
2990585,of_object,Personal Kingship,strict,10205693,1,,,type1,,2,18.68604850769043,115.35874938964844,2,0.0
2990586,of_object,British Fairies,strict,10208918,1,,,type1,,2,16.954195022583008,98.37474060058594,2,0.0
2990587,of_object,Communism in Europe,strict,10232777,1,,,type2,in,3,30.76363182067871,179.3280792236328,3,0.5
2990588,of_object,Modern Spain,strict,10233228,1,,,type1,,2,21.040401458740234,90.45037078857422,2,0.0
2990589,of_object,Trustless World,strict,10238622,1,,,type1,,2,12.671688079833984,43.21925354003906,1,0.0
2990590,of_object,theory,strict,10253907,1,,,,,,8.35905933380127,28.771934509277344,1,0.0
2990591,of_object,singleness,strict,10259367,1,,,,,,10.026250839233398,53.91887283325195,1,0.12766631515584903
2990592,of_object,Superheroes,strict,10262145,1,,,,,,6.921633243560791,46.27532958984375,1,0.0
2990593,of_object,personal names,strict,10268738,1,,,type1,,2,14.111886024475098,100.58252716064453,2,0.0
2990594,of_object,Tolerance,strict,10277289,1,,,,,,9.778998374938965,45.06270980834961,1,0.0
2990595,of_object,American Feud,strict,10292833,1,,,type1,,2,17.529369354248047,99.25390625,2,0.5
2990596,of_object,Art Experts,strict,10299704,1,,,,,,15.294593811035156,130.9806365966797,2,0.5
2990597,of_object,Yoginis,strict,10300214,1,,,,,,,,,0.0
2990598,of_object,Equality in American Law,strict,10304435,1,,,type2,in,4,41.965999603271484,337.60089111328125,4,0.0
2990599,of_object,Emirati State,strict,10305530,1,,,type1,,2,12.461771011352539,127.46940612792969,2,0.0
2990600,of_object,American Soul,strict,10306945,1,,,type1,,2,24.932804107666016,107.55242919921875,2,0.5792484078052769
2990601,of_object,Gatekeeper State,strict,10327829,1,,,type1,,2,14.962300300598145,111.52543640136719,2,0.0
2990602,of_object,Printed Word,strict,10345313,1,,,type1,,2,14.906126022338867,94.66632080078125,2,0.5
2990603,of_object,Human Life,strict,10346223,1,,,type1,,2,24.2474422454834,150.7533416748047,2,0.0
2990604,of_object,Dollar,strict,10346851,1,,,,,,9.054346084594727,44.84825897216797,1,0.5
2990605,of_object,unfreedom,strict,10352469,1,,,,,,5.716573715209961,51.15677261352539,1,0.0
2990606,of_object,Tradition of Witchcraft,strict,10363183,1,,,type2,of,3,29.466928482055664,195.5777587890625,3,0.0
2990607,of_object,Black Urban America,strict,10374610,1,,,type1,,3,31.263086318969727,218.43101501464844,3,0.5
2990608,of_object,Interpretation,strict,10375915,1,,,,,,8.35905933380127,28.771934509277344,1,0.5
2990609,of_object,suicide,strict,10398711,1,,,,,,7.534196376800537,50.9269905090332,1,0.0
2990610,of_object,Vaccine Outrage,strict,10405051,1,,,,,,16.554166793823242,123.70549011230469,2,0.0
2990611,of_object,Social Ties,strict,10432413,1,,,type1,,2,25.87476921081543,155.60858154296875,2,0.5
2990612,of_object,New Russia,strict,10433739,1,,,type1,,2,15.7918062210083,104.4293212890625,2,0.5
2990613,of_object,US-Canada Relations,strict,10437900,1,,,type1,,2,25.56756591796875,261.61334228515625,4,0.5
2990614,of_object,Modern Agriculture,strict,10440084,1,,,type1,,2,17.5704288482666,102.42327880859375,2,0.5
2990615,of_object,Purpose-A Memoir,strict,10445852,1,,,type1,,2,24.529857635498047,186.05604553222656,4,0.0
2990616,of_object,America's Future,strict,10448840,1,,,type1,,2,30.551074981689453,181.79873657226562,3,0.5
2990617,of_object,Artificial Insemination,strict,10457811,1,,,type1,,2,12.084639549255371,148.6939239501953,2,0.0
2990618,of_object,urban life,strict,10484309,1,,,type1,,2,25.806777954101562,145.3663787841797,2,0.0
2990619,of_object,general relativity,strict,10484383,1,,,type1,,2,16.71811866760254,115.08773803710938,2,0.0
2990620,of_object,Deliberate Action,strict,10485108,1,,,type1,,2,19.56907844543457,103.52365112304688,2,0.5
2990621,of_object,Founders,strict,10485953,1,,,,,,9.91675090789795,49.74532699584961,1,0.0
2990622,of_object,Literary Studies,strict,10495825,1,,,type1,,2,18.604955673217773,114.29977416992188,2,0.0
2990623,of_object,Mint,strict,10496306,1,,,,,,3.900568962097168,52.140079498291016,1,0.0
2990624,of_object,Race in Curation,strict,10501889,1,,,type2,in,3,22.26702308654785,148.6337432861328,3,0.0
2990625,of_object,Tudor Dynasty,strict,10501951,1,,,type1,,2,12.620686531066895,132.25521850585938,2,0.5
2990626,of_object,Canaanites,strict,10513130,1,,,,,,3.3313255310058594,57.47163772583008,1,0.5
2990627,of_object,Jane Bashara,strict,10513312,1,,,,,,5.790234565734863,44.12551498413086,1,0.13815104235743073
2990628,of_object,German Empire,strict,10566777,1,,,type1,,2,19.733121871948242,122.26165771484375,2,0.5
2990629,of_object,Monotheistic State,strict,10572744,1,,,,,,20.240394592285156,114.78107452392578,2,0.5
2990630,of_object,American Sports Hype,strict,10599503,1,,,type1,,3,26.866670608520508,203.46202087402344,3,0.0
2990631,of_object,War in Football,strict,10603466,1,,,type2,in,3,26.94339942932129,184.9105224609375,3,0.0
2990632,of_object,Modern International Order,strict,10607115,1,,,type1,,3,27.090728759765625,183.76771545410156,3,0.0
2990633,of_object,Midlife,strict,10607902,1,,,,,,6.518723011016846,51.70988464355469,1,0.0
2990634,of_object,Nicene Creed,strict,10613344,1,,,,,,12.468762397766113,179.4156036376953,2,0.5
2990635,of_object,Intention,strict,10625122,1,,,,,,10.496614456176758,31.91796112060547,1,0.5
2990636,of_object,civil rights movement,strict,10626102,1,,,type1,,3,25.446392059326172,262.7044982910156,3,0.04322569350500534
2990637,of_object,Strategic Defense Initiative,strict,10635388,1,,,type1,,3,30.872562408447266,216.95440673828125,3,0.0
2990638,of_object,Injustice,strict,10640057,1,,,,,,7.662903785705566,44.865745544433594,1,0.0
2990639,of_object,20-Year Losing Streak,strict,10652123,1,,,type1,,3,21.26308822631836,288.5102844238281,5,0.5
2990640,of_object,Multiple Minority Identities,strict,10653877,1,,,type1,,3,31.44085693359375,235.4642333984375,3,0.0
2990641,of_object,Unconscious Mind,strict,10655037,1,,,type1,,2,16.275705337524414,109.65168762207031,2,0.0
2990642,of_object,Financial Control,strict,10663303,1,,,type1,,2,20.042570114135742,129.49879455566406,2,0.0
2990643,of_object,interpretation,strict,10668515,1,,,,,,8.35905933380127,28.771934509277344,1,0.0
2990644,of_object,Ideas in Early Modern Germany,strict,10679930,1,,,type2,in,5,45.60386276245117,334.0228576660156,5,0.5
2990645,of_object,British Foreign Policy,strict,10681092,1,,,type1,,3,34.898529052734375,244.94305419921875,3,0.5
2990646,of_object,Mormonism,strict,10681095,1,,,,,,11.25682544708252,56.50672912597656,1,0.0
2990647,of_object,Diplomacy,strict,10681482,1,,,,,,11.843679428100586,52.67760467529297,1,0.5
2990648,of_object,Avant-Garde Photomontage,strict,10682542,1,,,,,,3.8188672065734863,211.007568359375,3,0.5
2990649,of_object,Male Supremacy,strict,10707768,1,,,type1,,2,17.067420959472656,141.99317932128906,2,0.5
2990650,of_object,Sports News,strict,10709401,1,,,type1,,2,12.822917938232422,93.8321304321289,2,0.0
2990651,of_object,Machines,strict,10727257,1,,,,,,8.430299758911133,46.45999526977539,1,0.3010299956639812
2990652,of_object,Triumviral Assignment,strict,10735152,1,,,type1,,2,5.356998443603516,44.36752700805664,1,0.5
2990653,of_object,Buddhist Humanism,strict,10735165,1,,,type1,,2,17.315828323364258,146.33370971679688,2,0.5
2990654,of_object,open heart,strict,10735387,1,,,type1,,2,19.4284725189209,141.70834350585938,2,0.0
2990655,of_object,Foreign Direct Investments,strict,10747524,1,,,type1,,3,29.874629974365234,279.6392822265625,3,0.0
2990656,of_object,Unbelief,strict,10763631,1,,,,,,6.679566383361816,58.44739532470703,1,0.0
2990657,of_object,Rural Life in Turkey,strict,10764918,1,,,type2,in,4,37.40787124633789,299.1977844238281,4,0.0
2990658,of_object,Ivy Style,strict,10766843,1,,,type1,,2,12.664692878723145,92.34239196777344,2,0.0
2990659,of_object,Minneapolis Landmark,strict,10767462,1,,,type1,,2,16.939411163330078,88.48536682128906,2,0.0
2990660,of_object,Hebrew Scriptures,strict,10769962,1,,,,,,13.686235427856445,114.28970336914062,2,0.0
2990661,of_object,Iconophobia,strict,10770362,1,,,,,,,,,0.0
2990662,of_object,Psychiatric Authority,strict,10789868,1,,,type1,,2,21.123958587646484,113.85260772705078,2,0.5
2990663,of_object,Animal Psychiatry,strict,10790695,1,,,type1,,2,18.976940155029297,141.15443420410156,2,0.7271098465043327
2990664,of_object,Mass Consumption,strict,10790768,1,,,type1,,2,17.618839263916016,109.05079650878906,2,0.5
2990665,of_object,Greek Epic Poetry,strict,10806224,1,,,type1,,3,24.738929748535156,191.5145721435547,3,0.0
2990666,of_object,Electric Chair,strict,10834388,1,,,type1,,2,14.917232513427734,115.5003890991211,2,0.0
2990667,of_object,Alcohol Policy in,strict,10834836,1,,,type2,in,3,23.409122467041016,165.28372192382812,3,0.0
2990668,of_object,Special Relationship,strict,10854328,1,,,type1,,2,16.97822380065918,99.6013412475586,2,0.5
2990669,of_object,Presidential Democracy,strict,10861805,1,,,type1,,2,18.164878845214844,119.4195785522461,2,0.5986451508472381
2990670,of_object,Next Pope,strict,10862716,1,,,type1,,2,17.83174705505371,90.7317886352539,2,0.0
2990671,of_object,natural resources,strict,10869149,1,,,type1,,2,16.56508445739746,100.05838012695312,2,0.0
2990672,of_object,American South,strict,10871556,1,,,type1,,2,24.67156219482422,152.78561401367188,2,0.0
2990673,of_object,American Sectionalism,strict,10873040,1,,,type1,,2,17.67760467529297,97.42141723632812,2,0.5
2990674,of_object,Transcendence,strict,10873057,1,,,,,,12.671688079833984,43.21925354003906,1,0.5
2990675,of_object,Architecture,strict,10873833,1,,,,,,8.430299758911133,46.45999526977539,1,0.5
2990676,of_object,Opposites,strict,10875789,1,,,,,,6.087198257446289,56.511837005615234,1,0.0
2990677,of_object,New State,strict,10882949,1,,,,,,18.019681930541992,143.82435607910156,2,0.0
2990678,of_object,political allegiances in Songkhla province,strict,10915032,1,,,type2,in,5,33.438968658447266,256.0893249511719,4,0.0
2990679,of_object,Political Consulting,strict,10916286,1,,,type1,,2,19.620792388916016,117.59697723388672,2,0.0
2990680,of_object,Book of Jeremiah,strict,10929406,1,,,type2,of,3,16.77094268798828,130.11553955078125,3,0.0
2990681,of_object,Universality,strict,10930965,1,,,,,,8.556562423706055,40.63966751098633,1,0.0
2990682,of_object,Quantum Theory,strict,10944318,1,,,type1,,2,10.53178596496582,105.61738586425781,2,0.6274919882309908
2990683,of_object,New American Food Culture,strict,10954299,1,,,,,,39.84286880493164,313.6484069824219,4,0.5
2990684,of_object,Global Markets,strict,10957286,1,,,type1,,2,20.71282958984375,131.24209594726562,2,0.5
2990685,of_object,Tourism,strict,10972131,1,,,,,,10.152782440185547,49.10176467895508,1,0.5
2990686,of_object,Fire,strict,10985439,1,,,,,,7.534196376800537,50.9269905090332,1,0.5330282521016328
2990687,of_object,Theological Liberation,strict,11009199,1,,,type1,,2,22.40286636352539,126.28741455078125,2,0.5
2990688,of_object,Jewish Learning,strict,11009757,1,,,type1,,2,20.07400131225586,114.97612762451172,2,0.0
2990689,of_object,World-Class Society,strict,11021626,1,,,type1,,2,30.66587257385254,263.9720458984375,4,0.5
2990690,of_object,American Artist,strict,11025104,1,,,type1,,2,18.78335952758789,102.00963592529297,2,0.0
2990691,of_object,Country Rock,strict,11026491,1,,,type1,,2,22.378164291381836,117.26261138916016,2,0.5
2990692,of_object,Blood,strict,11027993,1,,,,,,7.480145454406738,58.89253616333008,1,0.5865694015506018
2990693,of_modifier,revolutionary,strict,1225,4,PROPN,,,,,7.811130046844482,34.68896484375,1,0.6989700043360189
2990694,of_modifier,American,strict,1704,186,ADJ,,,,,12.261116981506348,42.844913482666016,1,2.271841606536499
2990695,of_modifier,financial,strict,2619,6,ADJ,,,,,11.612271308898926,46.59490203857422,1,0.8450980400142568
2990696,of_modifier,federal,strict,3192,3,ADJ,,,,,10.657025337219238,54.1787109375,1,0.6020599913279624
2990697,of_modifier,sexual,strict,4962,4,ADJ,,,,,10.564772605895996,49.053340911865234,1,0.6989700043360189
2990698,of_modifier,world food,strict,6255,3,NOUN+NOUN,,,,,21.063247680664062,116.97572326660156,2,0.6020599913279624
2990699,of_modifier,nuclear,strict,6816,7,ADJ,,,,,10.292315483093262,64.88090515136719,1,0.9030899869919435
2990700,of_modifier,economic,strict,8866,9,ADJ,,,,,12.068635940551758,46.591400146484375,1,1.0
2990701,of_modifier,public,strict,17199,25,ADJ,,,,,11.612271308898926,46.59490203857422,1,1.414973347970818
2990702,of_modifier,Civil,strict,17746,25,PROPN,,,,,8.832234382629395,46.60602951049805,1,1.414973347970818
2990703,of_modifier,middle,strict,18032,5,ADJ,,,,,8.080708503723145,38.03434371948242,1,0.7781512503836436
2990704,of_modifier,intellectual,strict,20181,2,ADJ,,,,,10.49670696258545,50.16355895996094,1,0.47712125471966244
2990705,of_modifier,personal,strict,20484,8,ADJ,,,,,11.612271308898926,46.59490203857422,1,0.9542425094393249
2990706,of_modifier,cool,strict,21707,2,ADJ,,,,,5.308238506317139,41.67155075073242,1,0.47712125471966244
2990707,of_modifier,prior experiential,strict,26115,1,ADJ+ADJ,,,,,16.643177032470703,101.17579650878906,2,0.3010299956639812
2990708,of_modifier,Red,strict,33178,6,PROPN,,,,,5.3773322105407715,57.2186279296875,1,0.8450980400142568
2990709,of_modifier,human,strict,35357,41,ADJ,,,,,11.575752258300781,48.6839714050293,1,1.6232492903979006
2990710,of_modifier,modern,strict,344003,143,ADJ,,,,,8.629958152770996,38.84266662597656,1,2.1583624920952498
2990711,of_modifier,rural,strict,351226,7,ADJ,,,,,9.39423942565918,53.075035095214844,1,0.9030899869919435
2990712,of_modifier,central,strict,436685,5,ADJ,,,,,9.268821716308594,47.808570861816406,1,0.7781512503836436
2990713,of_modifier,Lincoln,strict,464248,4,PROPN,,,,,8.902339935302734,50.21731185913086,1,0.6989700043360189
2990714,of_modifier,gas chromatographic,strict,499093,2,NOUN+ADJ,,,,,7.670259475708008,164.9868621826172,2,0.47712125471966244
2990715,of_modifier,corporate,strict,531325,6,ADJ,,,,,11.612271308898926,46.59490203857422,1,0.8450980400142568
2990716,of_modifier,Christian,strict,534232,13,ADJ,,,,,11.303386688232422,49.454193115234375,1,1.146128035678238
2990717,of_modifier,multiple discriminant,strict,541416,1,ADJ+ADJ,,,,,16.44309425354004,111.27433013916016,2,0.3010299956639812
2990718,of_modifier,liberal,strict,571814,5,ADJ,,,,,9.258674621582031,46.296669006347656,1,0.7781512503836436
2990719,of_modifier,new,strict,615054,38,ADJ,,,,,7.36265754699707,42.88561248779297,1,1.591064607026499
2990720,of_modifier,delinquent,strict,617581,2,ADJ,,,,,5.409748554229736,46.988040924072266,1,0.47712125471966244
2990721,of_modifier,Cuban slave,strict,644964,2,ADJ+NOUN,,,,,21.682453155517578,121.57760620117188,2,0.47712125471966244
2990722,of_modifier,imperial,strict,681441,4,ADJ,,,,,11.843679428100586,52.67760467529297,1,0.6989700043360189
2990723,of_modifier,American railroad,strict,693545,1,ADJ+NOUN,,,,,20.076669692993164,119.17295837402344,2,0.3010299956639812
2990724,of_modifier,cold,strict,706441,18,ADJ,,,,,10.231931686401367,30.091676712036133,1,1.2787536009528289
2990725,of_modifier,crystal,strict,737419,1,PROPN,,,,,5.089378356933594,49.95082473754883,1,0.3010299956639812
2990726,of_modifier,new energy,strict,740073,2,ADJ+NOUN,,,,,14.893719673156738,125.30020141601562,2,0.47712125471966244
2990727,of_modifier,basic,strict,748262,3,ADJ,,,,,8.35905933380127,28.771934509277344,1,0.6020599913279624
2990728,of_modifier,European,strict,752125,13,PROPN,,,,,12.261116981506348,42.844913482666016,1,1.146128035678238
2990729,of_modifier,Muslim,strict,755961,7,ADJ,,,,,11.977527618408203,61.145145416259766,1,0.9030899869919435
2990730,of_modifier,U.S.-Mexican,strict,766021,1,PROPN,,,,,,,,0.3010299956639812
2990731,of_modifier,patriarchal,strict,777582,4,ADJ,,,,,4.8769073486328125,47.57947540283203,1,0.6989700043360189
2990732,of_modifier,German science,strict,782571,1,ADJ+NOUN,,,,,17.075223922729492,122.71952819824219,2,0.3010299956639812
2990733,of_modifier,ancient,strict,790257,3,ADJ,,,,,11.82754135131836,44.71976089477539,1,0.6020599913279624
2990734,of_modifier,sociological,strict,804685,2,ADJ,,,,,8.468868255615234,38.69528579711914,1,0.47712125471966244
2990735,of_modifier,American telephone,strict,810331,2,ADJ+NOUN,,,,,18.000961303710938,111.82415771484375,2,0.47712125471966244
2990736,of_modifier,world 's food,strict,812885,4,NOUN+PART+NOUN,,,,,27.59160614013672,198.5723419189453,3,0.6989700043360189
2990737,of_modifier,First World,strict,813093,3,PROPN+PROPN,,,,,22.42093276977539,101.4522476196289,2,0.6020599913279624
2990738,of_modifier,Austrian,strict,832115,1,ADJ,,,,,8.42914867401123,53.259883880615234,1,0.3010299956639812
2990739,of_modifier,Victorian,strict,849990,5,ADJ,,,,,6.6674418449401855,50.57542037963867,1,0.7781512503836436
2990740,of_modifier,Australian,strict,892534,7,ADJ,,,,,12.261116981506348,42.844913482666016,1,0.9030899869919435
2990741,of_modifier,dramatic,strict,917338,2,ADJ,,,,,7.965207099914551,39.777095794677734,1,0.47712125471966244
2990742,of_modifier,Frankfurt,strict,966158,1,PROPN,,,,,9.206412315368652,42.069915771484375,1,0.3010299956639812
2990743,of_modifier,traditional,strict,1003577,7,ADJ,,,,,8.572507858276367,49.98180389404297,1,0.9030899869919435
2990744,of_modifier,early,strict,1004967,9,ADJ,,,,,8.013880729675293,28.984718322753906,1,1.0
2990745,of_modifier,sacred,strict,1005198,7,ADJ,,,,,11.2389554977417,50.1502685546875,1,0.9030899869919435
2990746,of_modifier,Indian,strict,1005301,5,ADJ,,,,,10.072237968444824,55.337093353271484,1,0.7781512503836436
2990747,of_modifier,genetic,strict,1007181,3,ADJ,,,,,10.081859588623047,57.12111282348633,1,0.6020599913279624
2990748,of_modifier,Renaissance heroic,strict,1038765,2,PROPN+ADJ,,,,,19.182748794555664,101.12147521972656,2,0.47712125471966244
2990749,of_modifier,absolutist,strict,1048351,1,ADJ,,,,,6.410872936248779,49.154659271240234,1,0.3010299956639812
2990750,of_modifier,phallic,strict,1050662,1,PROPN,,,,,8.000064849853516,56.95419692993164,1,0.3010299956639812
2990751,of_modifier,national,strict,1051207,14,ADJ,,,,,7.218966007232666,38.747928619384766,1,1.1760912590556813
2990752,of_modifier,official,strict,1080761,3,ADJ,,,,,7.001570701599121,36.32841491699219,1,0.6020599913279624
2990753,of_modifier,Great,strict,1095428,16,PROPN,,,,,7.751046180725098,31.157642364501953,1,1.2304489213782739
2990754,of_modifier,Supreme Court,strict,1122898,1,PROPN+PROPN,,,,,14.084903717041016,92.84724426269531,2,0.3010299956639812
2990755,of_modifier,international,strict,1128514,26,ADJ,,,,,11.612271308898926,46.59490203857422,1,1.4313637641589874
2990756,of_modifier,Flavian imperial,strict,1132176,2,ADJ+ADJ,,,,,11.843679428100586,52.67760467529297,1,0.47712125471966244
2990757,of_modifier,verbal self -,strict,1135204,1,ADJ+NOUN+PUNCT,,,,,16.369197845458984,137.9749298095703,3,0.3010299956639812
2990758,of_modifier,new American,strict,1140073,4,ADJ+ADJ,,,,,19.623775482177734,106.03897094726562,2,0.6989700043360189
2990759,of_modifier,new world,strict,1141131,7,ADJ+NOUN,,,,,20.034347534179688,90.05858612060547,2,0.9030899869919435
2990760,of_modifier,international political,strict,1142356,1,ADJ+ADJ,,,,,22.623023986816406,120.2599105834961,2,0.3010299956639812
2990761,of_modifier,technological,strict,1156217,6,ADJ,,,,,11.743439674377441,51.34877395629883,1,0.8450980400142568
2990762,of_modifier,independent,strict,1165200,4,ADJ,,,,,5.534368515014648,51.622745513916016,1,0.6989700043360189
2990763,of_modifier,new market,strict,1166566,4,ADJ+NOUN,,,,,16.332048416137695,122.58918762207031,2,0.6989700043360189
2990764,of_modifier,visual,strict,1175040,3,ADJ,,,,,5.4116950035095215,55.26864242553711,1,0.6020599913279624
2990765,of_modifier,Tennessee - Tombigbee,strict,1176031,1,PROPN+PUNCT+PROPN,,,,,8.071333885192871,93.75148010253906,2,0.3010299956639812
2990766,of_modifier,American higher,strict,1186330,1,ADJ+ADJ,,,,,21.499610900878906,98.12540435791016,2,0.3010299956639812
2990767,of_modifier,Northwest Coast,strict,1186372,2,PROPN+PROPN,,,,,16.526100158691406,118.23809051513672,2,0.47712125471966244
2990768,of_modifier,legal,strict,1189069,5,ADJ,,,,,8.832234382629395,46.60602951049805,1,0.7781512503836436
2990769,of_modifier,Charleston,strict,1190000,1,PROPN,,,,,8.902339935302734,50.21731185913086,1,0.3010299956639812
2990770,of_modifier,Communist,strict,1200447,2,PROPN,,,,,11.010751724243164,50.37156295776367,1,0.47712125471966244
2990771,of_modifier,American financial,strict,1230539,2,ADJ+ADJ,,,,,23.873388290405273,114.59123992919922,2,0.47712125471966244
2990772,of_modifier,organisational,strict,1231105,2,ADJ,,,,,8.62929630279541,55.44069290161133,1,0.47712125471966244
2990773,of_modifier,Asian,strict,1269775,1,ADJ,,,,,7.287382125854492,65.34536743164062,1,0.3010299956639812
2990774,of_modifier,Chinese,strict,1282168,7,ADJ,,,,,12.261116981506348,42.844913482666016,1,0.9030899869919435
2990775,of_modifier,Georgiana,strict,1283671,3,PROPN,,,,,-1.7066761255264282,67.16913604736328,1,0.6020599913279624
2990776,of_modifier,presidential,strict,1287127,4,ADJ,,,,,4.6883649826049805,46.89640426635742,1,0.6989700043360189
2990777,of_modifier,modern Jewish,strict,1323074,2,ADJ+ADJ,,,,,20.131452560424805,109.7905502319336,2,0.47712125471966244
2990778,of_modifier,everyday,strict,1329147,9,ADJ,,,,,8.622546195983887,32.33271026611328,1,1.0
2990779,of_modifier,Jewish,strict,1330809,8,ADJ,,,,,11.501493453979492,56.26241683959961,1,0.9542425094393249
2990780,of_modifier,French,strict,1335626,14,PROPN,,,,,8.2869234085083,48.842201232910156,1,1.1760912590556813
2990781,of_modifier,social,strict,1341199,21,ADJ,,,,,13.135089874267578,54.218135833740234,1,1.3424226808222062
2990782,of_modifier,postwar international,strict,1341978,1,ADJ+ADJ,,,,,22.03944969177246,145.02926635742188,2,0.3010299956639812
2990783,of_modifier,lesbian,strict,1341983,1,PROPN,,,,,7.287382125854492,65.34536743164062,1,0.3010299956639812
2990784,of_modifier,theatrical,strict,1342493,3,ADJ,,,,,5.1403703689575195,42.64476013183594,1,0.6020599913279624
2990785,of_modifier,cultural,strict,1374924,23,ADJ,,,,,11.82754135131836,44.71976089477539,1,1.380211241711606
2990786,of_modifier,Republican,strict,1379002,1,ADJ,,,,,6.348410606384277,50.91922378540039,1,0.3010299956639812
2990787,of_modifier,scientific,strict,1379726,5,ADJ,,,,,4.761483192443848,56.30562973022461,1,0.7781512503836436
2990788,of_modifier,American celebrity,strict,1380418,1,ADJ+NOUN,,,,,19.63068389892578,88.7693099975586,2,0.3010299956639812
2990789,of_modifier,online,strict,1380680,3,PROPN,,,,,5.605655670166016,45.93688201904297,1,0.6020599913279624
2990790,of_modifier,commercial,strict,1380750,1,ADJ,,,,,7.36265754699707,42.88561248779297,1,0.3010299956639812
2990791,of_modifier,literary,strict,1384864,5,ADJ,,,,,9.865217208862305,38.96550750732422,1,0.7781512503836436
2990792,of_modifier,America 's big,strict,1385744,3,PROPN+PART+ADJ,,,,,27.528409957885742,175.37771606445312,3,0.6020599913279624
2990793,of_modifier,female,strict,1391536,1,ADJ,,,,,6.4543585777282715,55.29448318481445,1,0.3010299956639812
2990794,of_modifier,Rugby League,strict,1395365,3,PROPN+PROPN,,,,,12.699631690979004,109.14844512939453,2,0.6020599913279624
2990795,of_modifier,real,strict,1395452,3,ADJ,,,,,10.231931686401367,30.091676712036133,1,0.6020599913279624
2990796,of_modifier,African - American,strict,1396760,2,ADJ+PUNCT+ADJ,,,,,24.15506935119629,222.40481567382812,3,0.47712125471966244
2990797,of_modifier,Golden,strict,1398220,4,PROPN,,,,,3.6458637714385986,60.060916900634766,1,0.6989700043360189
2990798,of_modifier,NHL,strict,1408574,2,PROPN,,,,,1.6196842193603516,69.05039978027344,1,0.47712125471966244
2990799,of_modifier,American - Israeli,strict,1429504,2,ADJ+PUNCT+ADJ,,,,,22.617401123046875,191.81570434570312,3,0.47712125471966244
2990800,of_modifier,democratic,strict,1430388,6,ADJ,,,,,8.951555252075195,49.121803283691406,1,0.8450980400142568
2990801,of_modifier,gay,strict,1432689,2,PROPN,,,,,8.919034957885742,52.464599609375,1,0.47712125471966244
2990802,of_modifier,international drug,strict,1438160,2,ADJ+NOUN,,,,,19.180992126464844,117.05181121826172,2,0.47712125471966244
2990803,of_modifier,Texas,strict,1441104,3,PROPN,,,,,8.438499450683594,50.995574951171875,1,0.6020599913279624
2990804,of_modifier,inner,strict,1444155,1,ADJ,,,,,8.080708503723145,38.03434371948242,1,0.3010299956639812
2990805,of_modifier,Cyprus,strict,1448063,2,PROPN,,,,,10.72344970703125,51.04301834106445,1,0.47712125471966244
2990806,of_modifier,American mass,strict,1448200,3,ADJ+NOUN,,,,,20.850723266601562,97.41607666015625,2,0.6020599913279624
2990807,of_modifier,aesthetic,strict,1448651,2,ADJ,,,,,8.629958152770996,38.84266662597656,1,0.47712125471966244
2990808,of_modifier,urban,strict,1484003,17,ADJ,,,,,13.135089874267578,54.218135833740234,1,1.255272505103306
2990809,of_modifier,psychiatric,strict,1484163,2,ADJ,,,,,10.564772605895996,49.053340911865234,1,0.47712125471966244
2990810,of_modifier,modern world,strict,1491692,2,ADJ+NOUN,,,,,21.301645278930664,108.85101318359375,2,0.47712125471966244
2990811,of_modifier,next,strict,1492607,2,ADJ,,,,,6.528360366821289,35.59709548950195,1,0.47712125471966244
2990812,of_modifier,America 's,strict,1497385,9,PROPN+PART,,,,,18.938806533813477,91.2554702758789,2,1.0
2990813,of_modifier,Vietnam,strict,1503324,2,PROPN,,,,,9.206412315368652,42.069915771484375,1,0.47712125471966244
2990814,of_modifier,endless,strict,1506061,3,ADJ,,,,,8.800318717956543,38.68492889404297,1,0.6020599913279624
2990815,of_modifier,Korean,strict,1511645,2,PROPN,,,,,8.42914867401123,53.259883880615234,1,0.47712125471966244
2990816,of_modifier,diverse,strict,1512291,2,ADJ,,,,,8.648114204406738,31.5285701751709,1,0.47712125471966244
2990817,of_modifier,quiet,strict,1513722,3,ADJ,,,,,7.582103729248047,44.9616584777832,1,0.6020599913279624
2990818,of_modifier,young,strict,1529075,4,ADJ,,,,,10.531342506408691,49.00833511352539,1,0.6989700043360189
2990819,of_modifier,labor 's last,strict,1536172,1,PROPN+PART+ADJ,,,,,26.422103881835938,183.1639404296875,3,0.3010299956639812
2990820,of_modifier,Franco - Prussian,strict,1536581,2,PROPN+PUNCT+PROPN,,,,,5.120264053344727,164.32643127441406,3,0.47712125471966244
2990821,of_modifier,popular,strict,1538564,4,ADJ,,,,,7.751046180725098,31.157642364501953,1,0.6989700043360189
2990822,of_modifier,English,strict,1547585,9,ADJ,,,,,8.2869234085083,48.842201232910156,1,1.0
2990823,of_modifier,public opinion,strict,1557265,4,ADJ+NOUN,,,,,20.072973251342773,95.67900848388672,2,0.6989700043360189
2990824,of_modifier,local,strict,1566144,5,ADJ,,,,,9.39423942565918,53.075035095214844,1,0.7781512503836436
2990825,of_modifier,Canadian,strict,1581372,7,ADJ,,,,,12.261116981506348,42.844913482666016,1,0.9030899869919435
2990826,of_modifier,Australian naval,strict,1584127,2,ADJ+ADJ,,,,,22.931720733642578,120.16877746582031,2,0.47712125471966244
2990827,of_modifier,fairy,strict,1591289,1,PROPN,,,,,6.491634368896484,45.78631591796875,1,0.3010299956639812
2990828,of_modifier,Paris,strict,1592082,2,PROPN,,,,,9.206412315368652,42.069915771484375,1,0.47712125471966244
2990829,of_modifier,Japanese,strict,1593644,2,ADJ,,,,,8.42914867401123,53.259883880615234,1,0.47712125471966244
2990830,of_modifier,American state,strict,1595199,2,ADJ+NOUN,,,,,22.91814422607422,123.54386901855469,2,0.47712125471966244
2990831,of_modifier,Helmontian,strict,1595682,3,ADJ,,,,,,,,0.6020599913279624
2990832,of_modifier,pregnant,strict,1596583,2,ADJ,,,,,8.027640342712402,60.28559112548828,1,0.47712125471966244
2990833,of_modifier,white,strict,1598659,4,PROPN,,,,,8.953644752502441,55.954811096191406,1,0.6989700043360189
2990834,of_modifier,electric,strict,1599195,2,PROPN,,,,,7.135313034057617,42.493717193603516,1,0.47712125471966244
2990835,of_modifier,lyrical,strict,1610999,2,ADJ,,,,,5.1403703689575195,42.64476013183594,1,0.47712125471966244
2990836,of_modifier,modern biblical,strict,1611451,3,ADJ+ADJ,,,,,19.189144134521484,110.07715606689453,2,0.6020599913279624
2990837,of_modifier,U.S.,strict,1618740,6,PROPN,,,,,12.410444259643555,40.65589904785156,1,0.8450980400142568
2990838,of_modifier,Nepali,strict,1619210,1,ADJ,,,,,4.239174842834473,62.44013214111328,1,0.3010299956639812
2990839,of_modifier,judicial,strict,1619887,3,ADJ,,,,,8.951555252075195,49.121803283691406,1,0.6020599913279624
2990840,of_modifier,modern theoretical,strict,1621909,2,ADJ+ADJ,,,,,16.654781341552734,113.47496795654297,2,0.47712125471966244
2990841,of_modifier,electoral,strict,1633637,3,ADJ,,,,,8.951555252075195,49.121803283691406,1,0.6020599913279624
2990842,of_modifier,advanced,strict,1633855,1,ADJ,,,,,7.290706634521484,34.909767150878906,1,0.3010299956639812
2990843,of_modifier,Fletcher,strict,1636332,1,PROPN,,,,,1.285543441772461,47.92900466918945,1,0.3010299956639812
2990844,of_modifier,ethnic,strict,1637242,7,ADJ,,,,,11.183015823364258,54.1860466003418,1,0.9030899869919435
2990845,of_modifier,Western Australian,strict,1641767,1,ADJ+ADJ,,,,,24.522233963012695,171.37965393066406,2,0.3010299956639812
2990846,of_modifier,NENA,strict,1642670,1,PROPN,,,,,,,,0.3010299956639812
2990847,of_modifier,indigenous,strict,1653980,2,ADJ,,,,,11.82754135131836,44.71976089477539,1,0.47712125471966244
2990848,of_modifier,Chicago 's gold,strict,1658139,1,PROPN+PART+NOUN,,,,,20.56873321533203,174.80384826660156,3,0.3010299956639812
2990849,of_modifier,C.E.ric,strict,1664866,2,PROPN,,,,,,,,0.47712125471966244
2990850,of_modifier,AOL Time,strict,1665651,4,PROPN+PROPN,,,,,17.858163833618164,90.59919738769531,2,0.6989700043360189
2990851,of_modifier,industrial,strict,1698391,4,ADJ,,,,,8.430299758911133,46.45999526977539,1,0.6989700043360189
2990852,of_modifier,British,strict,1698511,11,ADJ,,,,,12.261116981506348,42.844913482666016,1,1.0791812460476249
2990853,of_modifier,troubled,strict,1709685,3,ADJ,,,,,6.748965263366699,36.509464263916016,1,0.6020599913279624
2990854,of_modifier,comic,strict,1710025,2,ADJ,,,,,7.604111671447754,47.18671417236328,1,0.47712125471966244
2990855,of_modifier,contemporary,strict,1714094,5,ADJ,,,,,8.468868255615234,38.69528579711914,1,0.7781512503836436
2990856,of_modifier,eighteenth - century,strict,1715651,3,ADJ+PUNCT+NOUN,,,,,18.60100746154785,120.85387420654297,3,0.6020599913279624
2990857,of_modifier,Alberta - Montana,strict,1720212,4,PROPN+PUNCT+PROPN,,,,,16.50983238220215,250.70960998535156,3,0.6989700043360189
2990858,of_modifier,feminine,strict,1727003,2,ADJ,,,,,6.4543585777282715,55.29448318481445,1,0.47712125471966244
2990859,of_modifier,Italian,strict,1728134,2,ADJ,,,,,8.2869234085083,48.842201232910156,1,0.47712125471966244
2990860,of_modifier,modern international,strict,1743807,4,ADJ+ADJ,,,,,20.242229461669922,97.37002563476562,2,0.6989700043360189
2990861,of_modifier,common,strict,1744997,2,ADJ,,,,,10.218128204345703,38.04280090332031,1,0.47712125471966244
2990862,of_modifier,monetary,strict,1753325,1,ADJ,,,,,11.025141716003418,44.61692810058594,1,0.3010299956639812
2990863,of_modifier,Trinity,strict,1754858,2,PROPN,,,,,7.466006278991699,42.00681686401367,1,0.47712125471966244
2990864,of_modifier,Buddhist,strict,1770788,3,ADJ,,,,,7.7324604988098145,59.878143310546875,1,0.6020599913279624
2990865,of_modifier,Arabian,strict,1774547,2,ADJ,,,,,8.950299263000488,56.26387405395508,1,0.47712125471966244
2990866,of_modifier,Jewish urban,strict,1778984,1,ADJ+ADJ,,,,,24.636585235595703,139.0775909423828,2,0.3010299956639812
2990867,of_modifier,secure,strict,1785672,1,ADJ,,,,,7.032907962799072,35.37069320678711,1,0.3010299956639812
2990868,of_modifier,Zionist,strict,1790959,2,ADJ,,,,,7.967770576477051,54.64124298095703,1,0.47712125471966244
2990869,of_modifier,Ottoman,strict,1802925,2,PROPN,,,,,5.389841556549072,42.382781982421875,1,0.47712125471966244
2990870,of_modifier,golden - calf,strict,1806221,2,ADJ+PUNCT+NOUN,,,,,7.126855850219727,172.24371337890625,3,0.47712125471966244
2990871,of_modifier,China 's,strict,1817798,1,PROPN+PART,,,,,15.734772682189941,88.87052917480469,2,0.3010299956639812
2990872,of_modifier,World Poker,strict,1823213,1,PROPN+PROPN,,,,,15.243077278137207,97.71051025390625,2,0.3010299956639812
2990873,of_modifier,Germanic,strict,1828150,2,ADJ,,,,,3.3313255310058594,57.47163772583008,1,0.47712125471966244
2990874,of_modifier,Caribbean cultural,strict,1830100,2,ADJ+ADJ,,,,,21.033954620361328,113.72880554199219,2,0.47712125471966244
2990875,of_modifier,environmental,strict,1833920,10,PROPN,,,,,8.621251106262207,41.60310745239258,1,1.0413926851582251
2990876,of_modifier,Holocaust,strict,1834179,3,ADJ,,,,,11.272076606750488,56.72467041015625,1,0.6020599913279624
2990877,of_modifier,ocean,strict,1834292,2,PROPN,,,,,6.825276851654053,39.63362121582031,1,0.47712125471966244
2990878,of_modifier,new revolutionary,strict,1834930,3,ADJ+ADJ,,,,,15.173786163330078,102.33968353271484,2,0.6020599913279624
2990879,of_modifier,Southern,strict,1841231,8,ADJ,,,,,9.39423942565918,53.075035095214844,1,0.9542425094393249
2990880,of_modifier,aesthetic political,strict,1841399,2,ADJ+ADJ,,,,,19.640710830688477,124.90666961669922,2,0.47712125471966244
2990881,of_modifier,Spanish Civil,strict,1842490,2,PROPN+PROPN,,,,,17.119159698486328,95.27429962158203,2,0.47712125471966244
2990882,of_modifier,global,strict,1843182,22,ADJ,,,,,11.743439674377441,51.34877395629883,1,1.3617278360175928
2990883,of_modifier,antislavery,strict,1844672,1,PROPN,,,,,-0.15699663758277893,63.39293670654297,1,0.3010299956639812
2990884,of_modifier,postwar,strict,1845391,4,ADJ,,,,,10.427179336547852,48.41286087036133,1,0.6989700043360189
2990885,of_modifier,America 's first,strict,1845495,4,PROPN+PART+ADJ,,,,,28.688051223754883,172.92161560058594,3,0.6989700043360189
2990886,of_modifier,America 's coastal,strict,1849217,3,PROPN+PART+ADJ,,,,,26.044763565063477,165.74713134765625,3,0.6020599913279624
2990887,of_modifier,mass,strict,1850182,5,ADJ,,,,,8.589606285095215,37.983123779296875,1,0.7781512503836436
2990888,of_modifier,separatist,strict,1855798,2,ADJ,,,,,6.007925033569336,52.43208694458008,1,0.47712125471966244
2990889,of_modifier,international environmental,strict,1875131,1,ADJ+ADJ,,,,,20.2335205078125,128.64041137695312,2,0.3010299956639812
2990890,of_modifier,daily,strict,1888662,2,ADJ,,,,,5.427891731262207,45.80866241455078,1,0.47712125471966244
2990891,of_modifier,political,strict,1898916,18,ADJ,,,,,11.010751724243164,50.37156295776367,1,1.2787536009528289
2990892,of_modifier,deadly,strict,1904349,2,ADJ,,,,,9.160988807678223,42.94102096557617,1,0.47712125471966244
2990893,of_modifier,cosmopolitan film,strict,1906343,2,PROPN+NOUN,,,,,14.373832702636719,100.7916259765625,2,0.47712125471966244
2990894,of_modifier,reproductive,strict,1906974,2,ADJ,,,,,5.7513651847839355,59.18259811401367,1,0.47712125471966244
2990895,of_modifier,endangered,strict,1910757,3,PROPN,,,,,10.188642501831055,52.47013854980469,1,0.6020599913279624
2990896,of_modifier,Roget 's,strict,1911649,2,PROPN+PART,,,,,5.8690571784973145,70.06452941894531,2,0.47712125471966244
2990897,of_modifier,post - orthodox,strict,1912999,2,ADJ+ADJ+ADJ,,,,,16.184114456176758,153.7134552001953,3,0.47712125471966244
2990898,of_modifier,dual,strict,1915882,2,ADJ,,,,,-0.1314997524023056,70.83036041259766,1,0.47712125471966244
2990899,of_modifier,football 's greatest,strict,1917205,4,NOUN+PART+ADJ,,,,,23.69409942626953,187.89381408691406,3,0.6989700043360189
2990900,of_modifier,experimental,strict,1917539,2,ADJ,,,,,7.893296718597412,38.36292266845703,1,0.47712125471966244
2990901,of_modifier,global working,strict,1919212,2,ADJ+NOUN,,,,,20.54388427734375,96.84127044677734,2,0.47712125471966244
2990902,of_modifier,West,strict,1937355,1,PROPN,,,,,12.410444259643555,40.65589904785156,1,0.3010299956639812
2990903,of_modifier,Russian imperfective,strict,1939824,1,ADJ+ADJ,,,,,10.635952949523926,126.64772033691406,2,0.3010299956639812
2990904,of_modifier,unitary,strict,1948637,2,ADJ,,,,,7.668085098266602,46.211585998535156,1,0.47712125471966244
2990905,of_modifier,East,strict,1959544,1,PROPN,,,,,12.410444259643555,40.65589904785156,1,0.3010299956639812
2990906,of_modifier,American children 's,strict,1961433,1,ADJ+NOUN+PART,,,,,28.97812271118164,191.705322265625,3,0.3010299956639812
2990907,of_modifier,mass information,strict,1964189,1,ADJ+NOUN,,,,,15.591176986694336,91.19847106933594,2,0.3010299956639812
2990908,of_modifier,medieval,strict,1967718,1,ADJ,,,,,6.491634368896484,45.78631591796875,1,0.3010299956639812
2990909,of_modifier,Bonesetter 's Daughter,strict,1968884,1,PROPN+PART+PROPN,,,,,14.062559127807617,114.8112564086914,2,0.3010299956639812
2990910,of_modifier,spiritual,strict,1969562,3,ADJ,,,,,12.671688079833984,43.21925354003906,1,0.6020599913279624
2990911,of_modifier,festive,strict,1970823,2,ADJ,,,,,4.146719932556152,52.66119384765625,1,0.47712125471966244
2990912,of_modifier,public health,strict,1971632,3,ADJ+NOUN,,,,,22.488759994506836,130.7314453125,2,0.6020599913279624
2990913,of_modifier,developmental,strict,1971898,2,ADJ,,,,,10.081859588623047,57.12111282348633,1,0.47712125471966244
2990914,of_modifier,American family,strict,1974472,3,ADJ+NOUN,,,,,17.383901596069336,84.5060043334961,2,0.6020599913279624
2990915,of_modifier,American public,strict,1974728,2,ADJ+ADJ,,,,,23.873388290405273,114.59123992919922,2,0.47712125471966244
2990916,of_modifier,Black urban,strict,1978308,2,PROPN+PROPN,,,,,18.85264015197754,122.04744720458984,2,0.47712125471966244
2990917,of_modifier,Madison,strict,1981216,2,PROPN,,,,,8.902339935302734,50.21731185913086,1,0.47712125471966244
2990918,of_modifier,Southeast Asian,strict,1985927,1,ADJ+ADJ,,,,,16.49379539489746,144.3248291015625,2,0.3010299956639812
2990919,of_modifier,racial,strict,1986865,5,ADJ,,,,,12.990863800048828,54.486534118652344,1,0.7781512503836436
2990920,of_modifier,new middle,strict,1987826,2,ADJ+ADJ,,,,,15.443365097045898,112.16939544677734,2,0.47712125471966244
2990921,of_modifier,America 's mortgage,strict,1988536,2,PROPN+PART+NOUN,,,,,28.72359275817871,205.31927490234375,3,0.47712125471966244
2990922,of_modifier,anthropological,strict,1993655,2,PROPN,,,,,4.297019958496094,58.49223709106445,1,0.47712125471966244
2990923,of_modifier,special,strict,1994584,2,ADJ,,,,,7.076624870300293,35.75236511230469,1,0.47712125471966244
2990924,of_modifier,Mata,strict,1994636,2,PROPN,,,,,3.338043212890625,56.98938751220703,1,0.47712125471966244
2990925,of_modifier,Iraq,strict,2011902,2,PROPN,,,,,10.866779327392578,51.63837814331055,1,0.47712125471966244
2990926,of_modifier,new information,strict,2015363,1,ADJ+NOUN,,,,,14.364228248596191,106.13831329345703,2,0.3010299956639812
2990927,of_modifier,atomic,strict,2025392,2,PROPN,,,,,10.292315483093262,64.88090515136719,1,0.47712125471966244
2990928,of_modifier,natural,strict,2026614,4,ADJ,,,,,7.916970252990723,48.95945739746094,1,0.6989700043360189
2990929,of_modifier,medical,strict,2027103,1,ADJ,,,,,6.894855499267578,46.35205841064453,1,0.3010299956639812
2990930,of_modifier,triumviral,strict,2029871,2,ADJ,,,,,,,,0.47712125471966244
2990931,of_modifier,extreme,strict,2032114,1,ADJ,,,,,10.177828788757324,38.88152313232422,1,0.3010299956639812
2990932,of_modifier,modern urban,strict,2032364,2,ADJ+PROPN,,,,,21.76504898071289,115.97760772705078,2,0.47712125471966244
2990933,of_modifier,new nation -,strict,2032800,1,ADJ+NOUN+PUNCT,,,,,16.049633026123047,148.50411987304688,3,0.3010299956639812
2990934,of_modifier,legalistic,strict,2035221,2,ADJ,,,,,7.0522894859313965,52.37842559814453,1,0.47712125471966244
2990935,of_modifier,American Civil,strict,2039142,2,PROPN+PROPN,,,,,21.093353271484375,98.59957885742188,2,0.47712125471966244
2990936,of_modifier,green,strict,2039589,3,ADJ,,,,,6.183221817016602,52.1909294128418,1,0.6020599913279624
2990937,of_modifier,immigrant,strict,2043497,1,ADJ,,,,,11.183015823364258,54.1860466003418,1,0.3010299956639812
2990938,of_modifier,South,strict,2043876,1,PROPN,,,,,12.410444259643555,40.65589904785156,1,0.3010299956639812
2990939,of_modifier,veterinary,strict,2044515,2,ADJ,,,,,6.430742263793945,59.408851623535156,1,0.47712125471966244
2990940,of_modifier,New Deal,strict,2044660,2,PROPN+PROPN,,,,,16.395668029785156,117.57836151123047,2,0.47712125471966244
2990941,of_modifier,Eastern,strict,2045105,1,PROPN,,,,,9.206412315368652,42.069915771484375,1,0.3010299956639812
2990942,of_modifier,extraordinary,strict,2056396,3,ADJ,,,,,8.037070274353027,36.717464447021484,1,0.6020599913279624
2990943,of_modifier,Liverpool 's,strict,2056801,2,PROPN+PART,,,,,9.529552459716797,92.0464096069336,2,0.47712125471966244
2990944,of_modifier,dryland reservoir,strict,2061190,1,PROPN+PROPN,,,,,12.584144592285156,147.3683319091797,2,0.3010299956639812
2990945,of_modifier,civil - war,strict,2078345,1,ADJ+PUNCT+NOUN,,,,,19.91126823425293,159.09561157226562,3,0.3010299956639812
2990946,of_modifier,Britain 's greatest,strict,2081742,1,PROPN+PART+ADJ,,,,,28.688051223754883,172.92161560058594,3,0.3010299956639812
2990947,of_modifier,comic book,strict,2085547,4,ADJ+NOUN,,,,,12.43625545501709,105.026611328125,2,0.6989700043360189
2990948,of_modifier,mathematical,strict,2090121,1,ADJ,,,,,8.024823188781738,46.56601333618164,1,0.3010299956639812
2990949,of_modifier,precarious,strict,2090588,2,ADJ,,,,,7.477116584777832,44.86027526855469,1,0.47712125471966244
2990950,of_modifier,African success,strict,2090754,2,ADJ+NOUN,,,,,20.072246551513672,88.85892486572266,2,0.47712125471966244
2990951,of_modifier,Islamic - nuclear,strict,2092168,2,ADJ+PUNCT+ADJ,,,,,21.181974411010742,179.63778686523438,3,0.47712125471966244
2990952,of_modifier,smart,strict,2093264,2,ADJ,,,,,8.643562316894531,43.85206604003906,1,0.47712125471966244
2990953,of_modifier,Greek,strict,2094341,2,ADJ,,,,,8.2869234085083,48.842201232910156,1,0.47712125471966244
2990954,of_modifier,Wall,strict,2095397,2,PROPN,,,,,4.182131767272949,52.199832916259766,1,0.47712125471966244
2990955,of_modifier,configurable,strict,2095478,2,ADJ,,,,,5.849637031555176,45.57715606689453,1,0.47712125471966244
2990956,of_modifier,Washington 's scandal,strict,2096104,2,PROPN+PART+NOUN,,,,,22.15460777282715,162.051025390625,3,0.47712125471966244
2990957,of_modifier,lifelong,strict,2101919,1,ADJ,,,,,9.28510856628418,56.54817199707031,1,0.3010299956639812
2990958,of_modifier,low - level radioactive,strict,2103542,2,ADJ+PUNCT+NOUN+ADJ,,,,,25.637985229492188,275.175537109375,4,0.47712125471966244
2990959,of_modifier,Western,strict,2107106,8,ADJ,,,,,12.261116981506348,42.844913482666016,1,0.9542425094393249
2990960,of_modifier,Notre Dame,strict,2107136,3,PROPN+PROPN,,,,,9.642024993896484,121.49614715576172,2,0.6020599913279624
2990961,of_modifier,evangelical,strict,2107625,2,ADJ,,,,,8.555296897888184,51.001461029052734,1,0.47712125471966244
2990962,of_modifier,Mississippian,strict,2108819,2,ADJ,,,,,3.5800280570983887,79.02925872802734,1,0.47712125471966244
2990963,of_modifier,critical,strict,2109348,2,ADJ,,,,,8.621251106262207,41.60310745239258,1,0.47712125471966244
2990964,of_modifier,mental,strict,2110826,2,ADJ,,,,,10.564772605895996,49.053340911865234,1,0.47712125471966244
2990965,of_modifier,Peruvian,strict,2111252,2,ADJ,,,,,12.261116981506348,42.844913482666016,1,0.47712125471966244
2990966,of_modifier,white - collar,strict,2111713,1,ADJ+PUNCT+NOUN,,,,,13.976320266723633,147.46197509765625,3,0.3010299956639812
2990967,of_modifier,digital,strict,2112844,5,ADJ,,,,,5.4116950035095215,55.26864242553711,1,0.7781512503836436
2990968,of_modifier,American cultural,strict,2114191,2,ADJ+ADJ,,,,,24.088659286499023,121.82756805419922,2,0.47712125471966244
2990969,of_modifier,virtual,strict,2114524,3,ADJ,,,,,8.154250144958496,39.96929168701172,1,0.6020599913279624
2990970,of_modifier,third world,strict,2116882,2,ADJ+NOUN,,,,,22.42093276977539,101.4522476196289,2,0.47712125471966244
2990971,of_modifier,black left,strict,2118810,2,ADJ+ADJ,,,,,14.841874122619629,122.82624816894531,2,0.47712125471966244
2990972,of_modifier,women 's,strict,2123310,5,NOUN+PART,,,,,14.556002616882324,117.69547271728516,2,0.7781512503836436
2990973,of_modifier,America 's culture,strict,2126782,3,PROPN+PART+NOUN,,,,,30.766347885131836,183.43130493164062,3,0.6020599913279624
2990974,of_modifier,India 's,strict,2130606,1,PROPN+PART,,,,,16.60059928894043,102.2347412109375,2,0.3010299956639812
2990975,of_modifier,postcolonial,strict,2133487,1,ADJ,,,,,11.843679428100586,52.67760467529297,1,0.3010299956639812
2990976,of_modifier,perceptive,strict,2143018,1,PROPN,,,,,8.643562316894531,43.85206604003906,1,0.3010299956639812
2990977,of_modifier,LNG price,strict,2145377,1,PROPN+NOUN,,,,,5.366656303405762,80.67603302001953,2,0.3010299956639812
2990978,of_modifier,water - breathing,strict,2147015,1,NOUN+PUNCT+NOUN,,,,,13.071228981018066,149.4136199951172,3,0.3010299956639812
2990979,of_modifier,New York,strict,2161417,2,PROPN+PROPN,,,,,16.264997482299805,116.36735534667969,2,0.47712125471966244
2990980,of_modifier,Protestant,strict,2163619,4,ADJ,,,,,11.303386688232422,49.454193115234375,1,0.6989700043360189
2990981,of_modifier,modern American,strict,2164109,1,ADJ+ADJ,,,,,20.89107322692871,94.75031280517578,2,0.3010299956639812
2990982,of_modifier,power,strict,2164606,3,PROPN,,,,,7.681477069854736,45.9267692565918,1,0.6020599913279624
2990983,of_modifier,tennis 's fiercest,strict,2164721,2,PROPN+PART+ADJ,,,,,17.51861572265625,166.71844482421875,3,0.47712125471966244
2990984,of_modifier,abstract,strict,2167430,1,ADJ,,,,,6.6469573974609375,47.00249481201172,1,0.3010299956639812
2990985,of_modifier,creative,strict,2169738,1,ADJ,,,,,7.556007385253906,47.60746383666992,1,0.3010299956639812
2990986,of_modifier,avant - garde,strict,2176192,2,ADJ+PUNCT+ADJ,,,,,3.8188672065734863,211.007568359375,3,0.47712125471966244
2990987,of_modifier,higher,strict,2177488,8,ADJ,,,,,9.238494873046875,38.00984191894531,1,0.9542425094393249
2990988,of_modifier,secular,strict,2180254,2,ADJ,,,,,8.555296897888184,51.001461029052734,1,0.47712125471966244
2990989,of_modifier,humanitarian,strict,2187519,2,ADJ,,,,,12.739679336547852,52.75557327270508,1,0.47712125471966244
2990990,of_modifier,Odia jatra,strict,2196109,1,PROPN+NOUN,,,,,-0.7339245080947876,63.9842529296875,1,0.3010299956639812
2990991,of_modifier,Atlantic,strict,2206458,1,PROPN,,,,,8.902339935302734,50.21731185913086,1,0.3010299956639812
2990992,of_modifier,neoliberal,strict,2223774,2,ADJ,,,,,9.420052528381348,48.251251220703125,1,0.47712125471966244
2990993,of_modifier,frontier 's,strict,2223910,2,NOUN+PART,,,,,17.19896697998047,93.11978149414062,2,0.47712125471966244
2990994,of_modifier,God 's,strict,2229041,3,PROPN+PART,,,,,12.291767120361328,78.5407485961914,2,0.6020599913279624
2990995,of_modifier,American dairy,strict,2229127,2,ADJ+NOUN,,,,,19.663494110107422,120.2748031616211,2,0.47712125471966244
2990996,of_modifier,posthuman,strict,2229474,1,PROPN,,,,,5.716573715209961,51.15677261352539,1,0.3010299956639812
2990997,of_modifier,India pale,strict,2230229,1,PROPN+ADJ,,,,,13.71810245513916,122.3582534790039,2,0.3010299956639812
2990998,of_modifier,middle - class,strict,2234656,3,ADJ+PUNCT+NOUN,,,,,13.403207778930664,153.45982360839844,3,0.6020599913279624
2990999,of_modifier,Dutch New,strict,2235118,2,PROPN+PROPN,,,,,15.649581909179688,107.01203918457031,2,0.47712125471966244
2991000,of_modifier,islamic,strict,2236205,1,ADJ,,,,,11.25682544708252,56.50672912597656,1,0.3010299956639812
2991001,of_modifier,early modern,strict,2239121,3,ADJ+ADJ,,,,,16.643840789794922,81.41661834716797,2,0.6020599913279624
2991002,of_modifier,twenty - first - century,strict,2239212,2,NUM+PUNCT+ADJ+PUNCT+NOUN,,,,,25.193754196166992,325.6963195800781,5,0.47712125471966244
2991003,of_modifier,better,strict,2239495,3,ADJ,,,,,10.144980430603027,30.248416900634766,1,0.6020599913279624
2991004,of_modifier,Renaissance,strict,2247013,2,PROPN,,,,,12.261116981506348,42.844913482666016,1,0.47712125471966244
2991005,of_modifier,Indian civil - military,strict,2247924,2,ADJ+ADJ+PUNCT+NOUN,,,,,29.207916259765625,246.67898559570312,4,0.47712125471966244
2991006,of_modifier,modern Middle,strict,2249525,6,ADJ+PROPN,,,,,16.710664749145508,87.57359313964844,2,0.8450980400142568
2991007,of_modifier,urban political,strict,2250499,2,ADJ+ADJ,,,,,24.145841598510742,131.8929443359375,2,0.47712125471966244
2991008,of_modifier,postmodern,strict,2270384,2,ADJ,,,,,8.468868255615234,38.69528579711914,1,0.47712125471966244
2991009,of_modifier,Greek national,strict,2280437,1,ADJ+ADJ,,,,,15.505889892578125,95.3487777709961,2,0.3010299956639812
2991010,of_modifier,modern New,strict,2288501,2,ADJ+PROPN,,,,,15.99261474609375,89.17603302001953,2,0.47712125471966244
2991011,of_modifier,Palestinian,strict,2291800,3,ADJ,,,,,6.645190715789795,54.48302459716797,1,0.6020599913279624
2991012,of_modifier,transatlantic financial,strict,2294994,2,ADJ+ADJ,,,,,11.736979484558105,129.6269989013672,2,0.47712125471966244
2991013,of_modifier,Latin,strict,2296648,5,PROPN,,,,,5.3168864250183105,64.1729965209961,1,0.7781512503836436
2991014,of_modifier,religious,strict,2296872,8,ADJ,,,,,8.555296897888184,51.001461029052734,1,0.9542425094393249
2991015,of_modifier,false,strict,2297321,2,ADJ,,,,,7.892981052398682,34.78683090209961,1,0.47712125471966244
2991016,of_modifier,foreign direct,strict,2297846,2,ADJ+ADJ,,,,,18.262361526489258,111.40229034423828,2,0.47712125471966244
2991017,of_modifier,two American,strict,2298823,2,NUM+ADJ,,,,,20.274995803833008,80.10081481933594,2,0.47712125471966244
2991018,of_modifier,first,strict,2300998,2,ADJ,,,,,9.749246597290039,32.45786666870117,1,0.47712125471966244
2991019,of_modifier,Russian,strict,2302175,3,ADJ,,,,,8.42914867401123,53.259883880615234,1,0.6020599913279624
2991020,of_modifier,criminal,strict,2303146,3,ADJ,,,,,10.564566612243652,49.849876403808594,1,0.6020599913279624
2991021,of_modifier,therapeutic,strict,2305192,1,ADJ,,,,,8.634148597717285,36.899566650390625,1,0.3010299956639812
2991022,of_modifier,Nuevo,strict,2306216,1,PROPN,,,,,-1.6952905654907227,60.027488708496094,1,0.3010299956639812
2991023,of_modifier,Atlanta 's water,strict,2307784,2,PROPN+PART+NOUN,,,,,22.255977630615234,164.76980590820312,3,0.47712125471966244
2991024,of_modifier,northern,strict,2323199,2,ADJ,,,,,8.459431648254395,50.067996978759766,1,0.47712125471966244
2991025,of_modifier,ethical,strict,2323284,2,ADJ,,,,,7.365457057952881,52.70248794555664,1,0.47712125471966244
2991026,of_modifier,armed,strict,2325520,1,ADJ,,,,,10.727307319641113,56.616424560546875,1,0.3010299956639812
2991027,of_modifier,rural Nova,strict,2328972,1,ADJ+PROPN,,,,,18.296581268310547,123.45865631103516,2,0.3010299956639812
2991028,of_modifier,modern cultural,strict,2341473,1,ADJ+ADJ,,,,,20.457500457763672,103.208984375,2,0.3010299956639812
2991029,of_modifier,painless needle,strict,2342293,2,PROPN+NOUN,,,,,13.876357078552246,107.13021850585938,2,0.47712125471966244
2991030,of_modifier,Colonial Williamsburg,strict,2346347,2,PROPN+PROPN,,,,,20.74601936340332,115.16216278076172,2,0.47712125471966244
2991031,of_modifier,feminist,strict,2347619,2,PROPN,,,,,9.720356941223145,51.12865447998047,1,0.47712125471966244
2991032,of_modifier,Mongolian,strict,2348826,2,ADJ,,,,,7.803473472595215,49.646629333496094,1,0.47712125471966244
2991033,of_modifier,Bergholz,strict,2349265,1,PROPN,,,,,,,,0.3010299956639812
2991034,of_modifier,rational,strict,2350018,2,ADJ,,,,,10.64419937133789,47.3026123046875,1,0.47712125471966244
2991035,of_modifier,Ming,strict,2353411,2,PROPN,,,,,4.7786335945129395,33.54918670654297,1,0.47712125471966244
2991036,of_modifier,British Atlantic,strict,2357247,2,PROPN+PROPN,,,,,21.16345977783203,145.30076599121094,2,0.47712125471966244
2991037,of_modifier,Manhattan musical,strict,2359259,2,PROPN+ADJ,,,,,15.489130973815918,101.20658111572266,2,0.47712125471966244
2991038,of_modifier,warlord,strict,2360147,1,PROPN,,,,,6.946689128875732,38.80121994018555,1,0.3010299956639812
2991039,of_modifier,modern political,strict,2362080,2,ADJ+ADJ,,,,,19.640710830688477,124.90666961669922,2,0.47712125471966244
2991040,of_modifier,male,strict,2362706,1,ADJ,,,,,8.000064849853516,56.95419692993164,1,0.3010299956639812
2991041,of_modifier,continental,strict,2364077,2,PROPN,,,,,12.261116981506348,42.844913482666016,1,0.47712125471966244
2991042,of_modifier,Edwardian,strict,2364800,2,ADJ,,,,,2.808683156967163,57.31269073486328,1,0.47712125471966244
2991043,of_modifier,Thai,strict,2370250,1,ADJ,,,,,9.206412315368652,42.069915771484375,1,0.3010299956639812
2991044,of_modifier,modern culture,strict,2371966,1,ADJ+NOUN,,,,,20.457500457763672,103.208984375,2,0.3010299956639812
2991045,of_modifier,Inder,strict,2372985,1,PROPN,,,,,-1.8543270826339722,57.78839111328125,1,0.3010299956639812
2991046,of_modifier,modern South,strict,2375414,3,ADJ+PROPN,,,,,21.040401458740234,90.45037078857422,2,0.6020599913279624
2991047,of_modifier,Catholic,strict,2380690,9,PROPN,,,,,11.303386688232422,49.454193115234375,1,1.0
2991048,of_modifier,American environmental,strict,2382706,1,ADJ+ADJ,,,,,20.882366180419922,98.9227523803711,2,0.3010299956639812
2991049,of_modifier,Tsarist,strict,2384267,2,PROPN,,,,,11.843679428100586,52.67760467529297,1,0.47712125471966244
2991050,of_modifier,free,strict,2387385,4,ADJ,,,,,5.605655670166016,45.93688201904297,1,0.6989700043360189
2991051,of_modifier,psychological,strict,2392065,2,ADJ,,,,,8.62929630279541,55.44069290161133,1,0.47712125471966244
2991052,of_modifier,wild,strict,2394366,3,ADJ,,,,,10.188642501831055,52.47013854980469,1,0.6020599913279624
2991053,of_modifier,complex,strict,2394434,1,ADJ,,,,,7.751046180725098,31.157642364501953,1,0.3010299956639812
2991054,of_modifier,anti - LGBT,strict,2394601,2,ADJ+ADJ+ADJ,,,,,12.13768482208252,160.33399963378906,3,0.47712125471966244
2991055,of_modifier,cinematic,strict,2395896,2,ADJ,,,,,5.1403703689575195,42.64476013183594,1,0.47712125471966244
2991056,of_modifier,20 - year losing,strict,2397797,2,NUM+PUNCT+NOUN+NOUN,,,,,16.263334274291992,230.2845001220703,4,0.47712125471966244
2991057,of_modifier,Sino - American,strict,2398308,1,ADJ+PUNCT+ADJ,,,,,12.96146011352539,152.25148010253906,3,0.3010299956639812
2991058,of_modifier,global civil,strict,2398355,1,ADJ+ADJ,,,,,20.575674057006836,125.54984283447266,2,0.3010299956639812
2991059,of_modifier,North American,strict,2400077,1,ADJ+ADJ,,,,,24.67156219482422,152.78561401367188,2,0.3010299956639812
2991060,of_modifier,Cambodian,strict,2400377,1,ADJ,,,,,7.0238566398620605,48.171592712402344,1,0.3010299956639812
2991061,of_modifier,intrinsic,strict,2401006,1,ADJ,,,,,8.012795448303223,41.02466583251953,1,0.3010299956639812
2991062,of_modifier,America 's greatest,strict,2401364,3,PROPN+PART+ADJ,,,,,28.688051223754883,172.92161560058594,3,0.6020599913279624
2991063,of_modifier,new justice,strict,2401679,1,PROPN+PROPN,,,,,16.314212799072266,96.03082275390625,2,0.3010299956639812
2991064,of_modifier,U.S. nuclear,strict,2401824,2,PROPN+ADJ,,,,,22.702762603759766,126.5737533569336,2,0.47712125471966244
2991065,of_modifier,carceral,strict,2403215,3,ADJ,,,,,1.3905447721481323,56.50352096557617,1,0.6020599913279624
2991066,of_modifier,Middle Eastern,strict,2404271,2,ADJ+ADJ,,,,,17.287118911743164,91.3795166015625,2,0.47712125471966244
2991067,of_modifier,modern Korean,strict,2405605,1,ADJ+ADJ,,,,,17.059106826782227,100.23481750488281,2,0.3010299956639812
2991068,of_modifier,America 's mobile,strict,2409724,3,PROPN+PART+ADJ,,,,,27.223005294799805,165.14735412597656,3,0.6020599913279624
2991069,of_modifier,world - class,strict,2411856,2,NOUN+PUNCT+NOUN,,,,,17.99418830871582,130.87994384765625,3,0.47712125471966244
2991070,of_modifier,Virginia hunt,strict,2413082,1,PROPN+NOUN,,,,,14.225201606750488,113.18700408935547,2,0.3010299956639812
2991071,of_modifier,disciplinary,strict,2425732,1,ADJ,,,,,6.506916522979736,46.54612350463867,1,0.3010299956639812
2991072,of_modifier,Roman,strict,2425799,1,ADJ,,,,,12.261116981506348,42.844913482666016,1,0.3010299956639812
2991073,of_modifier,Canada 's drug,strict,2425873,1,PROPN+PART+NOUN,,,,,23.16082000732422,270.5447082519531,3,0.3010299956639812
2991074,of_modifier,techno - human,strict,2427270,2,NOUN+PUNCT+ADJ,,,,,13.892719268798828,171.17796325683594,3,0.47712125471966244
2991075,of_modifier,Longform,strict,2461135,1,PROPN,,,,,-1.9190655946731567,53.209590911865234,1,0.5
2991076,of_modifier,Post - Soviet,strict,2463361,1,ADJ+ADJ+ADJ,,,,,12.684202194213867,142.5411376953125,3,0.5
2991077,of_modifier,Media,strict,2493075,1,PROPN,,,,,7.369564533233643,34.946903228759766,1,0.5
2991078,of_modifier,Suicide,strict,2505541,1,PROPN,,,,,7.534196376800537,50.9269905090332,1,0.5
2991079,of_modifier,Postracial,strict,2526537,1,PROPN,,,,,,,,0.5
2991080,of_modifier,Executive Branch,strict,2527025,1,PROPN+PROPN,,,,,14.407812118530273,134.95379638671875,2,0.5
2991081,of_modifier,Global Trading,strict,2551793,1,PROPN+PROPN,,,,,19.55624008178711,120.76606750488281,2,0.5
2991082,of_modifier,Information,strict,2554468,1,PROPN,,,,,7.001570701599121,36.32841491699219,1,0.5
2991083,of_modifier,Queer,strict,2571584,2,PROPN,,,,,6.195822715759277,50.197574615478516,1,0.5
2991084,of_modifier,Teen,strict,2613754,1,PROPN,,,,,7.287382125854492,65.34536743164062,1,0.5
2991085,of_modifier,American Jewish,strict,2642353,1,ADJ+ADJ,,,,,23.762611389160156,144.93995666503906,2,0.5
2991086,of_modifier,Indie,strict,2648890,2,PROPN,,,,,8.010793685913086,37.87470245361328,1,0.4523989481830813
2991087,of_modifier,Countervailing,strict,2652540,1,PROPN,,,,,7.752701759338379,51.975032806396484,1,0.5
2991088,of_modifier,Climate,strict,2695921,2,PROPN,,,,,7.910827159881592,54.720455169677734,1,0.5
2991089,of_modifier,Credit,strict,2706389,1,PROPN,,,,,9.389334678649902,46.30887222290039,1,0.5
2991090,of_modifier,unconditional,strict,2729917,2,ADJ,,,,,9.350839614868164,53.272640228271484,1,0.8167042756535634
2991091,of_modifier,Japan 's National,strict,2731434,1,PROPN+PART+PROPN,,,,,22.953739166259766,152.53379821777344,3,0.5
2991092,of_modifier,Afrique Française,strict,2733013,1,PROPN+PROPN,,,,,-0.049277983605861664,153.69625854492188,2,0.5
2991093,of_modifier,Christian Higher,strict,2741552,1,PROPN+PROPN,,,,,20.541881561279297,99.10951232910156,2,0.0
2991094,of_modifier,iconic American,strict,2774224,2,ADJ+ADJ,,,,,19.182748794555664,101.12147521972656,2,0.17420151979398144
2991095,of_modifier,Second Indochina,strict,2777855,1,PROPN+PROPN,,,,,9.0565185546875,144.56314086914062,2,0.5
2991096,of_modifier,Global Los,strict,2778866,2,PROPN+PROPN,,,,,17.98834228515625,110.28804016113281,2,0.5
2991097,of_modifier,Early Jewish,strict,2791177,1,ADJ+ADJ,,,,,19.515377044677734,94.19990539550781,2,0.0
2991098,of_modifier,Britain 's global,strict,2794795,1,PROPN+PART+ADJ,,,,,30.6822452545166,182.73348999023438,3,0.0
2991099,of_modifier,World,strict,2797482,8,PROPN,,,,,12.671688079833984,43.21925354003906,1,0.5
2991100,of_modifier,Syria 's,strict,2818455,1,PROPN+PART,,,,,15.883576393127441,94.99994659423828,2,0.5
2991101,of_modifier,Latino,strict,2818677,1,PROPN,,,,,7.257486820220947,48.43168640136719,1,0.22686229879265654
2991102,of_modifier,Post - Cold War,strict,2826777,1,ADJ+ADJ+ADJ+PROPN,,,,,26.558860778808594,244.90286254882812,4,0.5
2991103,of_modifier,Mid - Level,strict,2837564,1,ADJ+PROPN+PROPN,,,,,16.6978759765625,167.75650024414062,3,0.0
2991104,of_modifier,Earth Surface,strict,2885553,2,PROPN+PROPN,,,,,15.464956283569336,110.92486572265625,2,0.0
2991105,of_modifier,Rural Land,strict,2908076,1,PROPN+PROPN,,,,,18.334707260131836,176.18463134765625,2,0.5
2991106,of_modifier,Transatlantic Jewish,strict,2909677,1,ADJ+ADJ,,,,,11.626203536987305,129.3551025390625,2,0.5
2991107,of_modifier,' 80s Rock,strict,2911598,1,NOUN+NOUN+PROPN,,,,,17.475746154785156,193.32122802734375,3,0.0
2991108,of_modifier,Animal,strict,2914003,3,PROPN,,,,,10.188642501831055,52.47013854980469,1,0.5
2991109,of_modifier,Portuguese,strict,2916579,1,PROPN,,,,,8.2869234085083,48.842201232910156,1,0.5
2991110,of_modifier,Civic,strict,2926116,1,PROPN,,,,,10.38773250579834,44.682342529296875,1,0.5
2991111,of_modifier,Hip,strict,2937444,1,PROPN,,,,,6.249110221862793,44.79588317871094,1,0.5986402536871555
2991112,of_modifier,Maritime,strict,2951949,1,PROPN,,,,,7.105957508087158,58.827510833740234,1,0.0
2991113,of_modifier,Plagiarized,strict,2955984,1,ADJ,,,,,3.0509157180786133,45.14552688598633,1,0.0
2991114,of_modifier,Innovative,strict,2971739,1,PROPN,,,,,8.284200668334961,48.012535095214844,1,0.5
2991115,of_modifier,12 Zodiac,strict,2974962,1,NUM+NOUN,,,,,7.97926139831543,70.36206817626953,2,0.5
2991116,of_modifier,Mystic,strict,2978297,1,PROPN,,,,,11.39553165435791,47.13890075683594,1,0.0
2991117,of_modifier,Health,strict,3011918,2,PROPN,,,,,10.87648868560791,60.566715240478516,1,0.5
2991118,of_modifier,New Innovation,strict,3078478,1,PROPN+PROPN,,,,,16.250808715820312,116.48831176757812,2,0.5
2991119,of_modifier,Iconic,strict,3080235,1,PROPN,,,,,6.921633243560791,46.27532958984375,1,0.0
2991120,of_modifier,Twentieth - Century,strict,3081071,1,PROPN+PUNCT+PROPN,,,,,18.60100746154785,120.85387420654297,3,0.0
2991121,of_modifier,Equal,strict,3084317,1,PROPN,,,,,8.793638229370117,38.04032897949219,1,0.9278647494638183
2991122,of_modifier,Clinical Pastoral,strict,3088040,1,PROPN+PROPN,,,,,17.927244186401367,117.77182006835938,2,0.5
2991123,of_modifier,Gang,strict,3093376,1,PROPN,,,,,10.488509178161621,53.92289352416992,1,0.5
2991124,of_modifier,Home,strict,3109801,1,PROPN,,,,,9.784788131713867,61.74114227294922,1,0.0
2991125,of_modifier,African Industrial,strict,3122436,1,PROPN+PROPN,,,,,20.691415786743164,110.44713592529297,2,0.5
2991126,of_modifier,Informal,strict,3148772,1,PROPN,,,,,9.09164047241211,40.83235168457031,1,0.5
2991127,of_modifier,Arab - Israeli,strict,3149284,1,ADJ+PUNCT+ADJ,,,,,19.30658531188965,213.3750762939453,3,0.0
2991128,of_modifier,Mentally,strict,3150264,1,ADV,,,,,9.221550941467285,39.818199157714844,1,0.5
2991129,of_modifier,Post - Sixties,strict,3151605,1,PROPN+PROPN+PROPN,,,,,12.484842300415039,161.5928497314453,3,0.0
2991130,of_modifier,German Southwest,strict,3168574,1,ADJ+PROPN,,,,,20.697368621826172,131.95068359375,2,0.5
2991131,of_modifier,Mexican,strict,3173066,2,PROPN,,,,,12.261116981506348,42.844913482666016,1,0.0
2991132,of_modifier,Internet,strict,3191291,1,NOUN,,,,,8.154250144958496,39.96929168701172,1,0.0
2991133,of_modifier,No - Good English,strict,3208121,1,ADJ+ADJ+ADJ+PROPN,,,,,28.383625030517578,290.3251953125,4,0.5
2991134,of_modifier,Private,strict,3208206,1,ADJ,,,,,11.612271308898926,46.59490203857422,1,0.0
2991135,of_modifier,Three Classic,strict,3275471,1,NUM+PROPN,,,,,13.403722763061523,78.67010498046875,2,0.5
2991136,of_modifier,Packaging Waste,strict,3298042,1,PROPN+PROPN,,,,,15.547715187072754,122.62601470947266,2,0.5
2991137,of_modifier,Kentucky,strict,3305709,1,PROPN,,,,,8.902339935302734,50.21731185913086,1,0.5
2991138,of_modifier,Nationalist,strict,3332903,1,PROPN,,,,,6.758627891540527,53.22270584106445,1,0.0
2991139,of_modifier,Military,strict,3373308,1,PROPN,,,,,10.670605659484863,50.71723937988281,1,0.5
2991140,of_modifier,California,strict,3380704,1,PROPN,,,,,8.902339935302734,50.21731185913086,1,0.5
2991141,of_modifier,Persistent,strict,3416331,1,ADJ,,,,,8.890066146850586,46.11812973022461,1,0.5
2991142,of_modifier,Public - Private,strict,3416397,1,ADJ+PUNCT+ADJ,,,,,22.857378005981445,234.5033416748047,3,0.5
2991143,of_modifier,Downtown Yonge,strict,3419807,1,PROPN+PROPN,,,,,11.924661636352539,118.15884399414062,2,0.5
2991144,of_modifier,Modern East,strict,3435540,1,PROPN+PROPN,,,,,21.040401458740234,90.45037078857422,2,0.0
2991145,of_modifier,Gunpowder,strict,3461477,1,PROPN,,,,,6.134139537811279,42.68247604370117,1,0.5
2991146,of_modifier,Afghan,strict,3475470,1,PROPN,,,,,8.829967498779297,52.742431640625,1,0.7880545993479832
2991147,of_modifier,Partisan,strict,3481754,1,PROPN,,,,,8.626413345336914,47.55293273925781,1,0.5
2991148,of_modifier,Security,strict,3483059,2,PROPN,,,,,10.189212799072266,45.36454391479492,1,0.0
2991149,of_modifier,Management,strict,3498475,4,PROPN,,,,,5.492062091827393,30.009445190429688,1,0.5
2991150,of_modifier,Daily Fantasy,strict,3500634,1,PROPN+PROPN,,,,,11.479976654052734,96.27364349365234,2,0.5
2991151,of_modifier,Tax,strict,3502393,1,PROPN,,,,,10.657025337219238,54.1787109375,1,0.5
2991152,of_modifier,Sunbelt,strict,3505496,1,NOUN,,,,,-0.32413455843925476,78.3182144165039,1,0.5
2991153,of_modifier,Online Doping,strict,3555168,1,PROPN+PROPN,,,,,12.329564094543457,97.14375305175781,2,0.5
2991154,of_modifier,Swedish American,strict,3556693,1,ADJ+PROPN,,,,,20.690263748168945,147.70411682128906,2,0.0
2991155,of_modifier,British Public,strict,3585090,1,ADJ+PROPN,,,,,23.873388290405273,114.59123992919922,2,0.5
2991156,of_modifier,Mussolinis,strict,3585139,1,PROPN,,,,,,,,0.0
2991157,of_modifier,Second,strict,3599719,2,PROPN,,,,,9.749246597290039,32.45786666870117,1,0.5
2991158,of_modifier,Happy,strict,3600519,2,PROPN,,,,,9.616905212402344,36.99870300292969,1,0.0
2991159,of_modifier,East India,strict,3620419,3,PROPN+PROPN,,,,,22.482683181762695,152.42520141601562,2,0.0
2991160,of_modifier,Historical,strict,3620624,1,PROPN,,,,,8.024823188781738,46.56601333618164,1,0.5
2991161,of_modifier,Ancient Federal,strict,3704951,1,PROPN+PROPN,,,,,22.48456573486328,115.94385528564453,2,0.5
2991162,of_modifier,Gaelic Public,strict,3705949,1,PROPN+ADJ,,,,,19.89919662475586,109.14580535888672,2,0.5
2991163,of_modifier,Market,strict,3720046,1,PROPN,,,,,8.969389915466309,42.57829666137695,1,0.5
2991164,of_modifier,America 's Imperfect,strict,3721220,2,PROPN+PART+PROPN,,,,,26.92837142944336,147.7517852783203,3,0.5
2991165,of_modifier,Law,strict,3743008,1,PROPN,,,,,10.657025337219238,54.1787109375,1,0.5
2991166,of_modifier,Crime Scene,strict,3746221,1,PROPN+PROPN,,,,,21.907958984375,129.80088806152344,2,0.5
2991167,of_modifier,Bengali,strict,3746225,1,PROPN,,,,,4.239174842834473,62.44013214111328,1,0.0
2991168,of_modifier,Working,strict,3752826,2,PROPN,,,,,8.800443649291992,35.58539581298828,1,0.0
2991169,of_modifier,Birthday,strict,3769320,1,PROPN,,,,,5.308238506317139,41.67155075073242,1,0.9681837902531978
2991170,of_modifier,British North,strict,3783342,1,PROPN+PROPN,,,,,24.67156219482422,152.78561401367188,2,0.5
2991171,of_modifier,Global Waste,strict,3792365,1,PROPN+PROPN,,,,,20.683551788330078,116.84667205810547,2,0.5
2991172,of_modifier,Breast Cancer,strict,3807086,1,PROPN+PROPN,,,,,17.511014938354492,206.6364288330078,2,0.0
2991173,of_modifier,US National,strict,3830871,1,PROPN+PROPN,,,,,15.46066951751709,88.07609558105469,2,0.5
2991174,of_modifier,Energy,strict,3863758,1,NOUN,,,,,7.531062602996826,56.11149978637695,1,0.5
2991175,of_modifier,Modernist,strict,3866654,1,PROPN,,,,,8.468868255615234,38.69528579711914,1,0.5
2991176,of_modifier,Sidney,strict,3881076,1,PROPN,,,,,5.989782810211182,37.13997268676758,1,0.0
2991177,of_modifier,undersea,strict,3893148,1,PROPN,,,,,6.2521748542785645,63.07929229736328,1,0.0
2991178,of_modifier,Modern - Day,strict,3904140,2,PROPN+PUNCT+PROPN,,,,,18.012039184570312,123.86793518066406,3,0.5
2991179,of_modifier,Europe - Africa,strict,3908837,1,PROPN+PUNCT+PROPN,,,,,18.0456600189209,221.4851837158203,3,0.5
2991180,of_modifier,Electronic,strict,3920931,2,PROPN,,,,,5.849637031555176,45.57715606689453,1,0.5
2991181,of_modifier,Murdaugh,strict,3921502,1,PROPN,,,,,,,,0.5
2991182,of_modifier,Gay Male,strict,3943076,1,PROPN+PROPN,,,,,16.91910171508789,160.79742431640625,2,0.0
2991183,of_modifier,Disruptive,strict,3948833,1,ADJ,,,,,9.079272270202637,32.435951232910156,1,0.5
2991184,of_modifier,healthy,strict,3981625,1,ADJ,,,,,9.342949867248535,61.07600402832031,1,0.0
2991185,of_modifier,Washington 's regular,strict,3982197,1,PROPN+PART+ADJ,,,,,20.85858917236328,173.80548095703125,3,0.0
2991186,of_modifier,24 - Hour,strict,3985118,2,NUM+PUNCT+NOUN,,,,,2.6080894470214844,204.21006774902344,3,0.5
2991187,of_modifier,Fashion,strict,4029712,1,PROPN,,,,,5.389841556549072,42.382781982421875,1,0.5
2991188,of_modifier,baseball 's golden,strict,4061225,1,NOUN+PART+ADJ,,,,,17.590717315673828,208.33682250976562,3,0.357828859153297
2991189,of_modifier,City - County,strict,4062111,1,PROPN+PUNCT+PROPN,,,,,17.53296661376953,152.1971435546875,3,0.5
2991190,of_modifier,Young Black,strict,4100881,1,PROPN+PROPN,,,,,16.2488956451416,163.66404724121094,2,0.0
2991191,of_modifier,Very Small,strict,4101545,1,ADV+PROPN,,,,,15.502092361450195,124.63056945800781,2,0.0
2991192,of_modifier,Soviet,strict,4102184,2,PROPN,,,,,7.803473472595215,49.646629333496094,1,0.5
2991193,of_modifier,Feminist Embodied,strict,4104191,1,PROPN+PROPN,,,,,22.392044067382812,128.45193481445312,2,0.5
2991194,of_modifier,Assertive,strict,4115391,1,PROPN,,,,,8.966681480407715,41.92448043823242,1,0.0
2991195,of_modifier,Black,strict,4119010,4,PROPN,,,,,5.717551231384277,65.8742446899414,1,0.7240611710209356
2991196,of_modifier,American Religious,strict,4119127,1,PROPN+PROPN,,,,,20.81641387939453,103.56221771240234,2,0.5
2991197,of_modifier,Moral,strict,4142774,2,PROPN,,,,,10.559187889099121,36.02631759643555,1,0.5
2991198,of_modifier,Bedside,strict,4146318,1,PROPN,,,,,1.511299967765808,63.049713134765625,1,0.5
2991199,of_modifier,surgical,strict,4153878,1,ADJ,,,,,3.0536293983459473,71.9697494506836,1,0.0
2991200,of_modifier,Company,strict,4157376,1,PROPN,,,,,7.36265754699707,42.88561248779297,1,0.5
2991201,of_modifier,Drug,strict,4179685,1,PROPN,,,,,7.568724155426025,57.74018478393555,1,0.0
2991202,of_modifier,Ultimate,strict,4205976,1,PROPN,,,,,7.290706634521484,34.909767150878906,1,0.3010299956639812
2991203,of_modifier,Shared,strict,4218235,1,ADJ,,,,,9.90159797668457,44.32664108276367,1,0.5
2991204,of_modifier,Vegetal,strict,4220867,1,PROPN,,,,,4.964850902557373,66.55889892578125,1,0.5
2991205,of_modifier,Punitive Education,strict,4222278,1,PROPN+PROPN,,,,,19.021316528320312,109.27509307861328,2,0.5
2991206,of_modifier,Private Law,strict,4241247,1,ADJ+PROPN,,,,,22.26929473876953,160.99838256835938,2,0.0
2991207,of_modifier,Customer,strict,4261245,1,PROPN,,,,,7.949771881103516,40.106895446777344,1,0.22686229879265654
2991208,of_modifier,Japanese American,strict,4284251,1,ADJ+PROPN,,,,,20.690263748168945,147.70411682128906,2,0.0
2991209,of_modifier,College,strict,4297249,3,PROPN,,,,,5.689662933349609,44.14180374145508,1,0.5
2991210,of_modifier,Positional,strict,4298572,1,PROPN,,,,,8.012795448303223,41.02466583251953,1,0.5
2991211,of_modifier,America 's Favorite,strict,4305574,1,PROPN+PART+PROPN,,,,,24.308212280273438,184.7433624267578,3,0.0
2991212,of_modifier,Wall Street,strict,4310207,1,PROPN+PROPN,,,,,11.816412925720215,104.70442962646484,2,0.5
2991213,of_modifier,Sustainable,strict,4339392,3,ADJ,,,,,5.195499420166016,57.97927474975586,1,0.5
2991214,of_modifier,Contested,strict,4378794,1,ADJ,,,,,8.832234382629395,46.60602951049805,1,0.5
2991215,of_modifier,Youth,strict,4419742,1,PROPN,,,,,12.837247848510742,52.166324615478516,1,0.5
2991216,of_modifier,Light,strict,4432200,1,PROPN,,,,,4.182131767272949,52.199832916259766,1,0.0
2991217,of_modifier,Academic,strict,4435991,3,PROPN,,,,,6.9779791831970215,37.46572494506836,1,0.0
2991218,of_modifier,American Foreign,strict,4439295,1,PROPN+PROPN,,,,,23.873388290405273,114.59123992919922,2,0.5
2991219,of_modifier,good,strict,4448142,2,ADJ,,,,,10.231931686401367,30.091676712036133,1,0.5
2991220,of_modifier,African American,strict,4490997,2,PROPN+PROPN,,,,,24.522233963012695,171.37965393066406,2,0.5
2991221,of_modifier,Welfare,strict,4491673,2,PROPN,,,,,13.135089874267578,54.218135833740234,1,0.5
2991222,of_modifier,Athletic Enhancement,strict,4493257,1,PROPN+PROPN,,,,,14.009543418884277,98.66053771972656,2,0.0
2991223,of_modifier,Gamer,strict,4528167,1,PROPN,,,,,5.014774322509766,49.780147552490234,1,0.5
2991224,of_modifier,Soft,strict,4528288,1,PROPN,,,,,3.6458637714385986,60.060916900634766,1,0.5
2991225,of_modifier,U.S. -Japan,strict,4571600,1,PROPN+PROPN,,,,,12.410444259643555,40.65589904785156,1,0.5
2991226,of_modifier,Funeral,strict,4605097,1,PROPN,,,,,8.78471565246582,38.02729034423828,1,0.0
2991227,of_modifier,Yankee,strict,4607254,1,PROPN,,,,,6.2553534507751465,37.61531066894531,1,0.5
2991228,of_modifier,off - World,strict,4618907,1,ADP+PUNCT+PROPN,,,,,18.8328857421875,140.92935180664062,3,0.5
2991229,of_modifier,Just,strict,4643455,1,ADV,,,,,10.231931686401367,30.091676712036133,1,0.5
2991230,of_modifier,Inclusive,strict,4682364,2,PROPN,,,,,9.220650672912598,47.41477584838867,1,0.5
2991231,of_modifier,Artificial,strict,4683341,2,PROPN,,,,,7.916970252990723,48.95945739746094,1,0.5
2991232,of_modifier,Shareholder,strict,4691515,3,PROPN,,,,,5.327584266662598,53.45307540893555,1,0.0
2991233,of_modifier,Murderous,strict,4694654,2,PROPN,,,,,9.358935356140137,38.122859954833984,1,0.5048992763101321
2991234,of_modifier,Afro - Asian,strict,4714841,2,PROPN+PUNCT+ADJ,,,,,10.46476936340332,227.55288696289062,3,0.0
2991235,of_modifier,Divine,strict,4716077,2,PROPN,,,,,9.328327178955078,45.41648483276367,1,0.5
2991236,of_modifier,Protected,strict,4717292,1,PROPN,,,,,10.441275596618652,36.56635284423828,1,0.5
2991237,of_modifier,Participatory,strict,4718527,1,PROPN,,,,,7.348556995391846,40.71460723876953,1,0.0
2991238,of_modifier,innocent,strict,4752555,1,ADJ,,,,,10.531342506408691,49.00833511352539,1,0.289090900285832
2991239,of_modifier,Single,strict,4757791,1,PROPN,,,,,7.656101226806641,45.02768325805664,1,0.0
2991240,of_modifier,Posthumous,strict,4759333,1,PROPN,,,,,4.4704718589782715,34.2193717956543,1,0.5
2991241,of_modifier,Space,strict,4791522,1,PROPN,,,,,8.430299758911133,46.45999526977539,1,0.322195036035248
2991242,of_modifier,Family,strict,4792568,2,NOUN,,,,,5.122786045074463,33.64056396484375,1,0.5
2991243,of_modifier,Organ,strict,4793310,1,PROPN,,,,,7.480145454406738,58.89253616333008,1,0.5
2991244,of_modifier,New Moral,strict,4797559,2,PROPN+PROPN,,,,,17.921842575073242,91.04486846923828,2,0.0
2991245,of_modifier,World Heritage,strict,4827776,1,PROPN+PROPN,,,,,24.499229431152344,135.39190673828125,2,0.5
2991246,of_modifier,Music,strict,4869033,1,PROPN,,,,,2.684130907058716,54.66400909423828,1,0.5
2991247,of_modifier,Healthcare,strict,4902909,1,PROPN,,,,,6.894855499267578,46.35205841064453,1,0.5
2991248,of_modifier,American Military,strict,4904732,1,PROPN+PROPN,,,,,22.931720733642578,120.16877746582031,2,0.5
2991249,of_modifier,Transformational,strict,4908137,1,PROPN,,,,,4.66726016998291,44.819068908691406,1,0.5
2991250,of_modifier,Oil,strict,4943297,1,PROPN,,,,,8.667152404785156,52.379146575927734,1,0.5
2991251,of_modifier,Chinese American,strict,4991521,1,PROPN+PROPN,,,,,24.522233963012695,171.37965393066406,2,0.5
2991252,of_modifier,Old,strict,4999590,3,PROPN,,,,,10.231931686401367,30.091676712036133,1,0.8791497333098631
2991253,of_modifier,Caribbean,strict,5013362,1,PROPN,,,,,9.206412315368652,42.069915771484375,1,0.5
2991254,of_modifier,Surveillance,strict,5035416,1,PROPN,,,,,6.937510967254639,44.0910530090332,1,0.5
2991255,of_modifier,PR,strict,5091238,1,PROPN,,,,,5.7085418701171875,59.625404357910156,1,0.0
2991256,of_modifier,Inuit,strict,5091479,1,PROPN,,,,,9.545060157775879,50.890689849853516,1,0.5
2991257,of_modifier,Education,strict,5122180,1,PROPN,,,,,8.621251106262207,41.60310745239258,1,0.5
2991258,of_modifier,Contemporary Japanese,strict,5127040,1,ADJ+ADJ,,,,,16.89801597595215,100.74382781982422,2,0.5
2991259,of_modifier,Trans - Mississippi,strict,5162478,2,PROPN+PROPN+PROPN,,,,,10.553176879882812,150.71261596679688,3,0.5
2991260,of_modifier,Utopian,strict,5198640,2,PROPN,,,,,9.32337760925293,40.88490295410156,1,0.0
2991261,of_modifier,Print,strict,5211132,1,PROPN,,,,,6.6469573974609375,47.00249481201172,1,0.5
2991262,of_modifier,Small,strict,5232761,2,PROPN,,,,,7.751046180725098,31.157642364501953,1,0.5
2991263,of_modifier,Theological,strict,5268554,3,PROPN,,,,,10.559187889099121,36.02631759643555,1,0.0
2991264,of_modifier,monastic,strict,5280433,1,ADJ,,,,,8.710769653320312,54.35378646850586,1,0.0
2991265,of_modifier,silver,strict,5303932,1,PROPN,,,,,5.138031482696533,48.8804817199707,1,0.17420151979398144
2991266,of_modifier,Dinka,strict,5305313,1,PROPN,,,,,0.41193878650665283,46.63461685180664,1,0.5
2991267,of_modifier,Nineteenth - Century,strict,5307011,1,PROPN+PUNCT+NOUN,,,,,18.60100746154785,120.85387420654297,3,0.0
2991268,of_modifier,Iraqi,strict,5325797,1,PROPN,,,,,10.866779327392578,51.63837814331055,1,0.0
2991269,of_modifier,gut - brain,strict,5375927,1,NOUN+PUNCT+NOUN,,,,,13.677300453186035,195.28543090820312,3,0.7063493714251485
2991270,of_modifier,Consumer,strict,5376478,2,PROPN,,,,,7.36265754699707,42.88561248779297,1,0.5
2991271,of_modifier,Today 's,strict,5389014,1,NOUN+PART,,,,,13.52993106842041,88.77889251708984,2,0.0
2991272,of_modifier,High,strict,5414056,1,PROPN,,,,,8.166094779968262,36.8523063659668,1,0.5
2991273,of_modifier,Regional,strict,5424174,1,PROPN,,,,,5.11930513381958,35.88117599487305,1,0.5
2991274,of_modifier,Life 's Oldest,strict,5447368,1,NOUN+PART+ADJ,,,,,26.548616409301758,177.7592315673828,3,0.0
2991275,of_modifier,Jazz,strict,5505014,1,NOUN,,,,,2.9469902515411377,53.24403762817383,1,0.5
2991276,of_modifier,American Sign,strict,5510277,1,PROPN+PROPN,,,,,21.294130325317383,106.96580505371094,2,0.1909293769481893
2991277,of_modifier,Courtly,strict,5519670,1,ADV,,,,,7.582103729248047,44.9616584777832,1,0.0
2991278,of_modifier,UK Asylum,strict,5557437,1,PROPN+PROPN,,,,,20.261924743652344,123.4598617553711,2,0.5
2991279,of_modifier,Aboriginal,strict,5567199,1,ADJ,,,,,11.82754135131836,44.71976089477539,1,0.0
2991280,of_modifier,Noh,strict,5571497,1,PROPN,,,,,0.3017427325248718,51.22642135620117,1,0.5
2991281,of_modifier,Football,strict,5578127,1,PROPN,,,,,7.416491508483887,50.94314193725586,1,0.0
2991282,of_modifier,Georgian Country,strict,5596800,1,PROPN+PROPN,,,,,19.858753204345703,123.78597259521484,2,0.8132094074181925
2991283,of_modifier,Theme Park,strict,5663390,1,PROPN+PROPN,,,,,13.903523445129395,101.99284362792969,2,0.0
2991284,of_modifier,Business,strict,5665600,1,PROPN,,,,,11.612271308898926,46.59490203857422,1,0.0
2991285,of_modifier,Extraordinary Lady,strict,5698511,1,PROPN+PROPN,,,,,15.958829879760742,84.2594223022461,2,0.5
2991286,of_modifier,State - Sponsored,strict,5699687,1,NOUN+PUNCT+PROPN,,,,,15.591236114501953,176.19195556640625,3,0.5
2991287,of_modifier,Terence,strict,5705090,1,PROPN,,,,,5.221828460693359,37.37249755859375,1,0.5
2991288,of_modifier,Alternative Cancer,strict,5724132,1,PROPN+PROPN,,,,,18.0623722076416,131.25570678710938,2,0.0
2991289,of_modifier,Exclusion,strict,5733478,1,PROPN,,,,,9.924785614013672,40.06089782714844,1,0.0
2991290,of_modifier,Port Sanitary,strict,5738493,1,PROPN+PROPN,,,,,8.538653373718262,111.46072387695312,2,0.5
2991291,of_modifier,Métis,strict,5748355,1,PROPN,,,,,-1.680326223373413,79.06291961669922,1,0.5
2991292,of_modifier,U.S. -Saudi,strict,5803811,2,PROPN+PROPN,,,,,12.410444259643555,40.65589904785156,1,0.5
2991293,of_modifier,Legendary,strict,5839188,1,PROPN,,,,,6.941082000732422,28.983386993408203,1,0.0
2991294,of_modifier,Racist,strict,5839957,1,ADJ,,,,,11.206329345703125,58.88511657714844,1,0.5
2991295,of_modifier,America 's Constitutional,strict,5841532,1,PROPN+PART+PROPN,,,,,27.89035987854004,166.78579711914062,3,0.0
2991296,of_modifier,Ulysses,strict,5854655,1,PROPN,,,,,3.1451618671417236,40.44054412841797,1,0.6640478649032897
2991297,of_modifier,Michigan 's Mining,strict,5875831,1,PROPN+PART+PROPN,,,,,23.907329559326172,168.2921905517578,3,0.0
2991298,of_modifier,Unseen,strict,5889264,1,PROPN,,,,,11.2389554977417,50.1502685546875,1,0.0
2991299,of_modifier,America 's Public,strict,5909804,1,PROPN+PART+PROPN,,,,,30.551074981689453,181.79873657226562,3,0.5
2991300,of_modifier,Radical,strict,5949486,2,PROPN,,,,,7.665149211883545,62.07106018066406,1,0.5
2991301,of_modifier,agrarian,strict,5956429,1,ADJ,,,,,8.940468788146973,47.91136932373047,1,0.0
2991302,of_modifier,Decentered,strict,5966523,2,PROPN,,,,,,,,0.0
2991303,of_modifier,Quantum - Theoretical,strict,6016746,1,PROPN+PUNCT+PROPN,,,,,9.83038330078125,172.51553344726562,3,0.5
2991304,of_modifier,Written,strict,6049258,3,PROPN,,,,,5.406427383422852,32.93843460083008,1,0.0
2991305,of_modifier,Core,strict,6051937,1,ADJ,,,,,4.629611015319824,59.718875885009766,1,0.5
2991306,of_modifier,Concentration,strict,6061102,1,PROPN,,,,,8.898943901062012,43.507568359375,1,0.5
2991307,of_modifier,Modern Non /,strict,6082456,1,PROPN+PROPN+PROPN,,,,,18.78938865661621,146.57273864746094,3,0.5
2991308,of_modifier,Ridiculous Theatrical,strict,6086891,1,PROPN+PROPN,,,,,14.507392883300781,113.52146911621094,2,0.5
2991309,of_modifier,Tibet 's Oldest,strict,6096524,1,PROPN+PART+PROPN,,,,,19.149477005004883,155.23208618164062,3,0.5
2991310,of_modifier,Slave,strict,6118276,1,PROPN,,,,,9.42133617401123,53.248138427734375,1,0.5
2991311,of_modifier,Psychoanalytic,strict,6132953,1,PROPN,,,,,8.468868255615234,38.69528579711914,1,0.5
2991312,of_modifier,promiscuous,strict,6191612,1,ADJ,,,,,10.598164558410645,49.99961471557617,1,0.0
2991313,of_modifier,great Oregon,strict,6195237,1,ADJ+PROPN,,,,,16.653383255004883,90.21746826171875,2,0.10021768462078491
2991314,of_modifier,Self,strict,6222894,1,NOUN,,,,,8.783564567565918,39.18723678588867,1,0.0
2991315,of_modifier,Brazil 's Military,strict,6230780,1,PROPN+PART+PROPN,,,,,26.405380249023438,167.65106201171875,3,0.5
2991316,of_modifier,Little House,strict,6253343,2,PROPN+PROPN,,,,,18.7335205078125,97.10147857666016,2,0.5
2991317,of_modifier,Regenerative,strict,6257112,1,PROPN,,,,,4.66726016998291,44.819068908691406,1,0.7698088707371623
2991318,of_modifier,Legendary Wrecker,strict,6270039,1,PROPN+PROPN,,,,,6.9996657371521,91.59062194824219,2,0.0
2991319,of_modifier,solar,strict,6286789,1,ADJ,,,,,7.531062602996826,56.11149978637695,1,0.5101703285288599
2991320,of_modifier,Antarctic,strict,6321148,2,PROPN,,,,,3.2394561767578125,56.75690841674805,1,0.5
2991321,of_modifier,Biblical,strict,6334982,3,PROPN,,,,,10.559187889099121,36.02631759643555,1,0.0
2991322,of_modifier,Soft Power,strict,6461006,1,PROPN+PROPN,,,,,11.327340126037598,109.13670349121094,2,0.0
2991323,of_modifier,customary land,strict,6506230,1,ADJ+NOUN,,,,,17.812862396240234,94.6476058959961,2,0.0
2991324,of_modifier,Separate,strict,6524409,1,PROPN,,,,,8.430299758911133,46.45999526977539,1,0.5
2991325,of_modifier,Anglo - Saxon Church,strict,6560170,1,ADJ+PUNCT+PROPN+PROPN,,,,,24.469547271728516,285.810546875,4,0.5
2991326,of_modifier,eclogical,strict,6582684,1,ADJ,,,,,,,,0.0
2991327,of_modifier,modern lifestyle,strict,6602159,1,ADJ+NOUN,,,,,17.97290802001953,120.3774185180664,2,0.0
2991328,of_modifier,Pathological,strict,6605786,1,PROPN,,,,,7.041383266448975,57.37434387207031,1,0.5
2991329,of_modifier,Black Racial,strict,6628263,1,PROPN+PROPN,,,,,18.70841407775879,132.44593811035156,2,0.5
2991330,of_modifier,Vulnerability,strict,6628566,1,PROPN,,,,,8.401323318481445,37.71217727661133,1,0.5
2991331,of_modifier,African,strict,6635298,1,PROPN,,,,,12.261116981506348,42.844913482666016,1,0.5
2991332,of_modifier,Union,strict,6658945,1,PROPN,,,,,10.277647972106934,48.04755783081055,1,0.5
2991333,of_modifier,Faraway,strict,6661023,1,PROPN,,,,,8.658265113830566,33.250213623046875,1,0.0
2991334,of_modifier,Prolific American,strict,6663397,1,PROPN+PROPN,,,,,19.79037094116211,83.04772186279297,2,0.0
2991335,of_modifier,Noir,strict,6698224,1,PROPN,,,,,1.3427605628967285,62.72101593017578,1,0.0
2991336,of_modifier,Affordable,strict,6705476,2,PROPN,,,,,7.032162189483643,52.90053939819336,1,0.0
2991337,of_modifier,Pahlavi,strict,6725222,1,PROPN,,,,,1.8922115564346313,46.37974548339844,1,0.5
2991338,of_modifier,Modern Mental,strict,6726909,1,PROPN+PROPN,,,,,19.194730758666992,101.51924133300781,2,0.5
2991339,of_modifier,Mont Pelerin,strict,6730788,1,PROPN+PROPN,,,,,0.24346913397312164,79.1427230834961,1,0.0
2991340,of_modifier,Hebrew,strict,6740203,1,PROPN,,,,,8.2869234085083,48.842201232910156,1,0.5
2991341,of_modifier,Cold War,strict,6744165,1,PROPN+PROPN,,,,,21.678131103515625,108.82028198242188,2,0.5
2991342,of_modifier,Ethnographic,strict,6760088,1,PROPN,,,,,9.784255027770996,42.705257415771484,1,0.5
2991343,of_modifier,Long Nineteenth,strict,6771922,1,PROPN+PROPN,,,,,19.5947265625,90.81163787841797,2,0.5
2991344,of_modifier,Epic,strict,6828257,1,PROPN,,,,,6.586789131164551,44.826114654541016,1,0.0
2991345,of_modifier,New Political,strict,6945611,1,PROPN+PROPN,,,,,18.373411178588867,108.84951782226562,2,0.5
2991346,of_modifier,Infectious,strict,6960792,1,PROPN,,,,,10.87648868560791,60.566715240478516,1,0.5
2991347,of_modifier,Foreign,strict,7041508,1,ADJ,,,,,11.612271308898926,46.59490203857422,1,0.0
2991348,of_modifier,General,strict,7054812,2,PROPN,,,,,8.35905933380127,28.771934509277344,1,0.9679874601867442
2991349,of_modifier,French Surveillance,strict,7055615,1,ADJ+PROPN,,,,,15.22443675994873,95.61771392822266,2,0.5
2991350,of_modifier,brown queer,strict,7064053,1,ADJ+NOUN,,,,,9.841686248779297,121.51881408691406,2,0.0
2991351,of_modifier,Post - Genocide,strict,7088409,1,ADJ+ADJ+ADJ,,,,,16.15280532836914,155.90687561035156,3,0.5
2991352,of_modifier,Presidential Nomination,strict,7120586,1,PROPN+PROPN,,,,,9.989740371704102,98.2468490600586,2,0.5
2991353,of_modifier,King Philip 's,strict,7153152,1,PROPN+PROPN+PART,,,,,23.86362648010254,162.10693359375,3,0.5
2991354,of_modifier,Progressive,strict,7155399,1,PROPN,,,,,7.589969635009766,50.68624496459961,1,0.0
2991355,of_modifier,Irish,strict,7163166,1,PROPN,,,,,12.261116981506348,42.844913482666016,1,0.5
2991356,of_modifier,Sociable,strict,7249573,1,PROPN,,,,,3.458305835723877,42.47824478149414,1,0.0
2991357,of_modifier,Major American,strict,7252282,1,PROPN+PROPN,,,,,20.850723266601562,97.41607666015625,2,0.5
2991358,of_modifier,Classroom,strict,7253746,1,PROPN,,,,,2.1999645233154297,51.569915771484375,1,0.5
2991359,of_modifier,Nevada,strict,7305314,1,PROPN,,,,,8.902339935302734,50.21731185913086,1,0.0
2991360,of_modifier,College Admissions,strict,7315784,1,PROPN+PROPN,,,,,12.026073455810547,107.31934356689453,2,0.18326253240875467
2991361,of_modifier,TV,strict,7357206,1,NOUN,,,,,12.261116981506348,42.844913482666016,1,0.5
2991362,of_modifier,Billion - Dollar,strict,7398829,1,NUM+PUNCT+PROPN,,,,,16.57099151611328,229.4729461669922,3,0.0
2991363,of_modifier,New African,strict,7411551,1,ADJ+PROPN,,,,,19.623775482177734,106.03897094726562,2,0.5
2991364,of_modifier,Cotton,strict,7415605,1,PROPN,,,,,5.827617168426514,42.29013442993164,1,0.5
2991365,of_modifier,City,strict,7443131,1,PROPN,,,,,8.997790336608887,29.999736785888672,1,0.0
2991366,of_modifier,Global Economic,strict,7447536,1,PROPN+PROPN,,,,,23.812076568603516,147.19976806640625,2,0.5
2991367,of_modifier,Goby,strict,7477212,1,PROPN,,,,,4.423908233642578,55.91600799560547,1,0.5
2991368,of_modifier,Criminal Legal,strict,7518867,1,PROPN+PROPN,,,,,19.39680290222168,139.54708862304688,2,0.0
2991369,of_modifier,Film,strict,7544656,2,PROPN,,,,,6.586789131164551,44.826114654541016,1,0.0
2991370,of_modifier,Steam,strict,7572011,1,PROPN,,,,,4.282398700714111,60.42060852050781,1,0.5
2991371,of_modifier,Eclipse,strict,7605789,1,PROPN,,,,,6.113178730010986,55.01873016357422,1,0.5
2991372,of_modifier,America 's Food,strict,7616142,1,PROPN+PART+PROPN,,,,,27.33036231994629,191.5369415283203,3,0.9047048973778632
2991373,of_modifier,Project,strict,7635438,1,PROPN,,,,,8.648114204406738,31.5285701751709,1,0.0
2991374,of_modifier,High - Tech,strict,7636488,1,ADJ+PUNCT+NOUN,,,,,11.620949745178223,123.65581512451172,3,0.5
2991375,of_modifier,modern Chinese,strict,7644350,1,ADJ+ADJ,,,,,20.89107322692871,94.75031280517578,2,0.0
2991376,of_modifier,One,strict,7649598,1,NUM,,,,,10.231931686401367,30.091676712036133,1,0.0
2991377,of_modifier,Latin American,strict,7665604,1,ADJ+ADJ,,,,,17.578004837036133,141.4375,2,0.0
2991378,of_modifier,Great Atlantic,strict,7671168,1,PROPN+PROPN,,,,,16.653383255004883,90.21746826171875,2,0.0
2991379,of_modifier,Classical,strict,7792705,1,PROPN,,,,,7.029836654663086,44.44470977783203,1,0.5
2991380,of_modifier,British Neo - Romantic,strict,7795262,1,ADJ+PROPN+PUNCT+ADJ,,,,,25.002094268798828,214.53404235839844,4,0.0
2991381,of_modifier,Secret,strict,7798338,1,PROPN,,,,,11.39553165435791,47.13890075683594,1,0.35746405220273614
2991382,of_modifier,Knowledge,strict,7858227,1,PROPN,,,,,10.49670696258545,50.16355895996094,1,0.0
2991383,of_modifier,Hellenistic,strict,7905637,1,PROPN,,,,,3.3313255310058594,57.47163772583008,1,0.0
2991384,of_modifier,Global Cultural,strict,7919327,1,PROPN+PROPN,,,,,23.570980072021484,127.46548461914062,2,0.0
2991385,of_modifier,Community,strict,7924773,1,NOUN,,,,,8.648114204406738,31.5285701751709,1,0.5
2991386,of_modifier,Strategic,strict,7982146,1,PROPN,,,,,11.612271308898926,46.59490203857422,1,0.0
2991387,of_modifier,Romantic,strict,7991237,2,ADJ,,,,,5.1403703689575195,42.64476013183594,1,0.5
2991388,of_modifier,labor,strict,8011927,1,PROPN,,,,,10.14449691772461,50.6395149230957,1,0.12766631515584903
2991389,of_modifier,Video,strict,8012017,1,PROPN,,,,,5.448062896728516,47.336814880371094,1,0.5
2991390,of_modifier,Renewable,strict,8013627,1,ADJ,,,,,7.531062602996826,56.11149978637695,1,0.5
2991391,of_modifier,School,strict,8013668,1,PROPN,,,,,5.689662933349609,44.14180374145508,1,0.5
2991392,of_modifier,beautiful,strict,8043250,1,ADJ,,,,,7.751046180725098,31.157642364501953,1,0.4177495788764623
2991393,of_modifier,Habsburg,strict,8109705,2,PROPN,,,,,1.3968364000320435,55.79646301269531,1,0.0
2991394,of_modifier,New Business,strict,8185486,2,PROPN+PROPN,,,,,18.974929809570312,131.8436737060547,2,0.0
2991395,of_modifier,Hasidic,strict,8231117,1,ADJ,,,,,11.501493453979492,56.26241683959961,1,0.18326253240875467
2991396,of_modifier,Canada 's Cultural,strict,8233292,1,PROPN+PART+PROPN,,,,,27.41963768005371,186.27151489257812,3,0.5
2991397,of_modifier,New Social,strict,8260163,1,PROPN+PROPN,,,,,20.49774932861328,111.99298858642578,2,0.0
2991398,of_modifier,Dispute,strict,8291149,1,PROPN,,,,,8.832234382629395,46.60602951049805,1,0.5
2991399,of_modifier,Distance,strict,8295462,1,PROPN,,,,,7.656101226806641,45.02768325805664,1,0.0
2991400,of_modifier,Mobile,strict,8311097,1,PROPN,,,,,8.284200668334961,48.012535095214844,1,0.0
2991401,of_modifier,20th,strict,8363113,1,PROPN,,,,,-0.5694741606712341,53.29672622680664,1,0.5
2991402,of_modifier,Yoeme,strict,8383969,1,PROPN,,,,,,,,0.5
2991403,of_modifier,DNA 's Double,strict,8384090,1,PROPN+PART+PROPN,,,,,25.199827194213867,190.2980499267578,3,0.7654937065944847
2991404,of_modifier,Great War,strict,8395605,1,PROPN+PROPN,,,,,19.19724464416504,93.0930404663086,2,0.0
2991405,of_modifier,Conservative,strict,8424405,2,ADJ,,,,,8.555296897888184,51.001461029052734,1,0.5
2991406,of_modifier,Black Atlantic,strict,8506176,1,PROPN+PROPN,,,,,14.619891166687012,137.79595947265625,2,0.5
2991407,of_modifier,Science Fiction,strict,8515841,1,PROPN+PROPN,,,,,14.840384483337402,107.43054962158203,2,0.0
2991408,of_modifier,Arabic,strict,8565247,1,ADJ,,,,,6.462298393249512,62.22552490234375,1,0.5
2991409,of_modifier,Current,strict,8596927,1,PROPN,,,,,11.612271308898926,46.59490203857422,1,0.5
2991410,of_modifier,Roxie,strict,8614397,1,PROPN,,,,,-0.8000904321670532,49.78448486328125,1,0.5
2991411,of_modifier,Operation Market,strict,8626113,1,NOUN+PROPN,,,,,15.548064231872559,128.56556701660156,2,0.0
2991412,of_modifier,Twentieth,strict,8646432,1,PROPN,,,,,11.843679428100586,52.67760467529297,1,0.5
2991413,of_modifier,Grand,strict,8688758,1,PROPN,,,,,3.1571412086486816,50.916988372802734,1,0.0
2991414,of_modifier,Hindu,strict,8725174,1,ADJ,,,,,7.7324604988098145,59.878143310546875,1,0.0
2991415,of_modifier,Foreign Military,strict,8776381,1,PROPN+PROPN,,,,,22.28287696838379,116.87287139892578,2,0.5
2991416,of_modifier,Kennedy,strict,8787263,1,PROPN,,,,,7.466006278991699,42.00681686401367,1,0.5
2991417,of_modifier,Rock,strict,8793375,1,PROPN,,,,,9.243075370788574,44.03519058227539,1,0.0
2991418,of_modifier,Nam,strict,8806708,1,PROPN,,,,,3.7194862365722656,62.40080261230469,1,0.5
2991419,of_modifier,Logistical,strict,8838225,1,PROPN,,,,,6.741379261016846,46.364776611328125,1,0.5
2991420,of_modifier,Catastrophic Climate,strict,8868632,1,PROPN+PROPN,,,,,17.229591369628906,141.57254028320312,2,0.5
2991421,of_modifier,Finger,strict,8871437,1,PROPN,,,,,5.991404056549072,46.388729095458984,1,0.5
2991422,of_modifier,Heartless,strict,8880793,1,PROPN,,,,,7.721912384033203,44.095062255859375,1,0.08372670412044628
2991423,of_modifier,U.S. Multiracial,strict,8898000,1,PROPN+ADJ,,,,,17.073627471923828,106.24991607666016,2,0.5
2991424,of_modifier,Nure,strict,8912232,1,PROPN,,,,,,,,0.0
2991425,of_modifier,North,strict,8984895,1,PROPN,,,,,12.410444259643555,40.65589904785156,1,0.6251710520316641
2991426,of_modifier,lower,strict,9103177,1,ADJ,,,,,8.080708503723145,38.03434371948242,1,0.5
2991427,of_modifier,International Criminal,strict,9115726,1,PROPN+PROPN,,,,,22.176837921142578,148.24472045898438,2,0.0
2991428,of_modifier,Modern Entertainment,strict,9150036,1,PROPN+PROPN,,,,,14.061942100524902,90.97943115234375,2,0.5
2991429,of_modifier,Museum,strict,9197531,1,PROPN,,,,,6.336804389953613,36.10826873779297,1,0.0
2991430,of_modifier,technical,strict,9268647,1,ADJ,,,,,8.284200668334961,48.012535095214844,1,0.5
2991431,of_modifier,Boston,strict,9368639,2,PROPN,,,,,8.902339935302734,50.21731185913086,1,0.0
2991432,of_modifier,' 60s Counter -,strict,9397281,1,NOUN+NOUN+PROPN+PROPN,,,,,16.738065719604492,214.74197387695312,4,0.8255808258342053
2991433,of_modifier,Enhancement,strict,9402378,1,ADJ,,,,,6.593052387237549,41.50443649291992,1,0.5
2991434,of_modifier,Third - Way,strict,9427367,1,ADJ+PUNCT+PROPN,,,,,19.614013671875,161.4552764892578,3,0.0
2991435,of_modifier,Neutral,strict,9427801,1,PROPN,,,,,10.149031639099121,42.84926223754883,1,0.0
2991436,of_modifier,Municipal,strict,9457370,1,PROPN,,,,,10.657025337219238,54.1787109375,1,0.5
2991437,of_modifier,Epistemic,strict,9490295,1,PROPN,,,,,1.5270756483078003,66.96223449707031,1,0.0
2991438,of_modifier,Eighteenth - Century European,strict,9533185,1,PROPN+PUNCT+PROPN+PROPN,,,,,30.862123489379883,206.15818786621094,4,0.5
2991439,of_modifier,Organized,strict,9549263,1,PROPN,,,,,5.11930513381958,35.88117599487305,1,0.0
2991440,of_modifier,Blessed,strict,9584090,1,ADJ,,,,,9.328327178955078,45.41648483276367,1,0.5
2991441,of_modifier,Modern Imperial,strict,9631569,1,PROPN+PROPN,,,,,20.473636627197266,117.3304443359375,2,0.0
2991442,of_modifier,Price,strict,9663693,1,NOUN,,,,,6.848499774932861,44.372066497802734,1,0.0
2991443,of_modifier,Great Western,strict,9718133,1,ADJ+PROPN,,,,,20.012161254882812,86.76580810546875,2,0.0
2991444,of_modifier,Joint,strict,9775838,1,PROPN,,,,,6.741379261016846,46.364776611328125,1,0.5
2991445,of_modifier,Art,strict,9787737,1,NOUN,,,,,8.572507858276367,49.98180389404297,1,0.5
2991446,of_modifier,Analogue,strict,9977219,1,PROPN,,,,,6.534079074859619,52.805198669433594,1,0.5
2991447,of_modifier,Augustinian,strict,9978001,1,ADJ,,,,,-0.6290022134780884,77.05754089355469,1,0.0
2991448,of_modifier,Ugandan,strict,9993242,1,PROPN,,,,,2.5254621505737305,44.376644134521484,1,0.5
2991449,of_modifier,Early Christian,strict,10015594,1,ADJ+PROPN,,,,,19.31726837158203,84.92829895019531,2,0.0
2991450,of_modifier,United Arab,strict,10042355,1,PROPN+PROPN,,,,,21.360742568969727,137.03843688964844,2,0.5
2991451,of_modifier,Architectural,strict,10052787,1,PROPN,,,,,8.284200668334961,48.012535095214844,1,0.5
2991452,of_modifier,Practical,strict,10176304,1,ADJ,,,,,8.579001426696777,40.09633255004883,1,0.5
2991453,of_modifier,Northern Hunting,strict,10187013,1,PROPN+PROPN,,,,,13.782292366027832,105.70580291748047,2,0.0
2991454,of_modifier,Border,strict,10192709,1,PROPN,,,,,7.916196346282959,53.422943115234375,1,0.0
2991455,of_modifier,Emirati,strict,10305530,1,PROPN,,,,,1.8047454357147217,74.41041564941406,1,0.0
2991456,of_modifier,Printed,strict,10345313,1,PROPN,,,,,6.6469573974609375,47.00249481201172,1,0.5
2991457,of_modifier,US - Canada,strict,10437900,1,PROPN+PUNCT+PROPN,,,,,16.93827247619629,166.51808166503906,3,0.5
2991458,of_modifier,Purpose - A,strict,10445852,1,NOUN+PUNCT+PROPN,,,,,17.943069458007812,103.73724365234375,3,0.0
2991459,of_modifier,Tudor,strict,10501951,1,PROPN,,,,,1.1744884252548218,75.19523620605469,1,0.5
2991460,of_modifier,German,strict,10566777,1,PROPN,,,,,8.2869234085083,48.842201232910156,1,0.5
2991461,of_modifier,Monotheistic,strict,10572744,1,PROPN,,,,,9.583370208740234,50.689388275146484,1,0.5
2991462,of_modifier,American Sports,strict,10599503,1,PROPN+PROPN,,,,,19.6776065826416,126.85963439941406,2,0.0
2991463,of_modifier,Nicene,strict,10613344,1,PROPN,,,,,1.2119370698928833,77.50403594970703,1,0.5
2991464,of_modifier,civil rights,strict,10626102,1,ADJ+NOUN,,,,,17.66446876525879,186.4241180419922,2,0.04322569350500534
2991465,of_modifier,Strategic Defense,strict,10635388,1,PROPN+PROPN,,,,,20.484834671020508,107.76980590820312,2,0.0
2991466,of_modifier,Multiple Minority,strict,10653877,1,ADJ+PROPN,,,,,19.61331558227539,116.37952423095703,2,0.0
2991467,of_modifier,Unconscious,strict,10655037,1,PROPN,,,,,8.175663948059082,43.57138442993164,1,0.0
2991468,of_modifier,British Foreign,strict,10681092,1,PROPN+PROPN,,,,,23.873388290405273,114.59123992919922,2,0.5
2991469,of_modifier,Sports,strict,10709401,1,PROPN,,,,,7.416491508483887,50.94314193725586,1,0.0
2991470,of_modifier,open,strict,10735387,1,ADJ,,,,,8.551983833312988,38.71641540527344,1,0.0
2991471,of_modifier,Ivy,strict,10766843,1,PROPN,,,,,5.736818313598633,46.040000915527344,1,0.0
2991472,of_modifier,Minneapolis,strict,10767462,1,PROPN,,,,,8.902339935302734,50.21731185913086,1,0.0
2991473,of_modifier,Greek Epic,strict,10806224,1,PROPN+PROPN,,,,,14.873714447021484,113.29759979248047,2,0.0
2991474,of_modifier,Quantum,strict,10944318,1,PROPN,,,,,2.172725200653076,64.05809020996094,1,0.6274919882309908
2991475,of_head,Atlantic,strict,1225,2,PROPN,,,,,8.902339935302734,50.21731185913086,1,0.47712125471966244
2991476,of_head,golf,strict,1704,6,NOUN,,,,,8.902339935302734,50.21731185913086,1,0.8450980400142568
2991477,of_head,institutions,strict,2619,1,NOUN,,,,,11.612271308898926,46.59490203857422,1,0.3010299956639812
2991478,of_head,lands,strict,3192,4,NOUN,,,,,8.459431648254395,50.067996978759766,1,0.6989700043360189
2991479,of_head,identity,strict,4962,38,NOUN,,,,,8.544966697692871,46.9934196472168,1,1.591064607026499
2991480,of_head,production,strict,6255,7,NOUN,,,,,7.250220775604248,34.5843505859375,1,0.9030899869919435
2991481,of_head,revolution,strict,6816,24,NOUN,,,,,13.476513862609863,55.33617401123047,1,1.3979400086720377
2991482,of_head,television,strict,8459,1,NOUN,,,,,5.00118350982666,47.213134765625,1,0.3010299956639812
2991483,of_head,democracy,strict,8866,25,NOUN,,,,,13.476513862609863,55.33617401123047,1,1.414973347970818
2991484,of_head,policy,strict,17199,14,NOUN,,,,,11.025141716003418,44.61692810058594,1,1.1760912590556813
2991485,of_head,War,strict,17746,62,PROPN,,,,,11.446199417114258,48.879825592041016,1,1.7993405494535817
2991486,of_head,class,strict,18032,8,NOUN,,,,,5.689662933349609,44.14180374145508,1,0.9542425094393249
2991487,of_head,property,strict,20181,2,NOUN,,,,,7.389176845550537,60.354835510253906,1,0.47712125471966244
2991488,of_head,computing,strict,20484,2,NOUN,,,,,8.430299758911133,46.45999526977539,1,0.47712125471966244
2991489,of_head,judgment,strict,21707,2,NOUN,,,,,9.262513160705566,35.74920654296875,1,0.47712125471966244
2991490,of_head,conservation,strict,22811,2,NOUN,,,,,7.105957508087158,58.827510833740234,1,0.47712125471966244
2991491,of_head,trust,strict,23455,2,NOUN,,,,,9.90159797668457,44.32664108276367,1,0.47712125471966244
2991492,of_head,learning,strict,26115,3,NOUN,,,,,8.572507858276367,49.98180389404297,1,0.6020599913279624
2991493,of_head,Cross,strict,33178,2,PROPN,,,,,4.182131767272949,52.199832916259766,1,0.47712125471966244
2991494,of_head,possibilities,strict,45865,1,NOUN,,,,,7.8401360511779785,39.53892517089844,1,0.3010299956639812
2991495,of_head,chemistry,strict,344003,3,NOUN,,,,,8.788297653198242,52.50257110595703,1,0.6020599913279624
2991496,of_head,land,strict,351226,2,NOUN,,,,,8.940468788146973,47.91136932373047,1,0.47712125471966244
2991497,of_head,authority,strict,382967,4,NOUN,,,,,10.559187889099121,36.02631759643555,1,0.6989700043360189
2991498,of_head,strategy,strict,434087,2,NOUN,,,,,10.166106224060059,42.803829193115234,1,0.47712125471966244
2991499,of_head,city,strict,436685,6,NOUN,,,,,8.997790336608887,29.999736785888672,1,0.8450980400142568
2991500,of_head,symbol,strict,464248,2,NOUN,,,,,12.671688079833984,43.21925354003906,1,0.47712125471966244
2991501,of_head,fractions,strict,499093,2,NOUN,,,,,6.989302158355713,39.67915344238281,1,0.47712125471966244
2991502,of_head,capitalism,strict,531325,11,NOUN,,,,,13.476513862609863,55.33617401123047,1,1.0791812460476249
2991503,of_head,tragedy,strict,534232,1,NOUN,,,,,9.160988807678223,42.94102096557617,1,0.3010299956639812
2991504,of_head,analysis,strict,541416,3,NOUN,,,,,8.73973560333252,44.59733200073242,1,0.6020599913279624
2991505,of_head,reform,strict,571814,3,NOUN,,,,,10.38773250579834,44.682342529296875,1,0.6020599913279624
2991506,of_head,settings,strict,615054,2,NOUN,,,,,7.8401360511779785,39.53892517089844,1,0.47712125471966244
2991507,of_head,area,strict,617581,2,NOUN,,,,,8.080708503723145,38.03434371948242,1,0.47712125471966244
2991508,of_head,trade,strict,644964,4,NOUN,,,,,7.81279993057251,46.476478576660156,1,0.6989700043360189
2991509,of_head,industry,strict,693545,9,NOUN,,,,,6.511479377746582,45.45928192138672,1,1.0
2991510,of_head,Greece,strict,707420,5,PROPN,,,,,9.206412315368652,42.069915771484375,1,0.7781512503836436
2991511,of_head,nationality,strict,709791,2,NOUN,,,,,11.183015823364258,54.1860466003418,1,0.47712125471966244
2991512,of_head,structure,strict,737419,1,NOUN,,,,,8.430299758911133,46.45999526977539,1,0.3010299956639812
2991513,of_head,source,strict,740073,2,NOUN,,,,,3.549006700515747,39.28120803833008,1,0.47712125471966244
2991514,of_head,Community,strict,752125,13,PROPN,,,,,8.648114204406738,31.5285701751709,1,1.146128035678238
2991515,of_head,alcoholics,strict,755961,2,NOUN,,,,,7.634280681610107,46.240325927734375,1,0.47712125471966244
2991516,of_head,relations,strict,766021,18,NOUN,,,,,8.62929630279541,55.44069290161133,1,1.2787536009528289
2991517,of_head,state,strict,775058,31,NOUN,,,,,10.657025337219238,54.1787109375,1,1.505149978319906
2991518,of_head,fiction,strict,782571,2,NOUN,,,,,6.052086353302002,44.8929328918457,1,0.47712125471966244
2991519,of_head,research,strict,804685,3,NOUN,,,,,8.73973560333252,44.59733200073242,1,0.6020599913279624
2991520,of_head,supply,strict,812885,4,NOUN,,,,,9.029231071472168,48.27568817138672,1,0.6989700043360189
2991521,of_head,liberalism,strict,832115,5,NOUN,,,,,13.476513862609863,55.33617401123047,1,0.7781512503836436
2991522,of_head,prose,strict,849990,3,NOUN,,,,,5.1403703689575195,42.64476013183594,1,0.6020599913279624
2991523,of_head,West,strict,851169,10,PROPN,,,,,12.410444259643555,40.65589904785156,1,1.0413926851582251
2991524,of_head,Israel,strict,884962,5,PROPN,,,,,10.72344970703125,51.04301834106445,1,0.7781512503836436
2991525,of_head,narrative,strict,892534,6,NOUN,,,,,6.052086353302002,44.8929328918457,1,0.8450980400142568
2991526,of_head,career,strict,917338,2,NOUN,,,,,7.1888885498046875,48.486881256103516,1,0.47712125471966244
2991527,of_head,School,strict,966158,1,PROPN,,,,,5.689662933349609,44.14180374145508,1,0.3010299956639812
2991528,of_head,discourse,strict,1003577,7,NOUN,,,,,8.468868255615234,38.69528579711914,1,0.9030899869919435
2991529,of_head,attachment,strict,1004967,4,NOUN,,,,,8.891422271728516,41.170501708984375,1,0.6989700043360189
2991530,of_head,landscape,strict,1005198,6,NOUN,,,,,8.940468788146973,47.91136932373047,1,0.8450980400142568
2991531,of_head,people,strict,1005301,5,NOUN,,,,,11.82754135131836,44.71976089477539,1,0.7781512503836436
2991532,of_head,physics,strict,1006705,2,NOUN,,,,,6.9779791831970215,37.46572494506836,1,0.47712125471966244
2991533,of_head,diversity,strict,1007181,1,NOUN,,,,,7.8286356925964355,44.98299026489258,1,0.3010299956639812
2991534,of_head,poetry,strict,1038765,5,NOUN,,,,,9.865217208862305,38.96550750732422,1,0.7781512503836436
2991535,of_head,capital,strict,1048351,3,NOUN,,,,,11.612271308898926,46.59490203857422,1,0.6020599913279624
2991536,of_head,ideology,strict,1050662,5,NOUN,,,,,9.583370208740234,50.689388275146484,1,0.7781512503836436
2991537,of_head,security,strict,1051207,6,NOUN,,,,,10.189212799072266,45.36454391479492,1,0.8450980400142568
2991538,of_head,life,strict,1091548,27,NOUN,,,,,12.671688079833984,43.21925354003906,1,1.4471580313422192
2991539,of_head,constitutionalism,strict,1091775,3,NOUN,,,,,7.359644889831543,50.83885192871094,1,0.6020599913279624
2991540,of_head,Testament,strict,1122586,1,PROPN,,,,,12.671688079833984,43.21925354003906,1,0.3010299956639812
2991541,of_head,nomination,strict,1122898,1,NOUN,,,,,5.301374435424805,46.514549255371094,1,0.3010299956639812
2991542,of_head,politics,strict,1128514,31,NOUN,,,,,12.990863800048828,54.486534118652344,1,1.505149978319906
2991543,of_head,family,strict,1132176,3,NOUN,,,,,5.122786045074463,33.64056396484375,1,0.6020599913279624
2991544,of_head,defense,strict,1135204,1,NOUN,,,,,8.87256145477295,41.689125061035156,1,0.3010299956639812
2991545,of_head,culture,strict,1140073,40,NOUN,,,,,11.82754135131836,44.71976089477539,1,1.6127838567197355
2991546,of_head,order,strict,1141131,8,NOUN,,,,,6.848499774932861,44.372066497802734,1,0.9542425094393249
2991547,of_head,economy,strict,1142356,13,NOUN,,,,,12.068635940551758,46.591400146484375,1,1.146128035678238
2991548,of_head,change,strict,1156217,9,NOUN,,,,,9.236090660095215,39.4673957824707,1,1.0
2991549,of_head,opposition,strict,1165200,1,NOUN,,,,,9.865217208862305,38.96550750732422,1,0.3010299956639812
2991550,of_head,economics,strict,1166566,1,NOUN,,,,,13.476513862609863,55.33617401123047,1,0.3010299956639812
2991551,of_head,education,strict,1175040,29,NOUN,,,,,8.621251106262207,41.60310745239258,1,1.4771212547196624
2991552,of_head,drama,strict,1175799,2,NOUN,,,,,5.00118350982666,47.213134765625,1,0.47712125471966244
2991553,of_head,Waterway,strict,1176031,1,PROPN,,,,,4.178037643432617,57.37908172607422,1,0.3010299956639812
2991554,of_head,cultures,strict,1186372,7,NOUN,,,,,11.82754135131836,44.71976089477539,1,0.9030899869919435
2991555,of_head,empire,strict,1189069,15,NOUN,,,,,11.446199417114258,48.879825592041016,1,1.2041199826559248
2991556,of_head,region,strict,1190000,2,NOUN,,,,,8.080708503723145,38.03434371948242,1,0.47712125471966244
2991557,of_head,Indians,strict,1197257,3,PROPN,,,,,9.545060157775879,50.890689849853516,1,0.6020599913279624
2991558,of_head,Party,strict,1200447,3,PROPN,,,,,8.997790336608887,29.999736785888672,1,0.6020599913279624
2991559,of_head,feminism,strict,1225717,4,NOUN,,,,,9.720356941223145,51.12865447998047,1,0.6989700043360189
2991560,of_head,supremacy,strict,1230539,3,NOUN,,,,,9.067355155944824,49.79454803466797,1,0.6020599913279624
2991561,of_head,capability,strict,1231105,2,NOUN,,,,,5.824031352996826,34.70844650268555,1,0.47712125471966244
2991562,of_head,Left,strict,1245006,1,PROPN,,,,,9.124324798583984,36.27510452270508,1,0.3010299956639812
2991563,of_head,studies,strict,1269775,9,NOUN,,,,,8.73973560333252,44.59733200073242,1,1.0
2991564,of_head,communism,strict,1282168,2,NOUN,,,,,13.476513862609863,55.33617401123047,1,0.47712125471966244
2991565,of_head,kinds,strict,1283132,2,NOUN,,,,,5.416871070861816,44.87833786010742,1,0.47712125471966244
2991566,of_head,Molloy,strict,1283671,3,PROPN,,,,,3.1451618671417236,40.44054412841797,1,0.6020599913279624
2991567,of_head,branch,strict,1287127,2,NOUN,,,,,9.268821716308594,47.808570861816406,1,0.47712125471966244
2991568,of_head,Protestantism,strict,1287535,2,PROPN,,,,,9.583370208740234,50.689388275146484,1,0.47712125471966244
2991569,of_head,America,strict,1327291,36,PROPN,,,,,12.410444259643555,40.65589904785156,1,1.568201724066995
2991570,of_head,law,strict,1330809,20,NOUN,,,,,10.657025337219238,54.1787109375,1,1.3222192947339193
2991571,of_head,ethics,strict,1340796,2,NOUN,,,,,10.38773250579834,44.682342529296875,1,0.47712125471966244
2991572,of_head,schooling,strict,1341202,1,NOUN,,,,,3.1318094730377197,51.847557067871094,1,0.3010299956639812
2991573,of_head,value,strict,1342493,9,NOUN,,,,,6.848499774932861,44.372066497802734,1,1.0
2991574,of_head,subject,strict,1375197,7,NOUN,,,,,8.35905933380127,28.771934509277344,1,0.9030899869919435
2991575,of_head,thought,strict,1379726,5,NOUN,,,,,10.231931686401367,30.091676712036133,1,0.7781512503836436
2991576,of_head,town,strict,1380680,3,NOUN,,,,,6.507734298706055,46.41151809692383,1,0.6020599913279624
2991577,of_head,republic,strict,1380750,3,NOUN,,,,,12.410444259643555,40.65589904785156,1,0.6020599913279624
2991578,of_head,journalism,strict,1383659,3,NOUN,,,,,9.865217208862305,38.96550750732422,1,0.6020599913279624
2991579,of_head,past,strict,1383717,4,NOUN,,,,,10.144980430603027,30.248416900634766,1,0.6989700043360189
2991580,of_head,cities,strict,1385744,8,NOUN,,,,,8.459431648254395,50.067996978759766,1,0.9542425094393249
2991581,of_head,diaspora,strict,1388106,3,NOUN,,,,,11.743439674377441,51.34877395629883,1,0.6020599913279624
2991582,of_head,self,strict,1391536,4,NOUN,,,,,8.783564567565918,39.18723678588867,1,0.6989700043360189
2991583,of_head,football,strict,1395365,8,NOUN,,,,,7.416491508483887,50.94314193725586,1,0.9542425094393249
2991584,of_head,happiness,strict,1395452,2,NOUN,,,,,8.783564567565918,39.18723678588867,1,0.47712125471966244
2991585,of_head,children,strict,1396760,2,NOUN,,,,,10.188642501831055,52.47013854980469,1,0.47712125471966244
2991586,of_head,Age,strict,1398220,12,PROPN,,,,,8.179295539855957,48.17508316040039,1,1.1139433523068367
2991587,of_head,franchise,strict,1408574,2,NOUN,,,,,7.36265754699707,42.88561248779297,1,0.47712125471966244
2991588,of_head,alliance,strict,1429504,2,NOUN,,,,,9.90159797668457,44.32664108276367,1,0.47712125471966244
2991589,of_head,ideas,strict,1430388,3,NOUN,,,,,8.468868255615234,38.69528579711914,1,0.6020599913279624
2991590,of_head,elite,strict,1431616,1,NOUN,,,,,9.91675090789795,49.74532699584961,1,0.3010299956639812
2991591,of_head,modernism,strict,1435158,3,NOUN,,,,,9.583370208740234,50.689388275146484,1,0.6020599913279624
2991592,of_head,model,strict,1445808,2,NOUN,,,,,7.893296718597412,38.36292266845703,1,0.47712125471966244
2991593,of_head,revivalism,strict,1447856,2,NOUN,,,,,9.583370208740234,50.689388275146484,1,0.47712125471966244
2991594,of_head,problem,strict,1448063,4,NOUN,,,,,10.231931686401367,30.091676712036133,1,0.6989700043360189
2991595,of_head,autonomy,strict,1448651,1,NOUN,,,,,10.38773250579834,44.682342529296875,1,0.3010299956639812
2991596,of_head,integrity,strict,1451930,2,NOUN,,,,,9.455662727355957,40.657257080078125,1,0.47712125471966244
2991597,of_head,pope,strict,1492607,2,NOUN,,,,,11.303386688232422,49.454193115234375,1,0.47712125471966244
2991598,of_head,youth,strict,1497385,6,NOUN,,,,,12.837247848510742,52.166324615478516,1,0.8450980400142568
2991599,of_head,dream,strict,1505346,12,NOUN,,,,,8.100040435791016,31.874900817871094,1,1.1139433523068367
2991600,of_head,conflict,strict,1506061,5,NOUN,,,,,12.837247848510742,52.166324615478516,1,0.7781512503836436
2991601,of_head,American,strict,1513722,2,PROPN,,,,,12.261116981506348,42.844913482666016,1,0.47712125471966244
2991602,of_head,criminals,strict,1529075,3,NOUN,,,,,10.727307319641113,56.616424560546875,1,0.6020599913279624
2991603,of_head,century,strict,1536172,6,NOUN,,,,,7.124492645263672,30.612119674682617,1,0.8450980400142568
2991604,of_head,society,strict,1547585,18,NOUN,,,,,12.671688079833984,43.21925354003906,1,1.2787536009528289
2991605,of_head,art,strict,1555879,8,NOUN,,,,,8.572507858276367,49.98180389404297,1,0.9542425094393249
2991606,of_head,polling,strict,1557265,2,NOUN,,,,,4.6883649826049805,46.89640426635742,1,0.47712125471966244
2991607,of_head,Riviera,strict,1560342,1,NOUN,,,,,6.723663806915283,61.11823272705078,1,0.3010299956639812
2991608,of_head,economies,strict,1566144,7,NOUN,,,,,8.888150215148926,46.892818450927734,1,0.9030899869919435
2991609,of_head,nationalism,strict,1581372,8,NOUN,,,,,11.843679428100586,52.67760467529297,1,0.9542425094393249
2991610,of_head,power,strict,1584127,9,NOUN,,,,,7.681477069854736,45.9267692565918,1,1.0
2991611,of_head,tale,strict,1591289,1,NOUN,,,,,6.052086353302002,44.8929328918457,1,0.3010299956639812
2991612,of_head,agreement,strict,1592082,2,NOUN,,,,,8.161507606506348,47.309085845947266,1,0.47712125471966244
2991613,of_head,finance,strict,1593644,6,NOUN,,,,,11.612271308898926,46.59490203857422,1,0.8450980400142568
2991614,of_head,chymistry,strict,1595682,3,NOUN,,,,,,,,0.6020599913279624
2991615,of_head,teens,strict,1596583,2,NOUN,,,,,4.612487316131592,58.74465560913086,1,0.47712125471966244
2991616,of_head,chair,strict,1599195,2,NOUN,,,,,7.781919479370117,52.57719802856445,1,0.47712125471966244
2991617,of_head,monarchy,strict,1604433,6,NOUN,,,,,11.843679428100586,52.67760467529297,1,0.8450980400142568
2991618,of_head,intelligence,strict,1607455,4,NOUN,,,,,10.49670696258545,50.16355895996094,1,0.6989700043360189
2991619,of_head,nation,strict,1607828,9,NOUN,,,,,9.054142951965332,51.40907669067383,1,1.0
2991620,of_head,nostalgia,strict,1610999,3,NOUN,,,,,9.044639587402344,45.36733627319336,1,0.6020599913279624
2991621,of_head,scholarship,strict,1611451,2,NOUN,,,,,8.713518142700195,33.33462905883789,1,0.47712125471966244
2991622,of_head,warfare,strict,1618740,3,NOUN,,,,,10.670605659484863,50.71723937988281,1,0.6020599913279624
2991623,of_head,girls,strict,1619210,1,NOUN,,,,,7.287382125854492,65.34536743164062,1,0.3010299956639812
2991624,of_head,suffering,strict,1619640,3,NOUN,,,,,8.114456176757812,40.34502029418945,1,0.6020599913279624
2991625,of_head,activism,strict,1619887,4,NOUN,,,,,12.990863800048828,54.486534118652344,1,0.6989700043360189
2991626,of_head,science,strict,1621909,7,NOUN,,,,,8.788297653198242,52.50257110595703,1,0.9030899869919435
2991627,of_head,civilisation,strict,1633855,1,NOUN,,,,,11.282825469970703,46.206382751464844,1,0.3010299956639812
2991628,of_head,Challenge,strict,1636332,1,PROPN,,,,,9.984759330749512,44.496517181396484,1,0.3010299956639812
2991629,of_head,minority,strict,1637242,3,NOUN,,,,,11.183015823364258,54.1860466003418,1,0.6020599913279624
2991630,of_head,communities,strict,1641601,2,NOUN,,,,,11.82754135131836,44.71976089477539,1,0.47712125471966244
2991631,of_head,soul,strict,1651390,4,NOUN,,,,,12.671688079833984,43.21925354003906,1,0.6989700043360189
2991632,of_head,consciousness,strict,1652615,8,NOUN,,,,,12.671688079833984,43.21925354003906,1,0.9542425094393249
2991633,of_head,commodity,strict,1653980,2,NOUN,,,,,8.969389915466309,42.57829666137695,1,0.47712125471966244
2991634,of_head,toxicology,strict,1656562,2,NOUN,,,,,6.2931623458862305,55.22978591918945,1,0.47712125471966244
2991635,of_head,coast,strict,1658139,1,NOUN,,,,,7.319687843322754,56.63056182861328,1,0.3010299956639812
2991636,of_head,epics,strict,1659692,2,NOUN,,,,,5.1403703689575195,42.64476013183594,1,0.47712125471966244
2991637,of_head,rights,strict,1659989,6,NOUN,,,,,8.832234382629395,46.60602951049805,1,0.8450980400142568
2991638,of_head,Lincoln,strict,1664866,2,PROPN,,,,,8.902339935302734,50.21731185913086,1,0.47712125471966244
2991639,of_head,Warner,strict,1665651,4,PROPN,,,,,5.989782810211182,37.13997268676758,1,0.6989700043360189
2991640,of_head,film,strict,1671057,4,NOUN,,,,,6.586789131164551,44.826114654541016,1,0.6989700043360189
2991641,of_head,disintegration,strict,1686623,2,NOUN,,,,,6.517256736755371,47.6385612487793,1,0.47712125471966244
2991642,of_head,societies,strict,1698391,7,NOUN,,,,,11.82754135131836,44.71976089477539,1,0.9030899869919435
2991643,of_head,partnership,strict,1709685,4,NOUN,,,,,7.348556995391846,40.71460723876953,1,0.6989700043360189
2991644,of_head,book,strict,1710025,2,NOUN,,,,,4.832143306732178,43.927913665771484,1,0.47712125471966244
2991645,of_head,Britons,strict,1715651,2,PROPN,,,,,8.241799354553223,43.86177062988281,1,0.47712125471966244
2991646,of_head,health,strict,1716252,5,NOUN,,,,,10.87648868560791,60.566715240478516,1,0.7781512503836436
2991647,of_head,Orientalism,strict,1718252,2,PROPN,,,,,5.349728584289551,51.18695068359375,1,0.47712125471966244
2991648,of_head,borderlands,strict,1720212,5,NOUN,,,,,2.289508104324341,72.77323913574219,1,0.7781512503836436
2991649,of_head,South,strict,1722995,5,PROPN,,,,,12.410444259643555,40.65589904785156,1,0.7781512503836436
2991650,of_head,world,strict,1726369,25,NOUN,,,,,12.671688079833984,43.21925354003906,1,1.414973347970818
2991651,of_head,madrigal,strict,1728134,1,NOUN,,,,,1.0889326333999634,48.80263137817383,1,0.3010299956639812
2991652,of_head,theory,strict,1730705,8,NOUN,,,,,8.35905933380127,28.771934509277344,1,0.9542425094393249
2991653,of_head,union,strict,1736485,7,NOUN,,,,,10.277647972106934,48.04755783081055,1,0.9030899869919435
2991654,of_head,reader,strict,1744997,1,NOUN,,,,,3.551649332046509,37.98995590209961,1,0.3010299956639812
2991655,of_head,flight,strict,1750689,1,NOUN,,,,,7.032162189483643,52.90053939819336,1,0.3010299956639812
2991656,of_head,College,strict,1754858,2,PROPN,,,,,5.689662933349609,44.14180374145508,1,0.47712125471966244
2991657,of_head,commons,strict,1764069,1,NOUN,,,,,0.26672032475471497,61.436092376708984,1,0.3010299956639812
2991658,of_head,humanism,strict,1770788,2,NOUN,,,,,9.583370208740234,50.689388275146484,1,0.47712125471966244
2991659,of_head,oil,strict,1774547,2,NOUN,,,,,8.667152404785156,52.379146575927734,1,0.47712125471966244
2991660,of_head,manufacturing,strict,1777846,2,NOUN,,,,,7.36265754699707,42.88561248779297,1,0.47712125471966244
2991661,of_head,space,strict,1778984,15,NOUN,,,,,8.430299758911133,46.45999526977539,1,1.2041199826559248
2991662,of_head,Seal,strict,1781517,2,PROPN,,,,,5.068427562713623,55.52614974975586,1,0.47712125471966244
2991663,of_head,origins,strict,1783205,1,NOUN,,,,,10.081859588623047,57.12111282348633,1,0.3010299956639812
2991664,of_head,psychology,strict,1784629,2,NOUN,,,,,8.788297653198242,52.50257110595703,1,0.47712125471966244
2991665,of_head,ciphers,strict,1785672,1,NOUN,,,,,0.7742710709571838,53.45812225341797,1,0.3010299956639812
2991666,of_head,Japan,strict,1786488,3,PROPN,,,,,9.206412315368652,42.069915771484375,1,0.6020599913279624
2991667,of_head,values,strict,1790880,5,NOUN,,,,,6.66436243057251,39.60496520996094,1,0.7781512503836436
2991668,of_head,Armenians,strict,1802925,2,PROPN,,,,,4.932858467102051,62.59038162231445,1,0.47712125471966244
2991669,of_head,incident,strict,1806221,2,NOUN,,,,,6.310726165771484,41.467384338378906,1,0.47712125471966244
2991670,of_head,prehistory,strict,1817798,1,NOUN,,,,,3.153480052947998,51.33773422241211,1,0.3010299956639812
2991671,of_head,Tour,strict,1823213,2,PROPN,,,,,4.19248104095459,48.129432678222656,1,0.47712125471966244
2991672,of_head,planet,strict,1825538,2,NOUN,,,,,12.671688079833984,43.21925354003906,1,0.47712125471966244
2991673,of_head,antiquity,strict,1828150,2,NOUN,,,,,11.282825469970703,46.206382751464844,1,0.47712125471966244
2991674,of_head,Germany,strict,1829277,3,PROPN,,,,,12.410444259643555,40.65589904785156,1,0.6020599913279624
2991675,of_head,internationalism,strict,1829860,3,NOUN,,,,,11.843679428100586,52.67760467529297,1,0.6020599913279624
2991676,of_head,grownup,strict,1830493,1,NOUN,,,,,3.1002233028411865,46.79072189331055,1,0.3010299956639812
2991677,of_head,piety,strict,1831499,2,NOUN,,,,,10.026250839233398,53.91887283325195,1,0.47712125471966244
2991678,of_head,justice,strict,1833920,4,NOUN,,,,,8.951555252075195,49.121803283691406,1,0.6989700043360189
2991679,of_head,survival,strict,1834179,2,NOUN,,,,,9.871879577636719,47.64387512207031,1,0.47712125471966244
2991680,of_head,motion,strict,1834292,2,PROPN,,,,,7.029836654663086,44.44470977783203,1,0.47712125471966244
2991681,of_head,enemies,strict,1844364,2,NOUN,,,,,9.23491096496582,48.47450637817383,1,0.47712125471966244
2991682,of_head,superhighway,strict,1845495,2,NOUN,,,,,0.9280068874359131,53.802669525146484,1,0.47712125471966244
2991683,of_head,River,strict,1846284,2,PROPN,,,,,9.268821716308594,47.808570861816406,1,0.47712125471966244
2991684,of_head,jihad,strict,1846606,4,PROPN,,,,,12.739679336547852,52.75557327270508,1,0.6989700043360189
2991685,of_head,nations,strict,1849549,3,NOUN,,,,,11.82754135131836,44.71976089477539,1,0.6020599913279624
2991686,of_head,public,strict,1850182,1,NOUN,,,,,11.612271308898926,46.59490203857422,1,0.3010299956639812
2991687,of_head,mind,strict,1850426,8,NOUN,,,,,8.100040435791016,31.874900817871094,1,0.9542425094393249
2991688,of_head,dissection,strict,1850604,3,NOUN,,,,,2.9987289905548096,73.78530883789062,1,0.6020599913279624
2991689,of_head,movement,strict,1852726,13,NOUN,,,,,7.781919479370117,52.57719802856445,1,1.146128035678238
2991690,of_head,imagination,strict,1855798,4,NOUN,,,,,12.671688079833984,43.21925354003906,1,0.6989700043360189
2991691,of_head,ideals,strict,1897577,2,NOUN,,,,,12.671688079833984,43.21925354003906,1,0.47712125471966244
2991692,of_head,dissent,strict,1898916,2,NOUN,,,,,8.383784294128418,34.7809944152832,1,0.47712125471966244
2991693,of_head,epidemics,strict,1904349,2,NOUN,,,,,7.706800937652588,56.01555252075195,1,0.47712125471966244
2991694,of_head,technologies,strict,1906974,6,NOUN,,,,,8.284200668334961,48.012535095214844,1,0.8450980400142568
2991695,of_head,species,strict,1910757,1,PROPN,,,,,8.178445816040039,61.1568717956543,1,0.3010299956639812
2991696,of_head,Thesaurus,strict,1911649,2,NOUN,,,,,6.6056809425354,53.986446380615234,1,0.47712125471966244
2991697,of_head,pluralism,strict,1912999,3,NOUN,,,,,9.583370208740234,50.689388275146484,1,0.6020599913279624
2991698,of_head,containment,strict,1915882,2,NOUN,,,,,6.825276851654053,39.63362121582031,1,0.47712125471966244
2991699,of_head,battle,strict,1917205,4,NOUN,,,,,9.984759330749512,44.496517181396484,1,0.6989700043360189
2991700,of_head,medicine,strict,1917539,4,NOUN,,,,,7.568724155426025,57.74018478393555,1,0.6989700043360189
2991701,of_head,clergy,strict,1931757,2,NOUN,,,,,11.303386688232422,49.454193115234375,1,0.47712125471966244
2991702,of_head,Papua,strict,1937355,1,PROPN,,,,,7.0238566398620605,48.171592712402344,1,0.3010299956639812
2991703,of_head,aspect,strict,1939824,1,NOUN,,,,,9.117151260375977,35.386592864990234,1,0.3010299956639812
2991704,of_head,Enlightenment,strict,1941101,2,PROPN,,,,,12.671688079833984,43.21925354003906,1,0.47712125471966244
2991705,of_head,status,strict,1948637,2,NOUN,,,,,10.042889595031738,37.37937545776367,1,0.47712125471966244
2991706,of_head,Bay,strict,1959544,1,PROPN,,,,,8.902339935302734,50.21731185913086,1,0.3010299956639812
2991707,of_head,mythology,strict,1960668,1,NOUN,,,,,6.491634368896484,45.78631591796875,1,0.3010299956639812
2991708,of_head,literature,strict,1961433,6,NOUN,,,,,6.9779791831970215,37.46572494506836,1,0.8450980400142568
2991709,of_head,China,strict,1962190,5,PROPN,,,,,9.206412315368652,42.069915771484375,1,0.7781512503836436
2991710,of_head,food,strict,1963468,2,NOUN,,,,,8.391555786132812,52.7052001953125,1,0.47712125471966244
2991711,of_head,government,strict,1964994,6,NOUN,,,,,9.389572143554688,45.905487060546875,1,0.8450980400142568
2991712,of_head,France,strict,1967718,4,PROPN,,,,,12.410444259643555,40.65589904785156,1,0.6989700043360189
2991713,of_head,opera,strict,1968884,1,NOUN,,,,,5.1403703689575195,42.64476013183594,1,0.3010299956639812
2991714,of_head,transformation,strict,1969562,2,NOUN,,,,,10.152782440185547,49.10176467895508,1,0.47712125471966244
2991715,of_head,Russia,strict,1969797,5,PROPN,,,,,8.42914867401123,53.259883880615234,1,0.7781512503836436
2991716,of_head,foodscape,strict,1970823,2,NOUN,,,,,,,,0.47712125471966244
2991717,of_head,leader,strict,1974263,1,NOUN,,,,,10.235038757324219,38.01435089111328,1,0.3010299956639812
2991718,of_head,spirituality,strict,1976409,5,NOUN,,,,,12.671688079833984,43.21925354003906,1,0.7781512503836436
2991719,of_head,California,strict,1976582,2,PROPN,,,,,8.902339935302734,50.21731185913086,1,0.47712125471966244
2991720,of_head,commerce,strict,1977690,4,NOUN,,,,,11.743439674377441,51.34877395629883,1,0.6989700043360189
2991721,of_head,monument,strict,1977840,3,PROPN,,,,,10.836579322814941,42.38573455810547,1,0.6020599913279624
2991722,of_head,media,strict,1980778,5,NOUN,,,,,7.369564533233643,34.946903228759766,1,0.7781512503836436
2991723,of_head,Grant,strict,1981216,2,PROPN,,,,,5.301374435424805,46.514549255371094,1,0.47712125471966244
2991724,of_head,banker,strict,1984993,3,NOUN,,,,,9.91675090789795,49.74532699584961,1,0.6020599913279624
2991725,of_head,freedom,strict,1986959,8,NOUN,,,,,12.671688079833984,43.21925354003906,1,0.9542425094393249
2991726,of_head,market,strict,1988536,4,NOUN,,,,,8.969389915466309,42.57829666137695,1,0.6989700043360189
2991727,of_head,knowledge,strict,1993655,4,NOUN,,,,,10.49670696258545,50.16355895996094,1,0.6989700043360189
2991728,of_head,relationship,strict,1994584,2,NOUN,,,,,9.90159797668457,44.32664108276367,1,0.47712125471966244
2991729,of_head,Hari,strict,1994636,2,PROPN,,,,,-0.34293457865715027,67.89395141601562,1,0.47712125471966244
2991730,of_head,debate,strict,1994829,6,NOUN,,,,,8.383784294128418,34.7809944152832,1,0.8450980400142568
2991731,of_head,monopoly,strict,2025392,1,NOUN,,,,,7.764640808105469,53.786067962646484,1,0.3010299956639812
2991732,of_head,wisdom,strict,2026614,1,NOUN,,,,,12.090362548828125,45.50667953491211,1,0.3010299956639812
2991733,of_head,certainty,strict,2027103,1,NOUN,,,,,10.559187889099121,36.02631759643555,1,0.3010299956639812
2991734,of_head,assignment,strict,2029871,2,NOUN,,,,,5.356998443603516,44.36752700805664,1,0.47712125471966244
2991735,of_head,tourism,strict,2032114,2,NOUN,,,,,10.152782440185547,49.10176467895508,1,0.47712125471966244
2991736,of_head,body,strict,2036468,5,NOUN,,,,,7.622795104980469,49.744140625,1,0.7781512503836436
2991737,of_head,woman,strict,2043475,1,NOUN,,,,,5.717551231384277,65.8742446899414,1,0.3010299956639812
2991738,of_head,Pole,strict,2043876,1,PROPN,,,,,4.182131767272949,52.199832916259766,1,0.3010299956639812
2991739,of_head,Europe,strict,2045105,5,PROPN,,,,,9.206412315368652,42.069915771484375,1,0.7781512503836436
2991740,of_head,mathematics,strict,2047621,2,NOUN,,,,,6.9779791831970215,37.46572494506836,1,0.47712125471966244
2991741,of_head,sovereignty,strict,2048817,1,NOUN,,,,,6.830144882202148,57.50789260864258,1,0.3010299956639812
2991742,of_head,dignity,strict,2050252,2,NOUN,,,,,12.671688079833984,43.21925354003906,1,0.47712125471966244
2991743,of_head,chef,strict,2053364,1,NOUN,,,,,3.816661834716797,60.16670227050781,1,0.3010299956639812
2991744,of_head,testimony,strict,2055371,2,NOUN,,,,,6.310726165771484,41.467384338378906,1,0.47712125471966244
2991745,of_head,suburbs,strict,2056801,2,NOUN,,,,,9.43620491027832,38.94131088256836,1,0.47712125471966244
2991746,of_head,system,strict,2061190,4,NOUN,,,,,8.430299758911133,46.45999526977539,1,0.6989700043360189
2991747,of_head,editor,strict,2078345,1,NOUN,,,,,5.406427383422852,32.93843460083008,1,0.3010299956639812
2991748,of_head,poverty,strict,2080747,4,NOUN,,,,,13.135089874267578,54.218135833740234,1,0.6989700043360189
2991749,of_head,comedian,strict,2081742,1,NOUN,,,,,6.586789131164551,44.826114654541016,1,0.3010299956639812
2991750,of_head,heroines,strict,2085547,3,NOUN,,,,,6.921633243560791,46.27532958984375,1,0.6020599913279624
2991751,of_head,history,strict,2090121,3,NOUN,,,,,12.261116981506348,42.844913482666016,1,0.6020599913279624
2991752,of_head,employment,strict,2090588,2,NOUN,,,,,10.14449691772461,50.6395149230957,1,0.47712125471966244
2991753,of_head,story,strict,2090754,2,NOUN,,,,,6.052086353302002,44.8929328918457,1,0.47712125471966244
2991754,of_head,machines,strict,2093264,2,NOUN,,,,,8.430299758911133,46.45999526977539,1,0.47712125471966244
2991755,of_head,Lebanon,strict,2095101,2,PROPN,,,,,10.72344970703125,51.04301834106445,1,0.47712125471966244
2991756,of_head,Street,strict,2095397,4,PROPN,,,,,7.634280681610107,46.240325927734375,1,0.6989700043360189
2991757,of_head,legend,strict,2099412,6,NOUN,,,,,4.261543273925781,49.734825134277344,1,0.8450980400142568
2991758,of_head,sobriety,strict,2101919,1,NOUN,,,,,7.634280681610107,46.240325927734375,1,0.3010299956639812
2991759,of_head,waste,strict,2103542,2,NOUN,,,,,8.940109252929688,50.003414154052734,1,0.47712125471966244
2991760,of_head,conservatism,strict,2107625,3,NOUN,,,,,6.964509963989258,48.34170913696289,1,0.6020599913279624
2991761,of_head,agency,strict,2110856,4,NOUN,,,,,11.612271308898926,46.59490203857422,1,0.6989700043360189
2991762,of_head,unemployment,strict,2111713,1,NOUN,,,,,10.985424041748047,58.47166442871094,1,0.3010299956639812
2991763,of_head,information,strict,2112844,2,NOUN,,,,,7.001570701599121,36.32841491699219,1,0.47712125471966244
2991764,of_head,memory,strict,2114191,2,NOUN,,,,,4.022740364074707,54.62759780883789,1,0.47712125471966244
2991765,of_head,promotion,strict,2116408,3,NOUN,,,,,7.076624870300293,35.75236511230469,1,0.6020599913279624
2991766,of_head,states,strict,2116882,3,NOUN,,,,,10.66974925994873,53.58805465698242,1,0.6020599913279624
2991767,of_head,religion,strict,2125252,4,NOUN,,,,,11.25682544708252,56.50672912597656,1,0.6989700043360189
2991768,of_head,wars,strict,2126782,3,NOUN,,,,,11.446199417114258,48.879825592041016,1,0.6020599913279624
2991769,of_head,wildlife,strict,2130606,2,NOUN,,,,,10.188642501831055,52.47013854980469,1,0.47712125471966244
2991770,of_head,verbs,strict,2143018,1,PROPN,,,,,3.045955181121826,59.99274444580078,1,0.3010299956639812
2991771,of_head,arbitrage,strict,2145377,1,NOUN,,,,,7.640707015991211,63.54547882080078,1,0.3010299956639812
2991772,of_head,animals,strict,2147015,3,NOUN,,,,,10.188642501831055,52.47013854980469,1,0.6020599913279624
2991773,of_head,reality,strict,2157967,1,NOUN,,,,,12.671688079833984,43.21925354003906,1,0.3010299956639812
2991774,of_head,feud,strict,2160608,2,NOUN,,,,,5.268253803253174,43.6579704284668,1,0.47712125471966244
2991775,of_head,Yankees,strict,2161417,2,PROPN,,,,,2.860551595687866,57.48314666748047,1,0.47712125471966244
2991776,of_head,polities,strict,2161468,2,NOUN,,,,,6.830144882202148,57.50789260864258,1,0.47712125471966244
2991777,of_head,panacea,strict,2164606,2,PROPN,,,,,7.027756214141846,44.670963287353516,1,0.47712125471966244
2991778,of_head,rivalry,strict,2164721,2,NOUN,,,,,5.268253803253174,43.6579704284668,1,0.47712125471966244
2991779,of_head,theology,strict,2167156,3,NOUN,,,,,9.583370208740234,50.689388275146484,1,0.6020599913279624
2991780,of_head,expressionism,strict,2167430,1,NOUN,,,,,6.522243022918701,39.45398712158203,1,0.3010299956639812
2991781,of_head,professions,strict,2169154,2,NOUN,,,,,6.639084339141846,51.798500061035156,1,0.47712125471966244
2991782,of_head,inquiry,strict,2169738,1,NOUN,,,,,6.310726165771484,41.467384338378906,1,0.3010299956639812
2991783,of_head,photomontage,strict,2176192,2,NOUN,,,,,2.576565742492676,44.89375305175781,1,0.47712125471966244
2991784,of_head,Guatemala,strict,2178154,2,PROPN,,,,,7.0238566398620605,48.171592712402344,1,0.47712125471966244
2991785,of_head,faith,strict,2185311,4,NOUN,,,,,12.671688079833984,43.21925354003906,1,0.6989700043360189
2991786,of_head,intervention,strict,2187519,2,NOUN,,,,,9.269116401672363,47.4116325378418,1,0.47712125471966244
2991787,of_head,theatre,strict,2196109,1,NOUN,,,,,5.301374435424805,46.514549255371094,1,0.3010299956639812
2991788,of_head,Neptune,strict,2206458,1,PROPN,,,,,-0.2364722490310669,61.3779296875,1,0.3010299956639812
2991789,of_head,Canadians,strict,2206505,2,PROPN,,,,,12.402338027954102,44.29200744628906,1,0.47712125471966244
2991790,of_head,icon,strict,2222629,10,NOUN,,,,,5.174167156219482,48.72706604003906,1,1.0413926851582251
2991791,of_head,leadership,strict,2223689,2,NOUN,,,,,10.38773250579834,44.682342529296875,1,0.47712125471966244
2991792,of_head,end,strict,2223910,2,NOUN,,,,,10.231931686401367,30.091676712036133,1,0.47712125471966244
2991793,of_head,era,strict,2224343,4,NOUN,,,,,11.446199417114258,48.879825592041016,1,0.6989700043360189
2991794,of_head,person,strict,2226616,2,NOUN,,,,,9.616905212402344,36.99870300292969,1,0.47712125471966244
2991795,of_head,sectionalism,strict,2226917,2,NOUN,,,,,5.416489124298096,52.22770690917969,1,0.47712125471966244
2991796,of_head,love,strict,2229041,5,NOUN,,,,,10.109046936035156,38.71051025390625,1,0.7781512503836436
2991797,of_head,farm,strict,2229127,2,NOUN,,,,,8.940468788146973,47.91136932373047,1,0.47712125471966244
2991798,of_head,ale,strict,2230229,1,NOUN,,,,,1.9697790145874023,59.11848831176758,1,0.3010299956639812
2991799,of_head,home,strict,2234656,2,NOUN,,,,,9.784788131713867,61.74114227294922,1,0.47712125471966244
2991800,of_head,York,strict,2235118,4,PROPN,,,,,8.902339935302734,50.21731185913086,1,0.6989700043360189
2991801,of_head,prestige,strict,2236205,1,NOUN,,,,,6.581805229187012,44.895320892333984,1,0.3010299956639812
2991802,of_head,texts,strict,2238293,1,NOUN,,,,,5.3993120193481445,44.46232986450195,1,0.3010299956639812
2991803,of_head,families,strict,2239212,2,NOUN,,,,,9.39423942565918,53.075035095214844,1,0.47712125471966244
2991804,of_head,future,strict,2239495,4,NOUN,,,,,11.612271308898926,46.59490203857422,1,0.6989700043360189
2991805,of_head,dance,strict,2243658,2,NOUN,,,,,2.684130907058716,54.66400909423828,1,0.47712125471966244
2991806,of_head,identities,strict,2246705,6,NOUN,,,,,11.82754135131836,44.71976089477539,1,0.8450980400142568
2991807,of_head,East,strict,2249525,8,PROPN,,,,,12.410444259643555,40.65589904785156,1,0.9542425094393249
2991808,of_head,machine,strict,2250499,2,NOUN,,,,,5.849637031555176,45.57715606689453,1,0.47712125471966244
2991809,of_head,nature,strict,2264799,2,NOUN,,,,,11.2389554977417,50.1502685546875,1,0.47712125471966244
2991810,of_head,homiletics,strict,2270384,2,NOUN,,,,,3.9472110271453857,52.39071273803711,1,0.47712125471966244
2991811,of_head,Poland,strict,2270660,3,PROPN,,,,,9.206412315368652,42.069915771484375,1,0.6020599913279624
2991812,of_head,cooperation,strict,2277845,4,NOUN,,,,,7.348556995391846,40.71460723876953,1,0.6989700043360189
2991813,of_head,consumerism,strict,2290025,3,NOUN,,,,,13.476513862609863,55.33617401123047,1,0.6020599913279624
2991814,of_head,India,strict,2292568,3,PROPN,,,,,10.072237968444824,55.337093353271484,1,0.6020599913279624
2991815,of_head,universities,strict,2292688,2,NOUN,,,,,11.183015823364258,54.1860466003418,1,0.47712125471966244
2991816,of_head,Heat,strict,2292695,2,PROPN,,,,,7.372945308685303,60.396270751953125,1,0.47712125471966244
2991817,of_head,celebrity,strict,2294484,2,NOUN,,,,,7.369564533233643,34.946903228759766,1,0.47712125471966244
2991818,of_head,crisis,strict,2294994,5,NOUN,,,,,12.068635940551758,46.591400146484375,1,0.7781512503836436
2991819,of_head,scripts,strict,2296553,2,NOUN,,,,,4.539200305938721,38.028602600097656,1,0.47712125471966244
2991820,of_head,intolerance,strict,2296872,2,NOUN,,,,,10.176535606384277,54.2132453918457,1,0.47712125471966244
2991821,of_head,prophecies,strict,2297321,2,NOUN,,,,,11.282825469970703,46.206382751464844,1,0.47712125471966244
2991822,of_head,individualism,strict,2297571,2,NOUN,,,,,10.026250839233398,53.91887283325195,1,0.47712125471966244
2991823,of_head,investments,strict,2297846,2,NOUN,,,,,11.612271308898926,46.59490203857422,1,0.47712125471966244
2991824,of_head,anthems,strict,2298823,2,NOUN,,,,,2.1668858528137207,35.04996871948242,1,0.47712125471966244
2991825,of_head,acts,strict,2300998,2,NOUN,,,,,12.837247848510742,52.166324615478516,1,0.47712125471966244
2991826,of_head,Gatsby,strict,2302113,3,PROPN,,,,,2.949748992919922,41.94442367553711,1,0.6020599913279624
2991827,of_head,boundaries,strict,2305192,1,NOUN,,,,,11.82754135131836,44.71976089477539,1,0.3010299956639812
2991828,of_head,Mexico,strict,2306216,7,PROPN,,,,,12.410444259643555,40.65589904785156,1,0.9030899869919435
2991829,of_head,England,strict,2314121,4,PROPN,,,,,12.410444259643555,40.65589904785156,1,0.6989700043360189
2991830,of_head,environments,strict,2323199,2,NOUN,,,,,8.430299758911133,46.45999526977539,1,0.47712125471966244
2991831,of_head,ideal,strict,2323284,4,NOUN,,,,,7.135313034057617,42.493717193603516,1,0.6989700043360189
2991832,of_head,conflicts,strict,2325520,1,NOUN,,,,,8.832234382629395,46.60602951049805,1,0.3010299956639812
2991833,of_head,Scotia,strict,2328972,1,PROPN,,,,,4.553681373596191,44.142215728759766,1,0.3010299956639812
2991834,of_head,Italy,strict,2333191,2,PROPN,,,,,12.410444259643555,40.65589904785156,1,0.47712125471966244
2991835,of_head,sphere,strict,2341473,4,NOUN,,,,,11.2389554977417,50.1502685546875,1,0.6989700043360189
2991836,of_head,insertion,strict,2342293,2,NOUN,,,,,7.172560691833496,47.168643951416016,1,0.47712125471966244
2991837,of_head,diet,strict,2345389,2,NOUN,,,,,9.342949867248535,61.07600402832031,1,0.47712125471966244
2991838,of_head,critique,strict,2347619,2,NOUN,,,,,8.468868255615234,38.69528579711914,1,0.47712125471966244
2991839,of_head,music,strict,2348159,6,NOUN,,,,,2.684130907058716,54.66400909423828,1,0.8450980400142568
2991840,of_head,responsibility,strict,2348382,2,NOUN,,,,,10.38773250579834,44.682342529296875,1,0.47712125471966244
2991841,of_head,barbers,strict,2349265,1,NOUN,,,,,1.637965440750122,59.21333312988281,1,0.3010299956639812
2991842,of_head,Laos,strict,2349694,2,PROPN,,,,,9.206412315368652,42.069915771484375,1,0.47712125471966244
2991843,of_head,therapeutics,strict,2350018,2,NOUN,,,,,7.745057582855225,63.791927337646484,1,0.47712125471966244
2991844,of_head,novel,strict,2353411,4,NOUN,,,,,6.188079833984375,39.67558670043945,1,0.6989700043360189
2991845,of_head,highways,strict,2357795,3,NOUN,,,,,7.2789411544799805,43.0946044921875,1,0.6020599913279624
2991846,of_head,marketplace,strict,2359259,2,NOUN,,,,,8.969389915466309,42.57829666137695,1,0.47712125471966244
2991847,of_head,entrepreneur,strict,2360147,2,PROPN,,,,,6.722083568572998,38.137123107910156,1,0.47712125471966244
2991848,of_head,Judaism,strict,2361818,2,NOUN,,,,,11.501493453979492,56.26241683959961,1,0.47712125471966244
2991849,of_head,apathy,strict,2364051,2,NOUN,,,,,8.357462882995605,47.11648178100586,1,0.47712125471966244
2991850,of_head,drift,strict,2364077,2,NOUN,,,,,10.177828788757324,38.88152313232422,1,0.47712125471966244
2991851,of_head,slavery,strict,2367317,3,NOUN,,,,,9.42133617401123,53.248138427734375,1,0.6020599913279624
2991852,of_head,Center,strict,2369096,2,PROPN,,,,,8.080708503723145,38.03434371948242,1,0.47712125471966244
2991853,of_head,Kaur,strict,2372985,1,PROPN,,,,,-0.6998054385185242,46.50358581542969,1,0.3010299956639812
2991854,of_head,Africa,strict,2375414,2,PROPN,,,,,9.206412315368652,42.069915771484375,1,0.47712125471966244
2991855,of_head,crust,strict,2380386,1,NOUN,,,,,4.819326400756836,66.02670288085938,1,0.3010299956639812
2991856,of_head,country,strict,2387385,4,NOUN,,,,,13.135089874267578,54.218135833740234,1,0.6989700043360189
2991857,of_head,realism,strict,2392065,2,NOUN,,,,,8.629958152770996,38.84266662597656,1,0.47712125471966244
2991858,of_head,things,strict,2394366,2,NOUN,,,,,10.231931686401367,30.091676712036133,1,0.47712125471966244
2991859,of_head,discrimination,strict,2394601,2,NOUN,,,,,9.121163368225098,49.48825454711914,1,0.47712125471966244
2991860,of_head,streak,strict,2397797,2,NOUN,,,,,4.999752998352051,37.02082824707031,1,0.47712125471966244
2991861,of_head,network,strict,2400787,3,NOUN,,,,,6.1479811668396,59.74531555175781,1,0.6020599913279624
2991862,of_head,worth,strict,2401006,1,NOUN,,,,,8.800443649291992,35.58539581298828,1,0.3010299956639812
2991863,of_head,markets,strict,2401147,3,NOUN,,,,,8.969389915466309,42.57829666137695,1,0.6020599913279624
2991864,of_head,president,strict,2401364,2,NOUN,,,,,7.037020206451416,40.29916000366211,1,0.47712125471966244
2991865,of_head,weapons,strict,2401824,2,NOUN,,,,,7.632117748260498,45.91226577758789,1,0.47712125471966244
2991866,of_head,concept,strict,2402224,2,NOUN,,,,,7.893296718597412,38.36292266845703,1,0.47712125471966244
2991867,of_head,expansion,strict,2403215,2,NOUN,,,,,10.152782440185547,49.10176467895508,1,0.47712125471966244
2991868,of_head,Yorker,strict,2406659,2,PROPN,,,,,7.626232147216797,46.31330871582031,1,0.47712125471966244
2991869,of_head,form,strict,2407193,4,NOUN,,,,,8.35905933380127,28.771934509277344,1,0.6989700043360189
2991870,of_head,ICBMs,strict,2409724,3,NOUN,,,,,,,,0.6020599913279624
2991871,of_head,imperialism,strict,2410093,3,NOUN,,,,,11.843679428100586,52.67760467529297,1,0.6020599913279624
2991872,of_head,Asia,strict,2413470,4,PROPN,,,,,9.206412315368652,42.069915771484375,1,0.6989700043360189
2991873,of_head,archive,strict,2425732,1,NOUN,,,,,3.7673981189727783,38.0438346862793,1,0.3010299956639812
2991874,of_head,laws,strict,2425873,1,NOUN,,,,,10.66974925994873,53.58805465698242,1,0.3010299956639812
2991875,of_head,condition,strict,2427270,2,NOUN,,,,,10.87648868560791,60.566715240478516,1,0.47712125471966244
2991876,of_head,Poetics,strict,2461135,2,PROPN,,,,,8.468868255615234,38.69528579711914,1,0.5
2991877,of_head,Attacks,strict,2505541,1,PROPN,,,,,9.708516120910645,47.77846908569336,1,0.5
2991878,of_head,Britain,strict,2526537,4,PROPN,,,,,12.410444259643555,40.65589904785156,1,0.5
2991879,of_head,Primacy,strict,2527025,1,PROPN,,,,,7.073777675628662,49.07537841796875,1,0.5
2991880,of_head,Engineering,strict,2528648,1,PROPN,,,,,8.430299758911133,46.45999526977539,1,0.5
2991881,of_head,Surgery,strict,2582050,1,PROPN,,,,,4.897030353546143,71.60354614257812,1,0.8857770211708509
2991882,of_head,Folk,strict,2599540,1,PROPN,,,,,11.82754135131836,44.71976089477539,1,0.5
2991883,of_head,Meanings,strict,2645502,1,PROPN,,,,,6.6056809425354,53.986446380615234,1,0.5
2991884,of_head,NFL,strict,2687836,1,PROPN,,,,,4.416405200958252,41.57494354248047,1,0.5
2991885,of_head,Church,strict,2688533,3,PROPN,,,,,11.303386688232422,49.454193115234375,1,0.0
2991886,of_head,Suisse,strict,2706389,1,PROPN,,,,,0.5660308599472046,48.875389099121094,1,0.5
2991887,of_head,Painter,strict,2730252,1,NOUN,,,,,6.522243022918701,39.45398712158203,1,0.5
2991888,of_head,Libre,strict,2733013,1,PROPN,,,,,-0.6593042016029358,47.83821487426758,1,0.5
2991889,of_head,role,strict,2774224,2,NOUN,,,,,8.648114204406738,31.5285701751709,1,0.17420151979398144
2991890,of_head,Angeles,strict,2778866,2,PROPN,,,,,8.902339935302734,50.21731185913086,1,0.5
2991891,of_head,Right,strict,2780738,4,NOUN,,,,,10.231931686401367,30.091676712036133,1,0.5
2991892,of_head,Scale,strict,2797482,1,PROPN,,,,,8.898943901062012,43.507568359375,1,0.5
2991893,of_head,Kurds,strict,2818455,1,PROPN,,,,,4.655503273010254,66.38907623291016,1,0.5
2991894,of_head,Catastrophe,strict,2818770,1,PROPN,,,,,9.318764686584473,42.15510559082031,1,0.5
2991895,of_head,Stalemate,strict,2826777,1,PROPN,,,,,6.692264556884766,45.55678939819336,1,0.5
2991896,of_head,Theories,strict,2837564,1,PROPN,,,,,8.35905933380127,28.771934509277344,1,0.0
2991897,of_head,Heart,strict,2874680,2,PROPN,,,,,10.87648868560791,60.566715240478516,1,0.0
2991898,of_head,Processes,strict,2885553,2,NOUN,,,,,6.578675270080566,51.044002532958984,1,0.0
2991899,of_head,Philadelphia,strict,2910293,1,PROPN,,,,,8.902339935302734,50.21731185913086,1,0.5
2991900,of_head,Reputations,strict,2910751,1,PROPN,,,,,6.581805229187012,44.895320892333984,1,0.5
2991901,of_head,Guitar,strict,2911598,1,PROPN,,,,,2.9469902515411377,53.24403762817383,1,0.0
2991902,of_head,Canada,strict,2923942,1,PROPN,,,,,9.06373405456543,68.70643615722656,1,0.5
2991903,of_head,Text,strict,2955984,1,NOUN,,,,,2.7219698429107666,54.9489631652832,1,0.0
2991904,of_head,Strategies,strict,2966887,2,PROPN,,,,,8.572507858276367,49.98180389404297,1,0.5
2991905,of_head,Signs,strict,2974962,1,NOUN,,,,,8.890066146850586,46.11812973022461,1,0.5
2991906,of_head,Management,strict,2978297,3,PROPN,,,,,5.492062091827393,30.009445190429688,1,0.0
2991907,of_head,Race,strict,3044484,4,PROPN,,,,,9.984759330749512,44.496517181396484,1,0.0
2991908,of_head,Dwelling,strict,3080235,1,PROPN,,,,,11.2389554977417,50.1502685546875,1,0.0
2991909,of_head,Master,strict,3081071,2,PROPN,,,,,6.722083568572998,38.137123107910156,1,0.0
2991910,of_head,Run,strict,3109801,1,PROPN,,,,,10.231931686401367,30.091676712036133,1,0.0
2991911,of_head,Ill,strict,3150264,1,PROPN,,,,,10.144980430603027,30.248416900634766,1,0.5
2991912,of_head,Authoritarianism,strict,3168140,1,PROPN,,,,,9.583370208740234,50.689388275146484,1,0.5
2991913,of_head,Professor,strict,3208121,1,PROPN,,,,,6.722083568572998,38.137123107910156,1,0.5
2991914,of_head,Worker,strict,3265621,3,PROPN,,,,,10.14449691772461,50.6395149230957,1,0.5
2991915,of_head,Westerns,strict,3275471,1,NOUN,,,,,2.971682548522949,53.434043884277344,1,0.5
2991916,of_head,Powers,strict,3290915,2,PROPN,,,,,11.39553165435791,47.13890075683594,1,0.5
2991917,of_head,Directive,strict,3298042,1,NOUN,,,,,5.266964912414551,41.93421936035156,1,0.5
2991918,of_head,Violence,strict,3305709,1,PROPN,,,,,12.837247848510742,52.166324615478516,1,0.5
2991919,of_head,Lagos,strict,3309334,1,PROPN,,,,,3.0519416332244873,53.378822326660156,1,0.5
2991920,of_head,Cricket,strict,3315763,1,PROPN,,,,,9.772772789001465,53.412174224853516,1,0.5
2991921,of_head,Modernity,strict,3332903,2,PROPN,,,,,9.420052528381348,48.251251220703125,1,0.0
2991922,of_head,Islam,strict,3339058,2,PROPN,,,,,11.25682544708252,56.50672912597656,1,0.5
2991923,of_head,Aviation,strict,3347959,2,PROPN,,,,,6.9899187088012695,46.32291793823242,1,0.0
2991924,of_head,remains,strict,3358181,1,NOUN,,,,,7.751046180725098,31.157642364501953,1,0.0
2991925,of_head,Force,strict,3373308,2,PROPN,,,,,8.87256145477295,41.689125061035156,1,0.5
2991926,of_head,Paradise,strict,3380704,1,PROPN,,,,,12.410444259643555,40.65589904785156,1,0.5
2991927,of_head,Hatred,strict,3416331,1,PROPN,,,,,11.549591064453125,51.36155319213867,1,0.5
2991928,of_head,marriage,strict,3452292,1,NOUN,,,,,8.495983123779297,43.05611801147461,1,0.0
2991929,of_head,Armies,strict,3461477,1,PROPN,,,,,9.23491096496582,48.47450637817383,1,0.5
2991930,of_head,Generation,strict,3475470,3,NOUN,,,,,7.135313034057617,42.493717193603516,1,0.7880545993479832
2991931,of_head,News,strict,3481754,4,PROPN,,,,,5.406427383422852,32.93843460083008,1,0.5
2991932,of_head,Consulting,strict,3498475,3,PROPN,,,,,8.610040664672852,47.61027908325195,1,0.5
2991933,of_head,Infamy,strict,3499190,1,PROPN,,,,,7.880209922790527,35.044960021972656,1,0.5
2991934,of_head,Radicalism,strict,3500512,1,PROPN,,,,,9.762736320495605,48.643882751464844,1,0.5
2991935,of_head,Sports,strict,3500634,4,PROPN,,,,,7.416491508483887,50.94314193725586,1,0.5
2991936,of_head,Development,strict,3505496,3,PROPN,,,,,10.152782440185547,49.10176467895508,1,0.5
2991937,of_head,Gynecology,strict,3524068,2,NOUN,,,,,2.9481494426727295,69.5573501586914,1,0.5
2991938,of_head,academy,strict,3535956,1,NOUN,,,,,12.261116981506348,42.844913482666016,1,0.0
2991939,of_head,Business,strict,3580557,2,PROPN,,,,,11.612271308898926,46.59490203857422,1,0.5
2991940,of_head,Regime,strict,3585139,1,PROPN,,,,,10.143406867980957,45.39179229736328,1,0.0
2991941,of_head,Chances,strict,3599719,2,NOUN,,,,,10.144980430603027,30.248416900634766,1,0.5
2991942,of_head,Accidents,strict,3600519,1,PROPN,,,,,9.912632942199707,46.96637725830078,1,0.0
2991943,of_head,Company,strict,3620419,4,PROPN,,,,,7.36265754699707,42.88561248779297,1,0.0
2991944,of_head,Services,strict,3667459,1,PROPN,,,,,8.284200668334961,48.012535095214844,1,0.5
2991945,of_head,Disability,strict,3703022,1,PROPN,,,,,6.894855499267578,46.35205841064453,1,0.5
2991946,of_head,Doctrine,strict,3703569,1,NOUN,,,,,10.559187889099121,36.02631759643555,1,0.5
2991947,of_head,origin,strict,3742262,1,NOUN,,,,,10.081859588623047,57.12111282348633,1,0.12766631515584903
2991948,of_head,Enforcement,strict,3743008,1,PROPN,,,,,6.43464994430542,33.994140625,1,0.5
2991949,of_head,Growth,strict,3743126,1,PROPN,,,,,10.152782440185547,49.10176467895508,1,0.5709710871475191
2991950,of_head,Investigation,strict,3746221,1,PROPN,,,,,6.310726165771484,41.467384338378906,1,0.5
2991951,of_head,Psychic,strict,3752826,1,PROPN,,,,,11.2389554977417,50.1502685546875,1,0.0
2991952,of_head,Letters,strict,3769320,1,NOUN,,,,,6.6469573974609375,47.00249481201172,1,0.9681837902531978
2991953,of_head,Miracle,strict,3786323,1,NOUN,,,,,8.598625183105469,43.70753860473633,1,0.9180151892881593
2991954,of_head,authorities,strict,3856391,1,NOUN,,,,,6.43464994430542,33.994140625,1,0.0
2991955,of_head,Gambling,strict,3863030,1,PROPN,,,,,5.685235023498535,46.76832580566406,1,0.5
2991956,of_head,Pricing,strict,3863758,1,PROPN,,,,,6.387758731842041,44.69618606567383,1,0.5
2991957,of_head,noise,strict,3893148,1,NOUN,,,,,6.7177815437316895,50.86598205566406,1,0.0
2991958,of_head,NBA,strict,3904140,1,PROPN,,,,,4.522764205932617,58.772071838378906,1,0.5
2991959,of_head,Dynasty,strict,3921502,6,PROPN,,,,,11.446199417114258,48.879825592041016,1,0.5
2991960,of_head,Counterintelligence,strict,3951297,1,NOUN,,,,,1.6986664533615112,46.77372741699219,1,0.922419232230387
2991961,of_head,aging,strict,3981625,1,NOUN,,,,,4.641992568969727,70.48255920410156,1,0.0
2991962,of_head,Human,strict,4037986,1,PROPN,,,,,11.575752258300781,48.6839714050293,1,0.0
2991963,of_head,Adoption,strict,4040651,1,PROPN,,,,,5.815723896026611,55.40489959716797,1,0.5
2991964,of_head,Separation,strict,4062111,1,NOUN,,,,,7.493095397949219,43.37939453125,1,0.5
2991965,of_head,Voices,strict,4085466,1,PROPN,,,,,7.011264324188232,41.687313079833984,1,0.5
2991966,of_head,Males,strict,4100881,1,PROPN,,,,,7.926872253417969,52.79914474487305,1,0.0
2991967,of_head,Colleges,strict,4101545,1,PROPN,,,,,6.639084339141846,51.798500061035156,1,0.0
2991968,of_head,Kazakhstan,strict,4102184,2,PROPN,,,,,9.206412315368652,42.069915771484375,1,0.5
2991969,of_head,Methodology,strict,4104191,1,PROPN,,,,,7.893296718597412,38.36292266845703,1,0.5
2991970,of_head,Living,strict,4115391,3,PROPN,,,,,13.135089874267578,54.218135833740234,1,0.0
2991971,of_head,Quarterback,strict,4119010,1,PROPN,,,,,3.7703347206115723,53.760047912597656,1,0.7240611710209356
2991972,of_head,Duties,strict,4142774,2,PROPN,,,,,7.962246417999268,48.1306037902832,1,0.5
2991973,of_head,Catholicism,strict,4142921,1,PROPN,,,,,11.303386688232422,49.454193115234375,1,0.0
2991974,of_head,oncologist,strict,4153878,1,NOUN,,,,,5.972309112548828,64.35440826416016,1,0.0
2991975,of_head,Testing,strict,4179685,1,PROPN,,,,,8.621251106262207,41.60310745239258,1,0.0
2991976,of_head,Utopia,strict,4180638,1,PROPN,,,,,13.476513862609863,55.33617401123047,1,0.7006325012357321
2991977,of_head,Meaning,strict,4218235,2,NOUN,,,,,8.35905933380127,28.771934509277344,1,0.5
2991978,of_head,Cliché,strict,4218309,2,PROPN,,,,,5.347033500671387,45.62257385253906,1,0.0
2991979,of_head,Majorities,strict,4257062,1,PROPN,,,,,11.183015823364258,54.1860466003418,1,0.206452014276068
2991980,of_head,Morality,strict,4257497,1,PROPN,,,,,12.671688079833984,43.21925354003906,1,0.5
2991981,of_head,Delight,strict,4261245,1,PROPN,,,,,7.949771881103516,40.106895446777344,1,0.22686229879265654
2991982,of_head,Artist,strict,4284251,2,PROPN,,,,,6.522243022918701,39.45398712158203,1,0.0
2991983,of_head,Shanghai,strict,4297033,1,PROPN,,,,,9.206412315368652,42.069915771484375,1,0.5
2991984,of_head,Equality,strict,4298401,1,NOUN,,,,,10.967150688171387,54.13751983642578,1,0.35746405220273614
2991985,of_head,Imperative,strict,4298572,1,PROPN,,,,,10.38773250579834,44.682342529296875,1,0.5
2991986,of_head,Pastime,strict,4305574,1,PROPN,,,,,9.38112735748291,46.70170211791992,1,0.0
2991987,of_head,Psyche,strict,4317007,1,PROPN,,,,,12.671688079833984,43.21925354003906,1,0.0
2991988,of_head,Independence,strict,4359141,2,PROPN,,,,,10.38773250579834,44.682342529296875,1,0.5
2991989,of_head,Pasts,strict,4378794,1,NOUN,,,,,6.581805229187012,44.895320892333984,1,0.5
2991990,of_head,Criticism,strict,4414463,1,PROPN,,,,,9.865217208862305,38.96550750732422,1,0.5
2991991,of_head,Homicide,strict,4419742,1,PROPN,,,,,7.097321033477783,49.55269241333008,1,0.5
2991992,of_head,communication,strict,4448142,1,NOUN,,,,,8.62929630279541,55.44069290161133,1,0.5
2991993,of_head,Nursing,strict,4466063,1,PROPN,,,,,6.894855499267578,46.35205841064453,1,0.5
2991994,of_head,Colombia,strict,4488641,1,PROPN,,,,,12.410444259643555,40.65589904785156,1,0.5
2991995,of_head,Tradition,strict,4490107,4,PROPN,,,,,9.277761459350586,33.855079650878906,1,0.5
2991996,of_head,Convict,strict,4504298,1,PROPN,,,,,8.5269775390625,41.101707458496094,1,0.5
2991997,of_head,Educator,strict,4528167,1,PROPN,,,,,6.722083568572998,38.137123107910156,1,0.5
2991998,of_head,Sensors,strict,4528288,1,NOUN,,,,,8.430299758911133,46.45999526977539,1,0.5
2991999,of_head,Exploitation,strict,4604534,1,PROPN,,,,,10.779691696166992,44.42140197753906,1,0.5
2992000,of_head,Guard,strict,4607254,1,PROPN,,,,,8.87256145477295,41.689125061035156,1,0.5
2992001,of_head,Frontier,strict,4618907,2,PROPN,,,,,10.670605659484863,50.71723937988281,1,0.5
2992002,of_head,Horse,strict,4640888,1,NOUN,,,,,7.2081990242004395,38.92825698852539,1,0.5
2992003,of_head,Pharmaceuticals,strict,4640917,1,PROPN,,,,,4.866503715515137,56.950931549072266,1,0.5
2992004,of_head,Sell,strict,4693677,1,PROPN,,,,,7.36265754699707,42.88561248779297,1,0.5
2992005,of_head,solidarity,strict,4714841,2,NOUN,,,,,8.78471565246582,38.02729034423828,1,0.0
2992006,of_head,Chosenness,strict,4716077,1,PROPN,,,,,,,,0.5
2992007,of_head,Areas,strict,4717292,1,NOUN,,,,,8.898943901062012,43.507568359375,1,0.5
2992008,of_head,man,strict,4752555,3,NOUN,,,,,7.534196376800537,50.9269905090332,1,0.289090900285832
2992009,of_head,Philosophy,strict,4753429,2,PROPN,,,,,7.893296718597412,38.36292266845703,1,0.5
2992010,of_head,Beings,strict,4753845,2,PROPN,,,,,11.2389554977417,50.1502685546875,1,0.5
2992011,of_head,Individual,strict,4757791,1,PROPN,,,,,8.793638229370117,38.04032897949219,1,0.0
2992012,of_head,Fame,strict,4759333,1,PROPN,,,,,7.369564533233643,34.946903228759766,1,0.5
2992013,of_head,Difference,strict,4792568,2,PROPN,,,,,7.549066066741943,33.616851806640625,1,0.5
2992014,of_head,Barbarism,strict,4797559,2,PROPN,,,,,9.832220077514648,46.48146057128906,1,0.0
2992015,of_head,Spirit,strict,4813917,1,PROPN,,,,,12.671688079833984,43.21925354003906,1,0.0
2992016,of_head,Site,strict,4827776,1,PROPN,,,,,5.406427383422852,32.93843460083008,1,0.5
2992017,of_head,Marketing,strict,4902909,1,PROPN,,,,,7.36265754699707,42.88561248779297,1,0.5
2992018,of_head,Imprint,strict,4908137,1,PROPN,,,,,-0.8745101690292358,51.889442443847656,1,0.5
2992019,of_head,Professional,strict,4915761,1,PROPN,,,,,6.722083568572998,38.137123107910156,1,0.0
2992020,of_head,Bases,strict,4942464,1,NOUN,,,,,10.727307319641113,56.616424560546875,1,0.5
2992021,of_head,Sciences,strict,4951478,2,PROPN,,,,,8.788297653198242,52.50257110595703,1,0.5
2992022,of_head,Hinduism,strict,4988401,1,PROPN,,,,,7.7324604988098145,59.878143310546875,1,0.0
2992023,of_head,Figure,strict,5013362,1,NOUN,,,,,7.656101226806641,45.02768325805664,1,0.5
2992024,of_head,Fake,strict,5125475,1,NOUN,,,,,8.287117958068848,43.47706985473633,1,0.5
2992025,of_head,Buddhism,strict,5127040,1,PROPN,,,,,11.25682544708252,56.50672912597656,1,0.5
2992026,of_head,Concepts,strict,5196768,1,PROPN,,,,,7.893296718597412,38.36292266845703,1,0.5
2992027,of_head,Hope,strict,5198640,2,PROPN,,,,,10.109046936035156,38.71051025390625,1,0.0
2992028,of_head,Yoga,strict,5231872,1,NOUN,,,,,7.781919479370117,52.57719802856445,1,0.0
2992029,of_head,Myth,strict,5232448,2,PROPN,,,,,8.11491584777832,38.61122512817383,1,0.0
2992030,of_head,Ummah,strict,5234793,1,PROPN,,,,,3.317399501800537,53.81827163696289,1,0.0
2992031,of_head,unity,strict,5267389,2,NOUN,,,,,12.671688079833984,43.21925354003906,1,0.0
2992032,of_head,Reflection,strict,5268554,1,PROPN,,,,,7.668085098266602,46.211585998535156,1,0.0
2992033,of_head,formation,strict,5280433,1,NOUN,,,,,10.152782440185547,49.10176467895508,1,0.0
2992034,of_head,ball,strict,5303932,1,NOUN,,,,,2.8317480087280273,54.64559555053711,1,0.17420151979398144
2992035,of_head,Anglicanism,strict,5305313,1,NOUN,,,,,3.802842617034912,49.40285110473633,1,0.5
2992036,of_head,Madagascar,strict,5307011,1,PROPN,,,,,7.0238566398620605,48.171592712402344,1,0.0
2992037,of_head,Kurdistan,strict,5325797,1,PROPN,,,,,4.655503273010254,66.38907623291016,1,0.0
2992038,of_head,connection,strict,5375927,1,NOUN,,,,,6.1479811668396,59.74531555175781,1,0.7063493714251485
2992039,of_head,Organizations,strict,5424174,1,PROPN,,,,,11.612271308898926,46.59490203857422,1,0.5
2992040,of_head,Betrayal,strict,5447368,1,PROPN,,,,,10.070096969604492,42.08745193481445,1,0.0
2992041,of_head,Navy,strict,5484716,1,PROPN,,,,,12.261116981506348,42.844913482666016,1,0.5
2992042,of_head,Baptists,strict,5489233,1,PROPN,,,,,11.303386688232422,49.454193115234375,1,0.0
2992043,of_head,Language,strict,5510277,2,PROPN,,,,,6.6056809425354,53.986446380615234,1,0.1909293769481893
2992044,of_head,bomb,strict,5513590,1,NOUN,,,,,6.364261627197266,46.27106857299805,1,0.7282585705470774
2992045,of_head,Deal,strict,5521420,2,PROPN,,,,,9.033010482788086,38.93151092529297,1,0.5
2992046,of_head,Housing,strict,5557437,3,PROPN,,,,,10.985424041748047,58.47166442871094,1,0.5
2992047,of_head,Theater,strict,5571497,1,PROPN,,,,,12.261116981506348,42.844913482666016,1,0.5
2992048,of_head,Christianity,strict,5576627,2,PROPN,,,,,11.303386688232422,49.454193115234375,1,0.0
2992049,of_head,Coach,strict,5578127,1,PROPN,,,,,4.585255146026611,54.5155029296875,1,0.0
2992050,of_head,House,strict,5596800,1,PROPN,,,,,10.119183540344238,40.167301177978516,1,0.8132094074181925
2992051,of_head,Urbanization,strict,5663390,1,PROPN,,,,,8.502521514892578,61.12208938598633,1,0.0
2992052,of_head,Detective,strict,5698511,1,NOUN,,,,,5.792444705963135,45.73946762084961,1,0.5
2992053,of_head,Hawkes,strict,5705090,1,NOUN,,,,,1.1540406942367554,58.4642333984375,1,0.5
2992054,of_head,Treatments,strict,5724132,1,PROPN,,,,,8.598625183105469,43.70753860473633,1,0.0
2992055,of_head,Orders,strict,5733478,1,PROPN,,,,,7.810626983642578,50.28495407104492,1,0.0
2992056,of_head,Zone,strict,5738493,1,PROPN,,,,,6.343257904052734,38.05362319946289,1,0.5
2992057,of_head,Gothic,strict,5782123,1,PROPN,,,,,5.1403703689575195,42.64476013183594,1,0.5
2992058,of_head,oligarchy,strict,5838474,1,NOUN,,,,,7.359644889831543,50.83885192871094,1,0.17420151979398144
2992059,of_head,Lawman,strict,5839188,1,PROPN,,,,,2.7085981369018555,49.04341125488281,1,0.0
2992060,of_head,Federalism,strict,5841541,1,PROPN,,,,,6.007925033569336,52.43208694458008,1,0.5
2992061,of_head,Assistance,strict,5843851,2,PROPN,,,,,11.612271308898926,46.59490203857422,1,0.5
2992062,of_head,S.G.rant,strict,5854655,1,NOUN,,,,,,,,0.6640478649032897
2992063,of_head,Spaces,strict,5889264,2,PROPN,,,,,8.430299758911133,46.45999526977539,1,0.0
2992064,of_head,Fragility,strict,5909608,1,PROPN,,,,,8.86611270904541,49.4912223815918,1,0.5
2992065,of_head,Canon,strict,5911189,1,PROPN,,,,,2.924692153930664,60.338775634765625,1,0.5
2992066,of_head,Accountants,strict,5913269,2,PROPN,,,,,9.91675090789795,49.74532699584961,1,0.5
2992067,of_head,Convention,strict,5943262,1,PROPN,,,,,8.997790336608887,29.999736785888672,1,0.5
2992068,of_head,Temporality,strict,5949486,2,PROPN,,,,,,,,0.5
2992069,of_head,Thinking,strict,6016746,1,NOUN,,,,,10.231931686401367,30.091676712036133,1,0.5
2992070,of_head,Word,strict,6049258,2,PROPN,,,,,8.259167671203613,31.484020233154297,1,0.0
2992071,of_head,Camps,strict,6061102,1,PROPN,,,,,5.322862148284912,42.009483337402344,1,0.5
2992072,of_head,personhood,strict,6082456,1,NOUN,,,,,12.671688079833984,43.21925354003906,1,0.5
2992073,of_head,Integration,strict,6082468,1,PROPN,,,,,8.284200668334961,48.012535095214844,1,0.0
2992074,of_head,Practice,strict,6132953,3,PROPN,,,,,8.572507858276367,49.98180389404297,1,0.5
2992075,of_head,Diplomacy,strict,6153835,3,NOUN,,,,,11.843679428100586,52.67760467529297,1,0.5
2992076,of_head,Statistics,strict,6184590,1,PROPN,,,,,8.024823188781738,46.56601333618164,1,0.5
2992077,of_head,Constraint,strict,6204919,1,PROPN,,,,,4.591061592102051,42.13569641113281,1,0.0
2992078,of_head,Photojournalism,strict,6222445,1,PROPN,,,,,3.4342896938323975,52.71894454956055,1,0.7294827032977462
2992079,of_head,Realization,strict,6222894,1,PROPN,,,,,12.671688079833984,43.21925354003906,1,0.0
2992080,of_head,Dictatorship,strict,6230780,1,PROPN,,,,,11.843679428100586,52.67760467529297,1,0.5
2992081,of_head,Books,strict,6253343,2,NOUN,,,,,4.800506114959717,46.222007751464844,1,0.5
2992082,of_head,Farming,strict,6257112,1,PROPN,,,,,8.940468788146973,47.91136932373047,1,0.7698088707371623
2992083,of_head,Captains,strict,6270039,1,NOUN,,,,,4.657063007354736,48.49919128417969,1,0.0
2992084,of_head,Rodeo,strict,6274396,1,PROPN,,,,,2.760309934616089,55.709144592285156,1,0.5
2992085,of_head,Writers,strict,6334982,2,PROPN,,,,,9.865217208862305,38.96550750732422,1,0.0
2992086,of_head,Neuropsychiatry,strict,6458192,1,PROPN,,,,,,,,0.5
2992087,of_head,Histories,strict,6471594,1,PROPN,,,,,11.82754135131836,44.71976089477539,1,0.5
2992088,of_head,Spheres,strict,6524409,1,PROPN,,,,,11.2389554977417,50.1502685546875,1,0.5
2992089,of_head,Banking,strict,6528832,1,PROPN,,,,,9.268821716308594,47.808570861816406,1,0.5
2992090,of_head,Writ,strict,6561782,1,PROPN,,,,,8.568122863769531,43.2718505859375,1,0.5
2992091,of_head,restoration,strict,6582684,1,NOUN,,,,,10.836579322814941,42.38573455810547,1,0.0
2992092,of_head,epidemic,strict,6590953,2,NOUN,,,,,8.814031600952148,54.550071716308594,1,0.563776540853449
2992093,of_head,Progress,strict,6628263,1,PROPN,,,,,9.269116401672363,47.4116325378418,1,0.5
2992094,of_head,Transformations,strict,6628566,1,PROPN,,,,,4.765010356903076,56.95186233520508,1,0.5
2992095,of_head,Orifices,strict,6635298,1,PROPN,,,,,7.170070171356201,48.57950210571289,1,0.5
2992096,of_head,Places,strict,6661023,1,NOUN,,,,,10.231931686401367,30.091676712036133,1,0.0
2992097,of_head,Author,strict,6663397,1,PROPN,,,,,5.406427383422852,32.93843460083008,1,0.0
2992098,of_head,Jazz,strict,6677111,1,NOUN,,,,,2.9469902515411377,53.24403762817383,1,0.0
2992099,of_head,Western,strict,6698224,1,PROPN,,,,,12.261116981506348,42.844913482666016,1,0.0
2992100,of_head,Scripture,strict,6740203,1,PROPN,,,,,10.559187889099121,36.02631759643555,1,0.5
2992101,of_head,Intimacies,strict,6744165,1,NOUN,,,,,,,,0.5
2992102,of_head,Discovery,strict,6759503,2,PROPN,,,,,10.081859588623047,57.12111282348633,1,0.5
2992103,of_head,Museum,strict,6760088,2,PROPN,,,,,6.336804389953613,36.10826873779297,1,0.5
2992104,of_head,Masculinity,strict,6828257,1,PROPN,,,,,9.720356941223145,51.12865447998047,1,0.0
2992105,of_head,Disease,strict,6960792,1,PROPN,,,,,10.87648868560791,60.566715240478516,1,0.5
2992106,of_head,Cosmology,strict,6978136,1,NOUN,,,,,7.24454402923584,59.5678825378418,1,0.6554192805066351
2992107,of_head,Fil,strict,6992864,1,PROPN,,,,,-0.7099459171295166,55.86387252807617,1,0.5
2992108,of_head,Interference,strict,7041508,1,NOUN,,,,,7.493095397949219,43.37939453125,1,0.0
2992109,of_head,Electric,strict,7054812,1,PROPN,,,,,7.135313034057617,42.493717193603516,1,0.9679874601867442
2992110,of_head,Citizen,strict,7088409,1,PROPN,,,,,10.042889595031738,37.37937545776367,1,0.5
2992111,of_head,Field,strict,7101339,1,PROPN,,,,,7.437159538269043,45.74591064453125,1,0.5
2992112,of_head,Process,strict,7120586,1,PROPN,,,,,6.578675270080566,51.044002532958984,1,0.5
2992113,of_head,disorder,strict,7151079,4,NOUN,,,,,8.890066146850586,46.11812973022461,1,0.12766631515584903
2992114,of_head,Bounty,strict,7189663,2,PROPN,,,,,6.107889652252197,40.41718292236328,1,0.0
2992115,of_head,Amenities,strict,7249573,1,NOUN,,,,,7.290706634521484,34.909767150878906,1,0.0
2992116,of_head,Assessment,strict,7253746,1,PROPN,,,,,8.621251106262207,41.60310745239258,1,0.5
2992117,of_head,Sydney,strict,7281451,1,PROPN,,,,,8.902339935302734,50.21731185913086,1,0.0
2992118,of_head,Territory,strict,7305314,1,PROPN,,,,,8.459431648254395,50.067996978759766,1,0.0
2992119,of_head,Scandal,strict,7315784,1,NOUN,,,,,6.723907470703125,50.382286071777344,1,0.18326253240875467
2992120,of_head,Masterpiece,strict,7357206,1,PROPN,,,,,7.258699417114258,32.590484619140625,1,0.5
2992121,of_head,Diasporas,strict,7411551,1,PROPN,,,,,6.830144882202148,57.50789260864258,1,0.5
2992122,of_head,Fashion,strict,7424399,1,PROPN,,,,,5.389841556549072,42.382781982421875,1,0.8180186548069335
2992123,of_head,Debt,strict,7429261,1,PROPN,,,,,12.177316665649414,62.134666442871094,1,0.5
2992124,of_head,Governance,strict,7447536,1,PROPN,,,,,10.38773250579834,44.682342529296875,1,0.5
2992125,of_head,Fish,strict,7477212,1,PROPN,,,,,4.423908233642578,55.91600799560547,1,0.5
2992126,of_head,Environmentalism,strict,7510822,1,PROPN,,,,,9.583370208740234,50.689388275146484,1,0.5
2992127,of_head,Circus,strict,7540813,1,PROPN,,,,,4.8697190284729,46.819217681884766,1,0.3783997235392524
2992128,of_head,Sport,strict,7544791,1,NOUN,,,,,7.416491508483887,50.94314193725586,1,0.8041440505273284
2992129,of_head,Engine,strict,7572011,1,PROPN,,,,,5.912225723266602,51.93303680419922,1,0.5
2992130,of_head,Kirkuk,strict,7602604,1,PROPN,,,,,2.5254621505737305,44.376644134521484,1,0.5
2992131,of_head,Reckoning,strict,7605789,1,PROPN,,,,,11.282825469970703,46.206382751464844,1,0.5
2992132,of_head,Apollo,strict,7635438,1,PROPN,,,,,4.7786335945129395,33.54918670654297,1,0.0
2992133,of_head,Babies,strict,7636488,1,NOUN,,,,,5.815723896026611,55.40489959716797,1,0.5
2992134,of_head,Steamships,strict,7671168,1,PROPN,,,,,4.178037643432617,57.37908172607422,1,0.0
2992135,of_head,Brazil,strict,7763272,1,PROPN,,,,,9.206412315368652,42.069915771484375,1,0.5
2992136,of_head,Lifeforms,strict,7798338,1,PROPN,,,,,1.6326180696487427,47.98890686035156,1,0.35746405220273614
2992137,of_head,Agriculture,strict,7824321,2,PROPN,,,,,8.940468788146973,47.91136932373047,1,0.5
2992138,of_head,Emancipation,strict,7824696,1,PROPN,,,,,9.42133617401123,53.248138427734375,1,0.5
2992139,of_head,Iconoclast,strict,7860642,1,PROPN,,,,,-0.018360955640673637,41.96782302856445,1,0.6356614805918359
2992140,of_head,Design,strict,7905637,1,PROPN,,,,,6.9278740882873535,42.68080139160156,1,0.0
2992141,of_head,Safety,strict,7924773,2,PROPN,,,,,10.90120792388916,44.198333740234375,1,0.5
2992142,of_head,Triangle,strict,7982146,1,PROPN,,,,,6.817698955535889,48.263450622558594,1,0.0
2992143,of_head,Games,strict,8012017,1,PROPN,,,,,9.749246597290039,32.45786666870117,1,0.5
2992144,of_head,Energy,strict,8013627,1,NOUN,,,,,7.531062602996826,56.11149978637695,1,0.5
2992145,of_head,friendship,strict,8043250,1,NOUN,,,,,9.90159797668457,44.32664108276367,1,0.4177495788764623
2992146,of_head,Activity,strict,8047069,1,NOUN,,,,,8.898943901062012,43.507568359375,1,0.5
2992147,of_head,attributions,strict,8071724,1,NOUN,,,,,5.583298206329346,41.880985260009766,1,0.0
2992148,of_head,Physician,strict,8157725,1,NOUN,,,,,6.894855499267578,46.35205841064453,1,0.0
2992149,of_head,Engines,strict,8185486,1,PROPN,,,,,5.912225723266602,51.93303680419922,1,0.0
2992150,of_head,sense,strict,8190103,1,NOUN,,,,,9.616905212402344,36.99870300292969,1,0.0
2992151,of_head,adults,strict,8192896,1,NOUN,,,,,7.9735188484191895,55.25185012817383,1,0.5
2992152,of_head,Williamsburg,strict,8231117,1,PROPN,,,,,8.902339935302734,50.21731185913086,1,0.18326253240875467
2992153,of_head,Resolution,strict,8291149,1,PROPN,,,,,-0.006226715631783009,70.02838134765625,1,0.5
2992154,of_head,Content,strict,8311097,1,PROPN,,,,,5.406427383422852,32.93843460083008,1,0.0
2992155,of_head,Civilization,strict,8339552,1,PROPN,,,,,11.282825469970703,46.206382751464844,1,0.5
2992156,of_head,Helix,strict,8384090,1,PROPN,,,,,0.3900209665298462,70.36756896972656,1,0.7654937065944847
2992157,of_head,Memorials,strict,8395605,1,PROPN,,,,,8.78471565246582,38.02729034423828,1,0.0
2992158,of_head,Cinema,strict,8417101,1,PROPN,,,,,12.261116981506348,42.844913482666016,1,0.5
2992159,of_head,Fandom,strict,8515841,1,PROPN,,,,,5.014774322509766,49.780147552490234,1,0.0
2992160,of_head,Admissions,strict,8536425,1,PROPN,,,,,6.336411952972412,37.93994140625,1,0.5
2992161,of_head,Eating,strict,8576250,1,PROPN,,,,,9.342949867248535,61.07600402832031,1,0.5
2992162,of_head,Laybourne,strict,8614397,1,PROPN,,,,,,,,0.5
2992163,of_head,Garden,strict,8626113,1,PROPN,,,,,6.183221817016602,52.1909294128418,1,0.0
2992164,of_head,vote,strict,8725174,1,NOUN,,,,,4.8904924392700195,57.19643783569336,1,0.0
2992165,of_head,Hero,strict,8736578,1,PROPN,,,,,5.792444705963135,45.73946762084961,1,0.0
2992166,of_head,Assassination,strict,8787263,1,PROPN,,,,,10.923806190490723,57.34671401977539,1,0.5
2992167,of_head,Hollow,strict,8806708,1,PROPN,,,,,5.827617168426514,42.29013442993164,1,0.5
2992168,of_head,Lakes,strict,8871437,1,PROPN,,,,,3.5377748012542725,61.459312438964844,1,0.5
2992169,of_head,Comedy,strict,8895344,1,PROPN,,,,,6.586789131164551,44.826114654541016,1,0.4806031705702985
2992170,of_head,Valley,strict,8912232,1,PROPN,,,,,8.902339935302734,50.21731185913086,1,0.0
2992171,of_head,Estate,strict,8938047,1,NOUN,,,,,7.389176845550537,60.354835510253906,1,0.5
2992172,of_head,Manhattan,strict,9103177,1,PROPN,,,,,8.902339935302734,50.21731185913086,1,0.5
2992173,of_head,Commitments,strict,9192258,1,PROPN,,,,,10.38773250579834,44.682342529296875,1,0.5
2992174,of_head,expert,strict,9268647,1,NOUN,,,,,6.722083568572998,38.137123107910156,1,0.5
2992175,of_head,Arctic,strict,9280565,1,PROPN,,,,,10.177828788757324,38.88152313232422,1,0.5
2992176,of_head,Outlaw,strict,9300617,1,PROPN,,,,,6.946689128875732,38.80121994018555,1,0.8346361663122044
2992177,of_head,Manhood,strict,9310096,1,PROPN,,,,,8.000064849853516,56.95419692993164,1,0.5
2992178,of_head,Celtics,strict,9368639,2,PROPN,,,,,2.860551595687866,57.48314666748047,1,0.0
2992179,of_head,Giant,strict,9371327,1,PROPN,,,,,8.589606285095215,37.983123779296875,1,0.5
2992180,of_head,Drugs,strict,9402378,1,NOUN,,,,,7.568724155426025,57.74018478393555,1,0.5
2992181,of_head,Socialism,strict,9427367,1,NOUN,,,,,13.476513862609863,55.33617401123047,1,0.0
2992182,of_head,Ports,strict,9427801,1,PROPN,,,,,6.1479811668396,59.74531555175781,1,0.0
2992183,of_head,Texas,strict,9457370,1,PROPN,,,,,8.438499450683594,50.995574951171875,1,0.5
2992184,of_head,Models,strict,9458603,1,NOUN,,,,,8.430299758911133,46.45999526977539,1,0.0
2992185,of_head,Injustice,strict,9490295,1,PROPN,,,,,7.662903785705566,44.865745544433594,1,0.0
2992186,of_head,Crime,strict,9549263,1,PROPN,,,,,12.837247848510742,52.166324615478516,1,0.0
2992187,of_head,Welfare,strict,9574338,1,PROPN,,,,,13.135089874267578,54.218135833740234,1,0.5
2992188,of_head,Recession,strict,9575214,1,NOUN,,,,,12.068635940551758,46.591400146484375,1,0.5
2992189,of_head,Schism,strict,9718133,1,PROPN,,,,,5.738487720489502,52.564064025878906,1,0.0
2992190,of_head,Citizenship,strict,9758014,1,NOUN,,,,,11.183015823364258,54.1860466003418,1,0.5
2992191,of_head,Actions,strict,9775838,1,PROPN,,,,,10.204740524291992,32.34894943237305,1,0.5
2992192,of_head,Rule,strict,9778111,1,PROPN,,,,,10.204740524291992,32.34894943237305,1,0.0
2992193,of_head,Theft,strict,9787737,1,PROPN,,,,,8.544966697692871,46.9934196472168,1,0.5
2992194,of_head,Rock,strict,9824019,1,PROPN,,,,,9.243075370788574,44.03519058227539,1,0.9000158803084112
2992195,of_head,Pentecostalism,strict,9844214,1,PROPN,,,,,5.416489124298096,52.22770690917969,1,0.0
2992196,of_head,Detroit,strict,9891722,1,PROPN,,,,,8.438499450683594,50.995574951171875,1,0.5
2992197,of_head,Crises,strict,9918955,1,PROPN,,,,,10.427179336547852,48.41286087036133,1,0.5
2992198,of_head,Indian,strict,9928070,1,PROPN,,,,,10.072237968444824,55.337093353271484,1,0.0
2992199,of_head,Therapy,strict,10009365,1,PROPN,,,,,5.972309112548828,64.35440826416016,1,0.5
2992200,of_head,Emirates,strict,10042355,1,PROPN,,,,,9.772772789001465,53.412174224853516,1,0.5
2992201,of_head,Enterprise,strict,10063595,1,NOUN,,,,,8.284200668334961,48.012535095214844,1,0.5
2992202,of_head,Verse,strict,10149781,1,NOUN,,,,,1.7203469276428223,66.18287658691406,1,0.0
2992203,of_head,Fairies,strict,10208918,1,NOUN,,,,,4.693079948425293,47.09589385986328,1,0.0
2992204,of_head,Spain,strict,10233228,1,PROPN,,,,,12.410444259643555,40.65589904785156,1,0.0
2992205,of_head,names,strict,10268738,1,NOUN,,,,,2.4996142387390137,53.08745574951172,1,0.0
2992206,of_head,Ties,strict,10432413,1,PROPN,,,,,12.739679336547852,52.75557327270508,1,0.5
2992207,of_head,Memoir,strict,10445852,1,PROPN,,,,,6.586789131164551,44.826114654541016,1,0.0
2992208,of_head,Insemination,strict,10457811,1,PROPN,,,,,4.16766881942749,58.86064529418945,1,0.0
2992209,of_head,relativity,strict,10484383,1,NOUN,,,,,8.35905933380127,28.771934509277344,1,0.0
2992210,of_head,Hype,strict,10599503,1,PROPN,,,,,7.189062118530273,37.29395294189453,1,0.0
2992211,of_head,Creed,strict,10613344,1,PROPN,,,,,11.25682544708252,56.50672912597656,1,0.5
2992212,of_head,Initiative,strict,10635388,1,PROPN,,,,,10.38773250579834,44.682342529296875,1,0.0
2992213,of_head,Control,strict,10663303,1,PROPN,,,,,8.430299758911133,46.45999526977539,1,0.0
2992214,of_head,Style,strict,10766843,1,NOUN,,,,,6.9278740882873535,42.68080139160156,1,0.0
2992215,of_head,Landmark,strict,10767462,1,PROPN,,,,,8.037070274353027,36.717464447021484,1,0.0
2992216,of_head,Psychiatry,strict,10790695,1,PROPN,,,,,8.788297653198242,52.50257110595703,1,0.7271098465043327
2992217,of_head,Consumption,strict,10790768,1,PROPN,,,,,9.029231071472168,48.27568817138672,1,0.5
2992218,of_head,resources,strict,10869149,1,NOUN,,,,,8.648114204406738,31.5285701751709,1,0.0
2992219,of_head,Liberation,strict,11009199,1,PROPN,,,,,11.843679428100586,52.67760467529297,1,0.5
2992220,of_topic,social entitlement state,strict,4933,2,ADJ+NOUN+NOUN,in,,,,34.46186828613281,350.198486328125,3,0.47712125471966244
2992221,of_topic,order,strict,10262,2,NOUN,after,,,,6.848499774932861,44.372066497802734,1,0.47712125471966244
2992222,of_topic,governance,strict,19261,1,NOUN,in,,,,10.38773250579834,44.682342529296875,1,0.3010299956639812
2992223,of_topic,Pygmalion,strict,25405,1,NOUN,in,,,,-0.7455981373786926,49.47163391113281,1,0.3010299956639812
2992224,of_topic,Churches,strict,29751,2,NOUN,of,,,,11.303386688232422,49.454193115234375,1,0.47712125471966244
2992225,of_topic,Victorian sexuality,strict,748476,1,ADJ+NOUN,in,,,,16.38779640197754,115.18603515625,2,0.3010299956639812
2992226,of_topic,knowledge,strict,786478,7,NOUN,in,,,,10.49670696258545,50.16355895996094,1,0.9030899869919435
2992227,of_topic,life,strict,803261,11,NOUN,on,,,,12.671688079833984,43.21925354003906,1,1.0791812460476249
2992228,of_topic,cultural radicalism,strict,845214,1,ADJ+NOUN,in,,,,21.59027671813965,114.59906768798828,2,0.3010299956639812
2992229,of_topic,inequality,strict,872220,5,NOUN,in,,,,10.967150688171387,54.13751983642578,1,0.7781512503836436
2992230,of_topic,Sichuan frontier,strict,917468,1,ADJ+NOUN,in,,,,10.895069122314453,105.5167465209961,2,0.3010299956639812
2992231,of_topic,radical right,strict,951905,3,ADJ+NOUN,in,,,,17.897079467773438,107.48099517822266,2,0.6020599913279624
2992232,of_topic,mind,strict,1042447,2,NOUN,in,,,,8.100040435791016,31.874900817871094,1,0.47712125471966244
2992233,of_topic,University,strict,1084331,3,PROPN,of,,,,8.902339935302734,50.21731185913086,1,0.6020599913279624
2992234,of_topic,power,strict,1093854,3,NOUN,in,,,,7.681477069854736,45.9267692565918,1,0.6020599913279624
2992235,of_topic,urban culture,strict,1109188,1,ADJ+NOUN,in,,,,24.962631225585938,137.72007751464844,2,0.3010299956639812
2992236,of_topic,rule,strict,1131386,5,NOUN,of,,,,10.204740524291992,32.34894943237305,1,0.7781512503836436
2992237,of_topic,gender,strict,1174558,2,NOUN,in,,,,9.720356941223145,51.12865447998047,1,0.47712125471966244
2992238,of_topic,modern museum,strict,1174873,2,ADJ+PROPN,in,,,,14.966761589050293,87.76242065429688,2,0.47712125471966244
2992239,of_topic,trivia,strict,1182034,1,NOUN,in,,,,8.614336967468262,32.97113037109375,1,0.3010299956639812
2992240,of_topic,U.S.A.rmy Corps,strict,1184392,1,PROPN+PROPN,of,,,,8.298644065856934,50.185211181640625,1,0.3010299956639812
2992241,of_topic,social differentiation,strict,1185730,1,ADJ+NOUN,in,,,,20.200401306152344,120.95137023925781,2,0.3010299956639812
2992242,of_topic,works,strict,1239760,2,NOUN,of,,,,7.029836654663086,44.44470977783203,1,0.47712125471966244
2992243,of_topic,Western Group,strict,1282722,3,PROPN+PROPN,of,,,,22.1627140045166,111.2591552734375,2,0.6020599913279624
2992244,of_topic,doctrine,strict,1287064,1,NOUN,of,,,,10.559187889099121,36.02631759643555,1,0.3010299956639812
2992245,of_topic,United States,strict,1353439,2,PROPN+PROPN,of,,,,23.080196380615234,124.78931427001953,2,0.47712125471966244
2992246,of_topic,woman,strict,1367745,1,NOUN,in,,,,5.717551231384277,65.8742446899414,1,0.3010299956639812
2992247,of_topic,accidents,strict,1395624,4,NOUN,in,,,,9.912632942199707,46.96637725830078,1,0.6989700043360189
2992248,of_topic,American Revolution,strict,1451237,2,PROPN+PROPN,in,,,,25.73763084411621,126.45391845703125,2,0.47712125471966244
2992249,of_topic,secret scrolls,strict,1472713,4,ADJ+NOUN,of,,,,17.887165069580078,134.42282104492188,2,0.6989700043360189
2992250,of_topic,place,strict,1537031,4,NOUN,in,,,,8.997790336608887,29.999736785888672,1,0.6989700043360189
2992251,of_topic,cultural knowledge,strict,1545430,2,ADJ+NOUN,in,,,,22.324249267578125,119.63429260253906,2,0.47712125471966244
2992252,of_topic,ultimate laws,strict,1562322,1,ADJ+NOUN,of,,,,17.960458755493164,98.17949676513672,2,0.3010299956639812
2992253,of_topic,schooling,strict,1591257,1,NOUN,in,,,,3.1318094730377197,51.847557067871094,1,0.3010299956639812
2992254,of_topic,jest,strict,1594893,2,PROPN,in,,,,8.259167671203613,31.484020233154297,1,0.47712125471966244
2992255,of_topic,nineteenth - century novel,strict,1598224,2,ADJ+PUNCT+NOUN+NOUN,in,,,,24.789087295532227,186.492431640625,4,0.47712125471966244
2992256,of_topic,cult,strict,1602456,1,NOUN,of,,,,11.39553165435791,47.13890075683594,1,0.3010299956639812
2992257,of_topic,higher education,strict,1605722,2,ADJ+NOUN,in,,,,17.8597469329834,108.47599029541016,2,0.47712125471966244
2992258,of_topic,happiness,strict,1606121,3,NOUN,in,,,,8.783564567565918,39.18723678588867,1,0.6020599913279624
2992259,of_topic,advice,strict,1611762,2,NOUN,about,,,,6.722083568572998,38.137123107910156,1,0.47712125471966244
2992260,of_topic,culture,strict,1621133,2,NOUN,in,,,,11.82754135131836,44.71976089477539,1,0.47712125471966244
2992261,of_topic,Japanese literature,strict,1647892,2,ADJ+NOUN,in,,,,15.407129287719727,102.36827087402344,2,0.47712125471966244
2992262,of_topic,Great War,strict,1661586,3,PROPN+PROPN,at,,,,19.19724464416504,93.0930404663086,2,0.6020599913279624
2992263,of_topic,human rights,strict,1670998,3,ADJ+NOUN,in,,,,20.40798568725586,108.61031341552734,2,0.6020599913279624
2992264,of_topic,extreme athletes,strict,1711365,1,ADJ+NOUN,in,,,,15.035813331604004,105.42101287841797,2,0.3010299956639812
2992265,of_topic,charity,strict,1711709,1,NOUN,in,,,,8.237974166870117,34.58769226074219,1,0.3010299956639812
2992266,of_topic,golf,strict,1733198,1,NOUN,to,,,,8.902339935302734,50.21731185913086,1,0.3010299956639812
2992267,of_topic,Battle,strict,1769365,3,NOUN,of,,,,9.984759330749512,44.496517181396484,1,0.6020599913279624
2992268,of_topic,North Korean revolution,strict,1772544,2,ADJ+ADJ+NOUN,in,,,,34.31610870361328,241.71856689453125,3,0.47712125471966244
2992269,of_topic,structures,strict,1830164,2,NOUN,in,,,,8.430299758911133,46.45999526977539,1,0.47712125471966244
2992270,of_topic,public hero,strict,1844528,1,ADJ+NOUN,in,,,,17.404714584350586,101.13514709472656,2,0.3010299956639812
2992271,of_topic,religious freedom,strict,1907789,2,ADJ+NOUN,in,,,,21.226987838745117,125.51832580566406,2,0.47712125471966244
2992272,of_topic,body,strict,1913039,2,NOUN,in,,,,7.622795104980469,49.744140625,1,0.47712125471966244
2992273,of_topic,Scripture,strict,1917536,3,NOUN,in,,,,10.559187889099121,36.02631759643555,1,0.6020599913279624
2992274,of_topic,accountability,strict,1918677,2,NOUN,in,,,,10.38773250579834,44.682342529296875,1,0.47712125471966244
2992275,of_topic,capital punishment,strict,1944226,2,ADJ+NOUN,in,,,,22.097911834716797,117.2780532836914,2,0.47712125471966244
2992276,of_topic,tribe,strict,1970110,2,NOUN,of,,,,11.82754135131836,44.71976089477539,1,0.47712125471966244
2992277,of_topic,difference,strict,1973420,3,NOUN,in,,,,7.549066066741943,33.616851806640625,1,0.6020599913279624
2992278,of_topic,nursing,strict,1976351,2,NOUN,in,,,,6.894855499267578,46.35205841064453,1,0.47712125471966244
2992279,of_topic,new middle class,strict,1986097,2,ADJ+ADJ+NOUN,in,,,,21.13302993774414,204.94552612304688,3,0.47712125471966244
2992280,of_topic,War,strict,1986828,2,NOUN,on,,,,11.446199417114258,48.879825592041016,1,0.47712125471966244
2992281,of_topic,Islam,strict,1990424,2,PROPN,in,,,,11.25682544708252,56.50672912597656,1,0.47712125471966244
2992282,of_topic,popular verse,strict,2026916,1,ADJ+NOUN,in,,,,9.471393585205078,90.46804809570312,2,0.3010299956639812
2992283,of_topic,Baseball Hall,strict,2027946,2,PROPN+PROPN,of,,,,16.41427993774414,100.06900787353516,2,0.47712125471966244
2992284,of_topic,ideas,strict,2045618,2,NOUN,in,,,,8.468868255615234,38.69528579711914,1,0.47712125471966244
2992285,of_topic,mental illness,strict,2050692,2,ADJ+NOUN,in,,,,21.441259384155273,149.6343536376953,2,0.47712125471966244
2992286,of_topic,heroes,strict,2075523,2,NOUN,in,,,,6.921633243560791,46.27532958984375,1,0.47712125471966244
2992287,of_topic,Senegalese immigrants,strict,2091863,2,ADJ+NOUN,in,,,,16.115873336791992,156.32432556152344,2,0.47712125471966244
2992288,of_topic,force,strict,2107443,1,NOUN,in,,,,8.87256145477295,41.689125061035156,1,0.3010299956639812
2992289,of_topic,public conversation,strict,2117547,2,ADJ+NOUN,in,,,,19.194374084472656,100.50911712646484,2,0.47712125471966244
2992290,of_topic,labor,strict,2118558,2,NOUN,from,,,,10.14449691772461,50.6395149230957,1,0.47712125471966244
2992291,of_topic,violence,strict,2119858,1,NOUN,in,,,,12.837247848510742,52.166324615478516,1,0.3010299956639812
2992292,of_topic,citizenship,strict,2162990,2,NOUN,in,,,,11.183015823364258,54.1860466003418,1,0.47712125471966244
2992293,of_topic,slavery,strict,2174828,1,NOUN,in,,,,9.42133617401123,53.248138427734375,1,0.3010299956639812
2992294,of_topic,Renaissance,strict,2184787,2,PROPN,in,,,,12.261116981506348,42.844913482666016,1,0.47712125471966244
2992295,of_topic,divine monarchy,strict,2213159,3,ADJ+NOUN,in,,,,21.172008514404297,121.20418548583984,2,0.6020599913279624
2992296,of_topic,race,strict,2223382,3,NOUN,in,,,,9.984759330749512,44.496517181396484,1,0.6020599913279624
2992297,of_topic,law,strict,2224393,5,NOUN,in,,,,10.657025337219238,54.1787109375,1,0.7781512503836436
2992298,of_topic,official secrets,strict,2224443,2,ADJ+NOUN,in,,,,17.07166862487793,92.18021392822266,2,0.47712125471966244
2992299,of_topic,urban protest,strict,2265502,1,ADJ+NOUN,in,,,,22.08919906616211,126.12443542480469,2,0.3010299956639812
2992300,of_topic,hydroelectricity,strict,2276640,2,NOUN,in,,,,3.7016637325286865,55.67704391479492,1,0.47712125471966244
2992301,of_topic,truth,strict,2281055,4,NOUN,in,,,,12.090362548828125,45.50667953491211,1,0.6989700043360189
2992302,of_topic,democratic self,strict,2286133,2,ADJ+NOUN,in,,,,17.735118865966797,109.4596176147461,2,0.47712125471966244
2992303,of_topic,equity,strict,2301819,2,NOUN,in,,,,12.177316665649414,62.134666442871094,1,0.47712125471966244
2992304,of_topic,religious authority,strict,2306850,1,ADJ+NOUN,in,,,,19.114482879638672,122.04978942871094,2,0.3010299956639812
2992305,of_topic,femininity,strict,2342198,2,NOUN,in,,,,3.8066415786743164,57.32264709472656,1,0.47712125471966244
2992306,of_topic,self,strict,2348738,2,NOUN,in,,,,8.783564567565918,39.18723678588867,1,0.47712125471966244
2992307,of_topic,normative reasoning,strict,2353445,2,ADJ+NOUN,in,,,,18.91824722290039,105.288818359375,2,0.47712125471966244
2992308,of_topic,communism,strict,2407637,2,NOUN,in,,,,13.476513862609863,55.33617401123047,1,0.47712125471966244
2992309,of_topic,community,strict,2408856,2,NOUN,in,,,,8.648114204406738,31.5285701751709,1,0.47712125471966244
2992310,of_topic,sovereignty,strict,2411315,1,NOUN,in,,,,6.830144882202148,57.50789260864258,1,0.3010299956639812
2992311,of_topic,identity,strict,2414581,2,NOUN,in,,,,8.544966697692871,46.9934196472168,1,0.47712125471966244
2992312,of_topic,Indian Art,strict,2459484,1,PROPN+PROPN,in,,,,18.644746780395508,121.96263122558594,2,0.0
2992313,of_topic,Emotion,strict,2460904,1,NOUN,in,,,,10.704113006591797,47.89508819580078,1,0.5
2992314,of_topic,Family,strict,2555413,1,NOUN,in,,,,5.122786045074463,33.64056396484375,1,0.5
2992315,of_topic,Sacrifice,strict,2556501,1,PROPN,from,,,,9.277761459350586,33.855079650878906,1,0.5
2992316,of_topic,Profiles,strict,2625543,1,NOUN,in,,,,8.73973560333252,44.59733200073242,1,0.5
2992317,of_topic,State,strict,2685961,4,NOUN,of,,,,10.657025337219238,54.1787109375,1,0.0
2992318,of_topic,European Democracies,strict,2864175,1,PROPN+PROPN,against,,,,19.09126091003418,106.97821807861328,2,0.5
2992319,of_topic,Dissent,strict,2906846,1,NOUN,in,,,,8.383784294128418,34.7809944152832,1,0.0
2992320,of_topic,Readers,strict,2907633,1,NOUN,in,,,,5.406427383422852,32.93843460083008,1,0.5
2992321,of_topic,St. Margaret,strict,2910386,1,PROPN+PROPN,in,,,,14.932012557983398,168.0272674560547,2,0.5
2992322,of_topic,Sex,strict,3126346,1,NOUN,in,,,,7.085391998291016,54.28789138793945,1,0.5
2992323,of_topic,Insurgencies,strict,3206924,1,NOUN,in,,,,9.762736320495605,48.643882751464844,1,0.5
2992324,of_topic,portraits,strict,3245595,1,NOUN,in,,,,5.630314350128174,44.02131271362305,1,0.5
2992325,of_topic,19th - Century Novel,strict,3419864,1,ADJ+PUNCT+NOUN+PROPN,in,,,,12.375931739807129,186.4264373779297,4,0.0
2992326,of_topic,Cultural Power,strict,3462472,1,PROPN+PROPN,in,,,,19.509016036987305,102.66658782958984,2,0.5
2992327,of_topic,Jewish Theology,strict,3597865,1,ADJ+PROPN,in,,,,21.084861755371094,139.78924560546875,2,0.5
2992328,of_topic,Women,strict,3623745,1,NOUN,in,,,,8.027640342712402,60.28559112548828,1,0.5
2992329,of_topic,Book,strict,3828539,2,NOUN,in,,,,4.832143306732178,43.927913665771484,1,0.5
2992330,of_topic,Education,strict,3843412,1,NOUN,in,,,,8.621251106262207,41.60310745239258,1,0.5
2992331,of_topic,Alien,strict,3904049,1,PROPN,in,,,,11.39553165435791,47.13890075683594,1,0.5
2992332,of_topic,Racial Ideologies,strict,3920221,1,ADJ+PROPN,in,,,,22.574230194091797,161.66653442382812,2,0.5
2992333,of_topic,Images,strict,4026339,1,NOUN,in,,,,4.248749732971191,46.621421813964844,1,0.5
2992334,of_topic,Jazz,strict,4101274,1,NOUN,in,,,,2.9469902515411377,53.24403762817383,1,0.5
2992335,of_topic,Laws,strict,4144393,1,NOUN,of,,,,10.66974925994873,53.58805465698242,1,0.5
2992336,of_topic,Justice,strict,4184518,2,NOUN,in,,,,8.951555252075195,49.121803283691406,1,0.5
2992337,of_topic,Destruction,strict,4257724,1,NOUN,of,,,,10.836579322814941,42.38573455810547,1,0.22686229879265654
2992338,of_topic,Society,strict,4271181,1,NOUN,in,,,,12.671688079833984,43.21925354003906,1,0.5
2992339,of_topic,Morisco identity,strict,4285289,1,PROPN+NOUN,in,,,,8.544966697692871,46.9934196472168,1,0.0
2992340,of_topic,UN Secretariat,strict,4411351,1,PROPN+PROPN,in,,,,7.527156352996826,117.88951873779297,2,0.0
2992341,of_topic,Nazi POWs,strict,4472658,1,PROPN+NOUN,in,,,,10.706320762634277,137.19642639160156,2,0.0
2992342,of_topic,Confidence,strict,4572021,1,NOUN,in,,,,7.420989990234375,53.28926467895508,1,0.5
2992343,of_topic,Corpse,strict,4588587,2,NOUN,after,,,,9.446124076843262,43.38783645629883,1,0.8685291843122999
2992344,of_topic,Youth Activism,strict,4801876,1,PROPN+PROPN,in,,,,25.828113555908203,174.2716064453125,2,0.5
2992345,of_topic,Divine,strict,4852217,1,PROPN,in,,,,9.328327178955078,45.41648483276367,1,0.10723169176847977
2992346,of_topic,One Family 's Life,strict,4903813,1,NUM+PROPN+PART+PROPN,with,,,,34.55476760864258,256.3421936035156,4,0.0
2992347,of_topic,Private Actors,strict,5125260,1,ADJ+PROPN,in,,,,18.533905029296875,103.99467468261719,2,0.0
2992348,of_topic,Giants,strict,5197997,1,NOUN,of,,,,6.491634368896484,45.78631591796875,1,0.5
2992349,of_topic,public opinion,strict,5299543,1,ADJ+NOUN,in,,,,20.072973251342773,95.67900848388672,2,0.0
2992350,of_topic,Security,strict,5307027,1,NOUN,in,,,,10.189212799072266,45.36454391479492,1,0.5
2992351,of_topic,Human Race,strict,5342986,1,PROPN+PROPN,by,,,,21.56051254272461,129.5081787109375,2,0.0
2992352,of_topic,end,strict,5450997,1,NOUN,of,,,,10.231931686401367,30.091676712036133,1,0.5
2992353,of_topic,Buddhism,strict,5451108,1,NOUN,in,,,,11.25682544708252,56.50672912597656,1,0.5
2992354,of_topic,Modern Institutions,strict,5453380,1,PROPN+PROPN,in,,,,20.242229461669922,97.37002563476562,2,0.5
2992355,of_topic,Concealment,strict,5485909,1,PROPN,in,,,,10.070096969604492,42.08745193481445,1,0.5
2992356,of_topic,Devotion,strict,5525135,1,NOUN,in,,,,8.618470191955566,43.55179214477539,1,0.5
2992357,of_topic,Populism,strict,5633559,1,PROPN,in,,,,6.964509963989258,48.34170913696289,1,0.5
2992358,of_topic,Home,strict,5678060,2,NOUN,in,,,,9.784788131713867,61.74114227294922,1,0.5
2992359,of_topic,Fascism,strict,5819064,1,NOUN,in,,,,7.359644889831543,50.83885192871094,1,0.0
2992360,of_topic,Cultural Oblivion,strict,5909237,1,PROPN+PROPN,in,,,,19.322837829589844,91.62642669677734,2,0.0
2992361,of_topic,Illness,strict,6048286,1,NOUN,in,,,,10.87648868560791,60.566715240478516,1,0.5
2992362,of_topic,Cloth,strict,6067870,1,PROPN,in,,,,5.585294246673584,52.763221740722656,1,0.0
2992363,of_topic,Victory,strict,6069217,1,NOUN,in,,,,9.984759330749512,44.496517181396484,1,0.0
2992364,of_topic,Extra - Legalities,strict,6088478,1,ADJ+PUNCT+PROPN,from,,,,17.25870704650879,128.2855682373047,3,0.5
2992365,of_topic,votes,strict,6094333,1,NOUN,for,,,,4.8904924392700195,57.19643783569336,1,0.0
2992366,of_topic,American Imperialism,strict,6155578,1,PROPN+PROPN,in,,,,24.104795455932617,125.51923370361328,2,0.5
2992367,of_topic,Modern Visual Politics,strict,6184866,1,ADJ+PROPN+PROPN,in,,,,27.032516479492188,191.8424835205078,3,0.0
2992368,of_topic,History,strict,6341109,1,NOUN,in,,,,12.261116981506348,42.844913482666016,1,0.5
2992369,of_topic,Social Orders,strict,6359810,1,PROPN+PROPN,in,,,,20.945714950561523,126.22814178466797,2,0.5
2992370,of_topic,Irrigation,strict,6424994,1,NOUN,under,,,,6.021363735198975,56.51636505126953,1,0.5
2992371,of_topic,Tradition,strict,6724402,2,NOUN,in,,,,9.277761459350586,33.855079650878906,1,0.5
2992372,of_topic,Democracy,strict,6732892,3,NOUN,in,,,,13.476513862609863,55.33617401123047,1,0.0
2992373,of_topic,Republic,strict,6745659,1,PROPN,of,,,,12.410444259643555,40.65589904785156,1,0.0
2992374,of_topic,Bodies,strict,6828613,1,NOUN,in,,,,11.2389554977417,50.1502685546875,1,0.5
2992375,of_topic,U.S. Army Corps,strict,6861352,1,PROPN+PROPN+PROPN,of,,,,30.959688186645508,193.90260314941406,3,0.5
2992376,of_topic,Habsburg Conquest,strict,6895296,1,PROPN+PROPN,in,,,,13.240514755249023,119.62757110595703,2,0.5
2992377,of_topic,Transparency,strict,6924078,1,NOUN,in,,,,10.38773250579834,44.682342529296875,1,0.5
2992378,of_topic,State Schooling,strict,6927955,1,PROPN+PROPN,in,,,,13.788834571838379,130.98471069335938,2,0.5
2992379,of_topic,Cotton Capitalism,strict,7022911,1,PROPN+PROPN,in,,,,19.30413055419922,113.50961303710938,2,0.5
2992380,of_topic,Globalization,strict,7119253,1,NOUN,in,,,,11.743439674377441,51.34877395629883,1,0.5
2992381,of_topic,Authority,strict,7296030,1,PROPN,at,,,,10.559187889099121,36.02631759643555,1,0.5
2992382,of_topic,Irish Saints,strict,7318669,1,PROPN+PROPN,in,,,,21.58944320678711,106.27973175048828,2,0.0
2992383,of_topic,modernism,strict,7653502,1,PROPN,in,,,,9.583370208740234,50.689388275146484,1,0.0
2992384,of_topic,Civil Society,strict,7704203,1,PROPN+PROPN,in,,,,21.503921508789062,109.36831665039062,2,0.0
2992385,of_topic,impulsivity,strict,7747548,1,NOUN,for,,,,4.753750324249268,56.62445831298828,1,0.0
2992386,of_topic,Reform,strict,7792517,1,NOUN,after,,,,10.38773250579834,44.682342529296875,1,0.5
2992387,of_topic,Agriculture,strict,7795887,1,NOUN,in,,,,8.940468788146973,47.91136932373047,1,0.5
2992388,of_topic,Conscription,strict,7936657,1,NOUN,in,,,,8.887453079223633,47.6634635925293,1,0.0
2992389,of_topic,Christianity,strict,7963243,1,NOUN,to,,,,11.303386688232422,49.454193115234375,1,0.0
2992390,of_topic,Perspective,strict,8136454,1,NOUN,in,,,,8.35905933380127,28.771934509277344,1,0.0
2992391,of_topic,European Mind,strict,8201319,1,PROPN+PROPN,from,,,,20.361156463623047,97.11067199707031,2,0.5
2992392,of_topic,American Mafia,strict,8234756,1,PROPN+PROPN,in,,,,20.177310943603516,110.46163177490234,2,0.0
2992393,of_topic,People,strict,8291945,1,NOUN,with,,,,11.82754135131836,44.71976089477539,1,0.0
2992394,of_topic,NGO - elites,strict,8544178,1,NOUN+PUNCT+NOUN,in,,,,6.236281394958496,119.80640411376953,3,0.0
2992395,of_topic,Business,strict,8577716,1,NOUN,of,,,,11.612271308898926,46.59490203857422,1,0.0
2992396,of_topic,Precariousness,strict,8625874,1,NOUN,in,,,,4.132248401641846,48.53661346435547,1,0.5
2992397,of_topic,Future,strict,9017116,1,NOUN,in,,,,11.612271308898926,46.59490203857422,1,0.5
2992398,of_topic,Colonial Rule,strict,9103217,1,PROPN+PROPN,in,,,,22.048418045043945,117.49121856689453,2,0.5
2992399,of_topic,Properties,strict,9197189,1,NOUN,of,,,,6.127900123596191,61.14426040649414,1,0.0
2992400,of_topic,Exterior,strict,9203568,1,PROPN,in,,,,5.389841556549072,42.382781982421875,1,0.0
2992401,of_topic,gardens,strict,9249510,1,NOUN,of,,,,3.7855584621429443,51.61277770996094,1,0.6570192889947438
2992402,of_topic,God 's Will,strict,9377116,1,PROPN+PART+PROPN,in,,,,21.324777603149414,156.57383728027344,3,0.5
2992403,of_topic,Things,strict,9397136,1,NOUN,in,,,,10.231931686401367,30.091676712036133,1,0.0
2992404,of_topic,Reconstruction,strict,9465718,1,PROPN,in,,,,5.370489597320557,49.93037796020508,1,0.5
2992405,of_topic,Casas,strict,9473829,1,PROPN,de,,,,-0.02173696644604206,60.698246002197266,1,0.0
2992406,of_topic,New Farmers,strict,9496154,1,PROPN+PROPN,in,,,,16.75689697265625,122.92066192626953,2,0.0
2992407,of_topic,Faith,strict,9602497,1,NOUN,in,,,,12.671688079833984,43.21925354003906,1,0.5
2992408,of_topic,concept,strict,9668906,1,NOUN,of,,,,7.893296718597412,38.36292266845703,1,0.0
2992409,of_topic,Sixties,strict,9777823,1,NOUN,to,,,,7.604111671447754,47.18671417236328,1,0.0
2992410,of_topic,Social Difference,strict,9918742,1,PROPN+PROPN,on,,,,20.684154510498047,116.30094909667969,2,0.5
2992411,of_topic,Empire,strict,9963522,1,NOUN,in,,,,11.446199417114258,48.879825592041016,1,0.5
2992412,of_topic,Equality,strict,10304435,1,NOUN,in,,,,10.967150688171387,54.13751983642578,1,0.0
2992413,of_topic,Rural Life,strict,10764918,1,PROPN+PROPN,in,,,,22.065929412841797,119.33406829833984,2,0.0
2992414,of_topic,political allegiances,strict,10915032,1,ADJ+NOUN,in,,,,16.30411720275879,112.38030242919922,2,0.0
2992415,of_complement,Germany,strict,4933,2,PROPN,in,,,,12.410444259643555,40.65589904785156,1,0.47712125471966244
2992416,of_complement,major wars,strict,10262,2,ADJ+NOUN,after,,,,20.03580665588379,120.04263305664062,2,0.47712125471966244
2992417,of_complement,Zimbabwe,strict,19261,1,NOUN,in,,,,6.642548084259033,57.494197845458984,1,0.3010299956639812
2992418,of_complement,post - revolutionary France,strict,25405,1,ADJ+ADJ+ADJ+PROPN,in,,,,25.10230255126953,193.72317504882812,4,0.3010299956639812
2992419,of_complement,Christ,strict,29751,2,PROPN,of,,,,11.303386688232422,49.454193115234375,1,0.47712125471966244
2992420,of_complement,America,strict,748476,24,PROPN,in,,,,12.410444259643555,40.65589904785156,1,1.3979400086720377
2992421,of_complement,late Victorian England,strict,786478,2,ADJ+PROPN+PROPN,in,,,,29.309816360473633,195.13394165039062,3,0.47712125471966244
2992422,of_complement,earth,strict,803261,7,NOUN,on,,,,11.282825469970703,46.206382751464844,1,0.9030899869919435
2992423,of_complement,Australia,strict,872220,2,PROPN,in,,,,10.072237968444824,55.337093353271484,1,0.47712125471966244
2992424,of_complement,Song times,strict,917468,1,PROPN+NOUN,in,,,,12.82911205291748,91.22046661376953,2,0.3010299956639812
2992425,of_complement,France,strict,951905,5,PROPN,in,,,,12.410444259643555,40.65589904785156,1,0.7781512503836436
2992426,of_complement,eighteenth - century England,strict,1042447,1,ADJ+PUNCT+NOUN+PROPN,in,,,,31.011449813842773,208.79629516601562,4,0.3010299956639812
2992427,of_complement,Georgia,strict,1084331,2,PROPN,of,,,,8.438499450683594,50.995574951171875,1,0.47712125471966244
2992428,of_complement,Nicaragua,strict,1093854,2,PROPN,in,,,,7.0238566398620605,48.171592712402344,1,0.47712125471966244
2992429,of_complement,Canada,strict,1109188,4,PROPN,in,,,,9.06373405456543,68.70643615722656,1,0.6989700043360189
2992430,of_complement,law,strict,1131386,5,NOUN,of,,,,10.657025337219238,54.1787109375,1,0.7781512503836436
2992431,of_complement,postwar America,strict,1174558,3,ADJ+PROPN,in,,,,22.837621688842773,107.68185424804688,2,0.6020599913279624
2992432,of_complement,eighteenth - century Paris,strict,1174873,2,ADJ+PUNCT+NOUN+PROPN,in,,,,27.807418823242188,201.22784423828125,4,0.47712125471966244
2992433,of_complement,bureaucratic settings,strict,1182034,1,ADJ+NOUN,in,,,,17.52508544921875,112.11602783203125,2,0.3010299956639812
2992434,of_complement,Engineers,strict,1184392,2,PROPN,of,,,,3.822018623352051,38.964290618896484,1,0.47712125471966244
2992435,of_complement,art,strict,1239760,2,NOUN,of,,,,8.572507858276367,49.98180389404297,1,0.47712125471966244
2992436,of_complement,Forces,strict,1282722,3,PROPN,of,,,,8.87256145477295,41.689125061035156,1,0.6020599913279624
2992437,of_complement,providential evolution,strict,1287064,1,NOUN+NOUN,of,,,,14.323851585388184,125.9030990600586,2,0.3010299956639812
2992438,of_complement,classical German drama,strict,1367745,1,ADJ+ADJ+NOUN,in,,,,20.317947387695312,193.2937774658203,3,0.3010299956639812
2992439,of_complement,nineteenth - century America,strict,1395624,2,ADJ+PUNCT+NOUN+PROPN,in,,,,31.011449813842773,208.79629516601562,4,0.47712125471966244
2992440,of_complement,Virginia,strict,1451237,2,PROPN,in,,,,8.902339935302734,50.21731185913086,1,0.47712125471966244
2992441,of_complement,Jesus,strict,1472713,4,PROPN,of,,,,11.303386688232422,49.454193115234375,1,0.6989700043360189
2992442,of_complement,St. Paul,strict,1537031,1,PROPN+PROPN,in,,,,14.932012557983398,168.0272674560547,2,0.3010299956639812
2992443,of_complement,central Africa,strict,1545430,2,ADJ+PROPN,in,,,,18.475234985351562,113.93450927734375,2,0.47712125471966244
2992444,of_complement,nature,strict,1562322,1,NOUN,of,,,,11.2389554977417,50.1502685546875,1,0.3010299956639812
2992445,of_complement,South Korea,strict,1591257,1,PROPN+PROPN,in,,,,21.61685562133789,138.28121948242188,2,0.3010299956639812
2992446,of_complement,early modern England,strict,1594893,3,ADJ+ADJ+PROPN,in,,,,29.054285049438477,140.22000122070312,3,0.6020599913279624
2992447,of_complement,Spain,strict,1598224,3,PROPN,in,,,,12.410444259643555,40.65589904785156,1,0.6020599913279624
2992448,of_complement,Confucius,strict,1602456,1,NOUN,of,,,,-0.06930197775363922,62.370147705078125,1,0.3010299956639812
2992449,of_complement,fortress America,strict,1606121,2,NOUN+PROPN,in,,,,21.90345001220703,104.80068969726562,2,0.47712125471966244
2992450,of_complement,children,strict,1611762,2,NOUN,about,,,,10.188642501831055,52.47013854980469,1,0.47712125471966244
2992451,of_complement,Italian American narrative,strict,1621133,1,ADJ+ADJ+NOUN,in,,,,26.600126266479492,208.05178833007812,3,0.3010299956639812
2992452,of_complement,Turkey,strict,1640256,3,PROPN,in,,,,7.261236190795898,52.313011169433594,1,0.6020599913279624
2992453,of_complement,English,strict,1647892,2,PROPN,in,,,,8.2869234085083,48.842201232910156,1,0.47712125471966244
2992454,of_complement,sea,strict,1661586,4,NOUN,at,,,,5.99055290222168,51.91547775268555,1,0.6989700043360189
2992455,of_complement,civil war,strict,1670998,3,ADJ+NOUN,in,,,,20.278432846069336,130.03884887695312,2,0.6020599913279624
2992456,of_complement,nineteenth - century Dublin,strict,1711709,1,ADJ+PUNCT+NOUN+PROPN,in,,,,27.50334930419922,191.229736328125,4,0.3010299956639812
2992457,of_complement,Britain,strict,1769365,6,PROPN,of,,,,12.410444259643555,40.65589904785156,1,0.8450980400142568
2992458,of_complement,Manchuria,strict,1772544,2,PROPN,in,,,,2.5254621505737305,44.376644134521484,1,0.47712125471966244
2992459,of_complement,post - humanist social theory,strict,1830164,2,ADJ+ADJ+ADJ+ADJ+NOUN,in,,,,32.67557144165039,317.3168640136719,5,0.47712125471966244
2992460,of_complement,postrevolutionary France,strict,1844528,1,ADJ+PROPN,in,,,,12.410444259643555,40.65589904785156,1,0.3010299956639812
2992461,of_complement,modern India,strict,1913039,2,ADJ+PROPN,in,,,,18.70219612121582,101.34285736083984,2,0.47712125471966244
2992462,of_complement,Lurianic Kabbala,strict,1917536,2,PROPN+PROPN,in,,,,-0.5726682543754578,72.81893157958984,1,0.47712125471966244
2992463,of_complement,America 's public schools,strict,1918677,2,PROPN+PART+ADJ+NOUN,in,,,,36.24073791503906,272.2534484863281,4,0.47712125471966244
2992464,of_complement,Ishmael,strict,1970110,2,PROPN,of,,,,0.4114019572734833,46.64470291137695,1,0.47712125471966244
2992465,of_complement,Europe 's romantic age,strict,1972577,2,PROPN+PART+ADJ+NOUN,in,,,,29.054441452026367,227.66661071777344,4,0.47712125471966244
2992466,of_complement,North American courts,strict,1973420,2,ADJ+ADJ+NOUN,in,,,,33.62311553955078,234.87954711914062,3,0.47712125471966244
2992467,of_complement,New Jersey,strict,1976351,2,PROPN+PROPN,in,,,,16.264997482299805,116.36735534667969,2,0.47712125471966244
2992468,of_complement,Istanbul,strict,1986097,2,PROPN,in,,,,10.72344970703125,51.04301834106445,1,0.47712125471966244
2992469,of_complement,Terror,strict,1986828,1,NOUN,on,,,,10.31140422821045,46.0461311340332,1,0.3010299956639812
2992470,of_complement,postsocialist Bulgaria,strict,1990424,2,NOUN+PROPN,in,,,,9.206412315368652,42.069915771484375,1,0.47712125471966244
2992471,of_complement,Fame,strict,2027946,2,PROPN,of,,,,7.369564533233643,34.946903228759766,1,0.47712125471966244
2992472,of_complement,early modern Germany,strict,2045618,2,ADJ+ADJ+PROPN,in,,,,29.054285049438477,140.22000122070312,3,0.47712125471966244
2992473,of_complement,South Africa,strict,2068625,1,PROPN+PROPN,in,,,,21.61685562133789,138.28121948242188,2,0.3010299956639812
2992474,of_complement,Persiles,strict,2075523,2,NOUN,in,,,,,,,0.47712125471966244
2992475,of_complement,international politics,strict,2107443,1,ADJ+NOUN,in,,,,24.603134155273438,120.32527160644531,2,0.3010299956639812
2992476,of_complement,reconstruction to globalization,strict,2118558,2,NOUN+ADP+NOUN,from,,,,25.351905822753906,183.06646728515625,3,0.47712125471966244
2992477,of_complement,Victorian Belfast,strict,2119858,1,PROPN+PROPN,in,,,,15.105940818786621,145.47190856933594,2,0.3010299956639812
2992478,of_complement,Latin America,strict,2162990,4,PROPN+PROPN,in,,,,17.727331161499023,131.26007080078125,2,0.6989700043360189
2992479,of_complement,China,strict,2163249,4,PROPN,in,,,,9.206412315368652,42.069915771484375,1,0.6989700043360189
2992480,of_complement,Italy,strict,2184787,3,PROPN,in,,,,12.410444259643555,40.65589904785156,1,0.6020599913279624
2992481,of_complement,Ephesians,strict,2213159,3,NOUN,in,,,,2.6611716747283936,72.27002716064453,1,0.6020599913279624
2992482,of_complement,prehistoric times,strict,2223251,1,ADJ+NOUN,in,,,,20.333621978759766,106.01992797851562,2,0.3010299956639812
2992483,of_complement,colonial Peru,strict,2223382,1,ADJ+PROPN,in,,,,21.050090789794922,123.74810791015625,2,0.3010299956639812
2992484,of_complement,modern Egypt,strict,2224393,2,ADJ+PROPN,in,,,,19.353408813476562,99.0999755859375,2,0.47712125471966244
2992485,of_complement,American history,strict,2224443,2,ADJ+NOUN,in,,,,24.522233963012695,171.37965393066406,2,0.47712125471966244
2992486,of_complement,Hamburg,strict,2265502,1,PROPN,in,,,,8.902339935302734,50.21731185913086,1,0.3010299956639812
2992487,of_complement,Quebec,strict,2276640,2,PROPN,in,,,,8.902339935302734,50.21731185913086,1,0.47712125471966244
2992488,of_complement,modern psychological science,strict,2281055,2,ADJ+ADJ+NOUN,in,,,,26.047550201416016,210.0765838623047,3,0.47712125471966244
2992489,of_complement,postwar Britain,strict,2286133,2,ADJ+PROPN,in,,,,22.837621688842773,107.68185424804688,2,0.47712125471966244
2992490,of_complement,public education,strict,2301819,2,ADJ+NOUN,in,,,,20.2335205078125,128.64041137695312,2,0.47712125471966244
2992491,of_complement,Islam,strict,2306850,1,PROPN,in,,,,11.25682544708252,56.50672912597656,1,0.3010299956639812
2992492,of_complement,post - war Croatia,strict,2310504,3,ADJ+ADJ+ADJ+PROPN,in,,,,22.1042423248291,228.17396545410156,4,0.6020599913279624
2992493,of_complement,Nepal,strict,2317666,1,PROPN,in,,,,10.072237968444824,55.337093353271484,1,0.3010299956639812
2992494,of_complement,Venezuela,strict,2342198,3,PROPN,in,,,,12.410444259643555,40.65589904785156,1,0.6020599913279624
2992495,of_complement,Byzantium,strict,2348738,2,PROPN,in,,,,3.3313255310058594,57.47163772583008,1,0.47712125471966244
2992496,of_complement,international relations,strict,2353445,2,ADJ+NOUN,in,,,,20.241567611694336,136.3009490966797,2,0.47712125471966244
2992497,of_complement,death,strict,2368601,4,NOUN,after,,,,7.534196376800537,50.9269905090332,1,0.6989700043360189
2992498,of_complement,Europe,strict,2407637,5,PROPN,in,,,,9.206412315368652,42.069915771484375,1,0.7781512503836436
2992499,of_complement,Late Antiquity,strict,2407967,2,PROPN+NOUN,in,,,,21.514759063720703,95.87747955322266,2,0.47712125471966244
2992500,of_complement,modern Russia,strict,2408856,2,ADJ+PROPN,in,,,,17.059106826782227,100.23481750488281,2,0.47712125471966244
2992501,of_complement,Oceania,strict,2414581,1,PROPN,in,,,,2.5344393253326416,52.88094711303711,1,0.3010299956639812
2992502,of_complement,Oklahoma,strict,2459484,1,PROPN,in,,,,8.438499450683594,50.995574951171875,1,0.0
2992503,of_complement,Sufi Cults,strict,2460904,1,PROPN+NOUN,in,,,,19.81212043762207,155.39353942871094,2,0.5
2992504,of_complement,Tumult,strict,2555413,1,NOUN,in,,,,5.192327976226807,46.60313034057617,1,0.5
2992505,of_complement,Space to Image,strict,2556501,1,PROPN+ADP+NOUN,from,,,,22.079971313476562,200.00424194335938,3,0.5
2992506,of_complement,Premodern Europe,strict,2605623,1,PROPN+PROPN,in,,,,9.206412315368652,42.069915771484375,1,0.0
2992507,of_complement,Courage,strict,2625543,1,NOUN,in,,,,7.420989990234375,53.28926467895508,1,0.5
2992508,of_complement,Israel,strict,2685961,3,PROPN,of,,,,10.72344970703125,51.04301834106445,1,0.0
2992509,of_complement,Post - Civil Rights America,strict,2740336,1,PROPN+ADJ+ADJ+PROPN+PROPN,in,,,,34.95564270019531,367.0877380371094,5,0.5
2992510,of_complement,Early Modern Rome,strict,2781052,1,ADJ+PROPN+PROPN,in,,,,29.054285049438477,140.22000122070312,3,0.5
2992511,of_complement,Fascism,strict,2864175,1,PROPN,against,,,,7.359644889831543,50.83885192871094,1,0.5
2992512,of_complement,Seventeenth - Century England,strict,2906846,1,PROPN+PUNCT+PROPN+PROPN,in,,,,26.292264938354492,203.11740112304688,4,0.0
2992513,of_complement,Fifteenth - Century England,strict,2907633,1,PROPN+PUNCT+PROPN+PROPN,in,,,,28.22191619873047,203.39356994628906,4,0.5
2992514,of_complement,Medieval England,strict,2910386,1,PROPN+PROPN,in,,,,18.90207862854004,107.59912109375,2,0.5
2992515,of_complement,Modern China,strict,3126346,1,PROPN+PROPN,in,,,,17.83637046813965,87.4859390258789,2,0.5
2992516,of_complement,Iraq,strict,3206924,2,PROPN,in,,,,10.866779327392578,51.63837814331055,1,0.5
2992517,of_complement,Illinois,strict,3459656,1,PROPN,of,,,,8.902339935302734,50.21731185913086,1,0.5
2992518,of_complement,Selected World Religions,strict,3623745,1,PROPN+PROPN+NOUN,in,,,,29.702823638916016,193.9778289794922,3,0.5
2992519,of_complement,Silicon Valley,strict,3680276,1,PROPN+PROPN,in,,,,11.272424697875977,106.0804214477539,2,0.5
2992520,of_complement,Northwest Argentina,strict,3702905,1,PROPN+PROPN,in,,,,21.61685562133789,138.28121948242188,2,0.5
2992521,of_complement,Digital Times,strict,3843412,1,PROPN+PROPN,in,,,,15.556674003601074,93.09320831298828,2,0.5
2992522,of_complement,Solitary Confinement,strict,3920221,1,PROPN+PROPN,in,,,,17.283414840698242,112.49199676513672,2,0.5
2992523,of_complement,Early Modern Spain,strict,4026339,1,ADJ+PROPN+PROPN,in,,,,29.054285049438477,140.22000122070312,3,0.5
2992524,of_complement,New Orleans,strict,4101274,2,PROPN+PROPN,in,,,,15.801156997680664,114.40947723388672,2,0.5
2992525,of_complement,War,strict,4144393,1,NOUN,of,,,,11.446199417114258,48.879825592041016,1,0.5
2992526,of_complement,peri - urban Ghana,strict,4217987,1,PROPN+PUNCT+PROPN+PROPN,in,,,,19.36153221130371,226.798095703125,4,0.0
2992527,of_complement,ISIS,strict,4257724,1,NOUN,of,,,,2.2005059719085693,45.62792205810547,1,0.22686229879265654
2992528,of_complement,sixteenth - century Aragon,strict,4285289,1,ADJ+PUNCT+NOUN+PROPN,in,,,,12.37442684173584,168.24044799804688,4,0.0
2992529,of_complement,Rwanda,strict,4411351,1,PROPN,in,,,,6.642548084259033,57.494197845458984,1,0.0
2992530,of_complement,American Government,strict,4572021,1,PROPN+PROPN,in,,,,21.65068817138672,111.55290222167969,2,0.5
2992531,of_complement,Baltimore,strict,4801876,1,PROPN,in,,,,8.902339935302734,50.21731185913086,1,0.5
2992532,of_complement,Ancient Israel,strict,4852217,1,PROPN+PROPN,in,,,,22.550992965698242,127.78775787353516,2,0.10723169176847977
2992533,of_complement,Leukemia,strict,4903813,1,NOUN,with,,,,4.857631683349609,61.08368682861328,1,0.0
2992534,of_complement,Education,strict,5125260,1,NOUN,in,,,,8.621251106262207,41.60310745239258,1,0.0
2992535,of_complement,Ancient America,strict,5197997,1,PROPN+PROPN,of,,,,24.237985610961914,122.25790405273438,2,0.5
2992536,of_complement,Cornwall,strict,5299543,1,PROPN,in,,,,2.808683156967163,57.31269073486328,1,0.0
2992537,of_complement,Fin - De - siècle Montmartre,strict,5322082,1,PROPN+PUNCT+ADJ+PUNCT+NOUN+PROPN,in,,,,1.8613808155059814,453.7334899902344,6,0.5
2992538,of_complement,Walter Isaacson,strict,5342986,1,PROPN+PROPN,by,,,,10.2470064163208,124.19122314453125,2,0.0
2992539,of_complement,time,strict,5450997,1,NOUN,of,,,,10.231931686401367,30.091676712036133,1,0.5
2992540,of_complement,Tibet,strict,5451108,1,PROPN,in,,,,5.272542953491211,56.941776275634766,1,0.5
2992541,of_complement,Early Medieval England,strict,5485909,1,ADJ+PROPN+PROPN,in,,,,26.915958404541016,146.94210815429688,3,0.5
2992542,of_complement,Nineteenth Century America,strict,5519888,2,PROPN+PROPN+PROPN,in,,,,31.378618240356445,179.36834716796875,3,0.5
2992543,of_complement,Banaras,strict,5525135,1,PROPN,in,,,,,,,0.5
2992544,of_complement,Women,strict,5722474,2,NOUN,for,,,,8.027640342712402,60.28559112548828,1,0.6536509245295035
2992545,of_complement,Postmodern Art,strict,5819064,1,PROPN+PROPN,in,,,,17.0413761138916,113.74726104736328,2,0.0
2992546,of_complement,Global Cities,strict,5856056,1,PROPN+PROPN,in,,,,20.202871322631836,122.93621826171875,2,0.5
2992547,of_complement,India,strict,6048286,3,PROPN,in,,,,10.072237968444824,55.337093353271484,1,0.5
2992548,of_complement,Protest,strict,6067870,1,NOUN,in,,,,8.954108238220215,40.476619720458984,1,0.0
2992549,of_complement,Rome,strict,6069217,1,PROPN,in,,,,12.410444259643555,40.65589904785156,1,0.0
2992550,of_complement,Bosnia to China,strict,6088478,1,PROPN+ADP+PROPN,from,,,,23.221702575683594,167.9483184814453,3,0.5
2992551,of_complement,Indian Country,strict,6155578,1,PROPN+PROPN,in,,,,23.20732879638672,133.87030029296875,2,0.5
2992552,of_complement,Romans 9,strict,6290498,1,PROPN+NUM,in,,,,12.79101276397705,71.80953216552734,2,0.0
2992553,of_complement,Vanuatu,strict,6341109,1,PROPN,in,,,,1.333560585975647,68.42390441894531,1,0.5
2992554,of_complement,Civil War America,strict,6422345,1,PROPN+PROPN+PROPN,in,,,,32.68887710571289,219.57431030273438,3,0.5
2992555,of_complement,Scarcity,strict,6424994,1,NOUN,under,,,,8.612606048583984,39.88703536987305,1,0.5
2992556,of_complement,Bali,strict,6724402,1,PROPN,in,,,,9.206412315368652,42.069915771484375,1,0.5
2992557,of_complement,Armenia,strict,6745659,1,PROPN,of,,,,9.355215072631836,51.8552360534668,1,0.0
2992558,of_complement,Early America,strict,6828613,1,ADJ+PROPN,in,,,,20.42432403564453,76.83631134033203,2,0.5
2992559,of_complement,Asia,strict,6895296,1,PROPN,in,,,,9.206412315368652,42.069915771484375,1,0.5
2992560,of_complement,Coastal Kenya,strict,6924078,1,PROPN+PROPN,in,,,,16.87873077392578,125.8869400024414,2,0.5
2992561,of_complement,British Columbia,strict,6927955,1,PROPN+PROPN,in,,,,21.16345977783203,145.30076599121094,2,0.5
2992562,of_complement,North America,strict,7119253,1,PROPN+PROPN,in,,,,24.82088851928711,162.62359619140625,2,0.5
2992563,of_complement,Medieval Europe,strict,7318669,1,PROPN+PROPN,in,,,,15.698047637939453,110.16114044189453,2,0.0
2992564,of_complement,Berlin,strict,7653502,1,PROPN,in,,,,9.206412315368652,42.069915771484375,1,0.0
2992565,of_complement,Post - Revolution France,strict,7704203,1,PROPN+PROPN+PROPN+PROPN,in,,,,30.76768684387207,244.80894470214844,4,0.0
2992566,of_complement,long - term outcome,strict,7747548,1,ADJ+PUNCT+NOUN+NOUN,for,,,,25.525394439697266,211.18325805664062,4,0.0
2992567,of_complement,Stalin,strict,7792517,1,PROPN,after,,,,7.803473472595215,49.646629333496094,1,0.5
2992568,of_complement,Eastern North America,strict,7795887,1,PROPN+PROPN+PROPN,in,,,,34.02730178833008,315.8043518066406,3,0.5
2992569,of_complement,Socialism,strict,7963243,1,NOUN,to,,,,13.476513862609863,55.33617401123047,1,0.0
2992570,of_complement,Medieval Italy,strict,8136454,1,PROPN+PROPN,in,,,,18.90207862854004,107.59912109375,2,0.0
2992571,of_complement,Philosophy,strict,8201319,1,NOUN,from,,,,7.893296718597412,38.36292266845703,1,0.5
2992572,of_complement,Disabilities,strict,8291945,1,NOUN,with,,,,11.183015823364258,54.1860466003418,1,0.0
2992573,of_complement,Syria,strict,8424408,1,PROPN,in,,,,9.355215072631836,51.8552360534668,1,0.5
2992574,of_complement,contemporary Nicaragua,strict,8544178,1,ADJ+PROPN,in,,,,15.492725372314453,100.76199340820312,2,0.0
2992575,of_complement,Hockey in Canada,strict,8577716,1,PROPN+ADP+PROPN,of,,,,24.56093406677246,210.50685119628906,3,0.0
2992576,of_complement,Highly Qualified Migration,strict,8625874,1,PROPN+PROPN+PROPN,in,,,,20.990388870239258,158.5076446533203,3,0.5
2992577,of_complement,Late Sixteenth - Century Rome,strict,8721549,1,PROPN+PROPN+PUNCT+PROPN+PROPN,in,,,,36.52419662475586,304.5367126464844,5,0.5
2992578,of_complement,21st - Century Indonesia,strict,9017116,1,ADJ+PUNCT+PROPN+PROPN,in,,,,15.596573829650879,229.79293823242188,4,0.5
2992579,of_complement,Matter,strict,9197189,1,PROPN,of,,,,10.231931686401367,30.091676712036133,1,0.0
2992580,of_complement,Michel Foucault,strict,9203568,1,PROPN+PROPN,in,,,,-1.3465651273727417,182.32513427734375,2,0.0
2992581,of_complement,Versailles,strict,9249510,1,NOUN,of,,,,3.0541422367095947,56.744285583496094,1,0.6570192889947438
2992582,of_complement,Luke - Acts,strict,9377116,1,PROPN+PUNCT+PROPN,in,,,,19.424182891845703,164.7490997314453,3,0.5
2992583,of_complement,Early Anglo - America,strict,9397136,1,ADJ+PROPN+PUNCT+PROPN,in,,,,28.298965454101562,205.08270263671875,4,0.0
2992584,of_complement,Texas,strict,9465718,1,PROPN,in,,,,8.438499450683594,50.995574951171875,1,0.5
2992585,of_complement,Migrantes in Mexico,strict,9473829,1,PROPN+ADP+PROPN,de,,,,20.491151809692383,95.34814453125,2,0.0
2992586,of_complement,Taiwan,strict,9496154,1,PROPN,in,,,,9.206412315368652,42.069915771484375,1,0.0
2992587,of_complement,Victorian Britain,strict,9602497,1,ADJ+PROPN,in,,,,19.077884674072266,125.34794616699219,2,0.5
2992588,of_complement,mortgage lending value,strict,9668906,1,NOUN+NOUN+NOUN,of,,,,25.527986526489258,285.4149169921875,3,0.0
2992589,of_complement,Shakespeare 's Stage,strict,9918742,1,PROPN+PART+NOUN,on,,,,21.951467514038086,178.42002868652344,3,0.5
2992590,of_complement,Egypt,strict,9963522,1,PROPN,in,,,,10.72344970703125,51.04301834106445,1,0.5
2992591,of_complement,American Law,strict,10304435,1,ADJ+PROPN,in,,,,22.91814422607422,123.54386901855469,2,0.0
2992592,of_complement,Witchcraft,strict,10363183,1,PROPN,of,,,,11.39553165435791,47.13890075683594,1,0.0
2992593,of_complement,Curation,strict,10501889,1,PROPN,in,,,,4.201552391052246,36.847801208496094,1,0.0
2992594,of_complement,Football,strict,10603466,1,NOUN,in,,,,7.416491508483887,50.94314193725586,1,0.0
2992595,of_complement,Songkhla province,strict,10915032,1,PROPN+NOUN,in,,,,9.054142951965332,51.40907669067383,1,0.0
2992596,of_complement,Jeremiah,strict,10929406,1,PROPN,of,,,,3.1451618671417236,40.44054412841797,1,0.0
