slot_filler_id,score_pop,score_mainstream,score_niche,model_tier,source_prediction_count
1,0.200329,0.118765,0.680906,niche,43
2,0.045488,0.095136,0.859376,niche,1
3,0.046946,0.34776,0.605293,niche,73
4,0.008701,0.039566,0.951733,niche,1
5,0.872507,0.013246,0.114247,pop,2
6,0.444055,0.295904,0.260042,pop,4
7,0.872507,0.013246,0.114247,pop,2
8,0.001067,0.620851,0.378082,mainstream,2
9,0.002676,0.286454,0.71087,niche,9
10,0.01951,0.798771,0.18172,mainstream,2
11,0.013236,0.862565,0.124199,mainstream,4
12,0.003021,0.031076,0.965903,niche,3
13,0.007666,0.17613,0.816204,niche,4
14,0.008457,0.013754,0.97779,niche,2
15,0.005162,0.018093,0.976746,niche,3
16,0.010441,0.088955,0.900604,niche,4
17,0.025219,0.16879,0.805991,niche,85
18,0.011067,0.1215,0.867432,niche,12
19,4.7e-05,0.005603,0.99435,niche,1
20,0.002407,0.278016,0.719577,niche,7
21,0.000346,0.000446,0.999208,niche,1
22,0.003587,0.010187,0.986225,niche,2
23,0.007449,0.059105,0.933446,niche,2
24,0.008238,0.039792,0.95197,niche,1
25,0.006591,0.081177,0.912232,niche,2
26,0.003812,0.668951,0.327236,mainstream,4
27,0.004001,0.621049,0.37495,mainstream,3
28,0.023375,0.529989,0.446636,mainstream,27
29,0.020564,0.686283,0.293153,mainstream,31
30,0.007141,0.778192,0.214668,mainstream,16
31,0.005781,0.197388,0.79683,niche,34
32,0.057765,0.316026,0.626209,niche,24
33,0.048638,0.068509,0.882853,niche,2
34,0.000293,9.2e-05,0.999615,niche,1
35,0.007532,0.646073,0.346394,mainstream,1
36,0.007532,0.646073,0.346394,mainstream,1
37,0.008667,0.42823,0.563103,niche,2
38,0.008667,0.42823,0.563103,niche,2
39,0.018026,0.072989,0.908985,niche,11
40,0.127166,0.437423,0.435411,mainstream,1
41,0.006708,0.211958,0.781334,niche,10
42,0.020327,0.002972,0.976701,niche,3
43,0.000545,0.031799,0.967655,niche,1
44,0.009388,0.279163,0.71145,niche,2
45,0.016886,0.084366,0.898747,niche,36
46,0.000653,0.005479,0.993868,niche,2
47,0.000385,0.01911,0.980505,niche,3
48,0.131041,0.331755,0.537204,niche,15
49,0.002022,0.284352,0.713626,niche,1
50,0.013671,0.223082,0.763247,niche,45
51,0.013848,0.034586,0.951566,niche,19
52,0.005006,0.017233,0.977761,niche,4
53,0.000747,0.029842,0.969411,niche,2
54,0.031764,0.276887,0.691349,niche,37
55,0.096096,0.39844,0.505464,niche,16
56,0.022988,0.117675,0.859337,niche,14
57,0.09435,0.220821,0.684829,niche,38
58,0.007147,0.856923,0.13593,mainstream,2
59,0.007147,0.856923,0.13593,mainstream,2
60,0.095793,0.248103,0.656105,niche,1
61,0.095793,0.248103,0.656105,niche,1
62,0.024322,0.326307,0.64937,niche,3
63,0.002005,0.051466,0.946528,niche,2
64,0.007174,0.030377,0.962449,niche,14
65,0.005634,0.910367,0.084,mainstream,2
66,0.005634,0.910367,0.084,mainstream,2
67,0.004022,0.011513,0.984464,niche,1
68,0.040655,0.176155,0.783189,niche,15
69,0.004513,0.299661,0.695825,niche,2
70,0.304821,0.506031,0.189148,mainstream,3
71,0.007631,0.013595,0.978774,niche,3
72,0.000711,0.001808,0.997482,niche,1
73,0.079671,0.225268,0.695061,niche,62
74,1e-05,4.4e-05,0.999946,niche,1
75,0.112446,0.136425,0.751129,niche,12
76,0.030116,0.051545,0.918338,niche,30
77,0.02861,0.364667,0.606722,niche,1
78,0.02861,0.364667,0.606722,niche,1
79,0.000978,0.406866,0.592155,niche,2
80,0.000978,0.406866,0.592155,niche,2
81,0.008002,0.036488,0.955509,niche,1
82,0.003026,0.144111,0.852864,niche,1
83,0.003026,0.144111,0.852864,niche,1
84,0.002933,0.096867,0.900199,niche,8
85,0.000432,0.005119,0.994448,niche,4
86,0.004768,0.006873,0.988359,niche,1
87,0.004768,0.006873,0.988359,niche,1
88,0.204209,0.080012,0.71578,niche,1
89,0.204209,0.080012,0.71578,niche,1
90,0.204209,0.080012,0.71578,niche,1
91,0.000427,0.009596,0.989977,niche,1
92,0.000289,0.025419,0.974293,niche,2
93,0.088604,0.247818,0.663578,niche,3
94,0.011331,0.344581,0.644087,niche,2
95,0.021231,0.011305,0.967464,niche,2
96,0.021231,0.011305,0.967464,niche,2
97,0.072159,0.143316,0.784525,niche,1
98,0.047708,0.051766,0.900526,niche,6
99,0.005003,0.966158,0.02884,mainstream,2
100,0.005003,0.966158,0.02884,mainstream,2
101,0.000259,0.000417,0.999324,niche,1
102,0.000733,0.00427,0.994996,niche,1
103,0.000733,0.00427,0.994996,niche,1
104,0.003534,0.85402,0.142447,mainstream,2
105,0.012066,0.691145,0.296789,mainstream,3
106,0.002607,0.016365,0.981028,niche,3
107,0.006489,0.024524,0.968987,niche,1
108,0.009486,0.051596,0.938918,niche,6
109,0.007274,0.024891,0.967836,niche,5
110,0.002493,0.052927,0.94458,niche,7
111,2.8e-05,0.001176,0.998795,niche,1
112,0.157498,0.37333,0.469172,niche,20
113,0.001574,0.425713,0.572713,niche,5
114,0.640904,0.039778,0.319318,pop,7
115,0.281329,0.033666,0.685006,niche,7
116,0.011975,0.008056,0.979968,niche,1
117,0.011975,0.008056,0.979968,niche,1
118,0.019418,0.085087,0.895495,niche,5
119,0.03242,0.233915,0.733665,niche,3
120,0.000419,0.013076,0.986505,niche,1
121,0.002042,0.017482,0.980476,niche,3
122,6.7e-05,0.002936,0.996997,niche,2
123,2.8e-05,0.001473,0.998499,niche,1
124,0.005464,0.077953,0.916583,niche,4
125,0.000281,0.00141,0.998309,niche,1
126,0.000281,0.00141,0.998309,niche,1
127,0.00158,0.188054,0.810366,niche,14
128,0.000362,0.059042,0.940596,niche,3
129,0.074578,0.660843,0.26458,mainstream,1
130,0.097515,0.287759,0.614726,niche,5
131,0.043765,0.351368,0.604868,niche,4
132,0.00035,0.017865,0.981785,niche,1
133,0.00035,0.017865,0.981785,niche,1
134,0.086587,0.619317,0.294096,mainstream,9
135,0.083472,0.490212,0.426316,mainstream,8
136,0.01138,0.493136,0.495483,niche,8
137,0.039192,0.520414,0.440394,mainstream,10
138,0.003612,0.034151,0.962237,niche,1
139,0.001264,0.011727,0.987009,niche,5
140,0.00023,0.004795,0.994975,niche,1
141,5e-06,0.000194,0.999801,niche,1
142,0.001276,0.380369,0.618355,niche,3
143,0.009187,0.141021,0.849791,niche,2
144,0.009187,0.141021,0.849791,niche,2
145,0.002272,0.590311,0.407417,mainstream,2
146,0.039393,0.03169,0.928917,niche,1
147,0.039393,0.03169,0.928917,niche,1
148,0.000207,0.046953,0.95284,niche,1
149,0.000207,0.046953,0.95284,niche,1
150,0.027784,0.028561,0.943655,niche,1
151,0.027784,0.028561,0.943655,niche,1
152,0.004094,0.007106,0.988801,niche,1
153,0.002084,0.428231,0.569685,niche,5
154,0.039683,0.169554,0.790763,niche,37
155,0.101951,0.235711,0.662338,niche,44
156,3.2e-05,0.000709,0.999259,niche,1
157,3.2e-05,0.000709,0.999259,niche,1
158,3.2e-05,0.000709,0.999259,niche,1
159,0.011723,0.023598,0.964679,niche,2
160,0.011723,0.023598,0.964679,niche,2
161,0.087505,0.041492,0.871003,niche,6
162,0.00135,0.061212,0.937439,niche,2
163,0.005035,0.342573,0.652392,niche,3
164,0.015209,0.226822,0.757968,niche,5
165,0.009316,0.399576,0.591109,niche,26
166,0.00013,0.01227,0.987601,niche,1
167,0.00013,0.01227,0.987601,niche,1
168,3.9e-05,0.000714,0.999247,niche,2
169,0.103734,0.079798,0.816468,niche,37
170,0.032405,0.282993,0.684603,niche,2
171,0.030696,0.574111,0.395193,mainstream,129
172,0.001225,0.088406,0.910369,niche,4
173,4e-05,0.00114,0.99882,niche,1
174,4e-05,0.00114,0.99882,niche,1
175,0.003712,0.309744,0.686544,niche,3
176,0.003936,0.469183,0.526881,niche,6
177,0.000383,0.027246,0.972371,niche,2
178,0.000383,0.027246,0.972371,niche,2
179,0.010156,0.073393,0.916451,niche,7
180,0.035024,0.7329,0.232075,mainstream,8
181,0.02719,0.640946,0.331864,mainstream,6
182,0.002204,0.033131,0.964665,niche,3
183,0.002204,0.033131,0.964665,niche,3
184,3.9e-05,0.003443,0.996518,niche,1
185,3.9e-05,0.003443,0.996518,niche,1
186,0.001442,0.264785,0.733773,niche,4
187,0.001502,0.058676,0.939822,niche,3
188,0.014648,0.237059,0.748294,niche,2
189,0.014648,0.237059,0.748294,niche,2
190,0.087666,0.166647,0.745686,niche,21
191,0.107819,0.50854,0.383641,mainstream,29
192,0.000623,0.036282,0.963095,niche,2
193,0.002974,0.158617,0.83841,niche,2
194,0.002974,0.158617,0.83841,niche,2
195,0.000503,0.088738,0.910759,niche,3
196,0.000503,0.088738,0.910759,niche,3
197,0.000233,0.004891,0.994876,niche,2
198,0.000976,0.358826,0.640197,niche,2
199,0.000354,0.002716,0.996931,niche,2
200,0.010581,0.061572,0.927847,niche,5
201,0.005075,0.067727,0.927198,niche,4
202,0.002873,0.016531,0.980597,niche,4
203,0.001314,0.004478,0.994209,niche,4
204,0.006578,0.473851,0.519572,niche,2
205,0.000626,0.009105,0.99027,niche,1
206,0.001912,0.570457,0.427632,mainstream,2
207,0.347294,0.20178,0.450927,niche,11
208,0.325651,0.238724,0.435625,niche,4
209,0.017823,0.07609,0.906088,niche,3
210,0.023122,0.03195,0.944927,niche,2
211,0.001333,0.092887,0.90578,niche,2
212,0.001333,0.092887,0.90578,niche,2
213,0.000576,0.003828,0.995597,niche,1
214,0.000576,0.003828,0.995597,niche,1
215,0.095048,0.060476,0.844476,niche,5
216,0.098577,0.68457,0.216853,mainstream,7
217,0.004526,0.670994,0.324481,mainstream,2
218,9.1e-05,0.004289,0.995619,niche,2
219,9.1e-05,0.004289,0.995619,niche,2
220,0.028417,0.026868,0.944716,niche,2
221,0.000757,0.005783,0.99346,niche,1
222,0.000588,0.048774,0.950639,niche,3
223,6.7e-05,0.00124,0.998693,niche,1
224,0.002094,0.709809,0.288096,mainstream,1
225,0.002094,0.709809,0.288096,mainstream,1
226,0.00549,0.138077,0.856433,niche,17
227,0.009089,0.008729,0.982182,niche,1
228,0.035112,0.301658,0.66323,niche,6
229,0.002013,0.092709,0.905278,niche,11
230,6.7e-05,0.011239,0.988694,niche,2
231,1.1e-05,0.000408,0.999581,niche,1
232,0.000358,0.001121,0.998521,niche,1
233,0.008755,0.01325,0.977996,niche,2
234,0.004338,0.016878,0.978784,niche,1
235,0.005522,0.20539,0.789088,niche,4
236,0.001763,0.003724,0.994513,niche,2
237,0.001763,0.003724,0.994513,niche,2
238,0.035386,0.91499,0.049624,mainstream,3
239,0.035386,0.91499,0.049624,mainstream,3
240,0.010521,0.14735,0.842128,niche,12
241,0.005573,0.019417,0.975009,niche,3
242,0.003332,0.023007,0.973661,niche,3
243,0.260092,0.113455,0.626453,niche,8
244,0.009977,0.090179,0.899843,niche,3
245,0.023084,0.378616,0.5983,niche,8
246,0.000459,0.006866,0.992675,niche,1
247,0.000459,0.006866,0.992675,niche,1
248,0.011644,0.342775,0.645581,niche,5
249,0.272935,0.070276,0.656789,niche,3
250,0.00594,0.281022,0.713039,niche,23
251,0.008076,0.263739,0.728185,niche,5
252,0.005281,0.052331,0.942387,niche,11
253,0.004025,0.006052,0.989924,niche,2
254,0.013771,0.056629,0.9296,niche,14
255,0.010867,0.405018,0.584116,niche,2
256,0.006548,0.005391,0.988061,niche,1
257,0.89675,0.01745,0.0858,pop,1
258,0.89675,0.01745,0.0858,pop,1
259,0.89675,0.01745,0.0858,pop,1
260,0.382735,0.429859,0.187407,mainstream,63
261,0.17572,0.42769,0.39659,mainstream,24
262,0.007765,0.038194,0.954041,niche,5
263,0.01779,0.059054,0.923156,niche,12
264,0.002126,0.982391,0.015483,mainstream,8
265,0.006728,0.859837,0.133435,mainstream,11
266,0.012346,0.232258,0.755396,niche,11
267,0.000531,0.001129,0.99834,niche,1
268,0.000505,0.027732,0.971763,niche,8
269,0.005109,0.020153,0.974738,niche,1
270,0.005109,0.020153,0.974738,niche,1
271,0.004424,0.064681,0.930896,niche,2
272,0.000118,0.00107,0.998812,niche,1
273,0.000118,0.00107,0.998812,niche,1
274,0.000715,0.016437,0.982847,niche,1
275,0.002341,0.00741,0.99025,niche,6
276,0.33458,0.129744,0.535677,niche,8
277,0.301969,0.046204,0.651827,niche,3
278,0.00011,0.002441,0.99745,niche,2
279,0.00011,0.002441,0.99745,niche,2
280,1.6e-05,0.000494,0.999491,niche,2
281,1.6e-05,0.000494,0.999491,niche,2
282,1.6e-05,0.000494,0.999491,niche,2
283,0.023371,0.114536,0.862092,niche,2
284,0.046227,0.219556,0.734217,niche,1
285,0.01044,0.170263,0.819297,niche,4
286,0.865068,0.015668,0.119263,pop,1
287,0.246191,0.041393,0.712415,niche,8
288,0.459138,0.172839,0.368023,pop,2
289,0.007388,0.476314,0.516298,niche,4
290,0.070952,0.231317,0.697732,niche,2
291,0.656085,0.066837,0.277078,pop,3
292,0.000153,0.022474,0.977373,niche,4
293,0.000112,0.00952,0.990369,niche,3
294,1.9e-05,0.000195,0.999786,niche,1
295,0.000751,0.035013,0.964236,niche,2
296,1.9e-05,0.000195,0.999786,niche,1
297,0.120101,0.264272,0.615627,niche,10
298,0.009205,0.167265,0.82353,niche,21
299,2.6e-05,0.001891,0.998083,niche,1
300,2.6e-05,0.001891,0.998083,niche,1
301,2.6e-05,0.001891,0.998083,niche,1
302,0.01857,0.379154,0.602277,niche,20
303,0.000641,0.013645,0.985714,niche,3
304,0.171244,0.282162,0.546594,niche,33
305,0.000108,0.009602,0.99029,niche,2
306,0.000108,0.009602,0.99029,niche,2
307,0.001477,0.12084,0.877684,niche,2
308,0.001244,0.058779,0.939978,niche,5
309,1.5e-05,8.9e-05,0.999895,niche,1
310,1.5e-05,8.9e-05,0.999895,niche,1
311,0.010417,0.678617,0.310967,mainstream,24
312,0.044601,0.328636,0.626763,niche,8
313,0.006373,0.300329,0.693298,niche,5
314,0.047956,0.350001,0.602043,niche,6
315,0.072553,0.132804,0.794643,niche,8
316,0.044743,0.138331,0.816925,niche,4
317,0.000154,0.047597,0.952249,niche,2
318,0.024441,0.46284,0.512719,niche,3
319,0.024441,0.46284,0.512719,niche,3
320,0.39734,0.336273,0.266386,pop,14
321,0.021633,0.486951,0.491417,niche,3
322,0.01369,0.256146,0.730164,niche,6
323,0.003668,0.186552,0.809781,niche,2
324,0.003668,0.186552,0.809781,niche,2
325,0.002321,0.021118,0.976561,niche,1
326,0.04472,0.385636,0.569645,niche,28
327,0.003884,0.121246,0.87487,niche,10
328,0.051663,0.063664,0.884673,niche,1
329,0.051663,0.063664,0.884673,niche,1
330,0.012793,0.044079,0.943129,niche,2
331,0.004749,0.019621,0.97563,niche,3
332,0.002874,0.014507,0.982619,niche,2
333,0.032675,0.886922,0.080402,mainstream,3
334,0.213054,0.558543,0.228403,mainstream,7
335,0.01195,0.04978,0.938269,niche,2
336,0.243148,0.054291,0.70256,niche,1
337,6.3e-05,0.003342,0.996594,niche,2
338,0.089782,0.456666,0.453552,mainstream,12
339,0.136823,0.324137,0.53904,niche,5
340,0.014349,0.181746,0.803905,niche,6
341,0.003092,0.058746,0.938163,niche,2
342,0.000694,0.005742,0.993565,niche,1
343,0.002761,0.012358,0.984882,niche,2
344,0.070649,0.535709,0.393642,mainstream,24
345,0.003557,0.199349,0.797094,niche,2
346,0.003557,0.199349,0.797094,niche,2
347,0.000643,0.075324,0.924033,niche,1
348,0.000643,0.075324,0.924033,niche,1
349,0.006499,0.264707,0.728794,niche,10
350,0.116897,0.070633,0.81247,niche,10
351,0.000707,0.012354,0.986939,niche,1
352,0.000992,0.057303,0.941704,niche,5
353,0.005006,0.134316,0.860678,niche,2
354,0.005006,0.134316,0.860678,niche,2
355,0.252856,0.369258,0.377886,niche,22
356,0.001682,0.013085,0.985233,niche,4
357,0.053754,0.275861,0.670385,niche,32
358,0.007188,0.074425,0.918388,niche,3
359,0.000528,0.002275,0.997197,niche,1
360,0.000528,0.002275,0.997197,niche,1
361,2e-06,1.3e-05,0.999986,niche,1
362,2e-06,1.3e-05,0.999986,niche,1
363,2e-06,1.3e-05,0.999986,niche,1
364,0.185954,0.410661,0.403385,mainstream,10
365,0.217173,0.272122,0.510705,niche,3
366,0.036535,0.292162,0.671303,niche,20
367,1.4e-05,4.5e-05,0.999941,niche,1
368,0.000656,0.018767,0.980577,niche,1
369,0.000656,0.018767,0.980577,niche,1
370,0.01305,0.153346,0.833604,niche,10
371,0.008298,0.18261,0.809092,niche,19
372,3e-05,0.000138,0.999831,niche,1
373,0.000164,0.005426,0.99441,niche,2
374,0.000164,0.005426,0.99441,niche,2
375,0.000313,0.004958,0.994729,niche,1
376,0.001374,0.012109,0.986517,niche,4
377,0.003085,0.088754,0.908161,niche,3
378,0.003085,0.088754,0.908161,niche,3
379,0.008322,0.044802,0.946876,niche,14
380,0.000815,0.019439,0.979746,niche,3
381,0.599645,0.223139,0.177216,pop,12
382,0.003015,0.027057,0.969928,niche,2
383,0.002925,0.005418,0.991657,niche,2
384,0.054294,0.051262,0.894444,niche,1
385,0.054294,0.051262,0.894444,niche,1
386,0.001994,0.011968,0.986039,niche,2
387,0.001994,0.011968,0.986039,niche,2
388,0.126627,0.064052,0.809322,niche,2
389,0.024814,0.127875,0.847311,niche,6
390,0.000159,0.000137,0.999704,niche,1
391,0.000159,0.000137,0.999704,niche,1
392,0.97878,0.01067,0.01055,pop,2
393,0.654003,0.048936,0.297061,pop,3
394,0.001595,0.010531,0.987874,niche,1
395,0.001595,0.010531,0.987874,niche,1
396,0.003891,0.014349,0.981759,niche,1
397,0.017369,0.100109,0.882521,niche,2
398,0.001718,0.13429,0.863993,niche,9
399,0.000578,0.010904,0.988517,niche,7
400,0.214409,0.280741,0.50485,niche,61
401,0.000138,0.004896,0.994967,niche,2
402,0.001724,0.00607,0.992206,niche,4
403,0.074405,0.155378,0.770218,niche,5
404,0.064166,0.087266,0.848569,niche,2
405,0.004046,0.333564,0.662391,niche,2
406,0.004046,0.333564,0.662391,niche,2
407,0.000905,0.00538,0.993715,niche,1
408,0.0476,0.448762,0.503637,niche,3
409,0.139651,0.094231,0.766118,niche,2
410,0.262166,0.158864,0.57897,niche,1
411,0.007376,0.017408,0.975216,niche,1
412,0.014882,0.556985,0.428134,mainstream,5
413,0.028572,0.509479,0.461949,mainstream,24
414,0.005645,0.240198,0.754158,niche,2
415,0.010091,0.010868,0.979041,niche,1
416,0.003275,0.04567,0.951056,niche,2
417,0.000745,0.004006,0.995249,niche,2
418,0.000745,0.004006,0.995249,niche,2
419,0.000235,0.000871,0.998894,niche,1
420,0.000235,0.000871,0.998894,niche,1
421,0.008998,0.188901,0.802101,niche,7
422,0.004738,0.016982,0.978279,niche,5
423,7.3e-05,0.005758,0.994169,niche,1
424,7.3e-05,0.005758,0.994169,niche,1
425,0.000201,0.049652,0.950148,niche,1
426,0.000201,0.049652,0.950148,niche,1
427,0.000164,0.011179,0.988657,niche,1
428,0.00857,0.020991,0.970439,niche,1
429,0.060283,0.11348,0.826237,niche,2
430,0.060283,0.11348,0.826237,niche,2
431,0.016802,0.043444,0.939754,niche,1
432,0.016802,0.043444,0.939754,niche,1
433,0.014425,0.088489,0.897086,niche,14
434,0.038858,0.550837,0.410305,mainstream,27
435,0.008833,0.016005,0.975162,niche,2
436,0.020203,0.091081,0.888716,niche,1
437,0.020203,0.091081,0.888716,niche,1
438,0.007407,0.6136,0.378993,mainstream,6
439,0.003713,0.763896,0.232391,mainstream,2
440,0.001251,0.14968,0.849069,niche,3
441,0.000487,0.016672,0.982841,niche,1
442,0.000209,0.002035,0.997756,niche,1
443,0.000209,0.002035,0.997756,niche,1
444,0.010992,0.089522,0.899487,niche,2
445,0.007615,0.067551,0.924834,niche,3
446,0.403723,0.264343,0.331934,pop,30
447,0.625837,0.086752,0.287411,pop,9
448,0.016467,0.304457,0.679076,niche,3
449,0.012368,0.563205,0.424428,mainstream,4
450,0.04211,0.057806,0.900084,niche,6
451,0.25062,0.043976,0.705404,niche,6
452,6.3e-05,0.007777,0.99216,niche,2
453,6.3e-05,0.007777,0.99216,niche,2
454,0.00096,0.052223,0.946817,niche,2
455,0.00096,0.052223,0.946817,niche,2
456,0.000255,0.007467,0.992278,niche,1
457,0.000255,0.007467,0.992278,niche,1
458,0.01232,0.085132,0.902548,niche,2
459,0.011092,0.144233,0.844674,niche,5
460,0.009246,0.120415,0.870339,niche,28
461,0.002495,0.250174,0.747331,niche,8
462,0.006166,0.459584,0.534251,niche,3
463,0.003395,0.309344,0.687262,niche,4
464,0.018452,0.043125,0.938424,niche,3
465,0.017896,0.069767,0.912338,niche,6
466,0.135622,0.363661,0.500717,niche,5
467,0.000118,0.000277,0.999605,niche,1
468,0.009694,0.215749,0.774557,niche,7
469,0.00036,0.004199,0.99544,niche,1
470,0.001314,0.021114,0.977572,niche,1
471,0.001314,0.021114,0.977572,niche,1
472,0.007031,0.585061,0.407908,mainstream,19
473,0.001004,0.024624,0.974372,niche,3
474,0.000917,0.019907,0.979177,niche,2
475,0.002099,0.300818,0.697083,niche,2
476,0.000286,0.000454,0.99926,niche,1
477,0.003008,0.440519,0.556474,niche,4
478,0.003008,0.440519,0.556474,niche,4
479,0.090107,0.522576,0.387317,mainstream,2
480,0.086662,0.26732,0.646018,niche,12
481,0.010455,0.180815,0.80873,niche,1
482,7.8e-05,0.003189,0.996734,niche,1
483,7.8e-05,0.003189,0.996734,niche,1
484,0.047032,0.10308,0.849888,niche,1
485,0.047032,0.10308,0.849888,niche,1
486,0.000831,0.215402,0.783766,niche,5
487,0.006061,0.503363,0.490576,mainstream,4
488,0.045012,0.006677,0.948311,niche,1
489,0.045012,0.006677,0.948311,niche,1
490,0.000166,0.012351,0.987483,niche,1
491,0.000255,0.012698,0.987047,niche,2
492,0.000255,0.012698,0.987047,niche,2
493,0.015321,0.066104,0.918575,niche,3
494,0.045307,0.165197,0.789496,niche,1
495,0.006898,0.152172,0.84093,niche,1
496,0.006898,0.152172,0.84093,niche,1
497,0.10226,0.210062,0.687679,niche,1
498,0.10226,0.210062,0.687679,niche,1
499,0.007597,0.529327,0.463076,mainstream,4
500,0.00093,0.124879,0.874191,niche,1
501,0.206721,0.212343,0.580935,niche,13
502,0.041257,0.007111,0.951632,niche,1
503,0.07017,0.166651,0.763179,niche,3
504,0.025888,0.188102,0.78601,niche,10
505,0.020712,0.371068,0.60822,niche,105
506,0.022066,0.482502,0.495432,niche,2
507,0.004444,0.681879,0.313677,mainstream,1
508,0.004719,0.516579,0.478702,mainstream,4
509,0.016814,0.14048,0.842706,niche,2
510,0.02913,0.365395,0.605474,niche,1
511,0.006981,0.100601,0.892418,niche,1
512,0.004858,0.1112,0.883943,niche,2
513,0.000465,0.006554,0.992981,niche,2
514,0.000465,0.006554,0.992981,niche,2
515,0.000586,0.012896,0.986519,niche,1
516,0.000586,0.012896,0.986519,niche,1
517,0.105408,0.250365,0.644227,niche,1
518,0.306515,0.155656,0.537829,niche,4
519,7e-05,0.024126,0.975804,niche,2
520,0.003108,0.033724,0.963169,niche,5
521,0.007227,0.025239,0.967535,niche,7
522,0.000516,0.009517,0.989968,niche,1
523,0.004375,0.088668,0.906958,niche,2
524,0.014872,0.099328,0.885799,niche,7
525,0.004191,0.188796,0.807013,niche,5
526,0.001986,0.910669,0.087345,mainstream,2
527,0.001986,0.910669,0.087345,mainstream,2
528,0.014085,0.144852,0.841063,niche,1
529,3.7e-05,0.002025,0.997938,niche,1
530,3.7e-05,0.002025,0.997938,niche,1
531,0.058206,0.316432,0.625362,niche,2
532,0.004509,0.01956,0.975931,niche,1
533,0.006877,0.21809,0.775033,niche,1
534,0.006877,0.21809,0.775033,niche,1
535,0.012286,0.035179,0.952535,niche,1
536,0.012286,0.035179,0.952535,niche,1
537,0.011692,0.594428,0.39388,mainstream,13
538,0.001507,0.169999,0.828493,niche,6
539,0.012199,0.028774,0.959026,niche,3
540,0.001005,0.004755,0.99424,niche,1
541,0.034345,0.499769,0.465886,mainstream,2
542,0.003815,0.687874,0.308311,mainstream,2
543,0.107938,0.073279,0.818782,niche,2
544,0.038529,0.130587,0.830883,niche,4
545,0.029551,0.21493,0.75552,niche,4
546,0.004344,0.093833,0.901824,niche,2
547,0.158117,0.563533,0.27835,mainstream,34
548,0.001389,0.012496,0.986115,niche,9
549,0.005007,0.003929,0.991064,niche,1
550,0.013224,0.949993,0.036783,mainstream,2
551,0.013224,0.949993,0.036783,mainstream,2
552,0.000586,0.049489,0.949925,niche,6
553,0.002017,0.145751,0.852231,niche,5
554,0.001408,0.262092,0.736501,niche,2
555,0.056491,0.119958,0.82355,niche,10
556,0.078999,0.29657,0.624432,niche,7
557,0.023133,0.316485,0.660382,niche,2
558,0.004981,0.595917,0.399102,mainstream,2
559,0.004981,0.595917,0.399102,mainstream,2
560,0.001777,0.03312,0.965104,niche,4
561,0.029729,0.228047,0.742224,niche,6
562,0.18309,0.233745,0.583165,niche,1
563,0.18309,0.233745,0.583165,niche,1
564,0.18309,0.233745,0.583165,niche,1
565,0.65534,0.162472,0.182188,pop,2
566,0.225703,0.029537,0.74476,niche,3
567,0.139227,0.030797,0.829976,niche,1
568,0.30793,0.39261,0.29946,mainstream,4
569,0.001051,0.019619,0.979331,niche,1
570,0.001051,0.019619,0.979331,niche,1
571,0.001441,0.15694,0.841619,niche,1
572,0.001092,0.124149,0.87476,niche,2
573,0.000497,7.7e-05,0.999426,niche,1
574,0.000497,7.7e-05,0.999426,niche,1
575,0.079879,0.480985,0.439137,mainstream,12
576,0.003048,0.025486,0.971465,niche,2
577,0.000311,0.004163,0.995525,niche,1
578,0.15743,0.056884,0.785686,niche,2
579,0.018592,0.064339,0.917069,niche,1
580,0.000144,0.017862,0.981995,niche,4
581,0.071227,0.485132,0.443641,mainstream,1
582,0.049517,0.605662,0.34482,mainstream,2
583,0.03299,0.646678,0.320332,mainstream,1
584,0.063406,0.569321,0.367273,mainstream,7
585,0.001513,0.144168,0.85432,niche,1
586,0.001513,0.144168,0.85432,niche,1
587,0.002973,0.13355,0.863477,niche,6
588,0.000991,0.093275,0.905735,niche,8
589,0.046136,0.257956,0.695908,niche,6
590,0.075347,0.038585,0.886068,niche,6
591,0.007092,0.290414,0.702495,niche,2
592,0.004739,0.194109,0.801152,niche,3
593,0.004469,0.074424,0.921107,niche,2
594,0.002337,0.018532,0.97913,niche,1
595,0.012346,0.804198,0.183457,mainstream,3
596,0.008216,0.858406,0.133378,mainstream,2
597,0.064002,0.169523,0.766476,niche,28
598,0.365966,0.047574,0.58646,niche,3
599,0.030476,0.260544,0.70898,niche,7
600,0.005175,0.594555,0.40027,mainstream,2
601,0.004242,0.459497,0.536262,niche,4
602,0.989946,0.003616,0.006438,pop,1
603,0.989946,0.003616,0.006438,pop,1
604,0.003165,0.002735,0.9941,niche,1
605,0.388027,0.174244,0.437729,niche,8
606,0.000318,0.007366,0.992314,niche,2
607,0.001242,0.020724,0.978034,niche,1
608,0.001242,0.020724,0.978034,niche,1
609,0.000878,0.036401,0.962721,niche,1
610,0.008706,0.177045,0.814249,niche,5
611,0.000519,0.081186,0.918295,niche,1
612,0.001312,0.003081,0.995607,niche,1
613,0.001312,0.003081,0.995607,niche,1
614,0.038063,0.115,0.846937,niche,9
615,0.001357,0.325476,0.673167,niche,2
616,0.001357,0.325476,0.673167,niche,2
617,0.002202,0.60791,0.389887,mainstream,1
618,0.002202,0.60791,0.389887,mainstream,1
619,0.022873,0.214621,0.762506,niche,2
620,0.024577,0.919849,0.055574,mainstream,2
621,0.030102,0.877375,0.092523,mainstream,1
622,0.013429,0.018105,0.968466,niche,1
623,0.013429,0.018105,0.968466,niche,1
624,0.000454,0.002755,0.996791,niche,1
625,0.000454,0.002755,0.996791,niche,1
626,0.17852,0.161097,0.660384,niche,6
627,0.000907,0.004007,0.995086,niche,1
628,0.000907,0.004007,0.995086,niche,1
629,0.003837,0.223485,0.772678,niche,1
630,0.001108,0.006625,0.992267,niche,4
631,0.005871,0.118938,0.875191,niche,6
632,0.009963,0.012482,0.977554,niche,1
633,0.009963,0.012482,0.977554,niche,1
634,0.002928,0.782759,0.214314,mainstream,3
635,0.002928,0.782759,0.214314,mainstream,3
636,0.004645,0.199051,0.796304,niche,13
637,0.000458,0.00859,0.990952,niche,2
638,0.000131,0.000315,0.999553,niche,2
639,0.000245,0.000555,0.999199,niche,1
640,6.6e-05,0.000615,0.999319,niche,1
641,6.6e-05,0.000615,0.999319,niche,1
642,0.020866,0.687356,0.291777,mainstream,2
643,0.020866,0.687356,0.291777,mainstream,2
644,0.000735,0.011574,0.987691,niche,1
645,0.003916,0.07404,0.922044,niche,1
646,0.180199,0.235759,0.584041,niche,20
647,0.001161,0.326002,0.672836,niche,2
648,0.098283,0.39268,0.509037,niche,67
649,0.00688,0.020886,0.972235,niche,1
650,0.012724,0.070311,0.916964,niche,10
651,0.000131,0.000199,0.999671,niche,1
652,0.017991,0.184456,0.797553,niche,7
653,0.020711,0.042932,0.936357,niche,1
654,0.011574,0.129841,0.858585,niche,14
655,3.9e-05,0.000109,0.999852,niche,1
656,0.000753,0.111726,0.88752,niche,1
657,0.000753,0.111726,0.88752,niche,1
658,0.111184,0.023773,0.865042,niche,2
659,0.000368,0.002344,0.997288,niche,1
660,0.000368,0.002344,0.997288,niche,1
661,0.032698,0.743163,0.22414,mainstream,55
662,0.014351,0.612499,0.37315,mainstream,21
663,0.001907,0.004628,0.993465,niche,1
664,0.002474,0.199163,0.798363,niche,3
665,0.002326,0.096882,0.900792,niche,12
666,0.035406,0.66793,0.296663,mainstream,9
667,0.068869,0.698848,0.232283,mainstream,5
668,0.035162,0.015258,0.94958,niche,1
669,0.035162,0.015258,0.94958,niche,1
670,0.001439,0.148814,0.849748,niche,9
671,0.003029,0.00028,0.996691,niche,1
672,0.001929,0.009071,0.989,niche,2
673,0.002573,0.109358,0.888068,niche,5
674,0.005864,0.958219,0.035917,mainstream,1
675,0.005864,0.958219,0.035917,mainstream,1
676,0.008583,0.2526,0.738816,niche,5
677,0.000732,0.014693,0.984574,niche,1
678,3.8e-05,0.001694,0.998269,niche,2
679,3.8e-05,0.001694,0.998269,niche,2
680,0.014395,0.038473,0.947132,niche,1
681,0.014395,0.038473,0.947132,niche,1
682,0.169969,0.037395,0.792636,niche,4
683,0.00888,0.479619,0.511501,niche,2
684,0.012105,0.145123,0.842772,niche,1
685,0.182535,0.39766,0.419805,niche,5
686,0.002679,0.072611,0.92471,niche,2
687,0.005835,0.077173,0.916992,niche,2
688,0.008849,0.12795,0.863202,niche,8
689,0.005655,0.814116,0.18023,mainstream,1
690,0.000628,0.068418,0.930955,niche,3
691,0.001177,0.005598,0.993225,niche,5
692,0.000731,0.010295,0.988975,niche,2
693,0.10385,0.485142,0.411007,mainstream,4
694,0.003443,0.040368,0.956189,niche,10
695,0.002222,0.058335,0.939443,niche,3
696,0.017164,0.762316,0.220521,mainstream,7
697,0.009655,0.628966,0.36138,mainstream,19
698,0.001589,0.020909,0.977503,niche,9
699,0.000817,0.042014,0.957169,niche,3
700,0.000293,0.001214,0.998492,niche,1
701,0.021774,0.50574,0.472486,mainstream,2
702,0.020789,0.291785,0.687426,niche,1
703,0.00161,0.172538,0.825852,niche,6
704,0.001853,0.19148,0.806667,niche,3
705,0.009335,0.648261,0.342404,mainstream,1
706,0.009335,0.648261,0.342404,mainstream,1
707,0.125573,0.487895,0.386533,mainstream,2
708,0.049433,0.430079,0.520488,niche,6
709,0.027345,0.235783,0.736872,niche,6
710,0.018564,0.032186,0.94925,niche,1
711,0.001936,0.015793,0.982271,niche,1
712,0.063199,0.323189,0.613612,niche,5
713,0.042802,0.176773,0.780425,niche,1
714,0.000238,0.049828,0.949934,niche,1
715,0.031991,0.015136,0.952873,niche,2
716,0.025991,0.016865,0.957143,niche,2
717,0.010437,0.598868,0.390695,mainstream,6
718,0.016826,0.219262,0.763912,niche,5
719,0.008987,0.711469,0.279544,mainstream,20
720,0.00827,0.146619,0.845111,niche,1
721,0.00827,0.146619,0.845111,niche,1
722,0.048202,0.449682,0.502116,niche,4
723,0.009151,0.39076,0.600089,niche,2
724,0.053269,0.580744,0.365987,mainstream,1
725,0.020316,0.643265,0.336419,mainstream,4
726,0.027045,0.088458,0.884497,niche,3
727,0.004772,0.346995,0.648233,niche,4
728,0.011672,0.420783,0.567545,niche,1
729,0.013906,0.112022,0.874072,niche,3
730,0.00055,0.327234,0.672215,niche,2
731,0.005194,0.630725,0.36408,mainstream,4
732,0.01046,0.724036,0.265504,mainstream,2
733,0.012266,0.683693,0.304041,mainstream,5
734,0.000113,0.000416,0.999471,niche,1
735,0.000102,0.000575,0.999323,niche,2
736,2.8e-05,0.002076,0.997896,niche,2
737,2.8e-05,0.002076,0.997896,niche,2
738,0.004356,0.001257,0.994387,niche,1
739,0.004356,0.001257,0.994387,niche,1
740,0.004356,0.001257,0.994387,niche,1
741,0.001318,0.013174,0.985509,niche,2
742,0.001533,0.166575,0.831892,niche,6
743,0.000247,0.009988,0.989766,niche,2
744,0.008372,0.405618,0.586009,niche,2
745,0.006977,0.822009,0.171014,mainstream,1
746,0.006977,0.822009,0.171014,mainstream,1
747,0.966236,0.001344,0.032419,pop,1
748,0.966236,0.001344,0.032419,pop,1
749,0.006557,0.187311,0.806132,niche,2
750,0.000195,0.078007,0.921798,niche,2
751,8.1e-05,0.002551,0.997368,niche,1
752,0.004134,0.204615,0.791251,niche,2
753,0.020106,0.337565,0.642329,niche,9
754,0.016216,0.085961,0.897824,niche,6
755,0.083177,0.088732,0.828091,niche,2
756,0.012427,0.344838,0.642735,niche,8
757,0.001075,0.008711,0.990214,niche,1
758,0.001075,0.008711,0.990214,niche,1
759,0.890808,0.015704,0.093488,pop,1
760,0.000691,0.003214,0.996095,niche,1
761,0.000691,0.003214,0.996095,niche,1
762,0.001464,0.041659,0.956877,niche,6
763,0.016058,0.863643,0.120299,mainstream,1
764,0.144096,0.315431,0.540473,niche,6
765,0.555628,0.12276,0.321612,pop,1
766,0.451883,0.325825,0.222292,pop,5
767,0.000956,0.016262,0.982781,niche,4
768,0.011745,0.366224,0.62203,niche,1
769,0.063482,0.164899,0.771619,niche,1
770,0.063482,0.164899,0.771619,niche,1
771,0.001765,0.203844,0.794392,niche,5
772,0.001658,0.017998,0.980344,niche,1
773,0.003311,0.491203,0.505486,niche,1
774,0.010776,0.618379,0.370846,mainstream,2
775,0.008925,0.62911,0.361965,mainstream,1
776,0.053764,0.473256,0.47298,mainstream,14
777,0.005359,0.53358,0.461061,mainstream,4
778,0.003865,0.487156,0.508978,niche,7
779,0.001548,0.025205,0.973247,niche,1
780,0.001548,0.025205,0.973247,niche,1
781,0.004433,0.065041,0.930527,niche,4
782,0.0136,0.04268,0.94372,niche,4
783,0.005641,0.847821,0.146539,mainstream,6
784,0.004467,0.787793,0.207739,mainstream,8
785,0.428596,0.500484,0.07092,mainstream,4
786,0.002573,0.722243,0.275184,mainstream,2
787,0.011745,0.832945,0.15531,mainstream,6
788,0.005312,0.019194,0.975493,niche,4
789,0.005408,0.008823,0.985769,niche,3
790,0.030713,0.095035,0.874252,niche,10
791,0.052529,0.207078,0.740393,niche,1
792,0.052529,0.207078,0.740393,niche,1
793,0.011008,0.964045,0.024947,mainstream,3
794,0.011008,0.964045,0.024947,mainstream,3
795,0.003805,0.034157,0.962038,niche,1
796,0.001894,0.22236,0.775745,niche,3
797,0.001894,0.22236,0.775745,niche,3
798,0.003855,0.944229,0.051917,mainstream,2
799,0.003855,0.944229,0.051917,mainstream,2
800,0.018386,0.024691,0.956923,niche,1
801,0.018386,0.024691,0.956923,niche,1
802,0.030134,0.364215,0.605651,niche,5
803,0.008536,0.16618,0.825284,niche,3
804,0.006386,0.131129,0.862484,niche,5
805,0.001022,0.01001,0.988967,niche,1
806,0.001022,0.01001,0.988967,niche,1
807,0.005658,0.070732,0.92361,niche,3
808,0.000212,0.021666,0.978122,niche,1
809,0.004708,0.123292,0.872,niche,14
810,0.035039,0.76063,0.204331,mainstream,2
811,0.035039,0.76063,0.204331,mainstream,2
812,0.014879,0.060151,0.924971,niche,6
813,0.026969,0.089657,0.883374,niche,3
814,0.015073,0.121097,0.86383,niche,1
815,0.005088,0.034325,0.960588,niche,4
816,0.037376,0.159133,0.803491,niche,12
817,0.011706,0.099989,0.888305,niche,9
818,0.012819,0.117214,0.869967,niche,19
819,0.000386,0.003404,0.99621,niche,1
820,0.004382,0.028099,0.967519,niche,4
821,1.9e-05,0.000427,0.999554,niche,1
822,4.1e-05,0.000704,0.999256,niche,2
823,0.12035,0.162741,0.716909,niche,7
824,0.097291,0.170935,0.731774,niche,4
825,0.005882,0.029919,0.964199,niche,1
826,0.014347,0.568076,0.417576,mainstream,17
827,0.000821,0.019455,0.979724,niche,1
828,0.003042,0.527503,0.469455,mainstream,3
829,0.004372,0.862836,0.132792,mainstream,1
830,0.04265,0.32569,0.63166,niche,1
831,0.04265,0.32569,0.63166,niche,1
832,0.007906,0.150931,0.841162,niche,3
833,0.010715,0.223162,0.766123,niche,2
834,0.001547,0.707175,0.291278,mainstream,2
835,0.002664,0.000331,0.997006,niche,1
836,0.002664,0.000331,0.997006,niche,1
837,0.000464,0.001828,0.997708,niche,1
838,0.000464,0.001828,0.997708,niche,1
839,0.012006,0.916036,0.071958,mainstream,2
840,0.008698,0.457693,0.533608,niche,8
841,0.000852,0.010476,0.988673,niche,2
842,0.008403,0.645652,0.345944,mainstream,1
843,0.000508,0.002709,0.996783,niche,1
844,0.000508,0.002709,0.996783,niche,1
845,0.007638,0.219359,0.773003,niche,2
846,0.001239,0.104096,0.894665,niche,1
847,0.583953,0.184079,0.231968,pop,1
848,0.000718,0.007222,0.992059,niche,1
849,0.004403,0.010895,0.984702,niche,3
850,0.00073,0.050817,0.948453,niche,1
851,0.00073,0.050817,0.948453,niche,1
852,0.318036,0.491271,0.190694,mainstream,1
853,0.021326,0.212259,0.766416,niche,6
854,0.001096,0.248667,0.750237,niche,2
855,0.002108,0.057785,0.940107,niche,1
856,0.029565,0.112964,0.85747,niche,1
857,0.001129,0.043964,0.954907,niche,2
858,0.000125,0.00231,0.997565,niche,1
859,0.014728,0.126075,0.859197,niche,11
860,0.00786,0.10124,0.8909,niche,1
861,0.008015,0.341309,0.650676,niche,10
862,0.024389,0.111714,0.863897,niche,3
863,0.0026,0.974014,0.023387,mainstream,4
864,0.004051,0.898462,0.097488,mainstream,13
865,0.033381,0.018251,0.948368,niche,2
866,0.028111,0.019515,0.952374,niche,1
867,0.141283,0.03485,0.823866,niche,7
868,0.000466,0.010055,0.989479,niche,1
869,0.000466,0.010055,0.989479,niche,1
870,0.011578,0.03098,0.957443,niche,1
871,0.033857,0.588204,0.377939,mainstream,3
872,0.020272,0.007796,0.971933,niche,1
873,0.020272,0.007796,0.971933,niche,1
874,0.007471,0.775206,0.217323,mainstream,5
875,0.231712,0.330674,0.437615,niche,11
876,0.057602,0.064713,0.877686,niche,1
877,0.00854,0.405525,0.585935,niche,11
878,0.003873,0.395403,0.600724,niche,4
879,0.001775,0.015608,0.982617,niche,1
880,0.005639,0.181606,0.812755,niche,15
881,0.001838,0.220123,0.778039,niche,4
882,0.022622,0.155195,0.822183,niche,1
883,0.34331,0.464363,0.192327,mainstream,2
884,0.671516,0.148928,0.179556,pop,1
885,0.018241,0.745554,0.236206,mainstream,1
886,0.006318,0.009383,0.984299,niche,1
887,0.000165,0.01067,0.989165,niche,1
888,0.000165,0.01067,0.989165,niche,1
889,0.003902,0.015952,0.980145,niche,1
890,0.003902,0.015952,0.980145,niche,1
891,0.006056,0.373824,0.620121,niche,1
892,0.001025,0.00105,0.997925,niche,1
893,0.025834,0.36623,0.607936,niche,10
894,0.000937,0.026385,0.972678,niche,1
895,0.000937,0.026385,0.972678,niche,1
896,0.088303,0.401214,0.510483,niche,2
897,0.175361,0.681088,0.143551,mainstream,1
898,0.442541,0.090358,0.467102,niche,4
899,0.085049,0.431177,0.483775,niche,5
900,0.255891,0.349197,0.394913,niche,7
901,0.008392,0.420397,0.571211,niche,5
902,0.008484,0.088601,0.902915,niche,3
903,0.000703,0.015591,0.983706,niche,1
904,0.000703,0.015591,0.983706,niche,1
905,0.000703,0.015591,0.983706,niche,1
906,0.004926,0.099218,0.895856,niche,2
907,0.003065,0.028503,0.968431,niche,1
908,0.120877,0.370039,0.509084,niche,70
909,0.024091,0.084613,0.891296,niche,4
910,8.9e-05,0.000295,0.999616,niche,1
911,8.9e-05,0.000295,0.999616,niche,1
912,0.002783,0.675353,0.321864,mainstream,4
913,0.026563,0.760208,0.213229,mainstream,1
914,0.026563,0.760208,0.213229,mainstream,1
915,0.112999,0.096449,0.790552,niche,5
916,0.000624,0.095617,0.90376,niche,2
917,0.00048,0.037072,0.962448,niche,1
918,0.000258,0.007852,0.991891,niche,1
919,0.000258,0.007852,0.991891,niche,1
920,0.01442,0.09349,0.892089,niche,1
921,0.030848,0.185869,0.783283,niche,1
922,0.000665,0.018106,0.981229,niche,3
923,0.000625,0.015282,0.984093,niche,4
924,0.009921,0.049787,0.940292,niche,1
925,0.001124,0.000596,0.998279,niche,1
926,0.001124,0.000596,0.998279,niche,1
927,0.026935,0.438634,0.534432,niche,2
928,0.026935,0.438634,0.534432,niche,2
929,0.026935,0.438634,0.534432,niche,2
930,0.005985,0.896758,0.097257,mainstream,2
931,0.008142,0.823674,0.168184,mainstream,1
932,0.097161,0.419944,0.482895,niche,6
933,0.002133,0.085618,0.912249,niche,1
934,0.006166,0.746837,0.246997,mainstream,1
935,0.002657,0.703143,0.294199,mainstream,3
936,0.000153,0.004463,0.995384,niche,1
937,0.03131,0.436721,0.531969,niche,1
938,0.008336,0.115206,0.876458,niche,7
939,0.09069,0.366841,0.54247,niche,3
940,0.000615,0.009854,0.989531,niche,1
941,0.000615,0.009854,0.989531,niche,1
942,0.022927,0.237756,0.739317,niche,5
943,0.031446,0.285835,0.682719,niche,1
944,0.001903,0.467077,0.53102,niche,3
945,0.003046,0.34668,0.650274,niche,5
946,0.027463,0.531486,0.441051,mainstream,25
947,0.051661,0.763656,0.184682,mainstream,4
948,0.020128,0.126616,0.853256,niche,11
949,0.000211,0.009879,0.98991,niche,3
950,0.000168,0.00358,0.996252,niche,2
951,0.001652,0.032419,0.96593,niche,2
952,0.015585,0.067058,0.917357,niche,7
953,0.01276,0.134836,0.852404,niche,2
954,0.002365,0.741465,0.25617,mainstream,1
955,0.010976,0.790279,0.198745,mainstream,2
956,0.003194,0.24673,0.750076,niche,1
957,0.003194,0.24673,0.750076,niche,1
958,0.205585,0.53357,0.260845,mainstream,1
959,0.205585,0.53357,0.260845,mainstream,1
960,0.406393,0.225548,0.368059,pop,3
961,0.148924,0.084315,0.766761,niche,6
962,0.000107,0.001715,0.998178,niche,1
963,0.002762,0.07569,0.92155,niche,2
964,0.002762,0.07569,0.92155,niche,2
965,0.002486,0.176935,0.820578,niche,5
966,0.000677,0.045258,0.954065,niche,1
967,0.446975,0.234337,0.318688,pop,1
968,1.8e-05,0.000334,0.999648,niche,1
969,0.000472,0.062372,0.937156,niche,2
970,0.001603,0.03809,0.960307,niche,1
971,0.011502,0.484488,0.50401,niche,2
972,0.000714,0.035777,0.96351,niche,1
973,6.2e-05,7.7e-05,0.999861,niche,1
974,0.007186,0.005472,0.987342,niche,3
975,0.000627,0.032372,0.967,niche,2
976,0.029184,0.142204,0.828613,niche,4
977,6.4e-05,0.007166,0.99277,niche,1
978,0.00052,0.034374,0.965106,niche,2
979,0.000864,0.064666,0.93447,niche,1
980,0.10091,0.777255,0.121835,mainstream,12
981,0.077821,0.699971,0.222208,mainstream,2
982,0.002838,0.09143,0.905732,niche,1
983,0.036953,0.347921,0.615125,niche,2
984,0.000502,0.009055,0.990442,niche,1
985,0.006203,0.064224,0.929573,niche,4
986,0.000673,0.026218,0.973109,niche,1
987,0.002829,0.049488,0.947683,niche,1
988,0.002829,0.049488,0.947683,niche,1
989,0.002285,0.079088,0.918627,niche,1
990,0.00451,0.761373,0.234118,mainstream,2
991,0.00451,0.761373,0.234118,mainstream,2
992,0.00033,0.93646,0.063211,mainstream,2
993,0.00033,0.93646,0.063211,mainstream,2
994,0.010809,0.73336,0.255831,mainstream,2
995,0.031819,0.675546,0.292635,mainstream,1
996,0.031819,0.675546,0.292635,mainstream,1
997,0.006731,0.143108,0.850161,niche,3
998,0.000986,0.007801,0.991213,niche,2
999,0.001863,0.014856,0.983281,niche,1
1000,0.027433,0.559878,0.412689,mainstream,11
1001,0.065466,0.123181,0.811354,niche,2
1002,0.065466,0.123181,0.811354,niche,2
1003,0.995352,0.000999,0.003649,pop,1
1004,0.995352,0.000999,0.003649,pop,1
1005,0.012545,0.234178,0.753277,niche,5
1006,0.014401,0.180655,0.804943,niche,2
1007,0.003135,0.122018,0.874847,niche,2
1008,0.055402,0.187994,0.756604,niche,1
1009,0.006498,0.139686,0.853816,niche,1
1010,0.245928,0.18966,0.564412,niche,2
1011,0.000163,0.009226,0.990611,niche,1
1012,0.000163,0.009226,0.990611,niche,1
1013,0.071741,0.320043,0.608215,niche,6
1014,0.010355,0.320536,0.669108,niche,9
1015,0.021168,0.375355,0.603477,niche,2
1016,0.022436,0.447358,0.530206,niche,3
1017,0.029543,0.366033,0.604424,niche,3
1018,0.000139,0.086507,0.913355,niche,1
1019,0.031908,0.144377,0.823715,niche,2
1020,0.013243,0.092327,0.89443,niche,1
1021,0.002044,0.50388,0.494076,mainstream,1
1022,0.002044,0.50388,0.494076,mainstream,1
1023,0.000575,0.018702,0.980723,niche,1
1024,0.000575,0.018702,0.980723,niche,1
1025,0.000115,0.009785,0.9901,niche,1
1026,0.002046,0.089487,0.908465,niche,2
1027,3e-06,0.000155,0.999842,niche,1
1028,3e-06,0.000155,0.999842,niche,1
1029,0.009183,0.163366,0.827451,niche,11
1030,1e-05,6e-05,0.99993,niche,1
1031,0.004257,0.128999,0.866744,niche,1
1032,0.004257,0.128999,0.866744,niche,1
1033,0.000328,0.016557,0.983115,niche,2
1034,0.008567,0.04255,0.948883,niche,6
1035,0.002018,0.008486,0.989496,niche,1
1036,0.002018,0.008486,0.989496,niche,1
1037,0.011312,0.358002,0.630686,niche,2
1038,0.007302,0.184256,0.808442,niche,1
1039,0.041258,0.027925,0.930818,niche,1
1040,0.000136,0.020501,0.979362,niche,1
1041,0.000136,0.020501,0.979362,niche,1
1042,0.046391,0.767055,0.186555,mainstream,5
1043,0.030263,0.59698,0.372757,mainstream,9
1044,6.8e-05,0.006054,0.993878,niche,2
1045,0.011896,0.101346,0.886758,niche,3
1046,0.000202,0.010856,0.988942,niche,1
1047,0.064047,0.75395,0.182003,mainstream,1
1048,0.037398,0.773999,0.188604,mainstream,3
1049,0.003961,0.195256,0.800782,niche,2
1050,0.313709,0.416396,0.269896,mainstream,10
1051,0.00157,0.4796,0.51883,niche,2
1052,0.005054,0.71659,0.278356,mainstream,3
1053,0.004842,0.035311,0.959846,niche,1
1054,0.989228,0.005597,0.005175,pop,1
1055,0.070948,0.670454,0.258599,mainstream,2
1056,0.004125,0.925736,0.070139,mainstream,3
1057,0.004125,0.925736,0.070139,mainstream,3
1058,0.002528,0.878712,0.118761,mainstream,2
1059,0.002528,0.878712,0.118761,mainstream,2
1060,0.012236,0.425544,0.56222,niche,2
1061,0.006736,0.067168,0.926096,niche,3
1062,0.010525,0.347725,0.64175,niche,3
1063,0.083766,0.684426,0.231808,mainstream,2
1064,0.06451,0.833241,0.102249,mainstream,1
1065,0.000118,0.000263,0.999619,niche,1
1066,0.204631,0.131554,0.663814,niche,7
1067,0.03892,0.018878,0.942202,niche,1
1068,0.580056,0.176569,0.243375,pop,12
1069,0.998285,0.000794,0.000921,pop,2
1070,0.020456,0.33302,0.646524,niche,1
1071,0.00015,0.004719,0.99513,niche,1
1072,0.00015,0.004719,0.99513,niche,1
1073,0.005759,0.694421,0.29982,mainstream,1
1074,0.005759,0.694421,0.29982,mainstream,1
1075,0.007221,0.423772,0.569006,niche,2
1076,0.007221,0.423772,0.569006,niche,2
1077,0.089091,0.319774,0.591135,niche,3
1078,0.016308,0.367208,0.616483,niche,2
1079,0.099353,0.035535,0.865112,niche,1
1080,0.059476,0.021009,0.919515,niche,1
1081,0.029942,0.288478,0.68158,niche,1
1082,0.003423,0.454827,0.54175,niche,2
1083,0.003423,0.454827,0.54175,niche,2
1084,0.015574,0.012099,0.972327,niche,1
1085,0.004307,0.003244,0.992449,niche,1
1086,0.00011,0.19926,0.800631,niche,1
1087,0.00011,0.19926,0.800631,niche,1
1088,0.079955,0.179066,0.74098,niche,5
1089,0.006334,0.641579,0.352088,mainstream,4
1090,0.046272,0.373271,0.580458,niche,5
1091,0.000167,0.020016,0.979817,niche,1
1092,0.000167,0.020016,0.979817,niche,1
1093,0.019943,0.269685,0.710372,niche,3
1094,0.021612,0.713304,0.265084,mainstream,1
1095,0.007239,0.011291,0.98147,niche,1
1096,0.007239,0.011291,0.98147,niche,1
1097,0.037197,0.091487,0.871315,niche,1
1098,0.000704,0.067191,0.932105,niche,1
1099,0.000704,0.067191,0.932105,niche,1
1100,0.009489,0.980513,0.009997,mainstream,4
1101,0.006257,0.975723,0.01802,mainstream,4
1102,0.000584,0.026805,0.972611,niche,2
1103,0.046543,0.713812,0.239645,mainstream,1
1104,0.003429,0.11884,0.87773,niche,5
1105,0.045148,0.526173,0.428679,mainstream,2
1106,0.000651,0.108982,0.890367,niche,2
1107,0.275763,0.453742,0.270495,mainstream,2
1108,0.190346,0.195944,0.61371,niche,2
1109,0.000458,0.002589,0.996953,niche,1
1110,0.00163,0.010615,0.987755,niche,1
1111,0.00163,0.010615,0.987755,niche,1
1112,0.048389,0.045247,0.906364,niche,1
1113,0.025404,0.021204,0.953393,niche,2
1114,0.014015,0.005357,0.980629,niche,1
1115,3.3e-05,0.000737,0.999229,niche,1
1116,0.010278,0.130407,0.859314,niche,2
1117,0.001473,0.685807,0.312719,mainstream,2
1118,0.001797,0.49712,0.501083,niche,1
1119,0.035587,0.746574,0.217839,mainstream,6
1120,0.277174,0.466184,0.256642,mainstream,1
1121,0.277174,0.466184,0.256642,mainstream,1
1122,0.001219,0.016168,0.982613,niche,1
1123,0.001219,0.016168,0.982613,niche,1
1124,0.000665,0.041808,0.957528,niche,1
1125,0.000665,0.041808,0.957528,niche,1
1126,0.000665,0.041808,0.957528,niche,1
1127,0.005282,0.915567,0.079151,mainstream,5
1128,0.005396,0.88088,0.113724,mainstream,3
1129,0.006389,0.215436,0.778175,niche,3
1130,0.000701,0.019227,0.980072,niche,2
1131,0.001197,0.037,0.961802,niche,1
1132,0.016965,0.01687,0.966165,niche,1
1133,0.016965,0.01687,0.966165,niche,1
1134,0.059498,0.199124,0.741378,niche,2
1135,0.00759,0.359017,0.633393,niche,12
1136,0.000149,0.010151,0.9897,niche,1
1137,0.018682,0.161362,0.819955,niche,1
1138,0.000639,0.008978,0.990383,niche,1
1139,0.089788,0.314276,0.595936,niche,1
1140,0.000756,0.059791,0.939453,niche,2
1141,0.104961,0.684675,0.210365,mainstream,7
1142,0.006356,0.906551,0.087094,mainstream,3
1143,0.014575,0.40215,0.583274,niche,2
1144,0.015011,0.383429,0.60156,niche,5
1145,0.004343,0.575522,0.420135,mainstream,2
1146,0.000339,0.021379,0.978282,niche,1
1147,0.002615,0.005933,0.991452,niche,1
1148,0.002615,0.005933,0.991452,niche,1
1149,0.195643,0.098616,0.705741,niche,1
1150,0.195643,0.098616,0.705741,niche,1
1151,0.000362,0.009849,0.989788,niche,1
1152,0.012228,0.081647,0.906124,niche,2
1153,0.000362,0.009849,0.989788,niche,1
1154,0.013489,0.832045,0.154466,mainstream,1
1155,0.013489,0.832045,0.154466,mainstream,1
1156,0.003474,0.229437,0.767089,niche,2
1157,0.003474,0.229437,0.767089,niche,2
1158,0.011018,0.821196,0.167785,mainstream,3
1159,0.004448,0.911592,0.08396,mainstream,3
1160,0.584361,0.077064,0.338575,pop,3
1161,0.010191,0.192243,0.797566,niche,5
1162,0.002887,0.003159,0.993954,niche,1
1163,0.584669,0.181056,0.234275,pop,3
1164,0.003704,0.865457,0.13084,mainstream,2
1165,0.003704,0.865457,0.13084,mainstream,2
1166,0.717901,0.119359,0.16274,pop,2
1167,0.052594,0.047212,0.900195,niche,2
1168,0.005289,0.705149,0.289562,mainstream,4
1169,0.006007,0.909674,0.084319,mainstream,3
1170,0.032537,0.391297,0.576166,niche,6
1171,0.004108,0.04752,0.948372,niche,6
1172,0.027559,0.309409,0.663032,niche,3
1173,0.041281,0.463314,0.495405,niche,2
1174,0.128893,0.578942,0.292165,mainstream,16
1175,0.0245,0.308715,0.666785,niche,2
1176,0.0245,0.308715,0.666785,niche,2
1177,2.5e-05,0.001235,0.99874,niche,1
1178,0.028276,0.297748,0.673976,niche,6
1179,0.000801,0.0276,0.971599,niche,1
1180,0.000801,0.0276,0.971599,niche,1
1181,0.006466,0.772536,0.220998,mainstream,1
1182,0.006466,0.772536,0.220998,mainstream,1
1183,0.108207,0.185169,0.706624,niche,2
1184,0.102704,0.351167,0.546128,niche,1
1185,0.034448,0.1016,0.863952,niche,2
1186,0.315141,0.104705,0.580155,niche,2
1187,0.005398,0.009548,0.985054,niche,3
1188,0.003339,0.009792,0.986869,niche,1
1189,0.003339,0.009792,0.986869,niche,1
1190,0.010269,0.207099,0.782632,niche,1
1191,0.000359,0.023966,0.975675,niche,3
1192,0.233088,0.181376,0.585537,niche,4
1193,0.00896,0.019927,0.971114,niche,1
1194,0.001193,0.783638,0.21517,mainstream,4
1195,0.00164,0.60646,0.391901,mainstream,2
1196,0.002191,0.771204,0.226605,mainstream,5
1197,0.00497,0.117478,0.877551,niche,1
1198,0.000605,0.007604,0.991791,niche,1
1199,0.00502,0.578997,0.415982,mainstream,2
1200,0.00502,0.578997,0.415982,mainstream,2
1201,0.010754,0.022279,0.966966,niche,1
1202,0.009688,0.089628,0.900684,niche,3
1203,0.043382,0.097925,0.858692,niche,4
1204,0.000127,0.000973,0.9989,niche,1
1205,0.018871,0.130531,0.850598,niche,10
1206,0.000145,0.002106,0.997749,niche,1
1207,0.000145,0.002106,0.997749,niche,1
1208,0.003208,0.147472,0.84932,niche,1
1209,0.003208,0.147472,0.84932,niche,1
1210,0.250166,0.334106,0.415727,niche,1
1211,0.250166,0.334106,0.415727,niche,1
1212,0.014786,0.019813,0.965402,niche,2
1213,0.014786,0.019813,0.965402,niche,2
1214,0.03294,0.433358,0.533702,niche,2
1215,0.02198,0.573632,0.404389,mainstream,1
1216,0.000433,0.00023,0.999338,niche,1
1217,0.007955,0.724392,0.267653,mainstream,1
1218,0.066291,0.58193,0.35178,mainstream,2
1219,0.077455,0.135828,0.786717,niche,1
1220,0.077455,0.135828,0.786717,niche,1
1221,0.023175,0.124183,0.852642,niche,12
1222,6.7e-05,0.00208,0.997852,niche,1
1223,0.192469,0.266403,0.541127,niche,2
1224,0.000749,0.005988,0.993263,niche,1
1225,0.321294,0.595292,0.083414,mainstream,1
1226,0.321294,0.595292,0.083414,mainstream,1
1227,0.003021,0.403411,0.593569,niche,2
1228,0.001065,0.817202,0.181734,mainstream,4
1229,0.01518,0.631282,0.353539,mainstream,4
1230,0.027166,0.103684,0.86915,niche,1
1231,0.027166,0.103684,0.86915,niche,1
1232,0.005797,0.874999,0.119204,mainstream,2
1233,0.014247,0.020063,0.965689,niche,2
1234,0.005833,0.949042,0.045125,mainstream,1
1235,0.004183,0.028165,0.967652,niche,1
1236,0.004183,0.028165,0.967652,niche,1
1237,0.051387,0.73463,0.213983,mainstream,1
1238,0.00011,0.001251,0.998639,niche,1
1239,0.02412,0.592709,0.383171,mainstream,3
1240,0.02412,0.592709,0.383171,mainstream,3
1241,0.020031,0.096966,0.883003,niche,1
1242,0.010199,0.678962,0.31084,mainstream,1
1243,0.012946,0.088741,0.898313,niche,1
1244,0.012946,0.088741,0.898313,niche,1
1245,0.000269,0.005427,0.994304,niche,4
1246,0.023172,0.080816,0.896012,niche,1
1247,0.023172,0.080816,0.896012,niche,1
1248,0.989971,0.003436,0.006594,pop,1
1249,0.010454,0.112596,0.87695,niche,3
1250,0.000375,0.018353,0.981273,niche,1
1251,0.000507,0.020475,0.979019,niche,2
1252,0.0032,0.293607,0.703194,niche,5
1253,0.01185,0.812101,0.17605,mainstream,1
1254,0.001501,0.023135,0.975364,niche,1
1255,0.000359,0.011984,0.987658,niche,1
1256,0.00669,0.55616,0.43715,mainstream,4
1257,0.006334,0.359307,0.634359,niche,2
1258,0.000437,0.064298,0.935265,niche,2
1259,0.000328,0.01909,0.980582,niche,1
1260,0.035222,0.034685,0.930092,niche,2
1261,0.020283,0.009218,0.970499,niche,1
1262,0.02458,0.524275,0.451145,mainstream,5
1263,0.394499,0.402226,0.203275,mainstream,7
1264,0.975541,0.013698,0.010761,pop,2
1265,0.012997,0.73449,0.252513,mainstream,3
1266,0.012997,0.73449,0.252513,mainstream,3
1267,0.002864,0.092181,0.904955,niche,3
1268,0.001588,0.022158,0.976254,niche,1
1269,0.005385,0.648137,0.346479,mainstream,4
1270,0.988884,0.001997,0.009119,pop,1
1271,0.988884,0.001997,0.009119,pop,1
1272,0.002531,0.031462,0.966008,niche,2
1273,0.003729,0.772091,0.224181,mainstream,2
1274,0.007951,0.897429,0.09462,mainstream,5
1275,0.022874,0.899659,0.077467,mainstream,3
1276,0.031085,0.878304,0.090611,mainstream,4
1277,0.067779,0.207019,0.725202,niche,9
1278,0.022063,0.319341,0.658596,niche,68
1279,0.010163,0.114663,0.875174,niche,4
1280,0.022149,0.955388,0.022464,mainstream,1
1281,0.32207,0.606788,0.071141,mainstream,2
1282,0.013566,0.051259,0.935176,niche,2
1283,0.024459,0.083574,0.891968,niche,1
1284,0.026766,0.02296,0.950274,niche,1
1285,0.026766,0.02296,0.950274,niche,1
1286,0.00027,0.091224,0.908506,niche,5
1287,0.000102,0.001141,0.998757,niche,1
1288,0.027437,0.13234,0.840223,niche,1
1289,0.000597,0.045355,0.954049,niche,2
1290,0.001823,0.08921,0.908968,niche,3
1291,0.001093,0.131698,0.867209,niche,3
1292,0.058583,0.169573,0.771845,niche,1
1293,0.058583,0.169573,0.771845,niche,1
1294,0.052496,0.311573,0.635931,niche,4
1295,0.013555,0.779107,0.207338,mainstream,4
1296,0.016741,0.735566,0.247693,mainstream,3
1297,0.020194,0.060157,0.919649,niche,1
1298,0.014578,0.468947,0.516475,niche,2
1299,0.014578,0.468947,0.516475,niche,2
1300,0.003165,0.412144,0.584692,niche,3
1301,0.003172,0.162015,0.834813,niche,2
1302,0.096728,0.318538,0.584734,niche,2
1303,0.092584,0.026997,0.880419,niche,1
1304,0.000545,0.00046,0.998995,niche,1
1305,0.000845,0.104553,0.894602,niche,1
1306,0.000211,0.003475,0.996314,niche,1
1307,0.000211,0.003475,0.996314,niche,1
1308,0.000283,0.010838,0.988879,niche,1
1309,0.040689,0.4768,0.48251,niche,3
1310,0.005793,0.033821,0.960386,niche,1
1311,0.033234,0.249808,0.716958,niche,1
1312,0.033234,0.249808,0.716958,niche,1
1313,0.121169,0.275408,0.603422,niche,1
1314,0.121169,0.275408,0.603422,niche,1
1315,6.8e-05,0.000619,0.999313,niche,1
1316,0.007951,0.564243,0.427806,mainstream,3
1317,0.086825,0.0255,0.887674,niche,2
1318,0.158634,0.022332,0.819033,niche,1
1319,0.477495,0.341184,0.181322,pop,6
1320,0.020426,0.142461,0.837113,niche,10
1321,9e-05,0.004263,0.995647,niche,1
1322,0.045617,0.2906,0.663784,niche,2
1323,0.045617,0.2906,0.663784,niche,2
1324,0.018405,0.33457,0.647025,niche,1
1325,0.018405,0.33457,0.647025,niche,1
1326,0.000271,0.004416,0.995314,niche,1
1327,0.000271,0.004416,0.995314,niche,1
1328,0.3934,0.225321,0.381279,pop,1
1329,0.001422,0.055788,0.942791,niche,1
1330,0.008316,0.227583,0.764101,niche,2
1331,0.000141,0.000216,0.999643,niche,1
1332,0.006695,0.049356,0.943949,niche,4
1333,0.001249,0.03041,0.968341,niche,1
1334,0.001249,0.03041,0.968341,niche,1
1335,0.001859,0.253325,0.744816,niche,2
1336,0.001773,0.052551,0.945676,niche,1
1337,0.029292,0.43579,0.534917,niche,46
1338,0.005194,0.293475,0.701332,niche,6
1339,0.002324,0.290731,0.706945,niche,2
1340,0.002245,0.528211,0.469543,mainstream,1
1341,0.992118,0.005955,0.001926,pop,2
1342,0.992118,0.005955,0.001926,pop,2
1343,0.992118,0.005955,0.001926,pop,2
1344,0.006155,0.823704,0.170141,mainstream,6
1345,0.032599,0.521078,0.446323,mainstream,11
1346,0.003149,0.912401,0.084449,mainstream,1
1347,0.941031,0.042226,0.016743,pop,1
1348,0.941031,0.042226,0.016743,pop,1
1349,0.007632,0.062683,0.929685,niche,2
1350,0.004194,0.090931,0.904875,niche,2
1351,0.102342,0.424539,0.47312,niche,2
1352,0.00398,0.584152,0.411868,mainstream,1
1353,0.00465,0.184595,0.810754,niche,4
1354,0.006441,0.028611,0.964948,niche,1
1355,0.037552,0.299801,0.662646,niche,1
1356,0.037552,0.299801,0.662646,niche,1
1357,0.013733,0.67362,0.312648,mainstream,1
1358,0.013733,0.67362,0.312648,mainstream,1
1359,0.056788,0.265477,0.677735,niche,1
1360,0.056788,0.265477,0.677735,niche,1
1361,0.009416,0.768137,0.222447,mainstream,1
1362,0.000315,0.030656,0.969029,niche,4
1363,0.009321,0.747489,0.24319,mainstream,1
1364,0.009321,0.747489,0.24319,mainstream,1
1365,0.004733,0.62656,0.368707,mainstream,1
1366,0.000246,0.049623,0.950131,niche,2
1367,0.01098,0.078463,0.910557,niche,3
1368,0.033072,0.407994,0.558934,niche,50
1369,0.001196,0.007852,0.990952,niche,1
1370,0.001196,0.007852,0.990952,niche,1
1371,0.013617,0.011167,0.975216,niche,1
1372,0.013617,0.011167,0.975216,niche,1
1373,0.000419,0.024469,0.975112,niche,2
1374,0.062552,0.622993,0.314455,mainstream,4
1375,0.062552,0.622993,0.314455,mainstream,4
1376,0.000664,0.014389,0.984946,niche,2
1377,0.000694,0.02812,0.971186,niche,1
1378,0.025902,0.810207,0.163891,mainstream,1
1379,0.025902,0.810207,0.163891,mainstream,1
1380,0.00216,0.141098,0.856742,niche,1
1381,0.00216,0.141098,0.856742,niche,1
1382,0.000644,0.062602,0.936754,niche,1
1383,0.053698,0.23276,0.713542,niche,3
1384,0.025701,0.087795,0.886504,niche,2
1385,0.025701,0.087795,0.886504,niche,2
1386,0.000391,0.062907,0.936702,niche,2
1387,0.014933,0.146943,0.838124,niche,10
1388,0.000356,0.001495,0.998149,niche,1
1389,0.115882,0.036365,0.847753,niche,1
1390,0.001137,0.014636,0.984228,niche,6
1391,0.001113,0.001537,0.997351,niche,1
1392,0.008777,0.032459,0.958764,niche,5
1393,9.6e-05,0.005505,0.994398,niche,2
1394,9.6e-05,0.005505,0.994398,niche,2
1395,0.036087,0.40483,0.559083,niche,1
1396,0.036087,0.40483,0.559083,niche,1
1397,0.004113,0.000978,0.994908,niche,2
1398,0.000477,0.151594,0.847929,niche,1
1399,0.000477,0.151594,0.847929,niche,1
1400,0.001452,0.264273,0.734275,niche,2
1401,0.068545,0.271572,0.659883,niche,4
1402,0.016007,0.259184,0.72481,niche,1
1403,0.022913,0.554683,0.422404,mainstream,2
1404,0.326292,0.133874,0.539834,niche,3
1405,0.002699,0.984757,0.012544,mainstream,2
1406,0.059828,0.007964,0.932207,niche,1
1407,0.030193,0.734732,0.235075,mainstream,23
1408,0.023544,0.478722,0.497734,niche,2
1409,0.005672,0.251968,0.74236,niche,2
1410,0.005672,0.251968,0.74236,niche,2
1411,0.023567,0.488156,0.488277,niche,2
1412,0.001162,0.143462,0.855376,niche,2
1413,0.547884,0.080659,0.371457,pop,5
1414,0.006274,0.702788,0.290939,mainstream,2
1415,0.006274,0.702788,0.290939,mainstream,2
1416,0.006255,0.060258,0.933487,niche,1
1417,0.930477,0.024902,0.044621,pop,1
1418,0.990123,0.003168,0.006709,pop,1
1419,0.096207,0.069943,0.83385,niche,8
1420,0.012048,0.245521,0.742431,niche,3
1421,0.583377,0.100367,0.316256,pop,1
1422,0.004667,0.01096,0.984372,niche,1
1423,0.008195,0.028537,0.963267,niche,3
1424,0.006581,0.38444,0.608979,niche,1
1425,0.006581,0.38444,0.608979,niche,1
1426,0.013657,0.326879,0.659464,niche,3
1427,0.171938,0.395448,0.432613,niche,3
1428,0.000581,0.268332,0.731087,niche,2
1429,0.000581,0.268332,0.731087,niche,2
1430,0.000581,0.268332,0.731087,niche,2
1431,0.00336,0.165837,0.830803,niche,1
1432,0.00336,0.165837,0.830803,niche,1
1433,0.004828,0.018973,0.976199,niche,1
1434,0.04276,0.416915,0.540325,niche,5
1435,0.000625,0.070093,0.929282,niche,3
1436,0.000625,0.070093,0.929282,niche,3
1437,0.336929,0.526646,0.136425,mainstream,3
1438,0.050224,0.747314,0.202462,mainstream,2
1439,0.000899,0.275412,0.723689,niche,1
1440,0.000409,0.013041,0.98655,niche,1
1441,0.000409,0.013041,0.98655,niche,1
1442,0.956447,0.032269,0.011284,pop,1
1443,0.956447,0.032269,0.011284,pop,1
1444,0.956447,0.032269,0.011284,pop,1
1445,0.007868,0.496006,0.496126,niche,11
1446,0.007793,0.037067,0.95514,niche,4
1447,3.3e-05,0.000181,0.999786,niche,1
1448,0.181671,0.422622,0.395708,mainstream,25
1449,0.00413,0.284356,0.711514,niche,8
1450,0.005775,0.769167,0.225058,mainstream,1
1451,0.004426,0.950911,0.044663,mainstream,1
1452,0.005735,0.341886,0.652379,niche,1
1453,0.022975,0.1443,0.832725,niche,4
1454,0.036648,0.045918,0.917434,niche,2
1455,0.005903,0.022164,0.971932,niche,1
1456,0.010998,0.085829,0.903172,niche,2
1457,0.000291,0.005745,0.993963,niche,2
1458,0.012808,0.96878,0.018412,mainstream,3
1459,0.000184,0.00069,0.999126,niche,1
1460,0.00062,0.007418,0.991961,niche,2
1461,0.028525,0.057614,0.913861,niche,2
1462,0.106316,0.09314,0.800544,niche,1
1463,0.622378,0.027091,0.350531,pop,3
1464,0.621992,0.258189,0.119819,pop,1
1465,0.00225,0.014336,0.983415,niche,1
1466,0.001755,0.00106,0.997185,niche,1
1467,0.090266,0.114755,0.794979,niche,2
1468,0.014126,0.344199,0.641675,niche,13
1469,0.000344,0.310389,0.689269,niche,4
1470,0.000612,0.004335,0.995053,niche,1
1471,0.000612,0.004335,0.995053,niche,1
1472,0.014166,0.014953,0.970881,niche,1
1473,0.000701,0.030129,0.96917,niche,1
1474,0.000701,0.030129,0.96917,niche,1
1475,0.001335,0.010138,0.988526,niche,1
1476,0.001335,0.010138,0.988526,niche,1
1477,0.000689,0.269115,0.730196,niche,2
1478,0.000689,0.269115,0.730196,niche,2
1479,0.000689,0.269115,0.730196,niche,2
1480,0.004589,0.009105,0.986306,niche,1
1481,0.004589,0.009105,0.986306,niche,1
1482,3e-06,0.000199,0.999798,niche,2
1483,3e-06,0.000199,0.999798,niche,2
1484,0.017836,0.125472,0.856692,niche,4
1485,0.001922,0.339195,0.658882,niche,1
1486,0.001154,0.183508,0.815338,niche,2
1487,0.000132,0.011902,0.987966,niche,1
1488,0.000132,0.011902,0.987966,niche,1
1489,0.000209,0.011026,0.988765,niche,3
1490,0.000116,0.000527,0.999357,niche,2
1491,1.1e-05,0.000106,0.999883,niche,1
1492,1.3e-05,0.001637,0.99835,niche,1
1493,1.3e-05,0.001637,0.99835,niche,1
1494,5e-06,0.000936,0.99906,niche,1
1495,5e-06,0.000936,0.99906,niche,1
1496,0.017522,0.47384,0.508638,niche,1
1497,0.017522,0.47384,0.508638,niche,1
1498,0.080005,0.531507,0.388488,mainstream,3
1499,0.080005,0.531507,0.388488,mainstream,3
1500,0.086459,0.412737,0.500803,niche,2
1501,0.00016,0.117687,0.882154,niche,2
1502,0.00016,0.117687,0.882154,niche,2
1503,0.0276,0.089532,0.882869,niche,3
1504,0.0276,0.089532,0.882869,niche,3
1505,0.000109,0.019131,0.98076,niche,1
1506,0.000109,0.019131,0.98076,niche,1
1507,0.004248,0.317956,0.677796,niche,1
1508,0.001773,0.040532,0.957695,niche,1
1509,0.001773,0.040532,0.957695,niche,1
1510,0.001979,0.956997,0.041024,mainstream,2
1511,0.001979,0.956997,0.041024,mainstream,2
1512,0.072189,0.221108,0.706703,niche,2
1513,0.001226,0.448884,0.54989,niche,1
1514,0.926222,0.032463,0.041315,pop,2
1515,0.000638,0.022597,0.976765,niche,1
1516,0.005989,0.694059,0.299952,mainstream,1
1517,0.001615,0.041306,0.957078,niche,2
1518,0.006763,0.009787,0.983452,niche,2
1519,0.002972,0.022188,0.97484,niche,2
1520,0.109907,0.215112,0.674981,niche,2
1521,0.007166,0.304407,0.688427,niche,1
1522,0.002191,0.016371,0.981439,niche,1
1523,0.002191,0.016371,0.981439,niche,1
1524,0.000246,0.040306,0.959448,niche,1
1525,0.002321,0.423484,0.574195,niche,2
1526,0.002321,0.423484,0.574195,niche,2
1527,0.007081,0.731758,0.261161,mainstream,2
1528,0.005275,0.632516,0.362208,mainstream,3
1529,0.032505,0.600126,0.367368,mainstream,1
1530,0.156337,0.261149,0.582514,niche,2
1531,0.003824,0.422359,0.573816,niche,2
1532,0.001104,0.04159,0.957305,niche,1
1533,0.105869,0.059229,0.834902,niche,2
1534,0.105869,0.059229,0.834902,niche,2
1535,0.001211,0.015476,0.983313,niche,1
1536,0.001211,0.015476,0.983313,niche,1
1537,0.001245,0.121339,0.877416,niche,1
1538,0.088066,0.002759,0.909175,niche,1
1539,0.088066,0.002759,0.909175,niche,1
1540,0.028375,0.666713,0.304913,mainstream,2
1541,0.028375,0.666713,0.304913,mainstream,2
1542,0.004967,0.825612,0.169421,mainstream,2
1543,0.004967,0.825612,0.169421,mainstream,2
1544,0.011621,0.060836,0.927543,niche,1
1545,0.011621,0.060836,0.927543,niche,1
1546,0.001714,0.016105,0.982181,niche,1
1547,0.010685,0.925668,0.063646,mainstream,4
1548,0.047362,0.637872,0.314767,mainstream,2
1549,0.047362,0.637872,0.314767,mainstream,2
1550,0.004277,0.944461,0.051262,mainstream,3
1551,0.004277,0.944461,0.051262,mainstream,3
1552,6.7e-05,0.00086,0.999073,niche,1
1553,6.7e-05,0.00086,0.999073,niche,1
1554,0.007811,0.787495,0.204694,mainstream,5
1555,0.003436,0.014137,0.982427,niche,3
1556,0.002651,0.000721,0.996628,niche,1
1557,0.020909,0.112705,0.866386,niche,3
1558,0.020909,0.112705,0.866386,niche,3
1559,0.002574,0.634422,0.363003,mainstream,3
1560,0.002574,0.634422,0.363003,mainstream,3
1561,0.002366,0.054517,0.943118,niche,1
1562,0.002366,0.054517,0.943118,niche,1
1563,0.000798,0.175765,0.823437,niche,1
1564,0.009695,0.568183,0.422122,mainstream,1
1565,0.011775,0.692968,0.295257,mainstream,5
1566,0.073829,0.261252,0.664918,niche,30
1567,0.287994,0.36001,0.351996,mainstream,1
1568,9.9e-05,0.005017,0.994883,niche,1
1569,9.9e-05,0.005017,0.994883,niche,1
1570,0.017135,0.029599,0.953266,niche,1
1571,0.128274,0.533972,0.337754,mainstream,2
1572,0.001641,0.00674,0.991619,niche,1
1573,0.001641,0.00674,0.991619,niche,1
1574,6.3e-05,0.000197,0.99974,niche,1
1575,0.000869,0.200781,0.798351,niche,2
1576,0.000869,0.200781,0.798351,niche,2
1577,0.022583,0.766409,0.211008,mainstream,2
1578,0.022583,0.766409,0.211008,mainstream,2
1579,0.025338,0.11885,0.855811,niche,2
1580,0.004973,0.415919,0.579108,niche,6
1581,0.001201,0.122776,0.876023,niche,1
1582,0.000545,0.320571,0.678883,niche,1
1583,0.000545,0.320571,0.678883,niche,1
1584,0.000473,0.007747,0.99178,niche,1
1585,0.000473,0.007747,0.99178,niche,1
1586,0.03103,0.331081,0.637889,niche,13
1587,0.002869,0.009688,0.987442,niche,1
1588,9.3e-05,0.003881,0.996027,niche,1
1589,9.3e-05,0.003881,0.996027,niche,1
1590,4.8e-05,0.000509,0.999442,niche,2
1591,4.8e-05,0.000504,0.999448,niche,1
1592,0.087712,0.235498,0.676791,niche,3
1593,0.004896,0.004235,0.990869,niche,1
1594,0.004896,0.004235,0.990869,niche,1
1595,0.019143,0.390155,0.590702,niche,1
1596,0.031736,0.341845,0.626419,niche,5
1597,0.040204,0.209615,0.750181,niche,3
1598,0.016093,0.210364,0.773543,niche,2
1599,0.003804,0.919103,0.077093,mainstream,1
1600,0.003653,0.525433,0.470914,mainstream,2
1601,0.026049,0.676608,0.297343,mainstream,5
1602,0.0011,0.929111,0.069789,mainstream,2
1603,0.00171,0.867236,0.131054,mainstream,1
1604,0.005415,0.191951,0.802635,niche,3
1605,0.000203,0.000907,0.99889,niche,1
1606,0.10884,0.146306,0.744854,niche,1
1607,0.10884,0.146306,0.744854,niche,1
1608,0.10884,0.146306,0.744854,niche,1
1609,0.007425,0.122656,0.869919,niche,5
1610,0.000882,0.015736,0.983382,niche,2
1611,0.000792,0.01264,0.986568,niche,1
1612,0.000792,0.01264,0.986568,niche,1
1613,0.003506,0.030932,0.965562,niche,1
1614,0.003506,0.030932,0.965562,niche,1
1615,0.022952,0.044233,0.932816,niche,2
1616,0.000979,0.097714,0.901307,niche,2
1617,0.000398,0.004021,0.99558,niche,1
1618,0.000398,0.004021,0.99558,niche,1
1619,0.000834,0.003657,0.995509,niche,1
1620,0.010773,0.042844,0.946383,niche,1
1621,0.010773,0.042844,0.946383,niche,1
1622,0.000473,0.019662,0.979864,niche,1
1623,0.003919,0.143809,0.852272,niche,1
1624,0.003919,0.143809,0.852272,niche,1
1625,0.007674,0.119267,0.873059,niche,1
1626,0.009602,0.175595,0.814802,niche,2
1627,0.004327,0.369771,0.625903,niche,4
1628,0.000634,0.042109,0.957257,niche,1
1629,0.017787,0.104158,0.878055,niche,2
1630,0.001454,0.126432,0.872113,niche,1
1631,0.002432,0.148907,0.848662,niche,1
1632,0.002432,0.148907,0.848662,niche,1
1633,0.00696,0.631217,0.361822,mainstream,2
1634,0.00696,0.631217,0.361822,mainstream,2
1635,0.005251,0.039781,0.954968,niche,1
1636,0.005251,0.039781,0.954968,niche,1
1637,0.003278,0.062015,0.934706,niche,2
1638,0.021924,0.667216,0.31086,mainstream,2
1639,0.000663,0.140986,0.85835,niche,5
1640,0.017589,0.068496,0.913915,niche,1
1641,0.017589,0.068496,0.913915,niche,1
1642,0.001449,0.30597,0.69258,niche,4
1643,0.001692,0.322754,0.675554,niche,4
1644,0.163776,0.225865,0.610359,niche,2
1645,0.00907,0.045301,0.945629,niche,2
1646,0.023418,0.14458,0.832001,niche,1
1647,0.000137,0.005369,0.994494,niche,1
1648,0.000137,0.005369,0.994494,niche,1
1649,0.000671,0.010471,0.988858,niche,6
1650,0.002195,0.070723,0.92708,niche,2
1651,0.000282,0.022077,0.977641,niche,1
1652,0.000647,0.13022,0.869133,niche,1
1653,0.000647,0.13022,0.869133,niche,1
1654,0.007268,0.005164,0.987568,niche,1
1655,0.001515,0.010975,0.987509,niche,2
1656,0.002914,0.013389,0.983696,niche,1
1657,0.026315,0.430446,0.54324,niche,5
1658,0.139399,0.39595,0.464651,niche,7
1659,0.005484,0.107822,0.886694,niche,2
1660,0.002912,0.115055,0.882033,niche,6
1661,0.00015,0.004204,0.995647,niche,1
1662,0.015017,0.028667,0.956315,niche,1
1663,0.002802,0.955736,0.041462,mainstream,2
1664,0.003981,0.86734,0.12868,mainstream,4
1665,0.371474,0.434816,0.19371,mainstream,4
1666,0.003135,0.091573,0.905292,niche,1
1667,0.000206,0.001453,0.998342,niche,1
1668,0.003209,0.470016,0.526775,niche,1
1669,0.003209,0.470016,0.526775,niche,1
1670,0.019495,0.570779,0.409726,mainstream,1
1671,0.000626,0.024241,0.975133,niche,3
1672,0.000321,0.005378,0.994301,niche,1
1673,0.054757,0.336027,0.609217,niche,2
1674,0.014952,0.416484,0.568563,niche,1
1675,0.014952,0.416484,0.568563,niche,1
1676,0.008833,0.051511,0.939656,niche,1
1677,0.992517,0.00095,0.006533,pop,1
1678,0.990636,0.005104,0.004259,pop,2
1679,0.107583,0.105924,0.786493,niche,1
1680,0.001609,0.039337,0.959054,niche,4
1681,8.6e-05,0.001054,0.998861,niche,1
1682,0.006788,0.358964,0.634248,niche,3
1683,0.006987,0.298691,0.694322,niche,2
1684,0.007407,0.889754,0.102839,mainstream,4
1685,0.168266,0.242142,0.589592,niche,4
1686,0.037672,0.878071,0.084256,mainstream,1
1687,0.001105,0.054423,0.944472,niche,1
1688,0.001105,0.054423,0.944472,niche,1
1689,0.109165,0.176456,0.714379,niche,1
1690,0.018202,0.051935,0.929863,niche,1
1691,0.018202,0.051935,0.929863,niche,1
1692,2.5e-05,0.001275,0.9987,niche,2
1693,1.2e-05,9.8e-05,0.999889,niche,1
1694,0.015707,0.289497,0.694796,niche,23
1695,0.001769,0.0634,0.934832,niche,2
1696,0.001161,0.107515,0.891324,niche,4
1697,0.000684,0.008758,0.990559,niche,2
1698,0.000327,0.000355,0.999318,niche,1
1699,0.042963,0.122453,0.834583,niche,4
1700,0.066681,0.237064,0.696254,niche,2
1701,0.000269,0.015347,0.984384,niche,1
1702,0.250488,0.383932,0.36558,mainstream,10
1703,0.007343,0.021554,0.971103,niche,1
1704,0.002288,0.00647,0.991242,niche,1
1705,0.008813,0.04907,0.942117,niche,1
1706,0.008813,0.04907,0.942117,niche,1
1707,3.4e-05,0.001498,0.998467,niche,1
1708,0.036615,0.184685,0.7787,niche,2
1709,0.000302,0.100836,0.898861,niche,2
1710,0.000302,0.100836,0.898861,niche,2
1711,0.006333,0.003772,0.989895,niche,1
1712,0.006333,0.003772,0.989895,niche,1
1713,7.7e-05,0.00191,0.998012,niche,1
1714,7.7e-05,0.00191,0.998012,niche,1
1715,4.9e-05,0.000515,0.999436,niche,1
1716,0.000113,0.000195,0.999692,niche,1
1717,0.000252,0.003067,0.996682,niche,1
1718,0.000252,0.003067,0.996682,niche,1
1719,0.000141,0.012303,0.987556,niche,1
1720,0.007248,0.142637,0.850115,niche,1
1721,0.027203,0.480826,0.49197,niche,2
1722,0.023845,0.177755,0.7984,niche,24
1723,0.013641,0.009142,0.977217,niche,1
1724,0.023039,0.822005,0.154956,mainstream,2
1725,0.023039,0.822005,0.154956,mainstream,2
1726,0.001169,0.279389,0.719442,niche,3
1727,0.001169,0.279389,0.719442,niche,3
1728,0.001722,0.082281,0.915997,niche,1
1729,0.007163,0.444423,0.548414,niche,5
1730,0.09912,0.496204,0.404676,mainstream,1
1731,0.09912,0.496204,0.404676,mainstream,1
1732,0.030074,0.025792,0.944134,niche,3
1733,0.011096,0.230863,0.75804,niche,4
1734,0.068081,0.650872,0.281047,mainstream,1
1735,0.000115,0.0016,0.998285,niche,1
1736,0.000115,0.0016,0.998285,niche,1
1737,0.00671,0.134676,0.858614,niche,1
1738,0.001293,0.012577,0.98613,niche,1
1739,0.001293,0.012577,0.98613,niche,1
1740,0.009468,0.340203,0.650329,niche,1
1741,0.009468,0.340203,0.650329,niche,1
1742,0.264256,0.503302,0.232442,mainstream,2
1743,0.264256,0.503302,0.232442,mainstream,2
1744,0.003947,0.669465,0.326588,mainstream,1
1745,0.005919,0.498389,0.495692,mainstream,1
1746,0.017379,0.052198,0.930423,niche,1
1747,7.8e-05,0.001217,0.998704,niche,1
1748,7.8e-05,0.001217,0.998704,niche,1
1749,0.01117,0.901814,0.087016,mainstream,5
1750,0.001064,0.001268,0.997668,niche,1
1751,0.001734,0.018681,0.979585,niche,2
1752,0.000848,0.018289,0.980863,niche,2
1753,0.001808,0.123851,0.87434,niche,2
1754,0.002394,0.225621,0.771985,niche,1
1755,0.006618,0.653687,0.339695,mainstream,1
1756,0.007931,0.041266,0.950802,niche,1
1757,0.126962,0.343921,0.529117,niche,1
1758,0.255088,0.202712,0.542199,niche,2
1759,0.020621,0.035803,0.943576,niche,1
1760,0.009015,0.572797,0.418188,mainstream,2
1761,0.009015,0.572797,0.418188,mainstream,2
1762,0.364911,0.199078,0.43601,niche,7
1763,0.003136,0.749345,0.24752,mainstream,2
1764,0.003136,0.749345,0.24752,mainstream,2
1765,0.000959,0.03592,0.963122,niche,1
1766,0.001164,0.07925,0.919587,niche,2
1767,0.035577,0.076122,0.888301,niche,2
1768,0.001022,0.016994,0.981985,niche,2
1769,0.001022,0.016994,0.981985,niche,2
1770,0.005575,0.040615,0.95381,niche,1
1771,0.005575,0.040615,0.95381,niche,1
1772,0.001042,0.360199,0.63876,niche,2
1773,0.003987,0.658764,0.337248,mainstream,16
1774,0.009059,0.178259,0.812682,niche,4
1775,0.001052,0.204778,0.794171,niche,2
1776,0.004765,0.042273,0.952962,niche,13
1777,9.6e-05,6.2e-05,0.999842,niche,1
1778,0.003208,0.196198,0.800593,niche,2
1779,0.000446,0.022571,0.976983,niche,1
1780,0.012037,0.399993,0.58797,niche,1
1781,0.012037,0.399993,0.58797,niche,1
1782,0.188792,0.070314,0.740894,niche,5
1783,0.312707,0.103739,0.583555,niche,3
1784,0.44688,0.088601,0.464519,niche,2
1785,0.002377,0.954796,0.042827,mainstream,4
1786,0.002377,0.954796,0.042827,mainstream,4
1787,0.002377,0.954796,0.042827,mainstream,4
1788,0.003555,0.006952,0.989493,niche,1
1789,0.003299,0.122097,0.874604,niche,2
1790,0.003299,0.122097,0.874604,niche,2
1791,0.008942,0.529043,0.462015,mainstream,2
1792,0.007461,0.393935,0.598605,niche,1
1793,0.014543,0.174217,0.811241,niche,1
1794,0.0005,0.321505,0.677995,niche,2
1795,0.0005,0.321505,0.677995,niche,2
1796,0.001188,0.050586,0.948227,niche,1
1797,0.001188,0.050586,0.948227,niche,1
1798,0.001057,0.014146,0.984797,niche,1
1799,0.008284,0.043045,0.948671,niche,2
1800,0.939415,0.04978,0.010806,pop,2
1801,0.957478,0.026473,0.01605,pop,1
1802,0.051338,0.018985,0.929677,niche,3
1803,0.00376,0.004661,0.991578,niche,1
1804,0.000117,0.001558,0.998325,niche,1
1805,0.001639,0.086939,0.911422,niche,4
1806,0.00209,0.11224,0.88567,niche,3
1807,0.001792,0.023558,0.97465,niche,1
1808,0.009505,0.048825,0.94167,niche,1
1809,0.009505,0.048825,0.94167,niche,1
1810,0.007189,0.164778,0.828034,niche,4
1811,0.000125,0.00324,0.996635,niche,3
1812,5.3e-05,0.002971,0.996976,niche,1
1813,0.006899,0.106352,0.886749,niche,2
1814,0.135599,0.414168,0.450232,niche,2
1815,0.135599,0.414168,0.450232,niche,2
1816,0.000414,0.010621,0.988965,niche,2
1817,0.000414,0.010621,0.988965,niche,2
1818,0.292673,0.527674,0.179653,mainstream,7
1819,0.051689,0.020685,0.927626,niche,1
1820,0.051689,0.020685,0.927626,niche,1
1821,2.4e-05,0.000107,0.999869,niche,1
1822,2.4e-05,0.000107,0.999869,niche,1
1823,0.020537,0.17779,0.801673,niche,1
1824,0.011961,0.024213,0.963827,niche,2
1825,0.011961,0.024213,0.963827,niche,2
1826,0.008359,0.278689,0.712952,niche,4
1827,0.019315,0.195181,0.785504,niche,1
1828,0.019315,0.195181,0.785504,niche,1
1829,0.187914,0.015376,0.79671,niche,1
1830,0.092428,0.395377,0.512195,niche,3
1831,0.350351,0.339269,0.310381,pop,9
1832,0.007584,0.482804,0.509612,niche,3
1833,0.153261,0.639817,0.206922,mainstream,1
1834,0.153261,0.639817,0.206922,mainstream,1
1835,0.000434,0.058584,0.940982,niche,1
1836,0.000434,0.058584,0.940982,niche,1
1837,0.003586,0.2929,0.703514,niche,2
1838,0.000584,0.00808,0.991337,niche,2
1839,0.000307,0.000831,0.998862,niche,1
1840,0.002066,0.254887,0.743048,niche,2
1841,0.002066,0.254887,0.743048,niche,2
1842,0.249391,0.089262,0.661347,niche,3
1843,0.725116,0.014916,0.259968,pop,1
1844,0.000181,0.006464,0.993355,niche,1
1845,0.013357,0.031432,0.955211,niche,2
1846,0.003387,0.495779,0.500834,niche,1
1847,0.045225,0.071247,0.883528,niche,3
1848,0.008667,0.082904,0.908428,niche,2
1849,0.004943,0.122563,0.872494,niche,1
1850,0.015193,0.204766,0.780041,niche,2
1851,0.015193,0.204766,0.780041,niche,2
1852,6.8e-05,0.012499,0.987433,niche,1
1853,6.8e-05,0.012499,0.987433,niche,1
1854,0.009295,0.182141,0.808564,niche,1
1855,0.007524,0.538455,0.454021,mainstream,1
1856,0.007524,0.538455,0.454021,mainstream,1
1857,0.011301,0.542012,0.446687,mainstream,1
1858,0.011301,0.542012,0.446687,mainstream,1
1859,0.00278,0.026871,0.970349,niche,1
1860,7.4e-05,0.000515,0.999411,niche,1
1861,7.4e-05,0.000515,0.999411,niche,1
1862,0.15806,0.053429,0.788512,niche,3
1863,0.993654,0.003604,0.002742,pop,1
1864,0.993654,0.003604,0.002742,pop,1
1865,0.993654,0.003604,0.002742,pop,1
1866,0.069467,0.38701,0.543523,niche,2
1867,0.079661,0.046734,0.873605,niche,1
1868,0.356507,0.244654,0.398839,niche,5
1869,0.00099,0.00259,0.996419,niche,1
1870,0.156452,0.02314,0.820407,niche,1
1871,0.156452,0.02314,0.820407,niche,1
1872,0.002157,0.003113,0.994729,niche,1
1873,0.089875,0.843131,0.066994,mainstream,2
1874,0.072486,0.711859,0.215654,mainstream,3
1875,0.449673,0.096284,0.454043,niche,1
1876,0.449673,0.096284,0.454043,niche,1
1877,0.001574,0.001273,0.997153,niche,2
1878,0.105198,0.206084,0.688718,niche,1
1879,0.105198,0.206084,0.688718,niche,1
1880,0.002926,0.265192,0.731881,niche,2
1881,0.022011,0.241828,0.73616,niche,1
1882,0.003459,0.111009,0.885531,niche,5
1883,1.2e-05,0.000645,0.999343,niche,1
1884,1.2e-05,0.000645,0.999343,niche,1
1885,0.050172,0.031091,0.918737,niche,1
1886,0.072619,0.761764,0.165617,mainstream,1
1887,0.003104,0.760184,0.236711,mainstream,1
1888,0.243136,0.130471,0.626394,niche,2
1889,0.022713,0.489825,0.487462,mainstream,1
1890,0.01966,0.681083,0.299256,mainstream,2
1891,0.068595,0.352706,0.578699,niche,7
1892,0.004138,0.030518,0.965344,niche,1
1893,0.004138,0.030518,0.965344,niche,1
1894,0.005326,0.243267,0.751408,niche,2
1895,0.004001,0.562325,0.433673,mainstream,1
1896,0.004001,0.562325,0.433673,mainstream,1
1897,0.010316,0.472046,0.517637,niche,1
1898,0.010316,0.472046,0.517637,niche,1
1899,0.005396,0.869081,0.125523,mainstream,3
1900,0.005396,0.869081,0.125523,mainstream,3
1901,0.011505,0.969675,0.01882,mainstream,3
1902,0.019843,0.935647,0.04451,mainstream,1
1903,0.001803,0.241797,0.7564,niche,2
1904,0.019284,0.406734,0.573982,niche,2
1905,0.019284,0.406734,0.573982,niche,2
1906,0.001708,0.07582,0.922472,niche,1
1907,0.001708,0.07582,0.922472,niche,1
1908,0.012353,0.11048,0.877167,niche,1
1909,4.3e-05,0.000297,0.999659,niche,1
1910,4.3e-05,0.000297,0.999659,niche,1
1911,0.00067,0.051178,0.948152,niche,1
1912,0.005895,0.212555,0.78155,niche,6
1913,0.001534,0.187708,0.810758,niche,1
1914,0.001534,0.187708,0.810758,niche,1
1915,0.001416,0.509836,0.488748,mainstream,1
1916,0.001416,0.509836,0.488748,mainstream,1
1917,0.009208,0.457044,0.533749,niche,1
1918,0.009208,0.457044,0.533749,niche,1
1919,0.034665,0.143631,0.821704,niche,2
1920,0.034665,0.143631,0.821704,niche,2
1921,0.002726,0.085276,0.911998,niche,3
1922,0.010331,0.623282,0.366387,mainstream,1
1923,0.010331,0.623282,0.366387,mainstream,1
1924,0.002923,0.92114,0.075937,mainstream,1
1925,0.003035,0.143258,0.853708,niche,1
1926,0.002383,0.003985,0.993633,niche,2
1927,0.218755,0.388658,0.392587,niche,7
1928,0.000388,0.039345,0.960268,niche,2
1929,0.000388,0.039345,0.960268,niche,2
1930,0.020899,0.852718,0.126383,mainstream,1
1931,0.020899,0.852718,0.126383,mainstream,1
1932,0.00784,0.825736,0.166425,mainstream,2
1933,0.00784,0.825736,0.166425,mainstream,2
1934,0.231006,0.191348,0.577646,niche,4
1935,0.008891,0.139906,0.851202,niche,1
1936,0.001424,0.03274,0.965835,niche,1
1937,0.001424,0.03274,0.965835,niche,1
1938,0.000917,0.350306,0.648776,niche,2
1939,0.000917,0.350306,0.648776,niche,2
1940,0.192735,0.529681,0.277585,mainstream,4
1941,0.070752,0.552714,0.376534,mainstream,11
1942,0.00249,0.035418,0.962092,niche,1
1943,0.775908,0.087949,0.136142,pop,2
1944,0.775908,0.087949,0.136142,pop,2
1945,0.004461,0.035693,0.959846,niche,1
1946,0.004461,0.035693,0.959846,niche,1
1947,0.048884,0.123259,0.827856,niche,1
1948,0.001194,0.022035,0.976772,niche,2
1949,0.001596,0.002681,0.995723,niche,1
1950,0.000677,0.000351,0.998971,niche,1
1951,0.000677,0.000351,0.998971,niche,1
1952,0.001203,0.028777,0.97002,niche,1
1953,0.000296,0.00153,0.998174,niche,1
1954,0.000296,0.00153,0.998174,niche,1
1955,0.00131,0.009167,0.989523,niche,1
1956,0.000683,0.006081,0.993236,niche,2
1957,0.036057,0.83713,0.126813,mainstream,1
1958,0.036057,0.83713,0.126813,mainstream,1
1959,0.001355,0.098119,0.900526,niche,1
1960,0.001355,0.098119,0.900526,niche,1
1961,0.003152,0.048394,0.948454,niche,1
1962,0.003152,0.048394,0.948454,niche,1
1963,0.000147,0.002342,0.997511,niche,1
1964,0.000147,0.002342,0.997511,niche,1
1965,0.003431,0.705812,0.290758,mainstream,2
1966,0.014712,0.347056,0.638233,niche,6
1967,0.008837,0.02971,0.961453,niche,1
1968,0.008837,0.02971,0.961453,niche,1
1969,0.008564,0.374153,0.617283,niche,2
1970,0.008564,0.374153,0.617283,niche,2
1971,0.738423,0.1037,0.157876,pop,3
1972,0.785103,0.058577,0.15632,pop,2
1973,0.00242,0.974955,0.022624,mainstream,2
1974,0.00242,0.974955,0.022624,mainstream,2
1975,0.000251,0.111624,0.888125,niche,2
1976,0.000251,0.111624,0.888125,niche,2
1977,0.003439,0.270959,0.725601,niche,1
1978,0.003439,0.270959,0.725601,niche,1
1979,0.058288,0.016734,0.924978,niche,1
1980,0.083857,0.0596,0.856543,niche,1
1981,0.083857,0.0596,0.856543,niche,1
1982,0.002553,0.705323,0.292124,mainstream,2
1983,0.000718,0.004568,0.994714,niche,1
1984,0.028788,0.043677,0.927534,niche,3
1985,0.023154,0.079263,0.897584,niche,1
1986,0.023154,0.079263,0.897584,niche,1
1987,0.006246,0.803393,0.190361,mainstream,1
1988,0.006246,0.803393,0.190361,mainstream,1
1989,0.0215,0.00989,0.96861,niche,1
1990,0.026779,0.010651,0.96257,niche,3
1991,0.001183,0.002735,0.996081,niche,1
1992,0.006284,0.446231,0.547485,niche,3
1993,0.011457,0.530125,0.458418,mainstream,1
1994,0.009085,0.626038,0.364878,mainstream,1
1995,0.009085,0.626038,0.364878,mainstream,1
1996,0.006038,0.476373,0.517589,niche,1
1997,0.006038,0.476373,0.517589,niche,1
1998,0.315384,0.047295,0.637321,niche,1
1999,0.113709,0.01917,0.867121,niche,1
2000,0.001078,0.449911,0.549011,niche,1
2001,0.001078,0.449911,0.549011,niche,1
2002,0.024985,0.352226,0.622789,niche,1
2003,0.000969,0.013362,0.985669,niche,2
2004,0.00063,0.003395,0.995975,niche,1
2005,0.002735,0.524075,0.47319,mainstream,1
2006,0.008969,0.401236,0.589795,niche,1
2007,0.008969,0.401236,0.589795,niche,1
2008,0.006335,0.555728,0.437937,mainstream,3
2009,0.938261,0.028072,0.033667,pop,1
2010,0.967611,0.019422,0.012967,pop,3
2011,0.019672,0.420943,0.559385,niche,2
2012,0.004439,0.511149,0.484411,mainstream,2
2013,0.002388,0.070829,0.926782,niche,1
2014,0.02408,0.461866,0.514054,niche,2
2015,0.02408,0.461866,0.514054,niche,2
2016,0.012277,0.417502,0.570221,niche,5
2017,0.001262,0.561211,0.437526,mainstream,2
2018,0.001262,0.561211,0.437526,mainstream,2
2019,0.003588,0.26339,0.733022,niche,3
2020,0.002628,0.097527,0.899844,niche,3
2021,0.094992,0.148208,0.7568,niche,2
2022,0.065263,0.053078,0.881659,niche,1
2023,0.316174,0.279083,0.404742,niche,1
2024,0.000644,0.003723,0.995632,niche,1
2025,0.000644,0.003723,0.995632,niche,1
2026,0.039256,0.238953,0.721792,niche,1
2027,0.039256,0.238953,0.721792,niche,1
2028,0.003882,0.94554,0.050577,mainstream,1
2029,0.003882,0.94554,0.050577,mainstream,1
2030,0.004474,0.023228,0.972297,niche,1
2031,0.002574,0.408271,0.589155,niche,2
2032,0.044516,0.776368,0.179116,mainstream,1
2033,0.044516,0.776368,0.179116,mainstream,1
2034,0.00022,0.006649,0.993131,niche,1
2035,0.202111,0.538697,0.259191,mainstream,1
2036,0.207203,0.028689,0.764108,niche,1
2037,0.006171,0.12536,0.86847,niche,2
2038,0.74509,0.110821,0.144089,pop,4
2039,0.003764,0.425026,0.571211,niche,2
2040,0.003764,0.425026,0.571211,niche,2
2041,0.023384,0.468247,0.508369,niche,1
2042,3.3e-05,0.000985,0.998982,niche,1
2043,0.010389,0.387347,0.602264,niche,2
2044,0.000455,0.002288,0.997256,niche,1
2045,0.000455,0.002288,0.997256,niche,1
2046,0.000117,0.031152,0.968731,niche,1
2047,0.000117,0.031152,0.968731,niche,1
2048,0.000271,0.005603,0.994125,niche,2
2049,0.607735,0.158672,0.233593,pop,1
2050,0.000568,0.059,0.940432,niche,4
2051,0.000299,0.002185,0.997516,niche,1
2052,0.000299,0.002185,0.997516,niche,1
2053,0.018763,0.022139,0.959098,niche,1
2054,0.018763,0.022139,0.959098,niche,1
2055,0.001025,0.029745,0.96923,niche,1
2056,0.017981,0.251826,0.730192,niche,1
2057,0.017981,0.251826,0.730192,niche,1
2058,0.04694,0.016208,0.936851,niche,1
2059,0.000549,0.059228,0.940223,niche,1
2060,0.000549,0.059228,0.940223,niche,1
2061,0.00011,0.000745,0.999145,niche,1
2062,0.3692,0.135241,0.495559,niche,1
2063,0.3692,0.135241,0.495559,niche,1
2064,0.346419,0.206436,0.447145,niche,2
2065,0.012845,0.166305,0.82085,niche,1
2066,0.038929,0.241992,0.719079,niche,1
2067,0.000907,0.008168,0.990924,niche,1
2068,0.000907,0.008168,0.990924,niche,1
2069,0.000129,0.000163,0.999708,niche,1
2070,0.06322,0.34423,0.59255,niche,1
2071,0.06322,0.34423,0.59255,niche,1
2072,0.09285,0.215716,0.691435,niche,10
2073,0.000901,0.466022,0.533076,niche,2
2074,0.000901,0.466022,0.533076,niche,2
2075,0.022567,0.1063,0.871133,niche,2
2076,0.007946,0.1936,0.798453,niche,1
2077,0.003986,0.015326,0.980688,niche,1
2078,0.009997,0.023325,0.966679,niche,3
2079,0.000202,0.00061,0.999188,niche,1
2080,0.024235,0.055356,0.920409,niche,2
2081,0.044983,0.006809,0.948209,niche,1
2082,0.286118,0.160215,0.553667,niche,1
2083,0.004864,0.832921,0.162214,mainstream,2
2084,0.014654,0.078923,0.906423,niche,3
2085,0.074803,0.624959,0.300238,mainstream,2
2086,0.074803,0.624959,0.300238,mainstream,2
2087,6.2e-05,0.01417,0.985768,niche,1
2088,6.2e-05,0.01417,0.985768,niche,1
2089,0.001181,0.063464,0.935355,niche,1
2090,0.001181,0.063464,0.935355,niche,1
2091,0.376419,0.074973,0.548607,niche,2
2092,0.060186,0.081011,0.858803,niche,1
2093,0.00087,0.600747,0.398382,mainstream,2
2094,0.00087,0.600747,0.398382,mainstream,2
2095,0.009838,0.934217,0.055946,mainstream,2
2096,0.009599,0.974174,0.016227,mainstream,1
2097,0.112031,0.088722,0.799247,niche,3
2098,0.969304,0.021265,0.009431,pop,1
2099,0.031441,0.034473,0.934086,niche,1
2100,0.000537,0.000872,0.998591,niche,1
2101,0.007406,0.037411,0.955183,niche,1
2102,8e-06,0.000111,0.999882,niche,1
2103,8e-06,0.000111,0.999882,niche,1
2104,0.01251,0.025935,0.961555,niche,1
2105,0.993236,0.003729,0.003035,pop,1
2106,0.00066,0.001715,0.997625,niche,1
2107,0.010826,0.233187,0.755988,niche,2
2108,0.010826,0.233187,0.755988,niche,2
2109,0.000358,0.022016,0.977626,niche,1
2110,0.004372,0.866163,0.129465,mainstream,3
2111,0.004372,0.866163,0.129465,mainstream,3
2112,0.000736,0.000989,0.998275,niche,1
2113,0.007874,0.030282,0.961844,niche,1
2114,0.007874,0.030282,0.961844,niche,1
2115,0.004651,0.011096,0.984253,niche,1
2116,0.002082,0.456896,0.541022,niche,1
2117,0.001917,0.039594,0.958489,niche,1
2118,0.001917,0.039594,0.958489,niche,1
2119,0.004761,0.031664,0.963575,niche,1
2120,0.001206,0.005223,0.993571,niche,1
2121,0.001372,0.111674,0.886953,niche,1
2122,0.007502,0.082803,0.909696,niche,1
2123,0.000256,0.007112,0.992633,niche,1
2124,0.001888,0.013637,0.984476,niche,2
2125,0.336396,0.013984,0.64962,niche,2
2126,0.015914,0.183678,0.800409,niche,1
2127,0.013546,0.253369,0.733085,niche,3
2128,0.001851,0.015283,0.982865,niche,1
2129,0.006116,0.381005,0.612878,niche,2
2130,0.00469,0.186523,0.808787,niche,1
2131,0.092971,0.622087,0.284942,mainstream,6
2132,0.000456,0.443934,0.555609,niche,2
2133,0.000456,0.443934,0.555609,niche,2
2134,0.000307,0.090573,0.90912,niche,1
2135,0.021841,0.30136,0.676799,niche,3
2136,0.030599,0.097237,0.872165,niche,2
2137,0.052895,0.02811,0.918995,niche,1
2138,0.052895,0.02811,0.918995,niche,1
2139,0.052895,0.02811,0.918995,niche,1
2140,0.00026,0.005304,0.994436,niche,2
2141,0.003563,0.195197,0.80124,niche,13
2142,0.002106,0.010839,0.987056,niche,2
2143,0.002106,0.010839,0.987056,niche,2
2144,0.00289,0.02582,0.971289,niche,2
2145,0.00289,0.02582,0.971289,niche,2
2146,0.017597,0.83259,0.149814,mainstream,1
2147,0.017597,0.83259,0.149814,mainstream,1
2148,4.1e-05,0.004723,0.995237,niche,1
2149,0.215954,0.439469,0.344577,mainstream,2
2150,0.215954,0.439469,0.344577,mainstream,2
2151,0.000443,0.006995,0.992562,niche,1
2152,0.000443,0.006995,0.992562,niche,1
2153,0.011064,0.090905,0.898031,niche,1
2154,0.000903,0.681296,0.3178,mainstream,2
2155,0.006512,0.231995,0.761493,niche,1
2156,0.006512,0.231995,0.761493,niche,1
2157,0.01958,0.027214,0.953205,niche,1
2158,0.30312,0.418636,0.278244,mainstream,1
2159,0.30312,0.418636,0.278244,mainstream,1
2160,0.017946,0.500384,0.48167,mainstream,1
2161,0.017946,0.500384,0.48167,mainstream,1
2162,3.8e-05,0.001962,0.998,niche,2
2163,3.2e-05,0.000867,0.999101,niche,1
2164,0.022404,0.356183,0.621413,niche,3
2165,0.025568,0.111343,0.863089,niche,1
2166,0.00114,0.031564,0.967296,niche,1
2167,0.03139,0.149101,0.819509,niche,4
2168,0.010557,0.196037,0.793406,niche,2
2169,0.000194,0.004276,0.995529,niche,1
2170,0.000194,0.004276,0.995529,niche,1
2171,0.0002,0.000836,0.998964,niche,1
2172,0.027994,0.469955,0.502052,niche,3
2173,0.027994,0.469955,0.502052,niche,3
2174,0.011271,0.03591,0.952819,niche,1
2175,0.011271,0.03591,0.952819,niche,1
2176,0.000309,0.087343,0.912349,niche,1
2177,0.000911,0.028074,0.971015,niche,1
2178,0.005127,0.005442,0.989431,niche,1
2179,0.009045,0.693856,0.2971,mainstream,4
2180,0.008891,0.154721,0.836387,niche,1
2181,0.000283,0.009754,0.989963,niche,1
2182,0.000283,0.009754,0.989963,niche,1
2183,0.005489,0.11175,0.882761,niche,1
2184,0.011488,0.894468,0.094045,mainstream,1
2185,0.337832,0.221468,0.4407,niche,1
2186,0.000293,0.007922,0.991785,niche,1
2187,0.000293,0.007922,0.991785,niche,1
2188,0.002987,0.001108,0.995905,niche,1
2189,0.010367,0.051862,0.937771,niche,1
2190,0.007643,0.768007,0.22435,mainstream,2
2191,0.048163,0.609241,0.342596,mainstream,11
2192,0.000844,0.02383,0.975327,niche,1
2193,0.458577,0.307929,0.233494,pop,1
2194,0.000883,0.004172,0.994945,niche,1
2195,0.002381,0.482507,0.515112,niche,1
2196,0.020744,0.211359,0.767897,niche,1
2197,0.020744,0.211359,0.767897,niche,1
2198,0.006701,0.983827,0.009472,mainstream,5
2199,9.3e-05,0.003302,0.996604,niche,1
2200,0.020724,0.30121,0.678066,niche,2
2201,0.01811,0.022433,0.959458,niche,1
2202,0.01811,0.022433,0.959458,niche,1
2203,0.004206,0.016531,0.979263,niche,1
2204,0.11325,0.498859,0.387891,mainstream,5
2205,0.00725,0.087863,0.904887,niche,1
2206,0.000158,0.008851,0.990991,niche,1
2207,0.006623,0.010527,0.982849,niche,2
2208,3.7e-05,0.002397,0.997566,niche,1
2209,0.001675,0.164879,0.833446,niche,1
2210,0.001102,0.041298,0.9576,niche,1
2211,0.221601,0.017672,0.760726,niche,1
2212,0.022954,0.910848,0.066198,mainstream,2
2213,0.042452,0.830025,0.127524,mainstream,1
2214,0.000268,0.013953,0.985779,niche,1
2215,0.028621,0.654177,0.317201,mainstream,1
2216,0.010785,0.181855,0.807361,niche,2
2217,7.7e-05,0.000278,0.999645,niche,2
2218,0.008176,0.111896,0.879929,niche,2
2219,0.00474,0.016812,0.978448,niche,1
2220,0.052798,0.019333,0.927869,niche,1
2221,0.052798,0.019333,0.927869,niche,1
2222,0.000208,0.003818,0.995974,niche,1
2223,0.000162,0.006143,0.993695,niche,1
2224,0.013432,0.037478,0.94909,niche,1
2225,0.013432,0.037478,0.94909,niche,1
2226,0.029975,0.142898,0.827128,niche,2
2227,0.120513,0.108886,0.770602,niche,1
2228,0.057609,0.130815,0.811576,niche,1
2229,0.006685,0.801602,0.191713,mainstream,2
2230,0.008926,0.661955,0.329119,mainstream,1
2231,0.033696,0.216154,0.750149,niche,2
2232,0.125874,0.391653,0.482473,niche,5
2233,0.001262,0.171144,0.827594,niche,2
2234,0.001262,0.171144,0.827594,niche,2
2235,0.007452,0.5122,0.480348,mainstream,2
2236,0.007875,0.283097,0.709029,niche,1
2237,0.002517,0.274087,0.723396,niche,2
2238,0.001872,0.101714,0.896414,niche,1
2239,0.035733,0.027215,0.937052,niche,1
2240,0.035733,0.027215,0.937052,niche,1
2241,0.003617,0.832757,0.163626,mainstream,2
2242,0.005068,0.721602,0.27333,mainstream,1
2243,0.018463,0.259833,0.721704,niche,1
2244,0.000187,0.009475,0.990338,niche,1
2245,0.000526,0.007582,0.991892,niche,2
2246,0.000526,0.007582,0.991892,niche,2
2247,0.644038,0.058594,0.297368,pop,3
2248,0.644444,0.332486,0.02307,pop,3
2249,0.000995,0.003621,0.995384,niche,1
2250,0.004782,0.013299,0.98192,niche,3
2251,0.000839,0.046484,0.952677,niche,1
2252,0.000839,0.046484,0.952677,niche,1
2253,0.004095,0.331448,0.664456,niche,1
2254,0.004095,0.331448,0.664456,niche,1
2255,0.069917,0.684849,0.245233,mainstream,2
2256,0.069917,0.684849,0.245233,mainstream,2
2257,0.001781,0.029795,0.968424,niche,1
2258,0.001364,0.04019,0.958446,niche,1
2259,0.001364,0.04019,0.958446,niche,1
2260,0.002955,0.413569,0.583476,niche,2
2261,0.00462,0.304801,0.690579,niche,1
2262,0.136779,0.25474,0.608481,niche,1
2263,0.004525,0.108537,0.886938,niche,1
2264,0.004525,0.108537,0.886938,niche,1
2265,0.026348,0.230995,0.742657,niche,2
2266,0.026348,0.230995,0.742657,niche,2
2267,0.026348,0.230995,0.742657,niche,2
2268,0.000393,0.041255,0.958352,niche,1
2269,0.000393,0.041255,0.958352,niche,1
2270,0.000123,0.010201,0.989676,niche,1
2271,0.000123,0.010201,0.989676,niche,1
2272,0.00436,0.69721,0.29843,mainstream,3
2273,0.005662,0.31261,0.681729,niche,1
2274,0.350509,0.380626,0.268865,mainstream,2
2275,0.004755,0.588435,0.40681,mainstream,1
2276,0.004755,0.588435,0.40681,mainstream,1
2277,0.10693,0.054277,0.838793,niche,2
2278,0.012339,0.764776,0.222884,mainstream,1
2279,0.001886,0.958023,0.040091,mainstream,3
2280,0.001886,0.958023,0.040091,mainstream,3
2281,0.012023,0.012448,0.975529,niche,2
2282,0.022757,0.174987,0.802256,niche,2
2283,0.000278,0.010167,0.989555,niche,2
2284,0.000167,0.002982,0.996852,niche,1
2285,2.2e-05,0.000198,0.99978,niche,1
2286,0.008333,0.016137,0.975531,niche,3
2287,0.000315,0.003933,0.995752,niche,1
2288,0.000315,0.003933,0.995752,niche,1
2289,0.006911,0.004082,0.989007,niche,1
2290,0.006911,0.004082,0.989007,niche,1
2291,0.011506,0.033417,0.955077,niche,1
2292,5.2e-05,0.000749,0.999199,niche,1
2293,0.494506,0.344662,0.160833,pop,1
2294,0.011723,0.661138,0.32714,mainstream,1
2295,0.34873,0.409673,0.241597,mainstream,3
2296,0.018743,0.071535,0.909723,niche,1
2297,0.018743,0.071535,0.909723,niche,1
2298,0.000995,0.041205,0.9578,niche,1
2299,0.000995,0.041205,0.9578,niche,1
2300,0.003032,0.966214,0.030753,mainstream,2
2301,0.003032,0.966214,0.030753,mainstream,2
2302,0.000829,0.030249,0.968921,niche,1
2303,0.000829,0.030249,0.968921,niche,1
2304,0.996151,0.001639,0.00221,pop,1
2305,0.010075,0.00169,0.988235,niche,1
2306,0.010075,0.00169,0.988235,niche,1
2307,0.000164,0.005435,0.994401,niche,1
2308,0.000164,0.005435,0.994401,niche,1
2309,0.107686,0.791312,0.101002,mainstream,1
2310,0.00082,0.174536,0.824644,niche,1
2311,0.015824,0.290686,0.69349,niche,1
2312,0.059035,0.165172,0.775793,niche,2
2313,0.028858,0.104071,0.867071,niche,1
2314,0.001072,0.020817,0.97811,niche,1
2315,0.00874,0.299431,0.691829,niche,1
2316,0.006063,0.249806,0.744131,niche,2
2317,0.006063,0.249806,0.744131,niche,2
2318,0.14338,0.676137,0.180482,mainstream,2
2319,0.973766,0.02146,0.004773,pop,2
2320,0.973766,0.02146,0.004773,pop,2
2321,0.000843,0.014252,0.984905,niche,1
2322,0.014021,0.475415,0.510564,niche,1
2323,0.014021,0.475415,0.510564,niche,1
2324,0.007916,0.916069,0.076015,mainstream,1
2325,0.007916,0.916069,0.076015,mainstream,1
2326,0.017181,0.13922,0.843599,niche,2
2327,0.01318,0.034442,0.952378,niche,1
2328,0.00957,0.400849,0.58958,niche,1
2329,0.00957,0.400849,0.58958,niche,1
2330,0.002145,0.615882,0.381973,mainstream,3
2331,0.000887,0.006934,0.992179,niche,1
2332,0.007527,0.551439,0.441034,mainstream,4
2333,0.011455,0.695888,0.292656,mainstream,1
2334,0.003097,0.592988,0.403915,mainstream,1
2335,0.296268,0.04943,0.654302,niche,1
2336,0.035411,0.822236,0.142353,mainstream,2
2337,0.059914,0.671687,0.268399,mainstream,1
2338,0.008771,0.494146,0.497083,niche,1
2339,0.020738,0.050111,0.92915,niche,4
2340,0.163507,0.016933,0.81956,niche,1
2341,0.163507,0.016933,0.81956,niche,1
2342,0.379983,0.078045,0.541972,niche,1
2343,0.379983,0.078045,0.541972,niche,1
2344,0.112552,0.041067,0.84638,niche,1
2345,0.112552,0.041067,0.84638,niche,1
2346,0.00484,0.397754,0.597406,niche,1
2347,0.00484,0.397754,0.597406,niche,1
2348,0.020347,0.432262,0.547392,niche,2
2349,0.007818,0.78961,0.202571,mainstream,2
2350,0.009418,0.654977,0.335605,mainstream,1
2351,0.027914,0.251262,0.720824,niche,2
2352,0.774076,0.089524,0.1364,pop,1
2353,0.774076,0.089524,0.1364,pop,1
2354,0.373571,0.506625,0.119804,mainstream,1
2355,0.373571,0.506625,0.119804,mainstream,1
2356,0.000314,0.033458,0.966228,niche,1
2357,0.006338,0.011464,0.982198,niche,1
2358,0.001007,0.02281,0.976183,niche,1
2359,0.026739,0.010318,0.962943,niche,1
2360,0.026739,0.010318,0.962943,niche,1
2361,0.026739,0.010318,0.962943,niche,1
2362,0.009115,0.034512,0.956373,niche,1
2363,0.009115,0.034512,0.956373,niche,1
2364,7.1e-05,0.000558,0.999371,niche,1
2365,7.1e-05,0.000558,0.999371,niche,1
2366,0.052414,0.044414,0.903172,niche,1
2367,0.000165,0.000579,0.999256,niche,1
2368,0.000165,0.000579,0.999256,niche,1
2369,0.001985,0.011016,0.986999,niche,1
2370,0.001985,0.011016,0.986999,niche,1
2371,0.003687,0.007557,0.988756,niche,1
2372,0.001642,0.032455,0.965902,niche,3
2373,0.000358,0.006068,0.993574,niche,1
2374,0.000358,0.006068,0.993574,niche,1
2375,0.005695,0.970174,0.02413,mainstream,2
2376,0.005695,0.970174,0.02413,mainstream,2
2377,0.029079,0.803302,0.167618,mainstream,1
2378,0.029079,0.803302,0.167618,mainstream,1
2379,0.012814,0.064647,0.922539,niche,1
2380,0.012814,0.064647,0.922539,niche,1
2381,0.028275,0.252254,0.719472,niche,1
2382,0.944664,0.008638,0.046697,pop,1
2383,0.944664,0.008638,0.046697,pop,1
2384,0.944664,0.008638,0.046697,pop,1
2385,0.004454,0.84692,0.148626,mainstream,1
2386,0.004454,0.84692,0.148626,mainstream,1
2387,0.00146,0.227966,0.770575,niche,1
2388,0.00146,0.227966,0.770575,niche,1
2389,0.002634,0.103122,0.894244,niche,1
2390,0.002634,0.103122,0.894244,niche,1
2391,0.155588,0.274358,0.570054,niche,1
2392,0.155588,0.274358,0.570054,niche,1
2393,0.002583,0.008464,0.988953,niche,1
2394,0.002583,0.008464,0.988953,niche,1
2395,0.019894,0.154953,0.825153,niche,4
2396,0.93202,0.049113,0.018867,pop,2
2397,0.93202,0.049113,0.018867,pop,2
2398,0.001283,0.435285,0.563432,niche,2
2399,0.001283,0.435285,0.563432,niche,2
2400,0.000219,0.009437,0.990344,niche,1
2401,0.000219,0.009437,0.990344,niche,1
2402,0.008792,0.050314,0.940894,niche,2
2403,0.004945,0.015356,0.979699,niche,1
2404,0.000568,0.032219,0.967212,niche,2
2405,0.960011,0.017618,0.022372,pop,3
2406,0.001496,0.025611,0.972894,niche,2
2407,0.140033,0.491744,0.368224,mainstream,2
2408,0.140033,0.491744,0.368224,mainstream,2
2409,0.005399,0.148423,0.846178,niche,1
2410,0.005938,0.348161,0.645902,niche,1
2411,0.566186,0.191393,0.242421,pop,1
2412,0.062784,0.128535,0.80868,niche,2
2413,0.019244,0.318255,0.662501,niche,9
2414,0.000172,0.006137,0.993691,niche,1
2415,0.000179,0.051437,0.948384,niche,2
2416,0.000179,0.051437,0.948384,niche,2
2417,0.000137,0.002847,0.997016,niche,1
2418,0.000137,0.002847,0.997016,niche,1
2419,0.001297,0.033587,0.965117,niche,1
2420,0.000165,0.013635,0.986201,niche,2
2421,0.005018,0.632974,0.362008,mainstream,2
2422,0.006571,0.024927,0.968502,niche,1
2423,0.03864,0.140469,0.820891,niche,2
2424,0.005463,0.553719,0.440817,mainstream,1
2425,0.000123,0.001794,0.998082,niche,1
2426,0.000123,0.001794,0.998082,niche,1
2427,0.007042,0.086939,0.906019,niche,1
2428,0.007042,0.086939,0.906019,niche,1
2429,0.257313,0.380154,0.362533,mainstream,1
2430,0.257313,0.380154,0.362533,mainstream,1
2431,0.000842,0.077284,0.921874,niche,1
2432,0.000842,0.077284,0.921874,niche,1
2433,0.028766,0.243352,0.727882,niche,2
2434,0.019098,0.090815,0.890087,niche,1
2435,0.017768,0.241612,0.74062,niche,1
2436,0.055176,0.186886,0.757938,niche,14
2437,0.019032,0.158822,0.822146,niche,12
2438,0.004159,0.334936,0.660905,niche,3
2439,6.3e-05,0.00682,0.993117,niche,1
2440,9.1e-05,0.000735,0.999174,niche,1
2441,0.012607,0.062773,0.924621,niche,1
2442,0.001097,0.214564,0.784339,niche,2
2443,0.000797,0.069906,0.929297,niche,1
2444,0.062241,0.468864,0.468895,niche,3
2445,0.004478,0.865081,0.130441,mainstream,1
2446,0.004478,0.865081,0.130441,mainstream,1
2447,0.00397,0.329153,0.666877,niche,1
2448,0.00397,0.329153,0.666877,niche,1
2449,0.006947,0.198324,0.794729,niche,1
2450,0.020196,0.204787,0.775018,niche,1
2451,0.001202,0.080792,0.918006,niche,1
2452,0.001202,0.080792,0.918006,niche,1
2453,0.001991,0.452968,0.545041,niche,1
2454,0.001991,0.452968,0.545041,niche,1
2455,0.003907,0.212448,0.783645,niche,2
2456,0.003907,0.212448,0.783645,niche,2
2457,0.010428,0.753256,0.236316,mainstream,1
2458,0.010428,0.753256,0.236316,mainstream,1
2459,0.004167,0.230197,0.765636,niche,11
2460,0.001245,0.003754,0.995,niche,1
2461,0.034939,0.166206,0.798854,niche,1
2462,0.342824,0.237131,0.420045,niche,2
2463,0.342824,0.237131,0.420045,niche,2
2464,0.004363,0.350148,0.645489,niche,3
2465,0.604251,0.249053,0.146696,pop,1
2466,0.001287,0.835058,0.163656,mainstream,2
2467,0.001287,0.835058,0.163656,mainstream,2
2468,0.002956,0.338252,0.658791,niche,1
2469,9.3e-05,0.001692,0.998216,niche,1
2470,9.3e-05,0.001692,0.998216,niche,1
2471,0.005207,0.923403,0.071391,mainstream,2
2472,0.304831,0.64266,0.052508,mainstream,3
2473,0.028539,0.895749,0.075711,mainstream,2
2474,0.028539,0.895749,0.075711,mainstream,2
2475,0.002175,0.049877,0.947948,niche,1
2476,0.002175,0.049877,0.947948,niche,1
2477,0.004494,0.15773,0.837776,niche,1
2478,0.004494,0.15773,0.837776,niche,1
2479,0.01139,0.671508,0.317103,mainstream,2
2480,0.041272,0.327406,0.631323,niche,2
2481,0.031261,0.136835,0.831904,niche,1
2482,0.001186,0.433792,0.565022,niche,3
2483,0.001186,0.433792,0.565022,niche,3
2484,0.002123,0.003374,0.994502,niche,1
2485,0.002123,0.003374,0.994502,niche,1
2486,9.1e-05,0.000621,0.999288,niche,1
2487,9.1e-05,0.000621,0.999288,niche,1
2488,0.007465,0.201279,0.791256,niche,3
2489,0.006389,0.593855,0.399756,mainstream,1
2490,0.006389,0.593855,0.399756,mainstream,1
2491,0.725159,0.124198,0.150643,pop,1
2492,0.725159,0.124198,0.150643,pop,1
2493,0.019749,0.884874,0.095377,mainstream,2
2494,0.026162,0.808887,0.164951,mainstream,1
2495,0.023658,0.775509,0.200834,mainstream,2
2496,0.023658,0.775509,0.200834,mainstream,2
2497,0.015233,0.272964,0.711803,niche,13
2498,0.000358,0.043924,0.955717,niche,1
2499,0.000321,0.089828,0.909851,niche,3
2500,0.005026,0.985329,0.009646,mainstream,4
2501,0.00452,0.98404,0.011441,mainstream,3
2502,0.001633,0.004154,0.994212,niche,1
2503,0.001633,0.004154,0.994212,niche,1
2504,0.004201,0.943471,0.052329,mainstream,2
2505,0.004201,0.943471,0.052329,mainstream,2
2506,0.00963,0.461707,0.528663,niche,2
2507,0.00963,0.461707,0.528663,niche,2
2508,0.00963,0.461707,0.528663,niche,2
2509,0.068805,0.371152,0.560042,niche,2
2510,0.176314,0.405261,0.418425,niche,3
2511,0.000588,0.033377,0.966035,niche,1
2512,0.004495,0.157797,0.837709,niche,2
2513,0.572825,0.328645,0.098531,pop,4
2514,0.008186,0.181344,0.81047,niche,1
2515,0.118033,0.359738,0.522229,niche,3
2516,0.171531,0.112268,0.716202,niche,2
2517,0.237286,0.261776,0.500938,niche,9
2518,6.1e-05,0.002337,0.997601,niche,1
2519,6.1e-05,0.002337,0.997601,niche,1
2520,0.001021,0.022555,0.976424,niche,1
2521,3.9e-05,0.001909,0.998051,niche,2
2522,0.000698,0.005283,0.99402,niche,1
2523,0.000433,0.147566,0.852,niche,2
2524,0.000433,0.147566,0.852,niche,2
2525,0.003856,0.005196,0.990949,niche,1
2526,0.003856,0.005196,0.990949,niche,1
2527,0.012212,0.23898,0.748808,niche,2
2528,0.018655,0.442523,0.538822,niche,1
2529,0.031156,0.345689,0.623155,niche,4
2530,0.023128,0.008662,0.96821,niche,1
2531,0.033052,0.616011,0.350937,mainstream,3
2532,0.004256,0.184492,0.811252,niche,6
2533,0.000456,0.020238,0.979306,niche,1
2534,0.000106,0.0044,0.995494,niche,1
2535,0.040582,0.574037,0.385381,mainstream,1
2536,0.00475,0.249429,0.745821,niche,8
2537,0.002977,0.0297,0.967322,niche,2
2538,0.000274,0.007691,0.992035,niche,1
2539,0.009829,0.016115,0.974057,niche,1
2540,0.035192,0.392032,0.572776,niche,1
2541,0.035192,0.392032,0.572776,niche,1
2542,0.002264,0.051529,0.946207,niche,1
2543,0.002264,0.051529,0.946207,niche,1
2544,0.001022,0.273459,0.725519,niche,1
2545,0.001022,0.273459,0.725519,niche,1
2546,3.4e-05,0.000404,0.999562,niche,1
2547,0.000526,0.000402,0.999072,niche,1
2548,0.000526,0.000402,0.999072,niche,1
2549,0.008837,0.045197,0.945967,niche,1
2550,0.008837,0.045197,0.945967,niche,1
2551,0.106101,0.391231,0.502667,niche,1
2552,0.000429,0.020874,0.978697,niche,1
2553,0.000429,0.020874,0.978697,niche,1
2554,0.024329,0.113415,0.862256,niche,2
2555,0.012718,0.610445,0.376837,mainstream,5
2556,0.012595,0.027263,0.960142,niche,1
2557,0.000304,0.024132,0.975565,niche,2
2558,0.02804,0.619168,0.352792,mainstream,1
2559,0.021144,0.775014,0.203842,mainstream,2
2560,0.003408,0.632696,0.363895,mainstream,6
2561,0.002781,0.046745,0.950474,niche,1
2562,0.002781,0.046745,0.950474,niche,1
2563,0.000873,0.159961,0.839168,niche,2
2564,0.000719,0.052049,0.947233,niche,1
2565,0.034837,0.899367,0.065795,mainstream,1
2566,0.044132,0.311028,0.644841,niche,4
2567,0.001099,0.305102,0.6938,niche,2
2568,0.032179,0.338336,0.629485,niche,1
2569,0.993412,0.002598,0.00399,pop,1
2570,0.993412,0.002598,0.00399,pop,1
2571,0.964839,0.014697,0.020464,pop,1
2572,0.964839,0.014697,0.020464,pop,1
2573,0.601911,0.075055,0.323034,pop,8
2574,0.448134,0.0159,0.535967,niche,2
2575,0.024763,0.245013,0.730224,niche,1
2576,0.00055,0.014049,0.985401,niche,1
2577,0.00087,0.005709,0.993421,niche,1
2578,0.00087,0.005709,0.993421,niche,1
2579,0.000163,0.029735,0.970102,niche,2
2580,0.000163,0.029735,0.970102,niche,2
2581,0.412697,0.432135,0.155168,mainstream,1
2582,0.025891,0.381276,0.592833,niche,3
2583,0.00752,0.129957,0.862523,niche,1
2584,0.073099,0.288325,0.638576,niche,11
2585,0.003221,0.402178,0.594599,niche,2
2586,0.003221,0.402178,0.594599,niche,2
2587,0.001007,0.002572,0.996421,niche,1
2588,0.001007,0.002572,0.996421,niche,1
2589,0.017948,0.160368,0.821684,niche,2
2590,0.014478,0.71233,0.273192,mainstream,1
2591,0.014478,0.71233,0.273192,mainstream,1
2592,0.007602,0.001739,0.990659,niche,1
2593,0.004612,0.95022,0.045168,mainstream,2
2594,0.004612,0.95022,0.045168,mainstream,2
2595,0.004766,0.797279,0.197955,mainstream,2
2596,0.004447,0.655231,0.340322,mainstream,3
2597,0.881482,0.050686,0.067833,pop,2
2598,0.871683,0.028291,0.100026,pop,1
2599,0.001665,0.001877,0.996459,niche,1
2600,0.005241,0.091201,0.903559,niche,1
2601,0.001679,0.002809,0.995512,niche,1
2602,0.001679,0.002809,0.995512,niche,1
2603,0.000745,0.038261,0.960994,niche,2
2604,0.000161,0.000948,0.998891,niche,1
2605,0.020517,0.960638,0.018846,mainstream,2
2606,0.446982,0.236912,0.316106,pop,1
2607,0.446982,0.236912,0.316106,pop,1
2608,0.006221,0.39665,0.597129,niche,2
2609,0.02363,0.108249,0.868121,niche,1
2610,0.107244,0.160962,0.731794,niche,1
2611,0.107244,0.160962,0.731794,niche,1
2612,0.066622,0.152655,0.780723,niche,2
2613,0.066622,0.152655,0.780723,niche,2
2614,0.000948,0.001364,0.997689,niche,1
2615,0.004275,0.17692,0.818806,niche,1
2616,0.001204,0.017491,0.981305,niche,1
2617,0.005778,0.428723,0.565499,niche,2
2618,0.00629,0.123508,0.870202,niche,1
2619,0.00062,0.044904,0.954476,niche,2
2620,0.925287,0.020465,0.054248,pop,2
2621,0.909821,0.012232,0.077947,pop,1
2622,0.000239,0.165211,0.834549,niche,3
2623,0.023833,0.77677,0.199397,mainstream,1
2624,0.023833,0.77677,0.199397,mainstream,1
2625,0.023833,0.77677,0.199397,mainstream,1
2626,0.033344,0.191697,0.774959,niche,1
2627,0.033344,0.191697,0.774959,niche,1
2628,0.022429,0.065205,0.912367,niche,1
2629,0.001185,0.355187,0.643627,niche,2
2630,0.001185,0.355187,0.643627,niche,2
2631,4.3e-05,0.000763,0.999194,niche,1
2632,4.3e-05,0.000763,0.999194,niche,1
2633,0.003178,0.010776,0.986045,niche,2
2634,0.000192,0.089755,0.910053,niche,1
2635,0.011619,0.029603,0.958778,niche,1
2636,0.005826,0.602767,0.391408,mainstream,2
2637,0.006201,0.157216,0.836583,niche,1
2638,0.006201,0.157216,0.836583,niche,1
2639,0.009034,0.529199,0.461767,mainstream,1
2640,0.45569,0.308193,0.236117,pop,2
2641,0.001546,0.651466,0.346988,mainstream,2
2642,0.001359,0.095354,0.903288,niche,2
2643,0.001359,0.095354,0.903288,niche,2
2644,0.005769,0.035437,0.958794,niche,1
2645,0.031789,0.883567,0.084644,mainstream,4
2646,0.022066,0.856329,0.121606,mainstream,2
2647,0.002923,0.572908,0.42417,mainstream,2
2648,0.025654,0.001369,0.972976,niche,1
2649,0.008887,0.503633,0.487479,mainstream,2
2650,0.300487,0.55126,0.148253,mainstream,1
2651,0.328577,0.133764,0.537658,niche,5
2652,0.000559,0.09225,0.907191,niche,1
2653,0.000559,0.09225,0.907191,niche,1
2654,0.018695,0.050145,0.931161,niche,1
2655,0.018695,0.050145,0.931161,niche,1
2656,0.000852,0.25219,0.746958,niche,1
2657,0.000852,0.25219,0.746958,niche,1
2658,0.001011,0.508514,0.490475,mainstream,2
2659,0.00109,0.000451,0.998459,niche,1
2660,0.007452,0.033428,0.95912,niche,1
2661,0.007452,0.033428,0.95912,niche,1
2662,0.007652,0.023089,0.96926,niche,1
2663,0.022819,0.024265,0.952916,niche,1
2664,0.010337,0.006358,0.983305,niche,1
2665,0.010337,0.006358,0.983305,niche,1
2666,0.002802,0.001824,0.995374,niche,1
2667,0.00307,0.010814,0.986116,niche,2
2668,0.001937,0.372315,0.625748,niche,2
2669,0.000848,0.016516,0.982635,niche,1
2670,0.000848,0.016516,0.982635,niche,1
2671,0.000334,0.620063,0.379603,mainstream,1
2672,0.010222,0.902285,0.087493,mainstream,1
2673,0.005844,0.585445,0.408711,mainstream,2
2674,0.007991,0.312056,0.679953,niche,2
2675,0.007991,0.312056,0.679953,niche,2
2676,0.000318,0.05846,0.941223,niche,1
2677,0.000318,0.05846,0.941223,niche,1
2678,0.002424,0.484456,0.51312,niche,1
2679,0.000527,0.116689,0.882784,niche,1
2680,0.000692,0.178759,0.820549,niche,2
2681,0.000374,0.333918,0.665708,niche,1
2682,0.010766,0.980987,0.008247,mainstream,3
2683,0.000857,0.240829,0.758314,niche,1
2684,0.028832,0.747868,0.2233,mainstream,1
2685,0.028832,0.747868,0.2233,mainstream,1
2686,0.051345,0.610861,0.337793,mainstream,2
2687,0.007884,0.141772,0.850344,niche,1
2688,0.007884,0.141772,0.850344,niche,1
2689,0.008334,0.067768,0.923897,niche,1
2690,0.008334,0.067768,0.923897,niche,1
2691,0.028798,0.051016,0.920186,niche,1
2692,0.028798,0.051016,0.920186,niche,1
2693,0.664348,0.088864,0.246788,pop,1
2694,0.664348,0.088864,0.246788,pop,1
2695,0.002066,0.435231,0.562704,niche,2
2696,0.006453,0.089451,0.904096,niche,2
2697,0.000117,0.002548,0.997335,niche,2
2698,5.9e-05,0.000703,0.999239,niche,1
2699,0.336434,0.019804,0.643762,niche,1
2700,0.059562,0.586486,0.353952,mainstream,1
2701,0.033625,0.304936,0.661439,niche,2
2702,0.022545,0.388355,0.5891,niche,7
2703,0.001551,0.14579,0.852659,niche,2
2704,0.001092,0.049726,0.949182,niche,1
2705,0.003867,0.015605,0.980527,niche,1
2706,0.001459,0.252559,0.745981,niche,1
2707,0.002302,0.495077,0.502622,niche,2
2708,0.002302,0.495077,0.502622,niche,2
2709,0.001532,0.053588,0.944879,niche,1
2710,0.030997,0.590264,0.378738,mainstream,1
2711,0.030997,0.590264,0.378738,mainstream,1
2712,0.001355,0.008702,0.989943,niche,1
2713,0.001355,0.008702,0.989943,niche,1
2714,0.005722,0.187541,0.806736,niche,1
2715,0.000819,0.079918,0.919262,niche,1
2716,0.149137,0.05653,0.794333,niche,1
2717,0.009196,0.142043,0.848761,niche,1
2718,0.009196,0.142043,0.848761,niche,1
2719,0.042246,0.360073,0.597681,niche,1
2720,0.002411,0.264273,0.733316,niche,1
2721,0.002411,0.264273,0.733316,niche,1
2722,0.133767,0.025321,0.840912,niche,1
2723,0.133767,0.025321,0.840912,niche,1
2724,0.060496,0.546337,0.393166,mainstream,3
2725,0.00177,0.097306,0.900924,niche,1
2726,0.00177,0.097306,0.900924,niche,1
2727,0.011422,0.033699,0.954879,niche,1
2728,0.011422,0.033699,0.954879,niche,1
2729,0.000862,0.023609,0.975529,niche,1
2730,0.001282,0.005496,0.993222,niche,1
2731,0.004374,0.000624,0.995002,niche,1
2732,0.004374,0.000624,0.995002,niche,1
2733,0.009517,0.828127,0.162356,mainstream,3
2734,0.001606,0.954231,0.044163,mainstream,2
2735,0.001872,0.224793,0.773335,niche,1
2736,0.001872,0.224793,0.773335,niche,1
2737,0.012577,0.28251,0.704914,niche,3
2738,0.000728,0.025698,0.973574,niche,2
2739,0.001455,0.045256,0.953289,niche,1
2740,0.001455,0.045256,0.953289,niche,1
2741,0.000442,0.003152,0.996405,niche,1
2742,0.020547,0.023983,0.95547,niche,1
2743,0.286966,0.479824,0.23321,mainstream,2
2744,0.286966,0.479824,0.23321,mainstream,2
2745,0.286966,0.479824,0.23321,mainstream,2
2746,0.183872,0.012565,0.803562,niche,1
2747,0.000395,0.041514,0.958091,niche,1
2748,0.002662,0.180017,0.817319,niche,2
2749,0.001742,0.023126,0.975131,niche,1
2750,0.000855,0.002749,0.996396,niche,1
2751,0.023192,0.178594,0.798214,niche,1
2752,0.023192,0.178594,0.798214,niche,1
2753,0.002377,0.359837,0.637787,niche,2
2754,0.004762,0.216478,0.77876,niche,2
2755,0.069931,0.130163,0.799906,niche,1
2756,0.000724,0.010559,0.988717,niche,1
2757,0.000724,0.010559,0.988717,niche,1
2758,0.00599,0.854841,0.139171,mainstream,2
2759,0.006175,0.899625,0.094201,mainstream,3
2760,0.014542,0.036799,0.948659,niche,1
2761,0.014542,0.036799,0.948659,niche,1
2762,0.008192,0.654512,0.337296,mainstream,2
2763,0.01145,0.387156,0.601393,niche,1
2764,0.019466,0.798288,0.182246,mainstream,1
2765,0.003105,0.788731,0.208165,mainstream,2
2766,0.003105,0.788731,0.208165,mainstream,2
2767,0.24808,0.081068,0.670851,niche,2
2768,0.066862,0.028797,0.904341,niche,1
2769,0.000354,0.004203,0.995444,niche,1
2770,0.005876,0.544499,0.449625,mainstream,1
2771,0.027808,0.726193,0.246,mainstream,1
2772,0.027808,0.726193,0.246,mainstream,1
2773,0.001019,0.485421,0.513559,niche,1
2774,0.118963,0.519469,0.361568,mainstream,1
2775,0.118963,0.519469,0.361568,mainstream,1
2776,0.00426,0.182932,0.812808,niche,1
2777,0.00426,0.182932,0.812808,niche,1
2778,0.000386,0.027821,0.971793,niche,1
2779,0.007331,0.012235,0.980434,niche,1
2780,0.212647,0.125818,0.661535,niche,1
2781,0.000119,0.004182,0.9957,niche,1
2782,0.000653,0.155024,0.844323,niche,2
2783,0.000606,0.032786,0.966608,niche,1
2784,0.000595,0.009141,0.990264,niche,1
2785,0.000595,0.009141,0.990264,niche,1
2786,0.525423,0.285374,0.189202,pop,2
2787,0.376034,0.337989,0.285977,pop,4
2788,0.305739,0.616821,0.07744,mainstream,4
2789,0.507815,0.430957,0.061228,pop,4
2790,0.009168,0.317294,0.673537,niche,1
2791,0.02943,0.774401,0.196169,mainstream,9
2792,0.005551,0.815511,0.178938,mainstream,1
2793,0.010972,0.242879,0.746149,niche,20
2794,0.005232,0.011471,0.983297,niche,1
2795,0.005174,0.146999,0.847827,niche,1
2796,0.005174,0.146999,0.847827,niche,1
2797,0.001291,0.522337,0.476372,mainstream,1
2798,0.010143,0.585224,0.404633,mainstream,3
2799,0.005938,0.579682,0.41438,mainstream,3
2800,0.013625,0.399916,0.586459,niche,6
2801,0.058784,0.069666,0.871551,niche,1
2802,0.007558,0.548654,0.443787,mainstream,1
2803,0.007558,0.548654,0.443787,mainstream,1
2804,0.044012,0.267797,0.688191,niche,10
2805,0.236987,0.19555,0.567463,niche,3
2806,0.00114,0.942448,0.056411,mainstream,1
2807,0.00114,0.942448,0.056411,mainstream,1
2808,0.014652,0.054715,0.930634,niche,1
2809,0.014652,0.054715,0.930634,niche,1
2810,0.061553,0.922154,0.016293,mainstream,1
2811,0.061553,0.922154,0.016293,mainstream,1
2812,0.008953,0.139569,0.851478,niche,1
2813,0.008953,0.139569,0.851478,niche,1
2814,0.11342,0.74524,0.141339,mainstream,2
2815,0.09874,0.463176,0.438084,mainstream,2
2816,0.110281,0.293228,0.596491,niche,5
2817,0.018967,0.267891,0.713141,niche,15
2818,8.5e-05,0.021753,0.978162,niche,1
2819,8.8e-05,0.008813,0.991099,niche,4
2820,0.127795,0.860268,0.011938,mainstream,2
2821,0.127795,0.860268,0.011938,mainstream,2
2822,0.001439,0.053625,0.944935,niche,1
2823,0.000185,0.034163,0.965653,niche,1
2824,0.000185,0.034163,0.965653,niche,1
2825,0.017899,0.417403,0.564698,niche,3
2826,0.366992,0.431639,0.201369,mainstream,6
2827,0.016092,0.149494,0.834413,niche,1
2828,0.012866,0.228497,0.758637,niche,3
2829,0.02201,0.08324,0.89475,niche,22
2830,0.003566,0.259082,0.737352,niche,3
2831,0.005621,0.548713,0.445666,mainstream,1
2832,0.062287,0.079456,0.858258,niche,1
2833,0.003653,0.398085,0.598262,niche,3
2834,0.002512,0.157576,0.839912,niche,1
2835,0.002512,0.157576,0.839912,niche,1
2836,0.00243,0.103863,0.893707,niche,1
2837,0.00243,0.103863,0.893707,niche,1
2838,0.35378,0.533334,0.112886,mainstream,1
2839,0.981779,0.01638,0.001841,pop,3
2840,0.981779,0.01638,0.001841,pop,3
2841,0.081613,0.784873,0.133514,mainstream,1
2842,0.081613,0.784873,0.133514,mainstream,1
2843,0.006098,0.979001,0.014901,mainstream,2
2844,0.006098,0.979001,0.014901,mainstream,2
2845,0.010703,0.116248,0.873049,niche,4
2846,0.057712,0.07648,0.865808,niche,1
2847,0.057712,0.07648,0.865808,niche,1
2848,0.00795,0.225755,0.766295,niche,20
2849,0.000274,0.063978,0.935748,niche,2
2850,0.001114,0.134327,0.864559,niche,4
2851,0.000532,0.049636,0.949832,niche,2
2852,0.000532,0.049636,0.949832,niche,2
2853,0.027422,0.402168,0.57041,niche,1
2854,0.013484,0.207085,0.779431,niche,3
2855,0.015556,0.523083,0.461361,mainstream,2
2856,0.228047,0.629538,0.142415,mainstream,3
2857,0.005246,0.785333,0.209422,mainstream,1
2858,0.004767,0.29797,0.697263,niche,17
2859,0.000169,0.003152,0.996679,niche,1
2860,0.000169,0.003152,0.996679,niche,1
2861,0.018008,0.42227,0.559722,niche,26
2862,0.232234,0.308562,0.459204,niche,1
2863,0.000474,0.032816,0.96671,niche,1
2864,0.00795,0.140882,0.851168,niche,1
2865,0.00795,0.140882,0.851168,niche,1
2866,0.007727,0.00412,0.988154,niche,1
2867,0.038013,0.485604,0.476384,mainstream,2
2868,0.014824,0.970685,0.014491,mainstream,1
2869,0.014824,0.970685,0.014491,mainstream,1
2870,0.001717,0.088763,0.90952,niche,1
2871,0.001589,0.228955,0.769456,niche,4
2872,0.002498,0.022251,0.975251,niche,1
2873,0.106603,0.299967,0.59343,niche,7
2874,0.000197,0.011196,0.988607,niche,2
2875,0.000197,0.011196,0.988607,niche,2
2876,0.071861,0.374881,0.553257,niche,8
2877,0.01703,0.084925,0.898045,niche,1
2878,0.014248,0.93086,0.054892,mainstream,1
2879,0.018402,0.050175,0.931423,niche,4
2880,4.3e-05,0.001702,0.998255,niche,1
2881,0.010922,0.092028,0.89705,niche,1
2882,0.006714,0.523308,0.469978,mainstream,3
2883,0.014569,0.723504,0.261927,mainstream,1
2884,0.03976,0.476224,0.484017,niche,1
2885,0.002706,0.508717,0.488577,mainstream,1
2886,0.001615,0.295001,0.703384,niche,2
2887,0.00331,0.062271,0.934419,niche,1
2888,0.00331,0.062271,0.934419,niche,1
2889,0.29716,0.320834,0.382007,niche,6
2890,0.000258,0.018072,0.98167,niche,2
2891,7.4e-05,0.003545,0.996381,niche,1
2892,0.035655,0.749367,0.214978,mainstream,2
2893,0.0151,0.60548,0.37942,mainstream,1
2894,0.0151,0.60548,0.37942,mainstream,1
2895,0.005241,0.864294,0.130465,mainstream,1
2896,0.007989,0.865067,0.126943,mainstream,4
2897,0.037254,0.111507,0.851238,niche,1
2898,0.037254,0.111507,0.851238,niche,1
2899,0.056366,0.905405,0.038229,mainstream,7
2900,0.012134,0.83988,0.147986,mainstream,4
2901,0.038575,0.100043,0.861381,niche,1
2902,0.002464,0.600018,0.397518,mainstream,2
2903,0.002539,0.316987,0.680474,niche,1
2904,0.030454,0.191619,0.777927,niche,17
2905,0.051291,0.725294,0.223415,mainstream,3
2906,0.125134,0.55443,0.320436,mainstream,1
2907,0.01406,0.272527,0.713413,niche,6
2908,0.195881,0.159368,0.644751,niche,13
2909,0.002937,0.986565,0.010499,mainstream,1
2910,0.002937,0.986565,0.010499,mainstream,1
2911,0.164799,0.141358,0.693843,niche,1
2912,0.000428,0.036384,0.963188,niche,1
2913,0.024792,0.962719,0.012489,mainstream,1
2914,0.024792,0.962719,0.012489,mainstream,1
2915,0.004531,0.845363,0.150105,mainstream,3
2916,0.006688,0.897384,0.095927,mainstream,2
2917,0.204106,0.416878,0.379016,mainstream,3
2918,0.045695,0.729692,0.224613,mainstream,4
2919,0.001058,0.034012,0.96493,niche,1
2920,0.001058,0.034012,0.96493,niche,1
2921,0.010011,0.516375,0.473614,mainstream,5
2922,0.021249,0.74557,0.23318,mainstream,1
2923,0.01265,0.049027,0.938323,niche,1
2924,0.033296,0.949026,0.017678,mainstream,1
2925,0.063763,0.167067,0.76917,niche,4
2926,0.069795,0.257564,0.672641,niche,2
2927,0.202191,0.356016,0.441793,niche,1
2928,0.008928,0.882494,0.108579,mainstream,4
2929,0.002831,0.826218,0.170951,mainstream,2
2930,0.000779,0.033672,0.965549,niche,2
2931,0.020642,0.253278,0.72608,niche,4
2932,0.001444,0.002172,0.996384,niche,1
2933,0.001444,0.002172,0.996384,niche,1
2934,0.002307,0.966631,0.031062,mainstream,1
2935,0.014035,0.652251,0.333714,mainstream,7
2936,0.038706,0.51914,0.442154,mainstream,1
2937,0.042106,0.654265,0.30363,mainstream,8
2938,0.003822,0.935963,0.060215,mainstream,1
2939,0.016215,0.427594,0.556191,niche,1
2940,0.018964,0.327964,0.653072,niche,8
2941,0.085594,0.292967,0.621439,niche,2
2942,0.807959,0.14949,0.04255,pop,2
2943,0.807959,0.14949,0.04255,pop,2
2944,0.002276,0.821156,0.176567,mainstream,2
2945,0.000751,0.901793,0.097456,mainstream,1
2946,0.001388,0.116863,0.881749,niche,2
2947,0.001289,0.194045,0.804667,niche,1
2948,0.025372,0.934565,0.040064,mainstream,2
2949,0.491324,0.497419,0.011258,mainstream,2
2950,9.4e-05,0.005184,0.994721,niche,1
2951,9.4e-05,0.005184,0.994721,niche,1
2952,0.001044,0.07781,0.921145,niche,2
2953,0.000142,0.010484,0.989374,niche,1
2954,4e-05,0.00508,0.994879,niche,1
2955,0.066674,0.77916,0.154165,mainstream,2
2956,0.066674,0.77916,0.154165,mainstream,2
2957,0.066786,0.234966,0.698248,niche,5
2958,0.362249,0.220866,0.416885,niche,5
2959,3.2e-05,0.002896,0.997072,niche,1
2960,0.016601,0.028234,0.955165,niche,2
2961,9.8e-05,0.014306,0.985595,niche,1
2962,9.8e-05,0.014306,0.985595,niche,1
2963,0.079512,0.110563,0.809925,niche,1
2964,0.079512,0.110563,0.809925,niche,1
2965,0.006108,0.830071,0.163822,mainstream,3
2966,0.000654,0.084902,0.914443,niche,1
2967,0.000654,0.084902,0.914443,niche,1
2968,0.000654,0.084902,0.914443,niche,1
2969,0.005094,0.006783,0.988122,niche,1
2970,0.203464,0.731513,0.065023,mainstream,6
2971,0.443562,0.502141,0.054298,mainstream,5
2972,0.001769,0.194835,0.803395,niche,2
2973,0.001769,0.194835,0.803395,niche,2
2974,0.967393,0.017197,0.01541,pop,1
2975,0.967393,0.017197,0.01541,pop,1
2976,0.137423,0.4933,0.369278,mainstream,8
2977,0.01167,0.217047,0.771284,niche,1
2978,0.001984,0.218327,0.779689,niche,2
2979,0.000295,0.013906,0.985798,niche,1
2980,0.031915,0.646395,0.32169,mainstream,1
2981,0.057237,0.773828,0.168935,mainstream,3
2982,0.038371,0.426175,0.535454,niche,2
2983,0.001551,0.031409,0.96704,niche,2
2984,0.001551,0.031409,0.96704,niche,2
2985,0.000715,0.945486,0.053799,mainstream,1
2986,0.000715,0.945486,0.053799,mainstream,1
2987,0.010871,0.164363,0.824766,niche,1
2988,0.010871,0.164363,0.824766,niche,1
2989,0.002602,0.197303,0.800095,niche,3
2990,0.345025,0.075013,0.579961,niche,3
2991,0.008116,0.067548,0.924336,niche,4
2992,0.0011,0.986763,0.012138,mainstream,1
2993,0.135009,0.412763,0.452228,niche,3
2994,0.082988,0.741607,0.175405,mainstream,1
2995,0.082988,0.741607,0.175405,mainstream,1
2996,0.082988,0.741607,0.175405,mainstream,1
2997,0.004133,0.638921,0.356945,mainstream,3
2998,0.004219,0.557675,0.438106,mainstream,1
2999,0.269215,0.458722,0.272062,mainstream,5
3000,0.304672,0.058835,0.636493,niche,1
3001,0.009361,0.95275,0.037889,mainstream,1
3002,0.009361,0.95275,0.037889,mainstream,1
3003,0.003043,0.937352,0.059605,mainstream,1
3004,0.005262,0.884587,0.110151,mainstream,1
3005,0.005262,0.884587,0.110151,mainstream,1
3006,0.000333,0.057788,0.941879,niche,1
3007,0.005619,0.123053,0.871328,niche,3
3008,0.559132,0.325443,0.115425,pop,2
3009,0.174567,0.464746,0.360686,mainstream,5
3010,0.573282,0.298077,0.128641,pop,22
3011,0.354978,0.513878,0.131144,mainstream,3
3012,0.04799,0.187088,0.764922,niche,2
3013,0.000829,0.046834,0.952337,niche,3
3014,0.004417,0.558293,0.437289,mainstream,3
3015,0.009379,0.57386,0.416761,mainstream,3
3016,0.004876,0.959304,0.03582,mainstream,1
3017,0.001096,0.071818,0.927087,niche,1
3018,0.001334,0.1251,0.873566,niche,1
3019,0.020956,0.240784,0.73826,niche,4
3020,0.001567,0.365422,0.633012,niche,2
3021,0.01776,0.710017,0.272223,mainstream,4
3022,0.000509,0.014559,0.984931,niche,2
3023,0.028495,0.329143,0.642362,niche,17
3024,0.012816,0.95803,0.029154,mainstream,1
3025,0.012816,0.95803,0.029154,mainstream,1
3026,0.085249,0.005738,0.909013,niche,1
3027,0.022679,0.921727,0.055595,mainstream,1
3028,0.022679,0.921727,0.055595,mainstream,1
3029,0.022679,0.921727,0.055595,mainstream,1
3030,0.000958,0.837451,0.161591,mainstream,1
3031,0.497945,0.420479,0.081576,pop,2
3032,0.000664,0.000791,0.998545,niche,1
3033,0.000664,0.000791,0.998545,niche,1
3034,0.000664,0.000791,0.998545,niche,1
3035,0.004372,0.629395,0.366233,mainstream,1
3036,0.038054,0.555062,0.406883,mainstream,2
3037,0.061487,0.821929,0.116584,mainstream,1
3038,0.113461,0.421332,0.465206,niche,5
3039,0.000269,0.086507,0.913224,niche,1
3040,4.4e-05,0.011234,0.988722,niche,2
3041,0.009121,0.25106,0.739819,niche,7
3042,0.001214,0.190993,0.807793,niche,5
3043,0.0099,0.869148,0.120952,mainstream,2
3044,0.0099,0.869148,0.120952,mainstream,2
3045,0.0099,0.869148,0.120952,mainstream,2
3046,0.00155,0.133679,0.86477,niche,1
3047,0.004605,0.192153,0.803242,niche,6
3048,0.004798,0.060555,0.934647,niche,2
3049,0.011826,0.908335,0.079838,mainstream,1
3050,0.011826,0.908335,0.079838,mainstream,1
3051,0.172128,0.781785,0.046087,mainstream,4
3052,0.004283,0.965008,0.030709,mainstream,1
3053,0.0277,0.432951,0.53935,niche,8
3054,0.015699,0.58364,0.400661,mainstream,1
3055,0.002912,0.015173,0.981915,niche,1
3056,0.002912,0.015173,0.981915,niche,1
3057,0.001216,0.096642,0.902142,niche,1
3058,0.001216,0.096642,0.902142,niche,1
3059,0.495306,0.378202,0.126492,pop,2
3060,0.955436,0.042246,0.002318,pop,1
3061,0.002741,0.984653,0.012606,mainstream,1
3062,0.002741,0.984653,0.012606,mainstream,1
3063,0.015695,0.367924,0.616381,niche,1
3064,0.015695,0.367924,0.616381,niche,1
3065,0.001971,0.786951,0.211078,mainstream,3
3066,0.00723,0.296038,0.696733,niche,4
3067,0.032914,0.46548,0.501607,niche,5
3068,0.003529,0.794477,0.201994,mainstream,1
3069,0.003529,0.794477,0.201994,mainstream,1
3070,0.048623,0.315954,0.635423,niche,16
3071,0.030964,0.130274,0.838762,niche,8
3072,0.001697,0.451296,0.547008,niche,2
3073,0.008769,0.570173,0.421059,mainstream,1
3074,0.08509,0.462493,0.452417,mainstream,6
3075,0.000204,0.014742,0.985054,niche,1
3076,0.008599,0.809298,0.182103,mainstream,1
3077,0.008599,0.809298,0.182103,mainstream,1
3078,0.012552,0.384497,0.602951,niche,1
3079,0.012552,0.384497,0.602951,niche,1
3080,0.005079,0.295959,0.698961,niche,5
3081,0.000425,0.010232,0.989343,niche,2
3082,0.459504,0.379101,0.161395,pop,2
3083,0.038535,0.645629,0.315836,mainstream,1
3084,0.038535,0.645629,0.315836,mainstream,1
3085,0.133331,0.510934,0.355735,mainstream,6
3086,0.105615,0.478069,0.416316,mainstream,4
3087,0.002444,0.348249,0.649306,niche,2
3088,0.000199,0.013479,0.986322,niche,1
3089,0.00064,0.064383,0.934977,niche,1
3090,0.02919,0.065139,0.905671,niche,1
3091,0.069159,0.535604,0.395237,mainstream,2
3092,0.09065,0.130557,0.778793,niche,1
3093,0.022829,0.909724,0.067447,mainstream,2
3094,0.000683,0.039195,0.960122,niche,1
3095,0.000683,0.039195,0.960122,niche,1
3096,0.000193,0.00692,0.992887,niche,1
3097,0.013803,0.954117,0.032081,mainstream,1
3098,0.072698,0.193033,0.734268,niche,2
3099,0.006327,0.193929,0.799744,niche,2
3100,0.005682,0.274446,0.719872,niche,3
3101,0.000148,0.003612,0.996241,niche,2
3102,0.001354,0.063519,0.935127,niche,3
3103,0.008585,0.627994,0.36342,mainstream,1
3104,0.027109,0.827224,0.145667,mainstream,5
3105,0.007821,0.850048,0.142131,mainstream,1
3106,0.005619,0.067209,0.927172,niche,1
3107,0.005619,0.067209,0.927172,niche,1
3108,0.015852,0.066331,0.917817,niche,1
3109,0.000174,0.069839,0.929987,niche,1
3110,0.000174,0.069839,0.929987,niche,1
3111,0.009361,0.916449,0.07419,mainstream,2
3112,0.003855,0.060482,0.935663,niche,5
3113,0.004977,0.183524,0.811499,niche,4
3114,0.022372,0.034975,0.942653,niche,1
3115,0.011398,0.118316,0.870286,niche,2
3116,0.00028,0.121276,0.878443,niche,2
3117,0.00028,0.121276,0.878443,niche,2
3118,0.003814,0.070612,0.925574,niche,5
3119,6.1e-05,0.003517,0.996422,niche,2
3120,0.003708,0.522435,0.473857,mainstream,2
3121,0.330699,0.215145,0.454156,niche,1
3122,0.000668,0.022911,0.976421,niche,1
3123,0.000668,0.022911,0.976421,niche,1
3124,0.001481,0.240977,0.757541,niche,2
3125,0.278354,0.246429,0.475217,niche,2
3126,0.491591,0.189496,0.318913,pop,3
3127,0.000509,0.046118,0.953373,niche,1
3128,0.000509,0.046118,0.953373,niche,1
3129,0.010917,0.969509,0.019574,mainstream,1
3130,0.010917,0.969509,0.019574,mainstream,1
3131,0.013501,0.208683,0.777815,niche,2
3132,0.002601,0.451291,0.546108,niche,1
3133,0.002601,0.451291,0.546108,niche,1
3134,0.002601,0.451291,0.546108,niche,1
3135,0.002465,0.009724,0.987811,niche,2
3136,0.084318,0.4455,0.470182,niche,3
3137,0.076262,0.469287,0.454451,mainstream,1
3138,0.020422,0.01449,0.965088,niche,1
3139,0.020422,0.01449,0.965088,niche,1
3140,8.7e-05,0.011741,0.988172,niche,1
3141,8.7e-05,0.011741,0.988172,niche,1
3142,0.192651,0.590146,0.217203,mainstream,1
3143,0.544481,0.323181,0.132336,pop,2
3144,0.003838,0.382185,0.613977,niche,8
3145,0.005113,0.48272,0.512167,niche,6
3146,0.000452,0.015459,0.984089,niche,1
3147,0.000325,0.544908,0.454767,mainstream,1
3148,0.000325,0.544908,0.454767,mainstream,1
3149,0.020955,0.395757,0.583288,niche,2
3150,0.273774,0.452266,0.27396,mainstream,2
3151,0.070297,0.268087,0.661616,niche,14
3152,0.1396,0.25348,0.60692,niche,1
3153,0.1396,0.25348,0.60692,niche,1
3154,0.718944,0.107184,0.173871,pop,8
3155,0.109236,0.226483,0.664281,niche,8
3156,0.017858,0.307695,0.674448,niche,1
3157,0.017858,0.307695,0.674448,niche,1
3158,0.006066,0.48654,0.507394,niche,7
3159,0.015116,0.689748,0.295136,mainstream,2
3160,0.956437,0.036714,0.006849,pop,1
3161,0.956437,0.036714,0.006849,pop,1
3162,0.01576,0.826421,0.157818,mainstream,2
3163,0.01576,0.826421,0.157818,mainstream,2
3164,0.370847,0.289324,0.339828,pop,2
3165,0.05334,0.933961,0.012698,mainstream,1
3166,0.05334,0.933961,0.012698,mainstream,1
3167,0.009512,0.712242,0.278246,mainstream,3
3168,0.0352,0.034009,0.930791,niche,1
3169,0.007755,0.323504,0.668741,niche,4
3170,0.000741,0.43518,0.564079,niche,1
3171,6.8e-05,0.024677,0.975255,niche,2
3172,6.8e-05,0.024677,0.975255,niche,2
3173,0.00117,0.423257,0.575573,niche,1
3174,0.00117,0.423257,0.575573,niche,1
3175,0.005671,0.190935,0.803394,niche,7
3176,0.003062,0.388451,0.608487,niche,1
3177,0.003062,0.388451,0.608487,niche,1
3178,0.071817,0.614854,0.313329,mainstream,1
3179,0.071817,0.614854,0.313329,mainstream,1
3180,0.135743,0.632213,0.232044,mainstream,5
3181,0.009466,0.767626,0.222908,mainstream,1
3182,0.009466,0.767626,0.222908,mainstream,1
3183,0.01296,0.574527,0.412513,mainstream,2
3184,0.025522,0.850502,0.123975,mainstream,1
3185,0.000284,0.460802,0.538914,niche,2
3186,0.005395,0.822272,0.172333,mainstream,1
3187,0.004803,0.584458,0.410739,mainstream,1
3188,0.005585,0.833786,0.160628,mainstream,1
3189,0.030457,0.317464,0.652079,niche,16
3190,0.001356,0.091847,0.906797,niche,1
3191,0.001191,0.044268,0.954541,niche,1
3192,0.001191,0.044268,0.954541,niche,1
3193,0.016557,0.149225,0.834218,niche,1
3194,0.994374,0.004251,0.001375,pop,1
3195,0.994374,0.004251,0.001375,pop,1
3196,0.056395,0.463476,0.480129,niche,2
3197,0.096199,0.169197,0.734604,niche,1
3198,0.008584,0.531225,0.460191,mainstream,4
3199,0.004093,0.566611,0.429296,mainstream,2
3200,0.000273,0.230469,0.769258,niche,1
3201,0.00203,0.103231,0.89474,niche,2
3202,0.0021,0.183943,0.813957,niche,1
3203,0.000677,0.136016,0.863307,niche,1
3204,0.000677,0.136016,0.863307,niche,1
3205,0.000209,0.435952,0.563839,niche,1
3206,0.007691,0.624832,0.367477,mainstream,5
3207,0.001275,0.019515,0.97921,niche,2
3208,0.002617,0.235236,0.762147,niche,6
3209,0.485903,0.043726,0.470371,pop,2
3210,0.061945,0.397155,0.5409,niche,2
3211,0.021627,0.123591,0.854782,niche,1
3212,0.003273,0.956007,0.04072,mainstream,4
3213,0.006364,0.800306,0.193331,mainstream,1
3214,0.17229,0.063717,0.763993,niche,1
3215,0.549162,0.052059,0.398778,pop,2
3216,0.060422,0.879403,0.060174,mainstream,2
3217,0.005222,0.289345,0.705433,niche,1
3218,0.003749,0.578797,0.417454,mainstream,2
3219,0.01676,0.968696,0.014544,mainstream,3
3220,0.009013,0.630931,0.360056,mainstream,1
3221,0.028242,0.601506,0.370252,mainstream,10
3222,0.158015,0.301286,0.540699,niche,6
3223,0.001596,0.029812,0.968592,niche,2
3224,0.062624,0.139086,0.79829,niche,1
3225,0.066183,0.499366,0.434451,mainstream,4
3226,0.002551,0.095662,0.901787,niche,1
3227,0.002551,0.095662,0.901787,niche,1
3228,0.871592,0.115062,0.013345,pop,2
3229,0.871592,0.115062,0.013345,pop,2
3230,0.000851,0.052077,0.947071,niche,4
3231,0.042567,0.25488,0.702553,niche,3
3232,0.000889,0.060768,0.938342,niche,1
3233,0.000889,0.060768,0.938342,niche,1
3234,8.4e-05,0.005971,0.993946,niche,1
3235,0.020987,0.687361,0.291652,mainstream,2
3236,0.025479,0.797982,0.176539,mainstream,1
3237,0.036358,0.220807,0.742835,niche,5
3238,0.184335,0.759086,0.056579,mainstream,1
3239,0.000212,0.02788,0.971908,niche,1
3240,0.000212,0.02788,0.971908,niche,1
3241,0.000581,0.042995,0.956424,niche,1
3242,0.000581,0.042995,0.956424,niche,1
3243,0.02052,0.194258,0.785222,niche,1
3244,0.02052,0.194258,0.785222,niche,1
3245,0.000744,0.986352,0.012903,mainstream,1
3246,0.000744,0.986352,0.012903,mainstream,1
3247,0.002312,0.607785,0.389903,mainstream,1
3248,0.002312,0.607785,0.389903,mainstream,1
3249,0.113784,0.451371,0.434846,mainstream,7
3250,0.01607,0.943158,0.040771,mainstream,1
3251,0.00742,0.940205,0.052375,mainstream,4
3252,0.009236,0.891597,0.099168,mainstream,2
3253,0.104802,0.198175,0.697023,niche,1
3254,0.144345,0.141143,0.714512,niche,3
3255,0.009974,0.531167,0.458859,mainstream,3
3256,0.012099,0.786661,0.201239,mainstream,2
3257,0.011277,0.515742,0.472981,mainstream,2
3258,0.479144,0.422247,0.09861,pop,2
3259,0.547944,0.397498,0.054559,pop,4
3260,0.547944,0.397498,0.054559,pop,4
3261,0.012638,0.085272,0.90209,niche,1
3262,0.017071,0.35651,0.626419,niche,3
3263,0.048836,0.373087,0.578078,niche,13
3264,0.478273,0.241624,0.280103,pop,1
3265,0.478273,0.241624,0.280103,pop,1
3266,0.00414,0.809129,0.186731,mainstream,1
3267,0.013631,0.343409,0.642961,niche,4
3268,0.002045,0.177272,0.820683,niche,1
3269,0.024637,0.526137,0.449226,mainstream,2
3270,0.000139,0.001577,0.998284,niche,1
3271,0.000139,0.001577,0.998284,niche,1
3272,0.018991,0.702345,0.278664,mainstream,3
3273,0.01354,0.311516,0.674944,niche,8
3274,0.996065,0.002715,0.00122,pop,1
3275,0.996065,0.002715,0.00122,pop,1
3276,0.005971,0.369825,0.624203,niche,1
3277,0.05899,0.618808,0.322202,mainstream,1
3278,0.05899,0.618808,0.322202,mainstream,1
3279,0.494638,0.464925,0.040437,pop,5
3280,0.521988,0.31002,0.167992,pop,5
3281,0.033428,0.554149,0.412423,mainstream,4
3282,0.076428,0.47481,0.448762,mainstream,3
3283,0.00302,0.063062,0.933918,niche,1
3284,0.00302,0.063062,0.933918,niche,1
3285,0.00302,0.063062,0.933918,niche,1
3286,0.004446,0.586944,0.408609,mainstream,2
3287,0.001296,0.631483,0.367221,mainstream,1
3288,0.059886,0.012372,0.927742,niche,1
3289,0.059886,0.012372,0.927742,niche,1
3290,0.059886,0.012372,0.927742,niche,1
3291,0.003683,0.690368,0.30595,mainstream,3
3292,0.123186,0.35755,0.519264,niche,7
3293,0.362186,0.259591,0.378223,niche,3
3294,0.019267,0.778139,0.202594,mainstream,2
3295,0.003236,0.086511,0.910253,niche,1
3296,0.001325,0.063621,0.935053,niche,1
3297,0.001325,0.063621,0.935053,niche,1
3298,0.025363,0.630717,0.34392,mainstream,1
3299,0.025363,0.630717,0.34392,mainstream,1
3300,0.098269,0.796895,0.104836,mainstream,1
3301,0.098269,0.796895,0.104836,mainstream,1
3302,0.08949,0.589281,0.321229,mainstream,11
3303,0.001903,0.032605,0.965492,niche,1
3304,0.001903,0.032605,0.965492,niche,1
3305,0.015521,0.839633,0.144847,mainstream,6
3306,0.567498,0.375508,0.056994,pop,3
3307,0.484811,0.475342,0.039847,pop,2
3308,0.006702,0.355082,0.638216,niche,1
3309,0.017176,0.351647,0.631177,niche,7
3310,0.020764,0.324577,0.654659,niche,5
3311,0.001808,0.782558,0.215635,mainstream,1
3312,0.0014,0.61677,0.38183,mainstream,1
3313,0.339318,0.143863,0.516819,niche,3
3314,0.02796,0.149419,0.822621,niche,1
3315,0.004869,0.671066,0.324065,mainstream,1
3316,0.004869,0.671066,0.324065,mainstream,1
3317,0.00075,0.161974,0.837276,niche,1
3318,0.006301,0.332968,0.660731,niche,8
3319,0.001658,0.073374,0.924968,niche,1
3320,0.003982,0.222061,0.773957,niche,1
3321,0.003982,0.222061,0.773957,niche,1
3322,0.041217,0.580307,0.378476,mainstream,1
3323,0.041217,0.580307,0.378476,mainstream,1
3324,0.365134,0.212134,0.422731,niche,2
3325,0.020821,0.652675,0.326503,mainstream,3
3326,0.047623,0.711489,0.240888,mainstream,22
3327,0.002816,0.177318,0.819866,niche,1
3328,0.002816,0.177318,0.819866,niche,1
3329,0.003739,0.652467,0.343794,mainstream,1
3330,0.003739,0.652467,0.343794,mainstream,1
3331,0.000147,0.005734,0.994119,niche,1
3332,0.003287,0.041319,0.955394,niche,1
3333,0.052354,0.330443,0.617203,niche,4
3334,0.02571,0.097534,0.876755,niche,2
3335,0.040497,0.095331,0.864172,niche,1
3336,0.016089,0.394602,0.589309,niche,4
3337,0.00036,0.025319,0.974321,niche,1
3338,0.008495,0.854439,0.137066,mainstream,2
3339,0.008495,0.854439,0.137066,mainstream,2
3340,0.059272,0.727286,0.213442,mainstream,1
3341,0.027496,0.72381,0.248694,mainstream,1
3342,0.020966,0.399359,0.579675,niche,8
3343,0.008403,0.38003,0.611566,niche,3
3344,0.040362,0.04607,0.913568,niche,3
3345,0.16329,0.026017,0.810693,niche,1
3346,0.32981,0.661963,0.008227,mainstream,3
3347,0.242587,0.322427,0.434987,niche,12
3348,0.052624,0.527192,0.420184,mainstream,2
3349,0.001109,0.304702,0.694189,niche,2
3350,0.001794,0.567853,0.430352,mainstream,1
3351,0.010229,0.479727,0.510045,niche,2
3352,0.049147,0.281994,0.668858,niche,1
3353,0.003931,0.715464,0.280604,mainstream,1
3354,0.002459,0.504806,0.492734,mainstream,2
3355,0.001625,0.009601,0.988774,niche,1
3356,0.117921,0.866407,0.015672,mainstream,1
3357,0.068138,0.605235,0.326628,mainstream,2
3358,0.004902,0.010707,0.984391,niche,1
3359,0.004902,0.010707,0.984391,niche,1
3360,0.001758,0.102519,0.895723,niche,1
3361,0.001758,0.102519,0.895723,niche,1
3362,0.014909,0.179959,0.805132,niche,1
3363,0.014909,0.179959,0.805132,niche,1
3364,0.001455,0.00586,0.992685,niche,1
3365,0.990015,0.008005,0.00198,pop,1
3366,0.000391,0.004312,0.995297,niche,1
3367,0.000391,0.004312,0.995297,niche,1
3368,0.026458,0.225511,0.748031,niche,7
3369,0.00033,0.008974,0.990697,niche,1
3370,0.041711,0.702809,0.255479,mainstream,8
3371,0.0637,0.777337,0.158963,mainstream,1
3372,0.0453,0.746137,0.208563,mainstream,1
3373,0.024989,0.952322,0.02269,mainstream,3
3374,0.021799,0.954798,0.023404,mainstream,3
3375,0.972613,0.026051,0.001336,pop,1
3376,0.369724,0.088835,0.541441,niche,3
3377,0.165302,0.237698,0.597,niche,7
3378,0.001047,0.08478,0.914173,niche,1
3379,0.001047,0.08478,0.914173,niche,1
3380,0.13462,0.681064,0.184317,mainstream,3
3381,0.000207,0.390063,0.60973,niche,1
3382,0.004647,0.767692,0.227661,mainstream,3
3383,0.000534,0.600609,0.398857,mainstream,1
3384,0.000534,0.600609,0.398857,mainstream,1
3385,0.085731,0.836256,0.078013,mainstream,1
3386,0.00086,0.015329,0.983812,niche,1
3387,0.000504,0.090111,0.909385,niche,1
3388,0.000504,0.090111,0.909385,niche,1
3389,0.003047,0.03167,0.965283,niche,1
3390,0.030244,0.508109,0.461647,mainstream,2
3391,0.023244,0.732072,0.244684,mainstream,1
3392,0.07754,0.009663,0.912797,niche,1
3393,0.07754,0.009663,0.912797,niche,1
3394,0.697635,0.127671,0.174694,pop,1
3395,0.697635,0.127671,0.174694,pop,1
3396,0.029048,0.691636,0.279316,mainstream,3
3397,0.124745,0.64851,0.226745,mainstream,5
3398,0.002765,0.013526,0.983709,niche,2
3399,0.002765,0.013526,0.983709,niche,2
3400,0.000459,0.006185,0.993356,niche,1
3401,0.000459,0.006185,0.993356,niche,1
3402,0.00197,0.274965,0.723065,niche,1
3403,0.003659,0.14709,0.84925,niche,1
3404,0.003659,0.14709,0.84925,niche,1
3405,0.014053,0.100565,0.885382,niche,3
3406,0.016156,0.048168,0.935677,niche,2
3407,0.923938,0.069276,0.006785,pop,1
3408,0.923938,0.069276,0.006785,pop,1
3409,0.024804,0.902452,0.072743,mainstream,1
3410,0.012977,0.937639,0.049384,mainstream,2
3411,0.014636,0.926631,0.058733,mainstream,1
3412,0.014636,0.926631,0.058733,mainstream,1
3413,0.002974,0.161438,0.835587,niche,1
3414,0.070882,0.321468,0.60765,niche,1
3415,0.070882,0.321468,0.60765,niche,1
3416,0.00273,0.027762,0.969508,niche,1
3417,0.002958,0.621584,0.375458,mainstream,6
3418,0.025268,0.55857,0.416162,mainstream,3
3419,0.38561,0.489775,0.124614,mainstream,3
3420,0.090923,0.725857,0.18322,mainstream,2
3421,0.033262,0.900726,0.066012,mainstream,2
3422,0.003418,0.711814,0.284768,mainstream,1
3423,0.001572,0.620623,0.377805,mainstream,4
3424,0.012327,0.224626,0.763047,niche,1
3425,0.052204,0.46271,0.485086,niche,2
3426,0.940384,0.043512,0.016105,pop,1
3427,0.940384,0.043512,0.016105,pop,1
3428,0.02858,0.383094,0.588326,niche,3
3429,0.00265,0.59255,0.4048,mainstream,1
3430,0.00265,0.59255,0.4048,mainstream,1
3431,0.001267,0.002728,0.996005,niche,1
3432,0.055601,0.604669,0.339731,mainstream,1
3433,0.055601,0.604669,0.339731,mainstream,1
3434,0.173392,0.388594,0.438014,niche,1
3435,0.003131,0.444562,0.552307,niche,1
3436,0.002233,0.740776,0.256991,mainstream,2
3437,0.000646,0.744653,0.254701,mainstream,1
3438,0.000394,0.037687,0.961919,niche,1
3439,0.008213,0.041431,0.950355,niche,2
3440,0.731723,0.137115,0.131163,pop,2
3441,0.000415,0.169102,0.830483,niche,3
3442,0.016618,0.896223,0.087159,mainstream,1
3443,0.016618,0.896223,0.087159,mainstream,1
3444,0.016522,0.095674,0.887803,niche,2
3445,0.028807,0.094599,0.876594,niche,1
3446,0.013335,0.960861,0.025804,mainstream,1
3447,0.002452,0.09077,0.906778,niche,1
3448,0.00415,0.180814,0.815036,niche,2
3449,0.022274,0.783823,0.193903,mainstream,1
3450,0.038073,0.538253,0.423674,mainstream,3
3451,0.429298,0.13334,0.437361,niche,1
3452,0.880473,0.112573,0.006954,pop,1
3453,0.003377,0.338111,0.658512,niche,2
3454,0.005415,0.193298,0.801287,niche,1
3455,0.040223,0.032395,0.927382,niche,1
3456,0.084197,0.600805,0.314997,mainstream,6
3457,0.001369,0.12258,0.876051,niche,1
3458,0.635252,0.296117,0.068631,pop,1
3459,0.635252,0.296117,0.068631,pop,1
3460,0.002251,0.986035,0.011714,mainstream,1
3461,0.002251,0.986035,0.011714,mainstream,1
3462,0.037019,0.797354,0.165626,mainstream,2
3463,0.001361,0.118609,0.88003,niche,2
3464,0.103511,0.039773,0.856716,niche,1
3465,0.000169,0.042156,0.957675,niche,1
3466,0.000169,0.042156,0.957675,niche,1
3467,0.006848,0.265605,0.727546,niche,1
3468,0.006848,0.265605,0.727546,niche,1
3469,0.012,0.158867,0.829133,niche,1
3470,0.004588,0.531295,0.464117,mainstream,6
3471,0.003262,0.578042,0.418696,mainstream,1
3472,0.962995,0.029203,0.007801,pop,1
3473,0.962995,0.029203,0.007801,pop,1
3474,0.032827,0.479316,0.487856,niche,3
3475,0.047792,0.263715,0.688494,niche,6
3476,0.000513,0.472698,0.526789,niche,1
3477,0.00371,0.342018,0.654271,niche,5
3478,0.002656,0.680136,0.317207,mainstream,1
3479,0.003812,0.951347,0.044841,mainstream,1
3480,0.003812,0.951347,0.044841,mainstream,1
3481,0.00227,0.380624,0.617106,niche,1
3482,0.00227,0.380624,0.617106,niche,1
3483,0.402927,0.273321,0.323753,pop,4
3484,0.004066,0.027844,0.96809,niche,2
3485,0.004066,0.027844,0.96809,niche,2
3486,0.209842,0.246466,0.543692,niche,1
3487,0.112906,0.528852,0.358242,mainstream,2
3488,0.039596,0.888359,0.072045,mainstream,1
3489,0.00598,0.260154,0.733866,niche,3
3490,0.002443,0.758539,0.239018,mainstream,1
3491,0.002443,0.758539,0.239018,mainstream,1
3492,0.011875,0.324673,0.663453,niche,1
3493,0.011875,0.324673,0.663453,niche,1
3494,0.046092,0.204477,0.749431,niche,1
3495,0.011811,0.205035,0.783155,niche,6
3496,0.001377,0.042287,0.956336,niche,1
3497,0.001688,0.280906,0.717406,niche,4
3498,0.020921,0.316285,0.662794,niche,1
3499,0.011594,0.752286,0.23612,mainstream,1
3500,0.011594,0.752286,0.23612,mainstream,1
3501,0.002838,0.127219,0.869942,niche,1
3502,0.002838,0.127219,0.869942,niche,1
3503,0.008193,0.37447,0.617337,niche,2
3504,0.003174,0.956194,0.040632,mainstream,1
3505,0.027258,0.938543,0.0342,mainstream,2
3506,0.316574,0.356202,0.327224,mainstream,9
3507,0.012671,0.070447,0.916882,niche,1
3508,0.003396,0.488541,0.508063,niche,3
3509,0.009021,0.004586,0.986393,niche,1
3510,0.005232,0.213361,0.781408,niche,5
3511,0.001166,0.012526,0.986308,niche,3
3512,0.029985,0.657373,0.312642,mainstream,1
3513,0.029985,0.657373,0.312642,mainstream,1
3514,0.012766,0.433183,0.55405,niche,1
3515,0.012766,0.433183,0.55405,niche,1
3516,0.001294,0.042227,0.956479,niche,1
3517,0.001294,0.042227,0.956479,niche,1
3518,0.009612,0.681384,0.309004,mainstream,3
3519,0.010295,0.195543,0.794162,niche,2
3520,9.5e-05,0.014979,0.984926,niche,1
3521,0.060893,0.24098,0.698128,niche,1
3522,0.060893,0.24098,0.698128,niche,1
3523,0.000788,0.068217,0.930995,niche,1
3524,0.001701,0.992117,0.006182,mainstream,1
3525,0.057517,0.373527,0.568956,niche,6
3526,0.008012,0.486083,0.505904,niche,1
3527,0.008012,0.486083,0.505904,niche,1
3528,0.00057,0.880946,0.118484,mainstream,1
3529,0.005432,0.014225,0.980343,niche,1
3530,0.005432,0.014225,0.980343,niche,1
3531,0.001823,0.308821,0.689355,niche,1
3532,0.001823,0.308821,0.689355,niche,1
3533,0.000733,0.172269,0.826998,niche,7
3534,0.206579,0.164988,0.628433,niche,4
3535,0.007745,0.132745,0.85951,niche,1
3536,0.007745,0.132745,0.85951,niche,1
3537,0.033486,0.340217,0.626298,niche,4
3538,0.000517,0.049906,0.949577,niche,1
3539,0.000517,0.049906,0.949577,niche,1
3540,0.003451,0.283608,0.712942,niche,1
3541,0.002201,0.607519,0.39028,mainstream,2
3542,7.3e-05,0.044767,0.955159,niche,1
3543,7.3e-05,0.044767,0.955159,niche,1
3544,0.009768,0.981994,0.008238,mainstream,1
3545,0.009768,0.981994,0.008238,mainstream,1
3546,0.00131,0.239811,0.758878,niche,3
3547,0.00131,0.239811,0.758878,niche,3
3548,0.003496,0.961326,0.035178,mainstream,1
3549,0.003496,0.961326,0.035178,mainstream,1
3550,0.000244,0.006769,0.992986,niche,2
3551,0.000235,0.006719,0.993046,niche,1
3552,0.004263,0.138591,0.857146,niche,1
3553,0.000217,0.005863,0.99392,niche,2
3554,9.2e-05,0.010093,0.989815,niche,1
3555,0.021012,0.927291,0.051696,mainstream,1
3556,2.9e-05,0.00252,0.997451,niche,1
3557,2.9e-05,0.00252,0.997451,niche,1
3558,0.115565,0.132856,0.751579,niche,5
3559,0.001497,0.108627,0.889876,niche,1
3560,0.008716,0.698825,0.292458,mainstream,2
3561,0.012977,0.88778,0.099242,mainstream,1
3562,0.0024,0.990497,0.007104,mainstream,1
3563,0.0024,0.990497,0.007104,mainstream,1
3564,0.002402,0.149442,0.848156,niche,1
3565,0.002402,0.149442,0.848156,niche,1
3566,0.000699,0.124671,0.87463,niche,1
3567,0.000699,0.124671,0.87463,niche,1
3568,0.006773,0.390148,0.603079,niche,1
3569,0.006773,0.390148,0.603079,niche,1
3570,0.0349,0.827676,0.137425,mainstream,1
3571,0.049819,0.372165,0.578016,niche,13
3572,0.062566,0.870957,0.066477,mainstream,1
3573,0.062566,0.870957,0.066477,mainstream,1
3574,0.001926,0.992765,0.00531,mainstream,1
3575,0.001926,0.992765,0.00531,mainstream,1
3576,0.393028,0.349295,0.257677,pop,1
3577,0.002696,0.159755,0.837549,niche,1
3578,0.002696,0.159755,0.837549,niche,1
3579,0.020422,0.449212,0.530367,niche,1
3580,0.003645,0.310561,0.685794,niche,1
3581,0.003645,0.310561,0.685794,niche,1
3582,0.003645,0.310561,0.685794,niche,1
3583,0.028132,0.523613,0.448255,mainstream,4
3584,0.062562,0.161837,0.775601,niche,9
3585,0.007663,0.194851,0.797486,niche,1
3586,0.499683,0.123045,0.377272,pop,7
3587,0.00658,0.062119,0.931301,niche,2
3588,0.00658,0.062119,0.931301,niche,2
3589,5.9e-05,0.046136,0.953805,niche,1
3590,5.9e-05,0.046136,0.953805,niche,1
3591,0.000343,0.07561,0.924046,niche,1
3592,0.000587,0.022665,0.976748,niche,2
3593,0.000521,0.025713,0.973766,niche,3
3594,0.005652,0.011943,0.982406,niche,1
3595,0.690527,0.268305,0.041167,pop,2
3596,0.00293,0.466487,0.530583,niche,2
3597,0.005638,0.820237,0.174126,mainstream,1
3598,0.005,0.4567,0.538301,niche,2
3599,0.003927,0.662802,0.333271,mainstream,1
3600,0.003927,0.662802,0.333271,mainstream,1
3601,0.003802,0.740519,0.255678,mainstream,1
3602,0.003802,0.740519,0.255678,mainstream,1
3603,0.096996,0.765549,0.137455,mainstream,2
3604,0.000975,0.879196,0.119829,mainstream,1
3605,0.000975,0.879196,0.119829,mainstream,1
3606,0.009467,0.021321,0.969212,niche,1
3607,0.009467,0.021321,0.969212,niche,1
3608,0.014015,0.215274,0.770711,niche,1
3609,0.014015,0.215274,0.770711,niche,1
3610,0.001997,0.274966,0.723037,niche,2
3611,0.001997,0.274966,0.723037,niche,2
3612,0.090569,0.321385,0.588047,niche,2
3613,0.176907,0.499016,0.324078,mainstream,1
3614,0.017008,0.326041,0.656952,niche,4
3615,0.056772,0.610635,0.332593,mainstream,1
3616,0.15756,0.154532,0.687908,niche,3
3617,0.005456,0.613122,0.381422,mainstream,1
3618,0.005456,0.613122,0.381422,mainstream,1
3619,0.001237,0.192665,0.806098,niche,1
3620,0.001237,0.192665,0.806098,niche,1
3621,0.025708,0.502533,0.471759,mainstream,2
3622,0.019369,0.216293,0.764338,niche,1
3623,0.019369,0.216293,0.764338,niche,1
3624,0.004042,0.044043,0.951915,niche,3
3625,0.031836,0.023546,0.944617,niche,4
3626,0.011613,0.190422,0.797965,niche,1
3627,0.011052,0.812944,0.176004,mainstream,3
3628,0.003422,0.564593,0.431984,mainstream,2
3629,0.004853,0.788816,0.206331,mainstream,1
3630,0.005243,0.106407,0.88835,niche,1
3631,0.006458,0.744865,0.248677,mainstream,1
3632,0.001336,0.003251,0.995413,niche,1
3633,0.001336,0.003251,0.995413,niche,1
3634,0.081089,0.436082,0.482829,niche,1
3635,0.03781,0.774338,0.187852,mainstream,1
3636,0.03781,0.774338,0.187852,mainstream,1
3637,0.332087,0.129423,0.53849,niche,1
3638,0.002868,0.513368,0.483764,mainstream,1
3639,0.005045,0.411109,0.583846,niche,6
3640,0.000832,0.56109,0.438078,mainstream,1
3641,0.000832,0.56109,0.438078,mainstream,1
3642,0.002076,0.935876,0.062048,mainstream,2
3643,0.007377,0.457347,0.535276,niche,1
3644,0.007377,0.457347,0.535276,niche,1
3645,0.09657,0.375909,0.52752,niche,1
3646,0.09657,0.375909,0.52752,niche,1
3647,0.09657,0.375909,0.52752,niche,1
3648,0.009529,0.744283,0.246188,mainstream,1
3649,0.009529,0.744283,0.246188,mainstream,1
3650,0.001098,0.663149,0.335753,mainstream,1
3651,0.004416,0.804349,0.191235,mainstream,1
3652,0.004416,0.804349,0.191235,mainstream,1
3653,0.037143,0.017515,0.945342,niche,2
3654,0.008617,0.03575,0.955633,niche,1
3655,0.008617,0.03575,0.955633,niche,1
3656,0.000898,0.064863,0.934239,niche,1
3657,0.047939,0.362042,0.590019,niche,2
3658,0.011642,0.171747,0.816611,niche,9
3659,0.024168,0.330172,0.64566,niche,12
3660,0.001154,0.02535,0.973496,niche,3
3661,0.400123,0.073412,0.526465,niche,1
3662,0.078489,0.820954,0.100557,mainstream,1
3663,0.000429,0.067343,0.932228,niche,1
3664,0.000429,0.067343,0.932228,niche,1
3665,0.002038,0.33816,0.659802,niche,1
3666,0.002038,0.33816,0.659802,niche,1
3667,0.002038,0.33816,0.659802,niche,1
3668,0.076278,0.393667,0.530055,niche,2
3669,0.000242,0.005409,0.994349,niche,1
3670,0.000242,0.005409,0.994349,niche,1
3671,0.000679,0.01214,0.987181,niche,1
3672,0.005363,0.016818,0.977819,niche,1
3673,0.005363,0.016818,0.977819,niche,1
3674,0.000636,0.933037,0.066326,mainstream,1
3675,0.000636,0.933037,0.066326,mainstream,1
3676,0.000937,0.956894,0.042169,mainstream,2
3677,0.004769,0.366771,0.62846,niche,1
3678,0.004769,0.366771,0.62846,niche,1
3679,0.00634,0.962975,0.030685,mainstream,1
3680,0.537952,0.17165,0.290398,pop,5
3681,0.005522,0.118311,0.876168,niche,1
3682,0.005522,0.118311,0.876168,niche,1
3683,0.133773,0.657426,0.208801,mainstream,1
3684,0.089627,0.451143,0.45923,niche,5
3685,0.222773,0.690964,0.086264,mainstream,2
3686,0.001288,0.28277,0.715943,niche,2
3687,0.055731,0.776168,0.168101,mainstream,1
3688,0.005382,0.094435,0.900183,niche,1
3689,0.000155,0.006424,0.993421,niche,2
3690,0.000155,0.006424,0.993421,niche,2
3691,0.000834,0.009447,0.989719,niche,1
3692,0.000834,0.009447,0.989719,niche,1
3693,0.054586,0.750747,0.194667,mainstream,2
3694,0.001893,0.68546,0.312647,mainstream,1
3695,0.0049,0.232053,0.763047,niche,2
3696,0.027122,0.178281,0.794597,niche,3
3697,0.978753,0.012137,0.00911,pop,1
3698,0.978753,0.012137,0.00911,pop,1
3699,0.004466,0.333992,0.661543,niche,1
3700,0.004466,0.333992,0.661543,niche,1
3701,0.000952,0.018082,0.980967,niche,1
3702,0.000952,0.018082,0.980967,niche,1
3703,0.024778,0.650355,0.324866,mainstream,4
3704,0.002947,0.551378,0.445674,mainstream,2
3705,0.005342,0.883716,0.110941,mainstream,1
3706,0.002968,0.1881,0.808932,niche,1
3707,0.002021,0.888595,0.109384,mainstream,1
3708,0.002021,0.888595,0.109384,mainstream,1
3709,0.001332,0.097381,0.901287,niche,2
3710,0.800236,0.159333,0.040431,pop,1
3711,0.005421,0.434029,0.56055,niche,1
3712,0.005421,0.434029,0.56055,niche,1
3713,0.002648,0.364469,0.632884,niche,1
3714,0.002648,0.364469,0.632884,niche,1
3715,0.003297,0.022885,0.973817,niche,5
3716,0.001275,0.010618,0.988107,niche,4
3717,0.003698,0.447732,0.548569,niche,1
3718,0.003698,0.447732,0.548569,niche,1
3719,0.023641,0.479812,0.496547,niche,1
3720,0.094791,0.676393,0.228815,mainstream,1
3721,0.094791,0.676393,0.228815,mainstream,1
3722,0.007098,0.814582,0.17832,mainstream,1
3723,0.007098,0.814582,0.17832,mainstream,1
3724,0.007098,0.814582,0.17832,mainstream,1
3725,0.000247,0.068201,0.931553,niche,1
3726,0.118488,0.427363,0.454149,niche,2
3727,0.003201,0.919843,0.076956,mainstream,1
3728,0.104491,0.328089,0.56742,niche,1
3729,0.019002,0.709978,0.27102,mainstream,2
3730,0.008983,0.491507,0.49951,niche,1
3731,0.00203,0.371398,0.626572,niche,1
3732,0.00203,0.371398,0.626572,niche,1
3733,0.014768,0.318596,0.666637,niche,8
3734,0.022365,0.262226,0.71541,niche,3
3735,0.009492,0.116254,0.874255,niche,1
3736,0.009492,0.116254,0.874255,niche,1
3737,0.009492,0.116254,0.874255,niche,1
3738,0.002671,0.937119,0.06021,mainstream,1
3739,0.002671,0.937119,0.06021,mainstream,1
3740,0.00039,0.023888,0.975722,niche,2
3741,0.000887,0.151543,0.847569,niche,5
3742,0.200474,0.754501,0.045025,mainstream,1
3743,0.921766,0.038641,0.039593,pop,1
3744,0.387022,0.072531,0.540447,niche,5
3745,0.008992,0.371367,0.619641,niche,3
3746,0.001846,0.697423,0.300731,mainstream,1
3747,0.124491,0.138095,0.737414,niche,4
3748,0.028379,0.649391,0.322231,mainstream,1
3749,0.008721,0.958993,0.032286,mainstream,1
3750,0.008721,0.958993,0.032286,mainstream,1
3751,0.00118,0.038477,0.960343,niche,1
3752,0.019587,0.839093,0.14132,mainstream,1
3753,0.006711,0.104431,0.888858,niche,1
3754,0.008597,0.528069,0.463335,mainstream,1
3755,0.005585,0.648748,0.345666,mainstream,1
3756,0.003104,0.196491,0.800405,niche,1
3757,0.003104,0.196491,0.800405,niche,1
3758,0.004744,0.004198,0.991058,niche,1
3759,0.00256,0.102222,0.895218,niche,1
3760,9.1e-05,0.009817,0.990092,niche,1
3761,0.017323,0.090116,0.892561,niche,1
3762,0.000436,0.056302,0.943262,niche,2
3763,0.000188,0.015009,0.984803,niche,1
3764,6.5e-05,0.018082,0.981853,niche,1
3765,6.5e-05,0.018082,0.981853,niche,1
3766,0.013908,0.155322,0.830771,niche,1
3767,0.000663,0.020359,0.978978,niche,1
3768,0.000663,0.020359,0.978978,niche,1
3769,0.000598,0.004226,0.995177,niche,1
3770,0.930823,0.052117,0.01706,pop,1
3771,0.930823,0.052117,0.01706,pop,1
3772,0.003347,0.298958,0.697695,niche,1
3773,0.003347,0.298958,0.697695,niche,1
3774,0.001681,0.318731,0.679588,niche,1
3775,0.01518,0.243928,0.740891,niche,2
3776,0.007298,0.973512,0.01919,mainstream,1
3777,0.003865,0.078019,0.918116,niche,2
3778,0.003865,0.078019,0.918116,niche,2
3779,0.041613,0.238684,0.719703,niche,2
3780,0.012609,0.072507,0.914884,niche,1
3781,0.012609,0.072507,0.914884,niche,1
3782,0.069448,0.916776,0.013776,mainstream,1
3783,0.069448,0.916776,0.013776,mainstream,1
3784,0.000136,0.000698,0.999166,niche,1
3785,0.006206,0.361075,0.632719,niche,2
3786,0.000197,0.147925,0.851878,niche,1
3787,0.037004,0.549622,0.413374,mainstream,1
3788,0.000523,0.081286,0.918191,niche,1
3789,0.02162,0.288456,0.689925,niche,3
3790,0.093471,0.315135,0.591393,niche,2
3791,0.106301,0.173214,0.720484,niche,2
3792,0.003156,0.413523,0.583321,niche,1
3793,0.003156,0.413523,0.583321,niche,1
3794,0.486513,0.464527,0.048959,pop,2
3795,0.002511,0.586141,0.411347,mainstream,1
3796,0.002511,0.586141,0.411347,mainstream,1
3797,0.008376,0.950704,0.04092,mainstream,1
3798,0.008376,0.950704,0.04092,mainstream,1
3799,0.008281,0.742413,0.249306,mainstream,6
3800,0.029219,0.24941,0.721371,niche,2
3801,0.002006,0.9712,0.026794,mainstream,1
3802,0.002006,0.9712,0.026794,mainstream,1
3803,0.070557,0.226762,0.702681,niche,6
3804,0.32436,0.214003,0.461637,niche,1
3805,0.266623,0.266583,0.466794,niche,2
3806,0.055692,0.543681,0.400626,mainstream,2
3807,0.055692,0.543681,0.400626,mainstream,2
3808,0.003545,0.01055,0.985904,niche,1
3809,0.037563,0.076919,0.885518,niche,3
3810,0.904475,0.083664,0.011861,pop,1
3811,0.904475,0.083664,0.011861,pop,1
3812,0.904475,0.083664,0.011861,pop,1
3813,0.000674,0.793314,0.206012,mainstream,1
3814,0.010427,0.019687,0.969885,niche,2
3815,0.841092,0.121081,0.037827,pop,1
3816,0.841092,0.121081,0.037827,pop,1
3817,0.841092,0.121081,0.037827,pop,1
3818,0.494363,0.023116,0.482522,pop,1
3819,0.006554,0.924373,0.069074,mainstream,2
3820,0.001011,0.966254,0.032735,mainstream,1
3821,0.001011,0.966254,0.032735,mainstream,1
3822,0.000692,0.630226,0.369082,mainstream,1
3823,0.002423,0.32658,0.670996,niche,2
3824,0.000754,0.017688,0.981558,niche,2
3825,0.002332,0.878647,0.119021,mainstream,2
3826,0.002332,0.878647,0.119021,mainstream,2
3827,0.001467,0.793533,0.205,mainstream,2
3828,0.006372,0.551299,0.442329,mainstream,4
3829,0.001271,0.453099,0.545631,niche,1
3830,0.001271,0.453099,0.545631,niche,1
3831,0.000242,0.01019,0.989568,niche,1
3832,0.205586,0.275686,0.518728,niche,1
3833,0.000368,0.209018,0.790614,niche,1
3834,0.004702,0.391169,0.604128,niche,1
3835,0.004702,0.391169,0.604128,niche,1
3836,0.003809,0.371135,0.625056,niche,1
3837,0.000844,0.007985,0.991171,niche,1
3838,0.000844,0.007985,0.991171,niche,1
3839,0.005257,0.973062,0.021681,mainstream,1
3840,0.001009,0.028829,0.970162,niche,1
3841,0.001009,0.028829,0.970162,niche,1
3842,0.009786,0.433555,0.556658,niche,1
3843,0.026213,0.037001,0.936787,niche,5
3844,0.027182,0.341913,0.630904,niche,2
3845,0.001628,0.253597,0.744776,niche,3
3846,0.007543,0.110674,0.881783,niche,1
3847,0.001028,0.988291,0.01068,mainstream,1
3848,0.001028,0.988291,0.01068,mainstream,1
3849,0.014094,0.82724,0.158667,mainstream,1
3850,0.008681,0.961613,0.029707,mainstream,1
3851,0.008681,0.961613,0.029707,mainstream,1
3852,0.001422,0.984132,0.014446,mainstream,1
3853,0.229079,0.746602,0.024319,mainstream,1
3854,0.001867,0.764311,0.233823,mainstream,1
3855,0.000939,0.027095,0.971966,niche,1
3856,0.140174,0.402802,0.457025,niche,4
3857,0.980027,0.013942,0.00603,pop,1
3858,0.980027,0.013942,0.00603,pop,1
3859,0.344845,0.531766,0.123389,mainstream,3
3860,0.001132,0.19952,0.799348,niche,1
3861,0.000808,0.022195,0.976997,niche,1
3862,0.033386,0.383537,0.583077,niche,1
3863,0.051005,0.849799,0.099196,mainstream,1
3864,0.051005,0.849799,0.099196,mainstream,1
3865,0.150966,0.318617,0.530417,niche,1
3866,0.002914,0.039867,0.957219,niche,1
3867,0.002914,0.039867,0.957219,niche,1
3868,0.000406,0.390808,0.608786,niche,1
3869,0.000395,0.016504,0.983101,niche,1
3870,0.026876,0.830189,0.142936,mainstream,1
3871,0.026876,0.830189,0.142936,mainstream,1
3872,1.9e-05,0.000892,0.999089,niche,1
3873,1.9e-05,0.000892,0.999089,niche,1
3874,0.068279,0.120227,0.811494,niche,2
3875,0.010135,0.459005,0.53086,niche,5
3876,0.047158,0.819016,0.133825,mainstream,1
3877,0.872571,0.080463,0.046965,pop,1
3878,0.15547,0.089925,0.754606,niche,3
3879,0.482706,0.026106,0.491187,niche,2
3880,0.513797,0.423039,0.063163,pop,1
3881,0.002068,0.256946,0.740985,niche,1
3882,0.004506,0.832535,0.162959,mainstream,1
3883,0.004506,0.832535,0.162959,mainstream,1
3884,0.028545,0.779048,0.192407,mainstream,1
3885,0.03317,0.053572,0.913258,niche,1
3886,0.023561,0.672973,0.303466,mainstream,1
3887,0.028589,0.074242,0.89717,niche,1
3888,0.074241,0.676987,0.248771,mainstream,2
3889,0.074241,0.676987,0.248771,mainstream,2
3890,0.938198,0.044633,0.017168,pop,1
3891,0.938198,0.044633,0.017168,pop,1
3892,0.081417,0.801526,0.117057,mainstream,1
3893,0.021732,0.140022,0.838246,niche,3
3894,0.161381,0.753178,0.085441,mainstream,1
3895,0.161381,0.753178,0.085441,mainstream,1
3896,0.019025,0.479671,0.501304,niche,3
3897,0.000656,0.976975,0.02237,mainstream,1
3898,0.000656,0.976975,0.02237,mainstream,1
3899,0.000313,0.044373,0.955314,niche,1
3900,0.000313,0.044373,0.955314,niche,1
3901,0.002116,0.134699,0.863185,niche,2
3902,0.002116,0.134699,0.863185,niche,2
3903,0.052581,0.544737,0.402683,mainstream,1
3904,0.052581,0.544737,0.402683,mainstream,1
3905,0.003945,0.095933,0.900122,niche,1
3906,0.003945,0.095933,0.900122,niche,1
3907,0.742421,0.203212,0.054368,pop,1
3908,0.742421,0.203212,0.054368,pop,1
3909,0.008898,0.174099,0.817003,niche,1
3910,0.008898,0.174099,0.817003,niche,1
3911,0.000218,0.741321,0.258461,mainstream,1
3912,0.000218,0.741321,0.258461,mainstream,1
3913,0.001338,0.890346,0.108316,mainstream,2
3914,0.000457,0.013155,0.986388,niche,1
3915,0.008804,0.019266,0.97193,niche,2
3916,0.001525,0.112323,0.886152,niche,1
3917,0.001497,0.08862,0.909883,niche,1
3918,0.010423,0.664152,0.325425,mainstream,1
3919,0.654088,0.148739,0.197174,pop,1
3920,0.654088,0.148739,0.197174,pop,1
3921,0.062013,0.847815,0.090172,mainstream,1
3922,0.001459,0.988673,0.009867,mainstream,1
3923,0.012586,0.713216,0.274198,mainstream,3
3924,0.00182,0.992985,0.005194,mainstream,1
3925,0.002185,0.908525,0.08929,mainstream,2
3926,0.045118,0.320699,0.634183,niche,1
3927,0.045118,0.320699,0.634183,niche,1
3928,0.001045,0.003674,0.995281,niche,1
3929,0.001045,0.003674,0.995281,niche,1
3930,0.001993,0.653108,0.344899,mainstream,3
3931,0.000582,0.904594,0.094824,mainstream,1
3932,0.170755,0.217228,0.612017,niche,6
3933,0.022423,0.970207,0.007369,mainstream,1
3934,0.022423,0.970207,0.007369,mainstream,1
3935,0.006537,0.030484,0.962979,niche,2
3936,0.00778,0.008775,0.983445,niche,1
3937,0.557959,0.214301,0.22774,pop,2
3938,0.442434,0.376746,0.18082,pop,8
3939,0.215815,0.559739,0.224446,mainstream,2
3940,0.028165,0.025913,0.945921,niche,2
3941,0.028165,0.025913,0.945921,niche,2
3942,0.000224,0.072476,0.9273,niche,1
3943,0.007576,0.473529,0.518895,niche,2
3944,0.003069,0.354425,0.642507,niche,3
3945,0.029607,0.272152,0.698241,niche,5
3946,0.004432,0.14401,0.851558,niche,2
3947,0.008494,0.258295,0.733211,niche,1
3948,0.006476,0.977373,0.016151,mainstream,1
3949,0.006476,0.977373,0.016151,mainstream,1
3950,0.013116,0.023861,0.963024,niche,1
3951,0.049907,0.299812,0.650281,niche,1
3952,0.049907,0.299812,0.650281,niche,1
3953,0.000112,0.043333,0.956555,niche,1
3954,0.006496,0.070798,0.922706,niche,1
3955,0.006496,0.070798,0.922706,niche,1
3956,0.000678,0.004875,0.994446,niche,2
3957,0.004258,0.979893,0.015849,mainstream,2
3958,0.004152,0.148253,0.847595,niche,1
3959,0.004152,0.148253,0.847595,niche,1
3960,0.005691,0.707978,0.286331,mainstream,1
3961,0.005691,0.707978,0.286331,mainstream,1
3962,0.167944,0.795021,0.037035,mainstream,1
3963,0.167944,0.795021,0.037035,mainstream,1
3964,0.003451,0.147347,0.849202,niche,2
3965,0.006478,0.093037,0.900485,niche,1
3966,0.001185,0.833595,0.165221,mainstream,2
3967,0.001185,0.833595,0.165221,mainstream,2
3968,0.003057,0.402742,0.594201,niche,1
3969,0.347879,0.393407,0.258714,mainstream,5
3970,0.001072,0.144279,0.854649,niche,1
3971,0.001072,0.144279,0.854649,niche,1
3972,0.000134,0.003358,0.996508,niche,1
3973,0.000134,0.003358,0.996508,niche,1
3974,0.012071,0.075803,0.912126,niche,3
3975,0.000863,0.144557,0.85458,niche,1
3976,0.000279,0.032239,0.967482,niche,1
3977,0.000279,0.032239,0.967482,niche,1
3978,0.000219,0.001977,0.997804,niche,1
3979,0.026449,0.042278,0.931273,niche,1
3980,0.007761,0.802655,0.189584,mainstream,2
3981,0.007761,0.802655,0.189584,mainstream,2
3982,0.39881,0.520567,0.080623,mainstream,4
3983,0.177106,0.766142,0.056752,mainstream,1
3984,0.266383,0.525049,0.208569,mainstream,2
3985,0.835496,0.028129,0.136375,pop,3
3986,0.000831,0.767466,0.231703,mainstream,1
3987,0.000831,0.767466,0.231703,mainstream,1
3988,0.013116,0.969603,0.017281,mainstream,1
3989,0.002465,0.753267,0.244268,mainstream,1
3990,0.002465,0.753267,0.244268,mainstream,1
3991,0.003409,0.576405,0.420186,mainstream,1
3992,0.003409,0.576405,0.420186,mainstream,1
3993,0.000809,0.002531,0.99666,niche,1
3994,0.055667,0.475322,0.469011,mainstream,1
3995,0.002004,0.952381,0.045615,mainstream,1
3996,0.002004,0.952381,0.045615,mainstream,1
3997,0.005603,0.078878,0.915519,niche,1
3998,0.005603,0.078878,0.915519,niche,1
3999,0.01759,0.025334,0.957077,niche,4
4000,0.000123,0.028977,0.9709,niche,1
4001,0.010015,0.956163,0.033821,mainstream,1
4002,0.010015,0.956163,0.033821,mainstream,1
4003,0.004182,0.954967,0.040852,mainstream,1
4004,0.004182,0.954967,0.040852,mainstream,1
4005,0.006898,0.742292,0.25081,mainstream,2
4006,0.017947,0.024642,0.957411,niche,1
4007,0.000679,0.008207,0.991115,niche,2
4008,0.000257,0.095832,0.903911,niche,1
4009,0.000257,0.095832,0.903911,niche,1
4010,0.012699,0.868175,0.119126,mainstream,1
4011,0.012699,0.868175,0.119126,mainstream,1
4012,0.89128,0.07308,0.03564,pop,1
4013,0.005399,0.874437,0.120165,mainstream,1
4014,0.131861,0.152728,0.715411,niche,3
4015,0.757239,0.196031,0.04673,pop,1
4016,0.319753,0.057904,0.622344,niche,1
4017,0.319753,0.057904,0.622344,niche,1
4018,0.004941,0.856175,0.138884,mainstream,1
4019,0.0068,0.277952,0.715248,niche,1
4020,0.067544,0.330372,0.602084,niche,2
4021,0.144883,0.293119,0.561998,niche,2
4022,0.231975,0.492201,0.275823,mainstream,2
4023,0.01266,0.97343,0.01391,mainstream,1
4024,0.01266,0.97343,0.01391,mainstream,1
4025,0.002366,0.032803,0.964831,niche,1
4026,0.013673,0.275449,0.710878,niche,1
4027,0.02868,0.169126,0.802194,niche,1
4028,0.00728,0.839269,0.15345,mainstream,2
4029,0.05189,0.891783,0.056327,mainstream,1
4030,0.05189,0.891783,0.056327,mainstream,1
4031,0.027724,0.205955,0.766321,niche,1
4032,0.004432,0.967545,0.028023,mainstream,1
4033,0.000234,0.066628,0.933138,niche,1
4034,0.000234,0.066628,0.933138,niche,1
4035,0.051526,0.722682,0.225791,mainstream,3
4036,0.006768,0.199464,0.793768,niche,1
4037,0.006768,0.199464,0.793768,niche,1
4038,0.427881,0.43151,0.140609,mainstream,1
4039,0.427881,0.43151,0.140609,mainstream,1
4040,0.000417,0.037803,0.96178,niche,1
4041,0.000417,0.037803,0.96178,niche,1
4042,0.056649,0.813729,0.129622,mainstream,2
4043,0.056649,0.813729,0.129622,mainstream,2
4044,0.000401,0.149008,0.850591,niche,1
4045,0.000401,0.149008,0.850591,niche,1
4046,0.000603,0.222269,0.777127,niche,1
4047,0.032123,0.289733,0.678143,niche,1
4048,0.032123,0.289733,0.678143,niche,1
4049,0.007004,0.933674,0.059322,mainstream,1
4050,0.007004,0.933674,0.059322,mainstream,1
4051,0.000273,0.000277,0.99945,niche,1
4052,0.000273,0.000277,0.99945,niche,1
4053,0.020292,0.80881,0.170899,mainstream,1
4054,0.00658,0.987068,0.006352,mainstream,2
4055,0.016358,0.290099,0.693544,niche,1
4056,0.016358,0.290099,0.693544,niche,1
4057,0.001697,0.033221,0.965082,niche,4
4058,0.001234,0.210105,0.788661,niche,2
4059,0.005493,0.787052,0.207455,mainstream,1
4060,0.005493,0.787052,0.207455,mainstream,1
4061,0.000276,0.328795,0.670929,niche,1
4062,0.001237,0.080005,0.918757,niche,1
4063,0.001237,0.080005,0.918757,niche,1
4064,0.013342,0.071574,0.915083,niche,1
4065,0.013342,0.071574,0.915083,niche,1
4066,0.007148,0.984915,0.007936,mainstream,1
4067,0.003816,0.499475,0.496709,mainstream,1
4068,0.065461,0.049838,0.884702,niche,1
4069,0.000771,0.040754,0.958475,niche,1
4070,0.006742,0.937459,0.055799,mainstream,1
4071,0.006742,0.937459,0.055799,mainstream,1
4072,0.062009,0.33168,0.606311,niche,4
4073,0.001581,0.045352,0.953067,niche,1
4074,0.000201,0.06742,0.932379,niche,1
4075,0.001194,0.978515,0.020291,mainstream,1
4076,0.001194,0.978515,0.020291,mainstream,1
4077,0.007812,0.172223,0.819965,niche,1
4078,0.056422,0.665219,0.27836,mainstream,6
4079,0.009583,0.179385,0.811032,niche,1
4080,0.009583,0.179385,0.811032,niche,1
4081,0.000558,0.410085,0.589357,niche,1
4082,3.2e-05,0.001684,0.998284,niche,1
4083,0.002491,0.007112,0.990397,niche,2
4084,0.058645,0.597208,0.344148,mainstream,1
4085,0.058645,0.597208,0.344148,mainstream,1
4086,0.009095,0.03793,0.952975,niche,1
4087,0.0006,0.886488,0.112913,mainstream,1
4088,0.010148,0.088214,0.901638,niche,1
4089,0.033809,0.187153,0.779038,niche,1
4090,0.008403,0.317609,0.673988,niche,1
4091,0.008403,0.317609,0.673988,niche,1
4092,0.05094,0.782865,0.166194,mainstream,2
4093,0.160599,0.142686,0.696715,niche,1
4094,0.014747,0.922495,0.062759,mainstream,1
4095,0.005714,0.818419,0.175867,mainstream,1
4096,0.002672,0.018945,0.978384,niche,1
4097,0.905499,0.05014,0.044361,pop,1
4098,0.905499,0.05014,0.044361,pop,1
4099,0.041155,0.112326,0.846519,niche,1
4100,0.000591,0.003377,0.996032,niche,1
4101,0.000591,0.003377,0.996032,niche,1
4102,0.183091,0.356287,0.460622,niche,2
4103,0.183091,0.356287,0.460622,niche,2
4104,0.003551,0.040286,0.956163,niche,1
4105,0.171951,0.373595,0.454454,niche,2
4106,0.012204,0.096059,0.891738,niche,1
4107,0.001672,0.161799,0.83653,niche,1
4108,0.001672,0.161799,0.83653,niche,1
4109,0.002611,0.474238,0.52315,niche,1
4110,0.002611,0.474238,0.52315,niche,1
4111,0.071737,0.480729,0.447534,mainstream,1
4112,0.322493,0.654192,0.023314,mainstream,2
4113,0.013404,0.013462,0.973135,niche,1
4114,0.013404,0.013462,0.973135,niche,1
4115,0.085201,0.704309,0.210491,mainstream,2
4116,0.072838,0.646921,0.280241,mainstream,1
4117,0.072838,0.646921,0.280241,mainstream,1
4118,0.003483,0.226845,0.769672,niche,1
4119,0.974813,0.021152,0.004034,pop,1
4120,0.974813,0.021152,0.004034,pop,1
4121,0.005595,0.939771,0.054635,mainstream,2
4122,0.026624,0.61982,0.353556,mainstream,1
4123,0.026624,0.61982,0.353556,mainstream,1
4124,0.00421,0.057033,0.938757,niche,1
4125,0.00421,0.057033,0.938757,niche,1
4126,0.000937,0.110304,0.888759,niche,1
4127,0.000937,0.110304,0.888759,niche,1
4128,0.022075,0.449358,0.528568,niche,1
4129,0.017483,0.507007,0.47551,mainstream,2
4130,0.003967,0.682435,0.313599,mainstream,2
4131,0.004115,0.627969,0.367916,mainstream,1
4132,0.013806,0.023931,0.962263,niche,3
4133,0.005267,0.733937,0.260796,mainstream,1
4134,0.00495,0.01254,0.98251,niche,1
4135,0.001328,0.083813,0.914859,niche,1
4136,0.026492,0.125865,0.847643,niche,1
4137,0.000341,0.001634,0.998026,niche,1
4138,0.004267,0.193208,0.802525,niche,1
4139,0.415812,0.19319,0.390998,pop,1
4140,0.127284,0.419077,0.453639,niche,1
4141,0.127284,0.419077,0.453639,niche,1
4142,0.081702,0.551504,0.366793,mainstream,1
4143,0.081702,0.551504,0.366793,mainstream,1
4144,0.085153,0.082083,0.832764,niche,1
4145,0.085153,0.082083,0.832764,niche,1
4146,0.001664,0.434032,0.564304,niche,1
4147,0.008536,0.069822,0.921642,niche,1
4148,0.008482,0.269835,0.721683,niche,1
4149,0.000244,0.012425,0.987331,niche,1
4150,0.000244,0.012425,0.987331,niche,1
4151,0.000346,0.009226,0.990428,niche,1
4152,0.00086,0.479709,0.519431,niche,1
4153,0.00086,0.479709,0.519431,niche,1
4154,0.003691,0.309922,0.686387,niche,3
4155,0.016754,0.256762,0.726484,niche,2
4156,0.228541,0.106363,0.665095,niche,2
4157,0.047345,0.182496,0.770159,niche,5
4158,0.058374,0.165179,0.776447,niche,4
4159,0.012196,0.166947,0.820857,niche,1
4160,0.012196,0.166947,0.820857,niche,1
4161,0.014478,0.962821,0.022701,mainstream,1
4162,0.014478,0.962821,0.022701,mainstream,1
4163,0.02769,0.046939,0.925372,niche,1
4164,0.02769,0.046939,0.925372,niche,1
4165,0.000148,0.128836,0.871016,niche,1
4166,0.019553,0.135723,0.844724,niche,2
4167,0.001149,0.972825,0.026026,mainstream,1
4168,0.944169,0.044446,0.011384,pop,3
4169,0.944169,0.044446,0.011384,pop,3
4170,0.00389,0.839277,0.156834,mainstream,1
4171,0.012767,0.367376,0.619857,niche,1
4172,0.000244,0.285335,0.714421,niche,1
4173,0.049651,0.220801,0.729548,niche,3
4174,0.003898,0.961512,0.03459,mainstream,1
4175,0.003898,0.961512,0.03459,mainstream,1
4176,0.00319,0.091764,0.905046,niche,2
4177,0.00319,0.091764,0.905046,niche,2
4178,0.002789,0.939885,0.057326,mainstream,2
4179,0.001436,0.587747,0.410817,mainstream,1
4180,0.001436,0.587747,0.410817,mainstream,1
4181,0.081034,0.59584,0.323126,mainstream,2
4182,0.271531,0.205181,0.523288,niche,2
4183,0.542257,0.344742,0.113001,pop,1
4184,0.035665,0.334773,0.629562,niche,1
4185,0.158038,0.499451,0.34251,mainstream,2
4186,0.122934,0.749,0.128066,mainstream,1
4187,0.013554,0.161163,0.825282,niche,1
4188,0.013554,0.161163,0.825282,niche,1
4189,0.002724,0.035306,0.96197,niche,1
4190,0.002724,0.035306,0.96197,niche,1
4191,0.067238,0.921476,0.011286,mainstream,2
4192,0.169224,0.699421,0.131355,mainstream,3
4193,0.021782,0.859885,0.118334,mainstream,1
4194,0.021782,0.859885,0.118334,mainstream,1
4195,0.002243,0.021833,0.975924,niche,1
4196,0.002243,0.021833,0.975924,niche,1
4197,0.011343,0.851341,0.137315,mainstream,2
4198,0.01352,0.703038,0.283443,mainstream,1
4199,0.01352,0.703038,0.283443,mainstream,1
4200,0.001924,0.168832,0.829244,niche,1
4201,0.001924,0.168832,0.829244,niche,1
4202,0.064181,0.791119,0.144699,mainstream,1
4203,0.001384,0.08032,0.918297,niche,1
4204,0.001384,0.08032,0.918297,niche,1
4205,2.3e-05,0.001343,0.998633,niche,1
4206,0.160756,0.271305,0.567938,niche,3
4207,0.078279,0.116506,0.805215,niche,2
4208,0.004013,0.341419,0.654568,niche,2
4209,0.001866,0.987461,0.010674,mainstream,1
4210,0.001866,0.987461,0.010674,mainstream,1
4211,0.006632,0.92993,0.063437,mainstream,2
4212,0.006632,0.92993,0.063437,mainstream,2
4213,0.00015,0.017192,0.982657,niche,1
4214,0.00015,0.017192,0.982657,niche,1
4215,0.005802,0.22444,0.769759,niche,2
4216,0.002951,0.186532,0.810517,niche,1
4217,0.002951,0.186532,0.810517,niche,1
4218,0.918064,0.075631,0.006306,pop,1
4219,0.048345,0.861658,0.089997,mainstream,1
4220,0.000651,0.114889,0.884461,niche,1
4221,0.007098,0.093201,0.899701,niche,4
4222,0.000117,0.019989,0.979893,niche,1
4223,0.110466,0.619079,0.270455,mainstream,1
4224,0.108468,0.865006,0.026526,mainstream,1
4225,0.108468,0.865006,0.026526,mainstream,1
4226,0.020401,0.161373,0.818227,niche,1
4227,0.020401,0.161373,0.818227,niche,1
4228,0.012599,0.054254,0.933147,niche,1
4229,0.008984,0.166234,0.824782,niche,1
4230,0.00232,0.051527,0.946153,niche,1
4231,0.151264,0.46219,0.386546,mainstream,1
4232,0.151264,0.46219,0.386546,mainstream,1
4233,0.003694,0.011505,0.984801,niche,5
4234,0.041221,0.640099,0.318679,mainstream,1
4235,0.041221,0.640099,0.318679,mainstream,1
4236,0.034342,0.837526,0.128133,mainstream,3
4237,0.034342,0.837526,0.128133,mainstream,3
4238,0.030971,0.321616,0.647413,niche,3
4239,0.042708,0.414997,0.542295,niche,2
4240,0.000649,0.007523,0.991828,niche,1
4241,0.001011,0.046415,0.952574,niche,1
4242,0.001011,0.046415,0.952574,niche,1
4243,0.040915,0.3211,0.637986,niche,1
4244,0.013683,0.111739,0.874578,niche,3
4245,0.002654,0.109524,0.887822,niche,1
4246,0.00139,0.073263,0.925347,niche,2
4247,0.459204,0.334838,0.205959,pop,2
4248,0.074132,0.843549,0.082319,mainstream,1
4249,0.012046,0.023281,0.964674,niche,1
4250,0.012046,0.023281,0.964674,niche,1
4251,0.001352,0.039607,0.95904,niche,1
4252,0.001352,0.039607,0.95904,niche,1
4253,5.3e-05,0.002308,0.99764,niche,2
4254,5.3e-05,0.002308,0.99764,niche,2
4255,0.001495,0.704722,0.293784,mainstream,1
4256,0.001495,0.704722,0.293784,mainstream,1
4257,0.018264,0.008456,0.97328,niche,1
4258,0.018264,0.008456,0.97328,niche,1
4259,0.000353,0.015974,0.983673,niche,1
4260,0.000353,0.015974,0.983673,niche,1
4261,0.993117,0.005968,0.000916,pop,1
4262,0.993117,0.005968,0.000916,pop,1
4263,0.993117,0.005968,0.000916,pop,1
4264,0.90947,0.075266,0.015264,pop,1
4265,0.730066,0.042291,0.227643,pop,1
4266,0.730066,0.042291,0.227643,pop,1
4267,0.001511,0.833012,0.165477,mainstream,1
4268,0.001511,0.833012,0.165477,mainstream,1
4269,0.024844,0.043611,0.931546,niche,1
4270,0.024844,0.043611,0.931546,niche,1
4271,0.186851,0.204483,0.608666,niche,2
4272,0.004947,0.134697,0.860356,niche,3
4273,0.00622,0.17528,0.8185,niche,2
4274,0.0007,0.015131,0.984169,niche,1
4275,0.010486,0.019181,0.970333,niche,2
4276,0.549783,0.182522,0.267695,pop,2
4277,0.001171,0.254026,0.744803,niche,1
4278,0.037088,0.177375,0.785537,niche,1
4279,0.090111,0.297874,0.612015,niche,1
4280,0.000669,0.385905,0.613426,niche,1
4281,0.000669,0.385905,0.613426,niche,1
4282,0.002142,0.188552,0.809305,niche,1
4283,0.003003,0.768799,0.228198,mainstream,1
4284,0.003003,0.768799,0.228198,mainstream,1
4285,0.377977,0.327454,0.294569,pop,1
4286,0.00313,0.017607,0.979264,niche,1
4287,0.011535,0.285684,0.702781,niche,1
4288,0.000633,0.002093,0.997275,niche,1
4289,0.000827,0.098046,0.901127,niche,2
4290,0.010516,0.881291,0.108194,mainstream,2
4291,0.116232,0.685742,0.198026,mainstream,5
4292,0.004996,0.54948,0.445524,mainstream,4
4293,0.012494,0.974133,0.013373,mainstream,1
4294,0.008682,0.020289,0.971029,niche,2
4295,0.00091,0.796691,0.202399,mainstream,2
4296,0.007069,0.696829,0.296102,mainstream,5
4297,0.000236,0.020207,0.979558,niche,1
4298,0.000236,0.020207,0.979558,niche,1
4299,0.03744,0.892496,0.070064,mainstream,1
4300,0.007333,0.697364,0.295303,mainstream,1
4301,0.002773,0.404438,0.592789,niche,3
4302,0.000327,0.035917,0.963755,niche,2
4303,0.000327,0.035917,0.963755,niche,2
4304,0.028886,0.234393,0.73672,niche,1
4305,0.001342,0.677947,0.320711,mainstream,1
4306,0.011395,0.598906,0.389699,mainstream,4
4307,6.1e-05,0.008267,0.991672,niche,1
4308,6.1e-05,0.008267,0.991672,niche,1
4309,0.000875,0.872857,0.126267,mainstream,1
4310,0.000875,0.872857,0.126267,mainstream,1
4311,0.007092,0.27531,0.717598,niche,1
4312,0.005413,0.392962,0.601625,niche,1
4313,0.005413,0.392962,0.601625,niche,1
4314,0.108302,0.630205,0.261493,mainstream,2
4315,0.09745,0.889805,0.012745,mainstream,2
4316,0.009782,0.763309,0.226909,mainstream,1
4317,0.12296,0.738767,0.138273,mainstream,2
4318,0.064305,0.031778,0.903918,niche,1
4319,0.994932,0.003507,0.001561,pop,1
4320,0.921352,0.073087,0.005562,pop,1
4321,0.006998,0.953318,0.039684,mainstream,1
4322,0.006998,0.953318,0.039684,mainstream,1
4323,0.008075,0.853577,0.138349,mainstream,1
4324,0.008075,0.853577,0.138349,mainstream,1
4325,0.001699,0.903102,0.095199,mainstream,1
4326,0.001699,0.903102,0.095199,mainstream,1
4327,0.011435,0.914278,0.074287,mainstream,1
4328,0.011435,0.914278,0.074287,mainstream,1
4329,0.000482,0.000173,0.999345,niche,1
4330,0.803756,0.135414,0.060829,pop,1
4331,0.006228,0.043859,0.949912,niche,1
4332,0.006228,0.043859,0.949912,niche,1
4333,0.002855,0.038163,0.958982,niche,2
4334,0.000199,0.037855,0.961946,niche,1
4335,0.006494,0.078902,0.914604,niche,3
4336,6.7e-05,0.002781,0.997152,niche,1
4337,0.00048,0.313199,0.686321,niche,4
4338,0.015651,0.215459,0.76889,niche,1
4339,3.3e-05,0.002937,0.99703,niche,1
4340,0.651681,0.318792,0.029527,pop,1
4341,0.001057,0.16488,0.834063,niche,1
4342,0.001057,0.16488,0.834063,niche,1
4343,0.003332,0.981546,0.015122,mainstream,1
4344,0.055134,0.620556,0.324311,mainstream,1
4345,0.113968,0.567434,0.318598,mainstream,7
4346,0.068641,0.751957,0.179402,mainstream,1
4347,0.022465,0.907702,0.069833,mainstream,1
4348,0.022465,0.907702,0.069833,mainstream,1
4349,0.011781,0.976902,0.011317,mainstream,2
4350,0.016963,0.930465,0.052573,mainstream,1
4351,0.016963,0.930465,0.052573,mainstream,1
4352,0.001985,0.094251,0.903764,niche,1
4353,0.940753,0.028698,0.030549,pop,1
4354,0.016351,0.080148,0.903501,niche,1
4355,0.026193,0.884456,0.089351,mainstream,1
4356,0.026193,0.884456,0.089351,mainstream,1
4357,0.002404,0.911959,0.085638,mainstream,1
4358,0.003238,0.56569,0.431072,mainstream,1
4359,0.007498,0.134854,0.857648,niche,1
4360,0.003473,0.510655,0.485872,mainstream,1
4361,0.023229,0.070436,0.906335,niche,1
4362,0.023229,0.070436,0.906335,niche,1
4363,0.005921,0.07055,0.923528,niche,1
4364,0.005921,0.07055,0.923528,niche,1
4365,0.000417,0.062842,0.936741,niche,1
4366,0.000417,0.062842,0.936741,niche,1
4367,0.002545,0.559871,0.437583,mainstream,1
4368,0.01294,0.691959,0.2951,mainstream,2
4369,0.000858,0.71017,0.288972,mainstream,1
4370,0.000858,0.71017,0.288972,mainstream,1
4371,0.000648,0.926718,0.072635,mainstream,1
4372,0.109474,0.517556,0.372972,mainstream,2
4373,0.500927,0.099248,0.399825,pop,2
4374,0.225816,0.045211,0.728974,niche,1
4375,0.006197,0.359459,0.634344,niche,1
4376,0.006197,0.359459,0.634344,niche,1
4377,0.028114,0.055319,0.916567,niche,1
4378,0.028114,0.055319,0.916567,niche,1
4379,0.007218,0.768101,0.22468,mainstream,1
4380,0.007218,0.768101,0.22468,mainstream,1
4381,0.004695,0.068746,0.926559,niche,3
4382,0.060576,0.040488,0.898936,niche,1
4383,0.016894,0.661412,0.321694,mainstream,3
4384,0.097754,0.325659,0.576588,niche,1
4385,0.000189,0.030201,0.96961,niche,1
4386,0.000189,0.030201,0.96961,niche,1
4387,0.001167,0.5652,0.433633,mainstream,1
4388,0.001167,0.5652,0.433633,mainstream,1
4389,0.068983,0.856649,0.074368,mainstream,1
4390,0.016322,0.261336,0.722342,niche,5
4391,0.016607,0.872342,0.111051,mainstream,1
4392,0.036749,0.38958,0.573671,niche,1
4393,0.036749,0.38958,0.573671,niche,1
4394,0.007687,0.023387,0.968926,niche,1
4395,0.001169,0.260302,0.738529,niche,2
4396,0.498522,0.318698,0.182781,pop,2
4397,0.214514,0.125479,0.660006,niche,2
4398,0.967237,0.017378,0.015386,pop,1
4399,0.967237,0.017378,0.015386,pop,1
4400,0.967237,0.017378,0.015386,pop,1
4401,0.000481,0.025057,0.974462,niche,2
4402,0.000139,0.028101,0.97176,niche,1
4403,0.00086,0.020223,0.978917,niche,2
4404,0.012977,0.217457,0.769565,niche,1
4405,0.013724,0.29772,0.688556,niche,4
4406,0.008697,0.41267,0.578633,niche,1
4407,0.008697,0.41267,0.578633,niche,1
4408,0.008372,0.708151,0.283477,mainstream,4
4409,0.000157,0.228995,0.770848,niche,1
4410,0.000157,0.228995,0.770848,niche,1
4411,0.000121,0.073886,0.925993,niche,1
4412,0.001512,0.864321,0.134167,mainstream,1
4413,0.001967,0.361313,0.63672,niche,1
4414,0.000406,0.025828,0.973766,niche,1
4415,0.095781,0.00194,0.90228,niche,1
4416,0.114058,0.705607,0.180335,mainstream,1
4417,0.114058,0.705607,0.180335,mainstream,1
4418,0.0016,0.880454,0.117947,mainstream,1
4419,0.0016,0.880454,0.117947,mainstream,1
4420,0.0063,0.032168,0.961532,niche,1
4421,0.022929,0.085789,0.891282,niche,3
4422,0.673666,0.226348,0.099986,pop,3
4423,0.692294,0.016187,0.291518,pop,3
4424,0.004117,0.942757,0.053126,mainstream,1
4425,0.001657,0.382486,0.615857,niche,1
4426,0.001657,0.382486,0.615857,niche,1
4427,0.004893,0.859435,0.135672,mainstream,1
4428,0.004893,0.859435,0.135672,mainstream,1
4429,0.001299,0.038032,0.960669,niche,1
4430,0.006389,0.479509,0.514101,niche,1
4431,0.000388,0.008914,0.990698,niche,1
4432,0.000388,0.008914,0.990698,niche,1
4433,0.001214,0.204299,0.794487,niche,2
4434,0.047949,0.316111,0.63594,niche,1
4435,0.003365,0.066421,0.930214,niche,1
4436,0.003365,0.066421,0.930214,niche,1
4437,0.004526,0.794012,0.201462,mainstream,1
4438,0.004526,0.794012,0.201462,mainstream,1
4439,0.002672,0.795789,0.20154,mainstream,1
4440,0.002672,0.795789,0.20154,mainstream,1
4441,0.003902,0.642987,0.353111,mainstream,1
4442,0.003902,0.642987,0.353111,mainstream,1
4443,0.033982,0.593173,0.372844,mainstream,1
4444,0.033982,0.593173,0.372844,mainstream,1
4445,0.008797,0.145318,0.845884,niche,2
4446,0.298593,0.464243,0.237164,mainstream,1
4447,0.910338,0.085311,0.004351,pop,1
4448,0.023351,0.556763,0.419886,mainstream,4
4449,0.005274,0.921418,0.073308,mainstream,1
4450,0.052653,0.079854,0.867494,niche,1
4451,0.052653,0.079854,0.867494,niche,1
4452,0.003678,0.146591,0.84973,niche,7
4453,0.04591,0.773926,0.180163,mainstream,2
4454,0.167125,0.232031,0.600845,niche,2
4455,0.005342,0.023407,0.971251,niche,1
4456,0.050576,0.371278,0.578147,niche,2
4457,0.003053,0.269974,0.726973,niche,1
4458,0.003053,0.269974,0.726973,niche,1
4459,0.007342,0.924019,0.068639,mainstream,1
4460,0.007342,0.924019,0.068639,mainstream,1
4461,0.010608,0.716253,0.273139,mainstream,2
4462,0.369005,0.069649,0.561346,niche,2
4463,0.369005,0.069649,0.561346,niche,2
4464,0.329908,0.553617,0.116475,mainstream,1
4465,0.329908,0.553617,0.116475,mainstream,1
4466,0.002257,0.087921,0.909821,niche,1
4467,0.007596,0.876443,0.115961,mainstream,1
4468,0.007596,0.876443,0.115961,mainstream,1
4469,0.000155,0.006402,0.993443,niche,1
4470,0.000166,0.002691,0.997142,niche,1
4471,0.07635,0.598283,0.325367,mainstream,2
4472,0.01565,0.319207,0.665144,niche,1
4473,0.01565,0.319207,0.665144,niche,1
4474,0.002007,0.134095,0.863899,niche,2
4475,0.001934,0.049913,0.948153,niche,2
4476,0.001518,0.030642,0.96784,niche,1
4477,0.034603,0.756415,0.208982,mainstream,1
4478,0.042756,0.247995,0.709249,niche,4
4479,0.062399,0.649784,0.287816,mainstream,1
4480,0.00703,0.741303,0.251667,mainstream,1
4481,0.077772,0.141723,0.780505,niche,1
4482,0.077772,0.141723,0.780505,niche,1
4483,0.000351,0.091188,0.908461,niche,1
4484,0.145498,0.82362,0.030882,mainstream,1
4485,0.145498,0.82362,0.030882,mainstream,1
4486,0.001772,0.105243,0.892986,niche,1
4487,0.001772,0.105243,0.892986,niche,1
4488,0.015995,0.012494,0.971512,niche,1
4489,0.0006,0.627622,0.371778,mainstream,1
4490,0.003276,0.011115,0.985609,niche,1
4491,0.003276,0.011115,0.985609,niche,1
4492,0.008256,0.945021,0.046723,mainstream,2
4493,0.015414,0.929747,0.054839,mainstream,1
4494,0.001067,0.056679,0.942254,niche,1
4495,0.001036,0.093369,0.905595,niche,1
4496,0.001036,0.093369,0.905595,niche,1
4497,0.006219,0.924244,0.069537,mainstream,1
4498,0.499186,0.409463,0.091352,pop,1
4499,0.003604,0.013959,0.982437,niche,1
4500,0.003604,0.013959,0.982437,niche,1
4501,0.003604,0.013959,0.982437,niche,1
4502,0.011399,0.019956,0.968645,niche,1
4503,0.011399,0.019956,0.968645,niche,1
4504,0.050162,0.060152,0.889686,niche,1
4505,0.001273,0.04261,0.956117,niche,3
4506,0.100188,0.113727,0.786085,niche,1
4507,0.056502,0.41772,0.525777,niche,2
4508,0.002069,0.338058,0.659873,niche,2
4509,0.006932,0.083067,0.910001,niche,2
4510,0.020576,0.229957,0.749467,niche,1
4511,0.231723,0.184024,0.584253,niche,2
4512,0.000328,0.17991,0.819762,niche,1
4513,0.002706,0.099581,0.897714,niche,3
4514,0.000763,0.216843,0.782394,niche,1
4515,0.006214,0.92182,0.071966,mainstream,1
4516,0.006214,0.92182,0.071966,mainstream,1
4517,0.017581,0.237196,0.745223,niche,1
4518,0.515283,0.275179,0.209538,pop,1
4519,0.515283,0.275179,0.209538,pop,1
4520,0.001192,0.070174,0.928634,niche,1
4521,0.088346,0.433606,0.478048,niche,2
4522,0.004888,0.392809,0.602302,niche,1
4523,0.004888,0.392809,0.602302,niche,1
4524,0.000573,0.061281,0.938145,niche,1
4525,0.000573,0.061281,0.938145,niche,1
4526,0.044059,0.568313,0.387628,mainstream,3
4527,0.023374,0.783945,0.192682,mainstream,2
4528,0.000351,0.075914,0.923735,niche,1
4529,0.000351,0.075914,0.923735,niche,1
4530,0.075004,0.795305,0.129691,mainstream,2
4531,8e-05,0.00344,0.99648,niche,1
4532,0.000567,0.194421,0.805012,niche,1
4533,0.000567,0.194421,0.805012,niche,1
4534,0.002433,0.858434,0.139133,mainstream,1
4535,0.002433,0.858434,0.139133,mainstream,1
4536,0.000854,0.355038,0.644108,niche,1
4537,0.000854,0.355038,0.644108,niche,1
4538,0.002039,0.111951,0.88601,niche,1
4539,0.093083,0.447078,0.459838,niche,1
4540,0.008942,0.567146,0.423912,mainstream,2
4541,0.000577,0.542136,0.457286,mainstream,2
4542,0.016388,0.804735,0.178876,mainstream,1
4543,0.016388,0.804735,0.178876,mainstream,1
4544,0.001493,0.140502,0.858005,niche,1
4545,0.002562,0.126726,0.870713,niche,2
4546,0.02246,0.864118,0.113422,mainstream,1
4547,0.28083,0.528642,0.190528,mainstream,1
4548,0.28083,0.528642,0.190528,mainstream,1
4549,0.107074,0.522508,0.370418,mainstream,2
4550,0.022736,0.618884,0.35838,mainstream,1
4551,0.034072,0.922614,0.043314,mainstream,1
4552,0.034072,0.922614,0.043314,mainstream,1
4553,0.019722,0.202695,0.777583,niche,1
4554,0.019722,0.202695,0.777583,niche,1
4555,0.022121,0.960068,0.017811,mainstream,1
4556,0.022121,0.960068,0.017811,mainstream,1
4557,0.000389,0.017353,0.982258,niche,1
4558,0.069657,0.882727,0.047616,mainstream,1
4559,0.069657,0.882727,0.047616,mainstream,1
4560,5.6e-05,0.001604,0.99834,niche,2
4561,5.6e-05,0.001604,0.99834,niche,2
4562,0.000322,0.004272,0.995406,niche,1
4563,0.006122,0.03871,0.955167,niche,3
4564,0.000614,0.061591,0.937796,niche,1
4565,0.057434,0.357599,0.584966,niche,2
4566,0.001792,0.798607,0.199601,mainstream,1
4567,0.018893,0.942773,0.038335,mainstream,2
4568,0.001323,0.019498,0.979179,niche,1
4569,0.001323,0.019498,0.979179,niche,1
4570,0.005886,0.361959,0.632156,niche,1
4571,0.005886,0.361959,0.632156,niche,1
4572,0.007658,0.292924,0.699417,niche,1
4573,0.007658,0.292924,0.699417,niche,1
4574,0.017817,0.114846,0.867337,niche,7
4575,0.027987,0.169658,0.802354,niche,1
4576,0.001001,0.066551,0.932448,niche,1
4577,0.001001,0.066551,0.932448,niche,1
4578,0.001509,0.47979,0.518702,niche,1
4579,0.002913,0.781195,0.215893,mainstream,1
4580,0.002913,0.781195,0.215893,mainstream,1
4581,0.000118,0.004446,0.995436,niche,1
4582,0.000118,0.004446,0.995436,niche,1
4583,0.007888,0.291415,0.700697,niche,1
4584,0.007888,0.291415,0.700697,niche,1
4585,0.002893,0.005225,0.991882,niche,1
4586,0.99422,0.005275,0.000505,pop,1
4587,0.99422,0.005275,0.000505,pop,1
4588,0.99422,0.005275,0.000505,pop,1
4589,0.054218,0.137636,0.808146,niche,1
4590,0.002413,0.007487,0.9901,niche,2
4591,0.004767,0.010649,0.984584,niche,1
4592,0.000599,0.044605,0.954796,niche,1
4593,0.01181,0.876042,0.112148,mainstream,1
4594,0.01181,0.876042,0.112148,mainstream,1
4595,0.054419,0.206903,0.738677,niche,1
4596,0.054419,0.206903,0.738677,niche,1
4597,6.1e-05,0.002496,0.997443,niche,1
4598,6.1e-05,0.002496,0.997443,niche,1
4599,0.002943,0.970815,0.026242,mainstream,1
4600,0.035758,0.110845,0.853397,niche,1
4601,0.035758,0.110845,0.853397,niche,1
4602,0.036057,0.93693,0.027013,mainstream,1
4603,0.036057,0.93693,0.027013,mainstream,1
4604,0.226579,0.503144,0.270277,mainstream,1
4605,0.226579,0.503144,0.270277,mainstream,1
4606,0.038451,0.193972,0.767577,niche,6
4607,0.000369,0.295247,0.704384,niche,1
4608,0.000369,0.295247,0.704384,niche,1
4609,0.006555,0.536182,0.457263,mainstream,1
4610,0.022517,0.643782,0.333701,mainstream,1
4611,0.022517,0.643782,0.333701,mainstream,1
4612,0.571839,0.395357,0.032805,pop,2
4613,0.000858,0.029604,0.969538,niche,1
4614,0.004875,0.065495,0.92963,niche,1
4615,0.004875,0.065495,0.92963,niche,1
4616,0.001337,0.81544,0.183224,mainstream,1
4617,0.00076,0.438454,0.560786,niche,1
4618,0.000577,0.019593,0.97983,niche,1
4619,0.00152,0.032253,0.966227,niche,1
4620,0.000747,0.260379,0.738874,niche,1
4621,0.001603,0.016333,0.982064,niche,1
4622,0.001603,0.016333,0.982064,niche,1
4623,0.000537,0.018254,0.981208,niche,2
4624,0.07393,0.756959,0.169112,mainstream,1
4625,0.07393,0.756959,0.169112,mainstream,1
4626,0.006666,0.101498,0.891837,niche,4
4627,0.010336,0.070683,0.918981,niche,1
4628,0.097548,0.75949,0.142962,mainstream,1
4629,0.000655,0.266207,0.733138,niche,1
4630,0.000655,0.266207,0.733138,niche,1
4631,0.001575,0.961043,0.037382,mainstream,2
4632,0.030528,0.088893,0.880579,niche,1
4633,3.8e-05,0.002451,0.997511,niche,1
4634,0.088016,0.048704,0.86328,niche,1
4635,0.071641,0.221497,0.706861,niche,1
4636,0.005431,0.763514,0.231054,mainstream,2
4637,0.003449,0.803558,0.192993,mainstream,1
4638,0.005315,0.388323,0.606362,niche,2
4639,0.000385,0.072354,0.927261,niche,1
4640,0.065688,0.175577,0.758735,niche,1
4641,0.065688,0.175577,0.758735,niche,1
4642,0.97117,0.0172,0.01163,pop,1
4643,0.054894,0.906539,0.038567,mainstream,1
4644,0.017511,0.451006,0.531483,niche,3
4645,0.017164,0.334404,0.648432,niche,1
4646,0.017164,0.334404,0.648432,niche,1
4647,0.000309,0.014332,0.985358,niche,1
4648,0.367511,0.47731,0.155179,mainstream,3
4649,0.046085,0.252089,0.701826,niche,1
4650,0.019651,0.315379,0.66497,niche,1
4651,0.019651,0.315379,0.66497,niche,1
4652,0.024915,0.952181,0.022904,mainstream,1
4653,0.000215,0.001407,0.998378,niche,1
4654,0.001007,0.159969,0.839024,niche,1
4655,0.002938,0.968719,0.028343,mainstream,1
4656,0.002938,0.968719,0.028343,mainstream,1
4657,0.009442,0.912181,0.078378,mainstream,1
4658,0.009442,0.912181,0.078378,mainstream,1
4659,0.080078,0.114103,0.805819,niche,1
4660,9.3e-05,0.045977,0.953931,niche,2
4661,0.000101,0.046469,0.953431,niche,1
4662,0.004145,0.169903,0.825952,niche,1
4663,0.002064,0.079227,0.918709,niche,1
4664,0.002064,0.079227,0.918709,niche,1
4665,0.002156,0.395158,0.602686,niche,1
4666,0.001204,0.198607,0.800188,niche,2
4667,0.056001,0.439631,0.504368,niche,3
4668,0.022556,0.606548,0.370896,mainstream,1
4669,0.004549,0.362276,0.633175,niche,1
4670,0.004549,0.362276,0.633175,niche,1
4671,7.4e-05,0.00135,0.998576,niche,1
4672,0.994376,0.005359,0.000265,pop,1
4673,0.01007,0.09449,0.89544,niche,1
4674,0.01007,0.09449,0.89544,niche,1
4675,0.0024,0.053532,0.944068,niche,1
4676,0.021228,0.667418,0.311354,mainstream,2
4677,0.01448,0.584119,0.401401,mainstream,3
4678,0.001921,0.972213,0.025866,mainstream,1
4679,0.001921,0.972213,0.025866,mainstream,1
4680,0.002291,0.968303,0.029406,mainstream,1
4681,0.002291,0.968303,0.029406,mainstream,1
4682,0.002309,0.811971,0.18572,mainstream,1
4683,0.002309,0.811971,0.18572,mainstream,1
4684,0.010919,0.104289,0.884792,niche,1
4685,0.001511,0.884267,0.114222,mainstream,1
4686,0.000635,0.297084,0.702281,niche,3
4687,0.124135,0.565835,0.31003,mainstream,2
4688,0.037699,0.604279,0.358022,mainstream,1
4689,0.008281,0.586365,0.405354,mainstream,4
4690,0.001425,0.108508,0.890067,niche,1
4691,0.000279,0.00155,0.998171,niche,1
4692,0.000279,0.00155,0.998171,niche,1
4693,0.000504,0.153656,0.84584,niche,1
4694,0.412825,0.072363,0.514811,niche,2
4695,0.002316,0.036205,0.961479,niche,1
4696,1.6e-05,0.0003,0.999684,niche,1
4697,0.001448,0.343568,0.654984,niche,1
4698,0.001448,0.343568,0.654984,niche,1
4699,0.004348,0.817842,0.17781,mainstream,1
4700,0.004348,0.817842,0.17781,mainstream,1
4701,0.012202,0.422761,0.565037,niche,6
4702,0.029818,0.850183,0.119998,mainstream,1
4703,0.00474,0.066409,0.928852,niche,1
4704,4.3e-05,0.003058,0.996899,niche,1
4705,0.000397,0.298552,0.701051,niche,1
4706,9e-05,0.013608,0.986302,niche,1
4707,0.009067,0.607635,0.383297,mainstream,1
4708,0.022911,0.868713,0.108376,mainstream,1
4709,0.022911,0.868713,0.108376,mainstream,1
4710,0.990232,0.007745,0.002023,pop,3
4711,0.005996,0.732689,0.261315,mainstream,3
4712,0.029296,0.16329,0.807413,niche,1
4713,0.000845,0.00853,0.990625,niche,1
4714,0.002763,0.181106,0.816131,niche,1
4715,0.002763,0.181106,0.816131,niche,1
4716,0.008203,0.877777,0.11402,mainstream,1
4717,0.008203,0.877777,0.11402,mainstream,1
4718,0.091959,0.792184,0.115857,mainstream,1
4719,0.001703,0.302564,0.695733,niche,1
4720,0.001703,0.302564,0.695733,niche,1
4721,0.012969,0.40213,0.584901,niche,1
4722,0.004816,0.132946,0.862237,niche,2
4723,0.016182,0.608604,0.375214,mainstream,1
4724,0.016182,0.608604,0.375214,mainstream,1
4725,0.004096,0.719386,0.276519,mainstream,2
4726,0.034925,0.907132,0.057943,mainstream,1
4727,0.034925,0.907132,0.057943,mainstream,1
4728,0.006184,0.721467,0.272349,mainstream,1
4729,0.000287,0.326593,0.67312,niche,1
4730,0.000287,0.326593,0.67312,niche,1
4731,0.001456,0.034539,0.964005,niche,1
4732,0.001456,0.034539,0.964005,niche,1
4733,0.000633,0.330934,0.668432,niche,1
4734,0.000633,0.330934,0.668432,niche,1
4735,4.1e-05,0.04067,0.959288,niche,1
4736,0.019114,0.108619,0.872267,niche,1
4737,0.2122,0.36603,0.42177,niche,2
4738,0.002915,0.043774,0.953311,niche,1
4739,0.002915,0.043774,0.953311,niche,1
4740,0.07412,0.025551,0.900329,niche,1
4741,0.016242,0.943376,0.040382,mainstream,1
4742,0.016242,0.943376,0.040382,mainstream,1
4743,0.001084,0.03078,0.968136,niche,1
4744,0.065316,0.399729,0.534956,niche,1
4745,0.005174,0.281175,0.713651,niche,1
4746,0.005174,0.281175,0.713651,niche,1
4747,0.003677,0.04095,0.955374,niche,2
4748,0.001098,0.133552,0.86535,niche,1
4749,0.001098,0.133552,0.86535,niche,1
4750,0.015487,0.582525,0.401988,mainstream,3
4751,0.001951,0.971925,0.026124,mainstream,1
4752,0.001951,0.971925,0.026124,mainstream,1
4753,0.045269,0.751547,0.203184,mainstream,1
4754,0.045269,0.751547,0.203184,mainstream,1
4755,0.000469,0.934439,0.065092,mainstream,1
4756,0.000469,0.934439,0.065092,mainstream,1
4757,0.001337,0.243349,0.755314,niche,1
4758,0.005984,0.01058,0.983436,niche,1
4759,0.00179,0.973173,0.025037,mainstream,1
4760,0.072085,0.856377,0.071538,mainstream,5
4761,0.016032,0.045176,0.938792,niche,1
4762,0.000875,0.119813,0.879312,niche,2
4763,0.227908,0.743292,0.0288,mainstream,1
4764,0.009159,0.974106,0.016735,mainstream,1
4765,0.009159,0.974106,0.016735,mainstream,1
4766,0.039134,0.824206,0.13666,mainstream,1
4767,0.039134,0.824206,0.13666,mainstream,1
4768,0.011999,0.03984,0.948161,niche,1
4769,0.011999,0.03984,0.948161,niche,1
4770,0.0124,0.816531,0.171069,mainstream,1
4771,0.0124,0.816531,0.171069,mainstream,1
4772,0.002642,0.003942,0.993416,niche,3
4773,0.00014,0.000913,0.998947,niche,1
4774,0.006669,0.921831,0.0715,mainstream,1
4775,0.006669,0.921831,0.0715,mainstream,1
4776,0.025933,0.201411,0.772657,niche,4
4777,0.094418,0.462374,0.443208,mainstream,1
4778,0.001528,0.414356,0.584116,niche,1
4779,0.002469,0.008986,0.988545,niche,1
4780,0.002469,0.008986,0.988545,niche,1
4781,0.178276,0.662019,0.159705,mainstream,1
4782,0.000483,0.012222,0.987295,niche,1
4783,0.000483,0.012222,0.987295,niche,1
4784,0.319274,0.632742,0.047984,mainstream,1
4785,0.000289,0.025893,0.973819,niche,1
4786,0.006819,0.177727,0.815455,niche,1
4787,0.006819,0.177727,0.815455,niche,1
4788,0.001409,0.085363,0.913229,niche,4
4789,0.000469,0.039147,0.960384,niche,1
4790,0.012504,0.061273,0.926222,niche,1
4791,0.023335,0.824047,0.152618,mainstream,1
4792,0.918237,0.022025,0.059738,pop,1
4793,0.918237,0.022025,0.059738,pop,1
4794,0.918237,0.022025,0.059738,pop,1
4795,0.005849,0.270857,0.723294,niche,1
4796,0.008572,0.791131,0.200296,mainstream,1
4797,0.008572,0.791131,0.200296,mainstream,1
4798,0.008572,0.791131,0.200296,mainstream,1
4799,0.042402,0.274525,0.683073,niche,1
4800,0.042402,0.274525,0.683073,niche,1
4801,0.013382,0.968809,0.01781,mainstream,1
4802,0.013382,0.968809,0.01781,mainstream,1
4803,0.027768,0.416589,0.555643,niche,1
4804,0.027768,0.416589,0.555643,niche,1
4805,0.002272,0.356619,0.641109,niche,3
4806,0.005444,0.011186,0.98337,niche,1
4807,0.005444,0.011186,0.98337,niche,1
4808,0.005444,0.011186,0.98337,niche,1
4809,0.001054,0.057373,0.941574,niche,1
4810,0.000357,0.137446,0.862197,niche,1
4811,0.000357,0.137446,0.862197,niche,1
4812,0.00803,0.220527,0.771443,niche,1
4813,0.964957,0.005719,0.029325,pop,1
4814,0.964957,0.005719,0.029325,pop,1
4815,0.081985,0.305379,0.612637,niche,2
4816,0.081985,0.305379,0.612637,niche,2
4817,0.022093,0.074272,0.903635,niche,1
4818,0.00132,0.125055,0.873625,niche,1
4819,0.150897,0.67538,0.173722,mainstream,1
4820,0.001098,0.960296,0.038606,mainstream,1
4821,0.009334,0.12749,0.863176,niche,1
4822,0.009334,0.12749,0.863176,niche,1
4823,0.014734,0.42095,0.564316,niche,1
4824,0.014734,0.42095,0.564316,niche,1
4825,0.003527,0.23743,0.759043,niche,1
4826,0.003527,0.23743,0.759043,niche,1
4827,0.024973,0.591363,0.383664,mainstream,1
4828,0.005789,0.373576,0.620634,niche,2
4829,0.98792,0.010246,0.001834,pop,1
4830,0.171952,0.454723,0.373325,mainstream,1
4831,0.171952,0.454723,0.373325,mainstream,1
4832,0.012795,0.599524,0.387681,mainstream,4
4833,0.121671,0.159805,0.718524,niche,1
4834,0.007534,0.595879,0.396587,mainstream,1
4835,0.007534,0.595879,0.396587,mainstream,1
4836,0.007534,0.595879,0.396587,mainstream,1
4837,0.005471,0.898097,0.096432,mainstream,1
4838,0.379574,0.567624,0.052802,mainstream,2
4839,0.06348,0.759528,0.176991,mainstream,1
4840,0.06348,0.759528,0.176991,mainstream,1
4841,0.191617,0.296368,0.512015,niche,1
4842,0.191617,0.296368,0.512015,niche,1
4843,0.004123,0.088426,0.907451,niche,1
4844,0.001467,0.268605,0.729929,niche,1
4845,0.1979,0.572317,0.229783,mainstream,1
4846,0.016531,0.156804,0.826665,niche,2
4847,0.016531,0.156804,0.826665,niche,2
4848,0.006185,0.386276,0.607539,niche,2
4849,0.008093,0.339693,0.652214,niche,1
4850,0.000209,0.033183,0.966608,niche,2
4851,0.000209,0.033183,0.966608,niche,2
4852,0.000374,0.001633,0.997993,niche,1
4853,0.000374,0.001633,0.997993,niche,1
4854,0.003029,0.305066,0.691905,niche,1
4855,0.003902,0.854311,0.141787,mainstream,1
4856,0.000202,0.024509,0.97529,niche,1
4857,0.014216,0.42947,0.556315,niche,2
4858,0.001252,0.019638,0.97911,niche,1
4859,0.033759,0.950921,0.015321,mainstream,1
4860,0.033759,0.950921,0.015321,mainstream,1
4861,0.033759,0.950921,0.015321,mainstream,1
4862,0.005945,0.428393,0.565662,niche,1
4863,0.055832,0.020404,0.923763,niche,1
4864,0.055832,0.020404,0.923763,niche,1
4865,0.11834,0.047934,0.833726,niche,1
4866,0.024261,0.94268,0.033059,mainstream,1
4867,0.006954,0.657488,0.335558,mainstream,1
4868,0.000832,0.11772,0.881448,niche,1
4869,0.017102,0.695908,0.28699,mainstream,1
4870,0.017102,0.695908,0.28699,mainstream,1
4871,0.000716,0.454217,0.545067,niche,1
4872,0.000716,0.454217,0.545067,niche,1
4873,0.012817,0.721714,0.265469,mainstream,1
4874,0.071674,0.50323,0.425095,mainstream,1
4875,0.002472,0.361348,0.63618,niche,1
4876,0.002472,0.361348,0.63618,niche,1
4877,0.002067,0.948635,0.049298,mainstream,1
4878,0.002067,0.948635,0.049298,mainstream,1
4879,0.000809,0.45393,0.545261,niche,1
4880,0.000809,0.45393,0.545261,niche,1
4881,0.204231,0.689823,0.105946,mainstream,1
4882,0.120466,0.824956,0.054578,mainstream,2
4883,0.169689,0.40579,0.424521,niche,1
4884,0.169689,0.40579,0.424521,niche,1
4885,0.001779,0.941163,0.057058,mainstream,1
4886,0.001685,0.823217,0.175098,mainstream,1
4887,0.151173,0.106527,0.7423,niche,2
4888,0.106643,0.760053,0.133304,mainstream,1
4889,0.106643,0.760053,0.133304,mainstream,1
4890,0.003448,0.92088,0.075672,mainstream,1
4891,0.003448,0.92088,0.075672,mainstream,1
4892,0.974777,0.011768,0.013455,pop,1
4893,0.974777,0.011768,0.013455,pop,1
4894,0.974777,0.011768,0.013455,pop,1
4895,0.006579,0.202147,0.791274,niche,4
4896,0.030594,0.792769,0.176637,mainstream,1
4897,0.030594,0.792769,0.176637,mainstream,1
4898,0.044928,0.896671,0.0584,mainstream,1
4899,0.000112,0.008886,0.991003,niche,1
4900,0.004738,0.118782,0.87648,niche,1
4901,0.026367,0.966189,0.007445,mainstream,1
4902,0.001219,0.059629,0.939152,niche,1
4903,0.001219,0.059629,0.939152,niche,1
4904,0.059357,0.196281,0.744362,niche,1
4905,0.000438,0.743018,0.256544,mainstream,1
4906,0.000438,0.743018,0.256544,mainstream,1
4907,0.008083,0.58928,0.402636,mainstream,1
4908,0.000671,0.050727,0.948602,niche,1
4909,0.004332,0.948659,0.047009,mainstream,1
4910,0.002711,0.263115,0.734174,niche,1
4911,0.002711,0.263115,0.734174,niche,1
4912,0.000942,0.032457,0.966602,niche,1
4913,0.001544,0.974911,0.023544,mainstream,2
4914,0.001544,0.974911,0.023544,mainstream,2
4915,0.425878,0.244637,0.329485,pop,1
4916,0.425878,0.244637,0.329485,pop,1
4917,5.6e-05,0.033293,0.966652,niche,1
4918,0.153874,0.50497,0.341155,mainstream,2
4919,0.001705,0.479608,0.518688,niche,4
4920,0.003345,0.911447,0.085208,mainstream,1
4921,0.070712,0.725209,0.204079,mainstream,1
4922,0.070712,0.725209,0.204079,mainstream,1
4923,0.002642,0.89984,0.097517,mainstream,2
4924,0.002642,0.89984,0.097517,mainstream,2
4925,0.014607,0.924536,0.060857,mainstream,1
4926,0.014607,0.924536,0.060857,mainstream,1
4927,0.000785,0.979197,0.020018,mainstream,1
4928,0.000785,0.979197,0.020018,mainstream,1
4929,0.574095,0.382252,0.043653,pop,1
4930,0.574095,0.382252,0.043653,pop,1
4931,0.000787,0.78828,0.210933,mainstream,1
4932,0.30786,0.435913,0.256227,mainstream,3
4933,0.00078,0.318902,0.680318,niche,2
4934,0.00078,0.318902,0.680318,niche,2
4935,0.006942,0.719521,0.273536,mainstream,2
4936,0.004591,0.723788,0.271621,mainstream,1
4937,0.581346,0.296243,0.122411,pop,1
4938,0.581346,0.296243,0.122411,pop,1
4939,0.002828,0.445513,0.551659,niche,1
4940,0.060639,0.807862,0.131499,mainstream,1
4941,0.060639,0.807862,0.131499,mainstream,1
4942,0.103022,0.535611,0.361367,mainstream,1
4943,0.017971,0.235837,0.746192,niche,1
4944,0.000249,0.004398,0.995353,niche,1
4945,0.149341,0.236677,0.613983,niche,1
4946,0.0066,0.405966,0.587434,niche,1
4947,0.0066,0.405966,0.587434,niche,1
4948,0.002291,0.968942,0.028768,mainstream,1
4949,0.002291,0.968942,0.028768,mainstream,1
4950,0.497018,0.489968,0.013014,pop,2
4951,0.491308,0.499372,0.00932,mainstream,2
4952,0.025198,0.459389,0.515413,niche,3
4953,0.07867,0.321181,0.600149,niche,3
4954,0.000233,0.006117,0.99365,niche,1
4955,0.982286,0.015097,0.002616,pop,2
4956,0.001908,0.863116,0.134976,mainstream,1
4957,0.000451,0.51495,0.484598,mainstream,1
4958,0.00116,0.985384,0.013456,mainstream,1
4959,0.002474,0.628459,0.369068,mainstream,2
4960,0.02232,0.529496,0.448185,mainstream,1
4961,0.000852,0.096367,0.902782,niche,1
4962,0.049044,0.150494,0.800462,niche,2
4963,0.024861,0.921291,0.053849,mainstream,2
4964,0.011247,0.966531,0.022223,mainstream,1
4965,0.000308,0.153463,0.846229,niche,1
4966,0.019155,0.366298,0.614546,niche,1
4967,0.034869,0.579478,0.385653,mainstream,3
4968,0.015635,0.369211,0.615153,niche,1
4969,0.000262,0.017369,0.982368,niche,1
4970,0.000262,0.017369,0.982368,niche,1
4971,0.0012,0.409162,0.589637,niche,4
4972,0.003787,0.271533,0.72468,niche,1
4973,0.108739,0.863125,0.028135,mainstream,1
4974,0.108739,0.863125,0.028135,mainstream,1
4975,0.21197,0.574667,0.213363,mainstream,1
4976,0.001919,0.024634,0.973447,niche,1
4977,0.034491,0.781624,0.183885,mainstream,2
4978,0.034491,0.781624,0.183885,mainstream,2
4979,0.05083,0.463381,0.485789,niche,1
4980,0.030346,0.95751,0.012144,mainstream,1
4981,0.002058,0.568305,0.429637,mainstream,1
4982,0.004348,0.588483,0.407169,mainstream,1
4983,0.004348,0.588483,0.407169,mainstream,1
4984,0.001263,0.868644,0.130094,mainstream,1
4985,0.006081,0.011457,0.982462,niche,1
4986,0.006081,0.011457,0.982462,niche,1
4987,0.003256,0.200074,0.79667,niche,1
4988,0.003266,0.274818,0.721916,niche,1
4989,0.003298,0.153888,0.842814,niche,1
4990,0.004242,0.706304,0.289454,mainstream,3
4991,0.029171,0.120505,0.850324,niche,2
4992,0.000821,0.157046,0.842134,niche,1
4993,0.000821,0.157046,0.842134,niche,1
4994,0.003537,0.176634,0.819828,niche,1
4995,0.021916,0.653607,0.324477,mainstream,2
4996,0.003268,0.307994,0.688738,niche,2
4997,0.003082,0.32457,0.672347,niche,2
4998,0.180907,0.169532,0.64956,niche,2
4999,0.358601,0.283514,0.357885,pop,1
5000,0.008704,0.710984,0.280312,mainstream,1
5001,8.3e-05,0.002247,0.997669,niche,2
5002,7.4e-05,0.007115,0.99281,niche,2
5003,0.001856,0.945604,0.052541,mainstream,1
5004,0.001856,0.945604,0.052541,mainstream,1
5005,0.005499,0.958894,0.035607,mainstream,1
5006,0.005499,0.958894,0.035607,mainstream,1
5007,0.056069,0.316427,0.627503,niche,1
5008,0.056069,0.316427,0.627503,niche,1
5009,0.000733,0.011374,0.987893,niche,2
5010,0.008413,0.775379,0.216208,mainstream,1
5011,0.000885,0.875108,0.124007,mainstream,1
5012,0.000885,0.875108,0.124007,mainstream,1
5013,0.000215,0.003814,0.995971,niche,1
5014,0.000473,0.091574,0.907953,niche,1
5015,0.000473,0.091574,0.907953,niche,1
5016,5.2e-05,0.005575,0.994374,niche,1
5017,5.2e-05,0.005575,0.994374,niche,1
5018,0.000336,0.015675,0.983989,niche,1
5019,0.000336,0.015675,0.983989,niche,1
5020,0.015805,0.503881,0.480314,mainstream,1
5021,0.015805,0.503881,0.480314,mainstream,1
5022,0.013673,0.907317,0.07901,mainstream,1
5023,0.013673,0.907317,0.07901,mainstream,1
5024,0.003792,0.939304,0.056903,mainstream,1
5025,0.003792,0.939304,0.056903,mainstream,1
5026,0.000842,0.994561,0.004597,mainstream,1
5027,0.000842,0.994561,0.004597,mainstream,1
5028,0.00019,0.079224,0.920586,niche,1
5029,0.025037,0.672637,0.302325,mainstream,2
5030,0.025037,0.672637,0.302325,mainstream,2
5031,0.408596,0.554342,0.037062,mainstream,1
5032,0.408596,0.554342,0.037062,mainstream,1
5033,0.004397,0.937842,0.05776,mainstream,1
5034,0.000176,0.004355,0.995468,niche,1
5035,0.000176,0.004355,0.995468,niche,1
5036,0.000961,0.904971,0.094068,mainstream,1
5037,0.038852,0.797862,0.163286,mainstream,1
5038,0.038852,0.797862,0.163286,mainstream,1
5039,0.027213,0.291571,0.681216,niche,1
5040,0.027213,0.291571,0.681216,niche,1
5041,0.184959,0.214302,0.60074,niche,2
5042,0.019848,0.775816,0.204336,mainstream,1
5043,0.019848,0.775816,0.204336,mainstream,1
5044,0.00101,0.237206,0.761784,niche,1
5045,0.00101,0.237206,0.761784,niche,1
5046,0.000452,0.05322,0.946328,niche,1
5047,0.000452,0.05322,0.946328,niche,1
5048,0.097757,0.115645,0.786598,niche,1
5049,0.530182,0.070832,0.398985,pop,2
5050,0.01115,0.5382,0.45065,mainstream,1
5051,0.001638,0.611833,0.386529,mainstream,2
5052,0.000606,0.797295,0.202099,mainstream,1
5053,0.002803,0.891659,0.105538,mainstream,4
5054,0.997151,0.002181,0.000668,pop,1
5055,0.005259,0.058729,0.936012,niche,1
5056,0.005259,0.058729,0.936012,niche,1
5057,0.001547,0.572862,0.425591,mainstream,1
5058,0.078346,0.272008,0.649646,niche,1
5059,0.078346,0.272008,0.649646,niche,1
5060,0.032231,0.059343,0.908426,niche,1
5061,0.032231,0.059343,0.908426,niche,1
5062,0.019735,0.848429,0.131836,mainstream,1
5063,0.038123,0.509686,0.452191,mainstream,5
5064,0.009634,0.270008,0.720357,niche,1
5065,0.000606,0.039125,0.960269,niche,1
5066,0.010515,0.148848,0.840637,niche,4
5067,0.006544,0.803128,0.190327,mainstream,1
5068,0.15601,0.798184,0.045806,mainstream,1
5069,0.15601,0.798184,0.045806,mainstream,1
5070,0.001469,0.094745,0.903786,niche,1
5071,0.002018,0.160792,0.837191,niche,1
5072,0.002018,0.160792,0.837191,niche,1
5073,0.005398,0.061441,0.933161,niche,1
5074,0.005398,0.061441,0.933161,niche,1
5075,0.000547,0.109505,0.889948,niche,1
5076,0.002278,0.009571,0.988151,niche,1
5077,0.002317,0.071578,0.926106,niche,1
5078,8.5e-05,0.045484,0.954431,niche,1
5079,0.000497,0.916636,0.082867,mainstream,1
5080,0.000497,0.916636,0.082867,mainstream,1
5081,0.046476,0.397229,0.556295,niche,2
5082,0.003364,0.867322,0.129314,mainstream,1
5083,0.001079,0.062413,0.936508,niche,2
5084,0.000654,0.146569,0.852776,niche,1
5085,0.000654,0.146569,0.852776,niche,1
5086,0.003266,0.984622,0.012112,mainstream,1
5087,0.052673,0.908483,0.038845,mainstream,1
5088,0.00114,0.171404,0.827456,niche,1
5089,0.00114,0.171404,0.827456,niche,1
5090,0.029338,0.009403,0.961259,niche,1
5091,0.029338,0.009403,0.961259,niche,1
5092,0.001747,0.530619,0.467635,mainstream,1
5093,0.001747,0.530619,0.467635,mainstream,1
5094,0.070335,0.193149,0.736515,niche,1
5095,0.070335,0.193149,0.736515,niche,1
5096,0.001547,0.614194,0.384259,mainstream,1
5097,0.001416,0.862442,0.136141,mainstream,1
5098,0.009151,0.905269,0.08558,mainstream,2
5099,0.000197,0.00224,0.997563,niche,1
5100,0.000197,0.00224,0.997563,niche,1
5101,0.010853,0.06355,0.925597,niche,1
5102,0.010853,0.06355,0.925597,niche,1
5103,0.052015,0.653899,0.294087,mainstream,1
5104,0.006969,0.207522,0.785509,niche,1
5105,0.010282,0.96349,0.026227,mainstream,1
5106,0.010282,0.96349,0.026227,mainstream,1
5107,0.010282,0.96349,0.026227,mainstream,1
5108,0.001946,0.145137,0.852917,niche,1
5109,0.001016,0.142558,0.856426,niche,2
5110,0.038088,0.169796,0.792116,niche,1
5111,0.038088,0.169796,0.792116,niche,1
5112,0.017866,0.039011,0.943123,niche,1
5113,0.013469,0.112138,0.874393,niche,1
5114,0.217106,0.212976,0.569917,niche,1
5115,0.01516,0.093622,0.891218,niche,1
5116,0.000702,0.221191,0.778107,niche,1
5117,0.000702,0.221191,0.778107,niche,1
5118,0.001497,0.107227,0.891277,niche,1
5119,0.017099,0.459722,0.523179,niche,1
5120,0.016813,0.102403,0.880784,niche,1
5121,0.016813,0.102403,0.880784,niche,1
5122,0.004689,0.68302,0.31229,mainstream,1
5123,0.00459,0.856476,0.138934,mainstream,3
5124,0.000635,0.010937,0.988428,niche,1
5125,0.051897,0.781706,0.166397,mainstream,1
5126,0.051897,0.781706,0.166397,mainstream,1
5127,0.069405,0.026834,0.903761,niche,1
5128,0.005128,0.461801,0.533071,niche,2
5129,0.002429,0.045431,0.95214,niche,1
5130,0.002429,0.045431,0.95214,niche,1
5131,0.002261,0.087644,0.910095,niche,1
5132,0.002261,0.087644,0.910095,niche,1
5133,0.013808,0.013821,0.972372,niche,2
5134,0.003338,0.019805,0.976858,niche,1
5135,3.2e-05,0.001155,0.998813,niche,1
5136,3.2e-05,0.001155,0.998813,niche,1
5137,0.003248,0.812657,0.184095,mainstream,1
5138,0.002927,0.721838,0.275235,mainstream,1
5139,0.002927,0.721838,0.275235,mainstream,1
5140,0.000987,0.294149,0.704864,niche,1
5141,0.008656,0.906825,0.08452,mainstream,1
5142,3e-05,0.008639,0.991331,niche,1
5143,0.704061,0.157529,0.138409,pop,1
5144,0.00331,0.87953,0.11716,mainstream,1
5145,0.00323,0.470745,0.526026,niche,2
5146,0.988756,0.009259,0.001985,pop,1
5147,0.036302,0.932927,0.030771,mainstream,1
5148,0.036302,0.932927,0.030771,mainstream,1
5149,0.002414,0.988572,0.009014,mainstream,1
5150,0.002012,0.982949,0.015039,mainstream,1
5151,0.002012,0.982949,0.015039,mainstream,1
5152,0.001616,0.418587,0.579797,niche,1
5153,0.006358,0.713834,0.279808,mainstream,2
5154,8.2e-05,0.002438,0.99748,niche,1
5155,0.006175,0.102454,0.891371,niche,1
5156,0.006175,0.102454,0.891371,niche,1
5157,0.009152,0.055448,0.935399,niche,1
5158,0.009152,0.055448,0.935399,niche,1
5159,0.000143,0.002225,0.997632,niche,1
5160,0.000143,0.002225,0.997632,niche,1
5161,0.885988,0.11006,0.003953,pop,1
5162,0.008992,0.028268,0.96274,niche,1
5163,0.067096,0.769046,0.163858,mainstream,1
5164,0.000749,0.012532,0.986719,niche,1
5165,0.000749,0.012532,0.986719,niche,1
5166,0.006857,0.797298,0.195845,mainstream,2
5167,0.002795,0.966597,0.030608,mainstream,1
5168,0.011522,0.097122,0.891357,niche,3
5169,0.009487,0.01284,0.977673,niche,1
5170,0.000364,0.015358,0.984279,niche,1
5171,0.000364,0.015358,0.984279,niche,1
5172,0.001479,0.719814,0.278707,mainstream,1
5173,0.001479,0.719814,0.278707,mainstream,1
5174,0.001179,0.230488,0.768334,niche,1
5175,0.001179,0.230488,0.768334,niche,1
5176,0.001906,0.631171,0.366923,mainstream,1
5177,0.001906,0.631171,0.366923,mainstream,1
5178,0.011612,0.20698,0.781409,niche,1
5179,0.967559,0.027908,0.004533,pop,1
5180,0.967559,0.027908,0.004533,pop,1
5181,0.985964,0.011277,0.002759,pop,1
5182,0.985964,0.011277,0.002759,pop,1
5183,0.004316,0.978878,0.016806,mainstream,1
5184,0.000958,0.546731,0.452311,mainstream,1
5185,0.001308,0.02333,0.975362,niche,1
5186,0.000796,0.024854,0.97435,niche,1
5187,0.000796,0.024854,0.97435,niche,1
5188,0.006786,0.169933,0.823281,niche,1
5189,0.97798,0.016599,0.005421,pop,1
5190,0.713983,0.269564,0.016453,pop,2
5191,0.002347,0.095486,0.902167,niche,1
5192,0.003928,0.330454,0.665618,niche,1
5193,0.013105,0.885975,0.10092,mainstream,1
5194,0.002772,0.883507,0.113721,mainstream,1
5195,0.002772,0.883507,0.113721,mainstream,1
5196,0.003074,0.746527,0.250399,mainstream,1
5197,0.003074,0.746527,0.250399,mainstream,1
5198,0.013683,0.531852,0.454464,mainstream,2
5199,0.007919,0.957783,0.034298,mainstream,1
5200,0.007919,0.957783,0.034298,mainstream,1
5201,0.00179,0.828859,0.169351,mainstream,1
5202,0.002964,0.968144,0.028892,mainstream,1
5203,0.002964,0.968144,0.028892,mainstream,1
5204,0.007474,0.056707,0.935819,niche,1
5205,0.092319,0.71866,0.18902,mainstream,1
5206,0.004061,0.147697,0.848242,niche,1
5207,0.004061,0.147697,0.848242,niche,1
5208,0.068957,0.875989,0.055054,mainstream,1
5209,0.012467,0.761429,0.226104,mainstream,1
5210,0.013366,0.468354,0.51828,niche,2
5211,0.000318,0.00641,0.993272,niche,1
5212,0.002185,0.402033,0.595782,niche,1
5213,0.002185,0.402033,0.595782,niche,1
5214,0.847917,0.035001,0.117082,pop,1
5215,0.847917,0.035001,0.117082,pop,1
5216,0.004361,0.093163,0.902476,niche,1
5217,0.001108,0.06094,0.937952,niche,1
5218,0.001108,0.06094,0.937952,niche,1
5219,0.236137,0.714225,0.049638,mainstream,1
5220,0.979551,0.010056,0.010393,pop,1
5221,0.979551,0.010056,0.010393,pop,1
5222,0.001153,0.106548,0.892299,niche,1
5223,0.001153,0.106548,0.892299,niche,1
5224,0.165673,0.641598,0.192729,mainstream,1
5225,0.165673,0.641598,0.192729,mainstream,1
5226,0.015322,0.531748,0.452931,mainstream,1
5227,0.002645,0.340325,0.657031,niche,1
5228,0.000331,0.008601,0.991069,niche,1
5229,0.001396,0.359223,0.639381,niche,1
5230,0.165584,0.171842,0.662573,niche,1
5231,0.000302,0.019505,0.980193,niche,1
5232,0.000302,0.019505,0.980193,niche,1
5233,0.027161,0.048354,0.924484,niche,2
5234,0.000545,0.397819,0.601636,niche,1
5235,0.000545,0.397819,0.601636,niche,1
5236,0.014215,0.085543,0.900242,niche,1
5237,0.014215,0.085543,0.900242,niche,1
5238,0.000153,0.004753,0.995094,niche,1
5239,0.000153,0.004753,0.995094,niche,1
5240,0.005109,0.476067,0.518824,niche,2
5241,0.245131,0.541633,0.213236,mainstream,1
5242,0.245131,0.541633,0.213236,mainstream,1
5243,0.024991,0.179821,0.795188,niche,1
5244,0.024991,0.179821,0.795188,niche,1
5245,0.000981,0.991803,0.007216,mainstream,1
5246,0.000981,0.991803,0.007216,mainstream,1
5247,0.001554,0.196555,0.80189,niche,1
5248,0.001554,0.196555,0.80189,niche,1
5249,0.003651,0.516834,0.479516,mainstream,1
5250,0.001275,0.003601,0.995125,niche,2
5251,0.003012,0.934811,0.062177,mainstream,4
5252,0.001188,0.65551,0.343302,mainstream,1
5253,0.001188,0.65551,0.343302,mainstream,1
5254,0.001244,0.964156,0.034599,mainstream,1
5255,0.001244,0.964156,0.034599,mainstream,1
5256,0.068867,0.717833,0.2133,mainstream,1
5257,0.068867,0.717833,0.2133,mainstream,1
5258,0.11503,0.432424,0.452546,niche,1
5259,0.003487,0.120059,0.876454,niche,1
5260,0.000489,0.044833,0.954678,niche,1
5261,0.000489,0.044833,0.954678,niche,1
5262,0.00763,0.981133,0.011238,mainstream,1
5263,0.000997,0.082888,0.916116,niche,1
5264,0.008233,0.157009,0.834758,niche,2
5265,0.001179,0.034057,0.964764,niche,1
5266,0.150722,0.692994,0.156284,mainstream,1
5267,0.006006,0.888117,0.105877,mainstream,1
5268,0.009494,0.007528,0.982978,niche,1
5269,0.009494,0.007528,0.982978,niche,1
5270,0.001483,0.200904,0.797613,niche,1
5271,0.000657,0.067098,0.932246,niche,2
5272,0.028229,0.83443,0.13734,mainstream,1
5273,0.00114,0.089262,0.909598,niche,1
5274,0.001634,0.820093,0.178273,mainstream,1
5275,0.995932,0.003581,0.000487,pop,1
5276,0.009284,0.586962,0.403755,mainstream,2
5277,0.012724,0.22068,0.766596,niche,1
5278,0.000735,0.385025,0.61424,niche,1
5279,0.059698,0.796551,0.143752,mainstream,2
5280,0.038364,0.927719,0.033917,mainstream,1
5281,0.003556,0.960832,0.035612,mainstream,1
5282,0.003556,0.960832,0.035612,mainstream,1
5283,0.031648,0.308387,0.659965,niche,1
5284,0.031648,0.308387,0.659965,niche,1
5285,0.003755,0.554649,0.441596,mainstream,3
5286,0.023889,0.325896,0.650215,niche,1
5287,0.696549,0.250092,0.053358,pop,2
5288,0.020271,0.023231,0.956498,niche,1
5289,0.051283,0.517976,0.430741,mainstream,1
5290,0.000201,0.001855,0.997944,niche,2
5291,0.00204,0.976994,0.020966,mainstream,1
5292,0.00204,0.976994,0.020966,mainstream,1
5293,0.985622,0.008504,0.005873,pop,1
5294,0.985622,0.008504,0.005873,pop,1
5295,0.015432,0.034552,0.950016,niche,2
5296,6.7e-05,0.007794,0.99214,niche,2
5297,6.7e-05,0.007794,0.99214,niche,2
5298,0.000545,0.095923,0.903532,niche,1
5299,0.015596,0.649362,0.335041,mainstream,1
5300,0.015596,0.649362,0.335041,mainstream,1
5301,0.042619,0.284534,0.672847,niche,1
5302,0.042619,0.284534,0.672847,niche,1
5303,0.000172,0.008457,0.991371,niche,1
5304,0.015528,0.071058,0.913414,niche,2
5305,0.015528,0.071058,0.913414,niche,2
5306,0.000867,0.282477,0.716657,niche,1
5307,0.002251,0.829695,0.168055,mainstream,1
5308,0.003236,0.361799,0.634964,niche,2
5309,0.003093,0.986697,0.01021,mainstream,1
5310,0.003093,0.986697,0.01021,mainstream,1
5311,0.011839,0.935067,0.053094,mainstream,1
5312,0.011839,0.935067,0.053094,mainstream,1
5313,0.208272,0.205569,0.586159,niche,1
5314,0.208272,0.205569,0.586159,niche,1
5315,0.208272,0.205569,0.586159,niche,1
5316,0.009132,0.688551,0.302316,mainstream,1
5317,0.017358,0.920757,0.061885,mainstream,3
5318,0.000452,0.263425,0.736122,niche,1
5319,0.947504,0.03239,0.020106,pop,1
5320,0.947504,0.03239,0.020106,pop,1
5321,0.00126,0.00335,0.99539,niche,1
5322,0.038434,0.395889,0.565677,niche,1
5323,0.001258,0.949092,0.04965,mainstream,1
5324,0.001258,0.949092,0.04965,mainstream,1
5325,0.076122,0.858456,0.065422,mainstream,1
5326,0.000442,0.013139,0.986419,niche,1
5327,0.000442,0.013139,0.986419,niche,1
5328,0.024425,0.885517,0.090058,mainstream,2
5329,0.024425,0.885517,0.090058,mainstream,2
5330,0.885234,0.097196,0.017569,pop,1
5331,0.885234,0.097196,0.017569,pop,1
5332,0.000712,0.048235,0.951053,niche,1
5333,0.009719,0.021023,0.969258,niche,1
5334,0.009719,0.021023,0.969258,niche,1
5335,0.200023,0.50728,0.292697,mainstream,1
5336,0.366371,0.360381,0.273247,pop,2
5337,0.001315,0.949972,0.048713,mainstream,1
5338,0.012208,0.460428,0.527364,niche,1
5339,0.012208,0.460428,0.527364,niche,1
5340,0.025582,0.31566,0.658758,niche,1
5341,0.025582,0.31566,0.658758,niche,1
5342,0.008061,0.601135,0.390804,mainstream,1
5343,0.000955,0.048338,0.950707,niche,1
5344,0.000955,0.048338,0.950707,niche,1
5345,0.005014,0.351985,0.643001,niche,1
5346,0.00049,0.990987,0.008523,mainstream,1
5347,0.007092,0.052478,0.94043,niche,1
5348,0.007092,0.052478,0.94043,niche,1
5349,0.000972,0.018541,0.980487,niche,3
5350,0.00578,0.816652,0.177568,mainstream,1
5351,0.00578,0.816652,0.177568,mainstream,1
5352,0.001321,0.08142,0.917259,niche,1
5353,0.003047,0.193939,0.803014,niche,1
5354,0.045913,0.557048,0.397039,mainstream,1
5355,0.114109,0.402792,0.483099,niche,1
5356,0.004302,0.119805,0.875892,niche,1
5357,0.039611,0.106016,0.854373,niche,1
5358,0.036347,0.186652,0.777001,niche,2
5359,0.00227,0.005279,0.992451,niche,1
5360,0.00227,0.005279,0.992451,niche,1
5361,0.000587,0.001331,0.998082,niche,1
5362,0.000587,0.001331,0.998082,niche,1
5363,0.21579,0.571026,0.213184,mainstream,1
5364,0.21579,0.571026,0.213184,mainstream,1
5365,0.902736,0.0876,0.009664,pop,1
5366,0.009566,0.953939,0.036495,mainstream,2
5367,0.904081,0.081175,0.014744,pop,1
5368,0.904081,0.081175,0.014744,pop,1
5369,0.002828,0.872661,0.124511,mainstream,2
5370,0.002828,0.872661,0.124511,mainstream,2
5371,0.881479,0.107754,0.010767,pop,1
5372,0.881479,0.107754,0.010767,pop,1
5373,0.001101,0.953558,0.045341,mainstream,1
5374,0.001101,0.953558,0.045341,mainstream,1
5375,0.924532,0.055165,0.020303,pop,1
5376,0.924532,0.055165,0.020303,pop,1
5377,0.004426,0.780857,0.214717,mainstream,1
5378,0.004426,0.780857,0.214717,mainstream,1
5379,0.014536,0.542725,0.442739,mainstream,1
5380,0.014536,0.542725,0.442739,mainstream,1
5381,0.01274,0.420557,0.566703,niche,1
5382,0.01274,0.420557,0.566703,niche,1
5383,0.000203,0.032398,0.967399,niche,2
5384,0.000203,0.032398,0.967399,niche,2
5385,0.008148,0.435138,0.556713,niche,1
5386,0.008148,0.435138,0.556713,niche,1
5387,0.079947,0.469658,0.450396,mainstream,1
5388,0.079947,0.469658,0.450396,mainstream,1
5389,0.003171,0.155685,0.841144,niche,1
5390,0.003171,0.155685,0.841144,niche,1
5391,0.023287,0.385269,0.591444,niche,2
5392,0.000581,0.477101,0.522317,niche,1
5393,0.001282,0.088697,0.910021,niche,1
5394,0.001282,0.088697,0.910021,niche,1
5395,0.002089,0.866393,0.131518,mainstream,1
5396,0.012984,0.118603,0.868413,niche,1
5397,0.012984,0.118603,0.868413,niche,1
5398,0.000219,0.042437,0.957344,niche,1
5399,0.000219,0.042437,0.957344,niche,1
5400,0.0228,0.956919,0.020282,mainstream,1
5401,0.0228,0.956919,0.020282,mainstream,1
5402,0.248571,0.378905,0.372523,mainstream,1
5403,0.248571,0.378905,0.372523,mainstream,1
5404,0.009821,0.711014,0.279165,mainstream,1
5405,0.00248,0.568196,0.429324,mainstream,1
5406,0.00248,0.568196,0.429324,mainstream,1
5407,0.002289,0.83467,0.163041,mainstream,1
5408,0.002289,0.83467,0.163041,mainstream,1
5409,0.032031,0.656379,0.31159,mainstream,1
5410,0.032031,0.656379,0.31159,mainstream,1
5411,0.041109,0.846661,0.11223,mainstream,1
5412,0.702021,0.032931,0.265048,pop,1
5413,0.702021,0.032931,0.265048,pop,1
5414,0.702021,0.032931,0.265048,pop,1
5415,0.00015,0.002118,0.997733,niche,1
5416,0.001945,0.454099,0.543957,niche,1
5417,0.01848,0.501378,0.480142,mainstream,2
5418,0.00747,0.688738,0.303792,mainstream,1
5419,0.00747,0.688738,0.303792,mainstream,1
5420,0.038475,0.87605,0.085475,mainstream,1
5421,0.147743,0.283836,0.568421,niche,1
5422,0.070592,0.421842,0.507566,niche,1
5423,0.070592,0.421842,0.507566,niche,1
5424,0.002537,0.112611,0.884853,niche,1
5425,0.002537,0.112611,0.884853,niche,1
5426,0.001628,0.53611,0.462262,mainstream,1
5427,0.001628,0.53611,0.462262,mainstream,1
5428,0.00046,0.533578,0.465962,mainstream,1
5429,0.027622,0.584138,0.38824,mainstream,1
5430,0.191412,0.426131,0.382457,mainstream,1
5431,0.010601,0.31482,0.674579,niche,1
5432,0.006063,0.241958,0.751979,niche,3
5433,0.024859,0.543308,0.431833,mainstream,1
5434,0.2726,0.416892,0.310508,mainstream,1
5435,0.2726,0.416892,0.310508,mainstream,1
5436,0.049769,0.547772,0.402459,mainstream,1
5437,0.006764,0.89022,0.103016,mainstream,1
5438,0.006764,0.89022,0.103016,mainstream,1
5439,0.001723,0.073877,0.924399,niche,1
5440,0.001263,0.596972,0.401764,mainstream,1
5441,0.061592,0.743992,0.194416,mainstream,1
5442,0.006712,0.822168,0.17112,mainstream,1
5443,0.006712,0.822168,0.17112,mainstream,1
5444,0.006088,0.431024,0.562889,niche,2
5445,0.00024,0.011949,0.987812,niche,1
5446,0.979674,0.015334,0.004992,pop,1
5447,0.0001,0.007683,0.992218,niche,1
5448,0.008835,0.423566,0.567598,niche,1
5449,0.969266,0.025727,0.005007,pop,1
5450,0.001248,0.133444,0.865308,niche,1
5451,0.472167,0.189388,0.338446,pop,2
5452,0.472167,0.189388,0.338446,pop,2
5453,0.04444,0.772371,0.183189,mainstream,1
5454,0.00389,0.085209,0.910901,niche,1
5455,0.001138,0.783565,0.215297,mainstream,1
5456,0.004444,0.94125,0.054307,mainstream,1
5457,0.001244,0.316603,0.682153,niche,1
5458,0.005936,0.872543,0.121521,mainstream,1
5459,0.005936,0.872543,0.121521,mainstream,1
5460,0.951924,0.02322,0.024856,pop,1
5461,0.951924,0.02322,0.024856,pop,1
5462,0.007124,0.700324,0.292552,mainstream,3
5463,0.018674,0.097575,0.88375,niche,1
5464,0.018674,0.097575,0.88375,niche,1
5465,0.328907,0.440654,0.230439,mainstream,1
5466,0.123087,0.721165,0.155748,mainstream,1
5467,0.000731,0.053141,0.946129,niche,1
5468,0.018091,0.516796,0.465112,mainstream,1
5469,0.018091,0.516796,0.465112,mainstream,1
5470,0.037316,0.876515,0.086169,mainstream,1
5471,0.037316,0.876515,0.086169,mainstream,1
5472,0.003347,0.567345,0.429309,mainstream,1
5473,0.006559,0.957226,0.036215,mainstream,1
5474,0.006559,0.957226,0.036215,mainstream,1
5475,0.148007,0.250688,0.601305,niche,1
5476,0.058776,0.504323,0.436901,mainstream,1
5477,0.029937,0.375783,0.59428,niche,2
5478,0.024073,0.784023,0.191904,mainstream,2
5479,0.004363,0.01437,0.981267,niche,2
5480,0.004363,0.01437,0.981267,niche,2
5481,0.000316,0.034295,0.965389,niche,1
5482,0.000316,0.034295,0.965389,niche,1
5483,0.004161,0.125913,0.869926,niche,1
5484,0.004161,0.125913,0.869926,niche,1
5485,0.011038,0.85468,0.134282,mainstream,1
5486,0.000129,0.133715,0.866157,niche,1
5487,0.000686,0.039355,0.959959,niche,1
5488,0.160481,0.147076,0.692443,niche,2
5489,8.7e-05,0.011001,0.988912,niche,1
5490,0.00066,0.858191,0.141149,mainstream,1
5491,0.00066,0.858191,0.141149,mainstream,1
5492,0.014609,0.008188,0.977203,niche,1
5493,0.01223,0.939515,0.048255,mainstream,1
5494,0.340933,0.543545,0.115522,mainstream,1
5495,0.340933,0.543545,0.115522,mainstream,1
5496,0.272365,0.425051,0.302585,mainstream,2
5497,0.032449,0.136143,0.831408,niche,1
5498,0.006865,0.04907,0.944065,niche,1
5499,0.006865,0.04907,0.944065,niche,1
5500,0.012885,0.965374,0.02174,mainstream,2
5501,0.012885,0.965374,0.02174,mainstream,2
5502,0.000206,0.000931,0.998863,niche,1
5503,0.000206,0.000931,0.998863,niche,1
5504,0.01147,0.22314,0.76539,niche,1
5505,0.002959,0.982675,0.014366,mainstream,1
5506,0.163376,0.496921,0.339703,mainstream,2
5507,0.119164,0.669899,0.210937,mainstream,1
5508,0.119164,0.669899,0.210937,mainstream,1
5509,0.449986,0.522529,0.027485,mainstream,1
5510,0.007096,0.451612,0.541292,niche,1
5511,0.007096,0.451612,0.541292,niche,1
5512,6e-05,0.004864,0.995076,niche,1
5513,6e-05,0.004864,0.995076,niche,1
5514,0.097381,0.759003,0.143616,mainstream,1
5515,0.000725,0.087561,0.911714,niche,1
5516,0.002139,0.921098,0.076763,mainstream,1
5517,0.005292,0.165999,0.828709,niche,1
5518,0.0023,0.066563,0.931137,niche,1
5519,0.0023,0.066563,0.931137,niche,1
5520,0.000832,0.107953,0.891215,niche,1
5521,0.021001,0.308466,0.670533,niche,1
5522,0.266412,0.11669,0.616898,niche,2
5523,0.002161,0.5555,0.442338,mainstream,2
5524,0.001125,0.954514,0.04436,mainstream,1
5525,0.006422,0.271623,0.721954,niche,1
5526,0.007064,0.890104,0.102832,mainstream,1
5527,0.007064,0.890104,0.102832,mainstream,1
5528,0.008916,0.125575,0.865509,niche,2
5529,0.008916,0.125575,0.865509,niche,2
5530,0.005898,0.056406,0.937696,niche,1
5531,0.018357,0.915556,0.066087,mainstream,1
5532,0.096983,0.136926,0.766091,niche,1
5533,0.003456,0.991671,0.004873,mainstream,1
5534,0.038389,0.142076,0.819535,niche,1
5535,0.001183,0.63315,0.365667,mainstream,1
5536,0.001183,0.63315,0.365667,mainstream,1
5537,0.006138,0.215145,0.778717,niche,1
5538,0.006138,0.215145,0.778717,niche,1
5539,0.043891,0.930466,0.025644,mainstream,1
5540,0.043891,0.930466,0.025644,mainstream,1
5541,0.009986,0.937822,0.052191,mainstream,1
5542,0.681454,0.185282,0.133264,pop,1
5543,0.681454,0.185282,0.133264,pop,1
5544,0.124721,0.243338,0.631941,niche,1
5545,0.000746,0.838438,0.160816,mainstream,1
5546,0.000746,0.838438,0.160816,mainstream,1
5547,0.07051,0.455389,0.4741,niche,1
5548,0.000897,0.466812,0.532291,niche,1
5549,0.000897,0.466812,0.532291,niche,1
5550,0.013566,0.883827,0.102607,mainstream,1
5551,0.013566,0.883827,0.102607,mainstream,1
5552,0.00024,0.003576,0.996184,niche,1
5553,0.00024,0.003576,0.996184,niche,1
5554,0.001131,0.083366,0.915503,niche,1
5555,0.001855,0.082817,0.915329,niche,1
5556,0.001855,0.082817,0.915329,niche,1
5557,0.008745,0.852557,0.138698,mainstream,1
5558,0.008745,0.852557,0.138698,mainstream,1
5559,0.008745,0.852557,0.138698,mainstream,1
5560,0.013065,0.79318,0.193755,mainstream,1
5561,0.000201,0.024274,0.975525,niche,1
5562,0.000201,0.024274,0.975525,niche,1
5563,0.001572,0.117912,0.880516,niche,1
5564,0.001572,0.117912,0.880516,niche,1
5565,0.000766,0.001523,0.99771,niche,2
5566,0.01092,0.627999,0.361081,mainstream,1
5567,0.002026,0.962005,0.03597,mainstream,1
5568,0.002026,0.962005,0.03597,mainstream,1
5569,0.001864,0.001884,0.996252,niche,1
5570,0.001864,0.001884,0.996252,niche,1
5571,8.6e-05,0.007592,0.992322,niche,1
5572,8.6e-05,0.007592,0.992322,niche,1
5573,0.056094,0.521247,0.422659,mainstream,1
5574,0.000581,0.0197,0.979719,niche,1
5575,0.000581,0.0197,0.979719,niche,1
5576,0.011408,0.304279,0.684313,niche,1
5577,0.011408,0.304279,0.684313,niche,1
5578,0.029386,0.793513,0.177101,mainstream,1
5579,0.029386,0.793513,0.177101,mainstream,1
5580,0.005698,0.815564,0.178739,mainstream,1
5581,0.067475,0.043305,0.889219,niche,1
5582,0.067475,0.043305,0.889219,niche,1
5583,0.002367,0.07085,0.926784,niche,1
5584,0.00187,0.301587,0.696543,niche,1
5585,0.004155,0.022934,0.97291,niche,1
5586,0.010609,0.034264,0.955127,niche,1
5587,0.000707,0.062582,0.936711,niche,1
5588,0.000707,0.062582,0.936711,niche,1
5589,0.000775,0.7479,0.251325,mainstream,1
5590,0.000775,0.7479,0.251325,mainstream,1
5591,0.023744,0.847358,0.128898,mainstream,1
5592,0.000412,0.002997,0.996591,niche,1
5593,0.02229,0.9332,0.04451,mainstream,1
5594,0.005044,0.494959,0.499998,niche,1
5595,0.003306,0.696837,0.299857,mainstream,2
5596,0.002326,0.127626,0.870048,niche,3
5597,0.020546,0.752256,0.227198,mainstream,3
5598,0.051907,0.100003,0.84809,niche,1
5599,0.026304,0.188633,0.785064,niche,2
5600,0.012332,0.96151,0.026158,mainstream,1
5601,0.012332,0.96151,0.026158,mainstream,1
5602,0.052202,0.884518,0.06328,mainstream,1
5603,8.4e-05,0.010516,0.9894,niche,1
5604,8.4e-05,0.010516,0.9894,niche,1
5605,0.049172,0.69967,0.251158,mainstream,1
5606,0.049172,0.69967,0.251158,mainstream,1
5607,0.001809,0.151588,0.846603,niche,1
5608,0.001809,0.151588,0.846603,niche,1
5609,0.010791,0.308079,0.68113,niche,1
5610,0.00825,0.004696,0.987054,niche,1
5611,0.00825,0.004696,0.987054,niche,1
5612,0.025227,0.93362,0.041152,mainstream,1
5613,0.025227,0.93362,0.041152,mainstream,1
5614,0.020565,0.917235,0.062199,mainstream,1
5615,0.020565,0.917235,0.062199,mainstream,1
5616,0.083081,0.384022,0.532897,niche,1
5617,0.015905,0.660973,0.323121,mainstream,1
5618,0.071811,0.08481,0.843379,niche,1
5619,0.071811,0.08481,0.843379,niche,1
5620,0.02114,0.764337,0.214522,mainstream,1
5621,0.02114,0.764337,0.214522,mainstream,1
5622,0.016145,0.550944,0.432911,mainstream,1
5623,0.016145,0.550944,0.432911,mainstream,1
5624,0.289034,0.13304,0.577926,niche,1
5625,0.289034,0.13304,0.577926,niche,1
5626,0.939193,0.0507,0.010107,pop,1
5627,0.939193,0.0507,0.010107,pop,1
5628,0.06117,0.356258,0.582573,niche,1
5629,0.00021,0.003084,0.996705,niche,1
5630,0.00021,0.003084,0.996705,niche,1
5631,0.004845,0.631208,0.363947,mainstream,1
5632,0.016064,0.053056,0.93088,niche,1
5633,0.016064,0.053056,0.93088,niche,1
5634,0.07766,0.191152,0.731188,niche,1
5635,0.001498,0.030749,0.967754,niche,2
5636,0.002775,0.05487,0.942355,niche,1
5637,0.976749,0.013585,0.009667,pop,1
5638,0.976749,0.013585,0.009667,pop,1
5639,0.976749,0.013585,0.009667,pop,1
5640,0.018151,0.28775,0.694099,niche,1
5641,0.018151,0.28775,0.694099,niche,1
5642,0.018151,0.28775,0.694099,niche,1
5643,0.019074,0.049202,0.931724,niche,1
5644,0.00564,0.951302,0.043058,mainstream,1
5645,0.00564,0.951302,0.043058,mainstream,1
5646,0.010597,0.847157,0.142247,mainstream,1
5647,0.006439,0.917294,0.076267,mainstream,1
5648,0.000551,0.10293,0.896519,niche,1
5649,0.001068,0.066966,0.931966,niche,1
5650,0.027406,0.946314,0.02628,mainstream,1
5651,0.027406,0.946314,0.02628,mainstream,1
5652,0.001097,0.247243,0.751659,niche,1
5653,0.286587,0.246721,0.466692,niche,1
5654,0.286587,0.246721,0.466692,niche,1
5655,0.007514,0.898731,0.093755,mainstream,1
5656,0.991625,0.00075,0.007625,pop,1
5657,0.991625,0.00075,0.007625,pop,1
5658,0.012803,0.783853,0.203343,mainstream,1
5659,0.012803,0.783853,0.203343,mainstream,1
5660,0.003324,0.940453,0.056223,mainstream,1
5661,0.003324,0.940453,0.056223,mainstream,1
5662,0.002661,0.10211,0.895229,niche,1
5663,0.084048,0.104662,0.811291,niche,1
5664,0.002958,0.03194,0.965102,niche,1
5665,0.002958,0.03194,0.965102,niche,1
5666,0.013551,0.952829,0.03362,mainstream,1
5667,0.013551,0.952829,0.03362,mainstream,1
5668,0.013551,0.952829,0.03362,mainstream,1
5669,0.000786,0.002281,0.996933,niche,1
5670,0.004068,0.11538,0.880552,niche,1
5671,0.005259,0.716214,0.278527,mainstream,1
5672,0.027409,0.751767,0.220825,mainstream,1
5673,0.001647,0.970653,0.027701,mainstream,1
5674,0.001647,0.970653,0.027701,mainstream,1
5675,0.003796,0.036599,0.959605,niche,1
5676,0.003796,0.036599,0.959605,niche,1
5677,0.001109,0.139221,0.85967,niche,1
5678,0.001109,0.139221,0.85967,niche,1
5679,0.097767,0.03402,0.868213,niche,1
5680,0.097767,0.03402,0.868213,niche,1
5681,0.080488,0.20794,0.711573,niche,2
5682,0.080488,0.20794,0.711573,niche,2
5683,0.000653,0.071459,0.927888,niche,1
5684,0.002278,0.643313,0.354409,mainstream,1
5685,0.001811,0.019178,0.979011,niche,1
5686,0.001811,0.019178,0.979011,niche,1
5687,0.017613,0.607767,0.37462,mainstream,1
5688,0.017613,0.607767,0.37462,mainstream,1
5689,0.166266,0.340135,0.493599,niche,1
5690,0.030096,0.896198,0.073706,mainstream,1
5691,0.030096,0.896198,0.073706,mainstream,1
5692,0.030096,0.896198,0.073706,mainstream,1
5693,0.00985,0.561493,0.428656,mainstream,2
5694,0.131978,0.734493,0.133529,mainstream,1
5695,0.003162,0.446461,0.550377,niche,1
5696,0.836438,0.14518,0.018382,pop,1
5697,0.002417,0.256824,0.740759,niche,1
5698,0.002417,0.256824,0.740759,niche,1
5699,0.00514,0.083986,0.910874,niche,1
5700,0.037007,0.319546,0.643446,niche,1
5701,0.037007,0.319546,0.643446,niche,1
5702,0.102263,0.67072,0.227018,mainstream,1
5703,0.017004,0.036083,0.946913,niche,1
5704,0.017004,0.036083,0.946913,niche,1
5705,0.002645,0.050161,0.947194,niche,1
5706,0.016335,0.356735,0.62693,niche,1
5707,0.016335,0.356735,0.62693,niche,1
5708,0.107279,0.816035,0.076686,mainstream,1
5709,0.027738,0.631147,0.341115,mainstream,1
5710,0.027738,0.631147,0.341115,mainstream,1
5711,0.002287,0.004045,0.993668,niche,1
5712,0.010972,0.016805,0.972223,niche,1
5713,0.004217,0.936872,0.058911,mainstream,1
5714,0.011324,0.884822,0.103855,mainstream,2
5715,0.025167,0.684671,0.290161,mainstream,1
5716,0.001124,0.04077,0.958107,niche,1
5717,0.001124,0.04077,0.958107,niche,1
5718,0.079038,0.433995,0.486967,niche,1
5719,0.007542,0.575488,0.41697,mainstream,1
5720,0.008936,0.169217,0.821847,niche,1
5721,0.000582,0.0298,0.969617,niche,1
5722,0.000582,0.0298,0.969617,niche,1
5723,0.000927,0.591308,0.407766,mainstream,1
5724,0.000927,0.591308,0.407766,mainstream,1
5725,0.011,0.454091,0.534909,niche,1
5726,0.011,0.454091,0.534909,niche,1
5727,0.023547,0.691738,0.284715,mainstream,1
5728,0.023547,0.691738,0.284715,mainstream,1
5729,0.000508,0.230897,0.768595,niche,3
5730,7.2e-05,0.001875,0.998053,niche,1
5731,0.000106,0.009829,0.990065,niche,1
5732,0.006875,0.064404,0.928721,niche,1
5733,0.00067,0.103275,0.896055,niche,1
5734,0.00067,0.103275,0.896055,niche,1
5735,0.025237,0.755133,0.21963,mainstream,1
5736,0.025237,0.755133,0.21963,mainstream,1
5737,0.0085,0.029848,0.961652,niche,1
5738,0.001026,0.267873,0.731102,niche,1
5739,9.4e-05,0.077492,0.922413,niche,1
5740,0.000123,0.022071,0.977806,niche,1
5741,0.00101,0.099479,0.89951,niche,1
5742,0.005156,0.022914,0.97193,niche,1
5743,0.005156,0.022914,0.97193,niche,1
5744,0.000297,0.017013,0.98269,niche,1
5745,0.00032,0.643413,0.356267,mainstream,1
5746,0.00032,0.643413,0.356267,mainstream,1
5747,0.00129,0.161522,0.837188,niche,1
5748,0.00129,0.161522,0.837188,niche,1
5749,0.008039,0.911714,0.080246,mainstream,2
5750,0.131134,0.710371,0.158494,mainstream,2
5751,0.080572,0.726238,0.19319,mainstream,1
5752,0.080572,0.726238,0.19319,mainstream,1
5753,0.00589,0.204906,0.789204,niche,1
5754,0.00589,0.204906,0.789204,niche,1
5755,0.000855,0.381147,0.617998,niche,1
5756,0.000279,0.005745,0.993976,niche,1
5757,0.000279,0.005745,0.993976,niche,1
5758,0.942557,0.052072,0.005371,pop,1
5759,0.010341,0.401199,0.58846,niche,1
5760,0.010341,0.401199,0.58846,niche,1
5761,0.002009,0.241855,0.756137,niche,1
5762,0.031128,0.875858,0.093014,mainstream,1
5763,0.031128,0.875858,0.093014,mainstream,1
5764,0.098553,0.243579,0.657868,niche,1
5765,0.098553,0.243579,0.657868,niche,1
5766,0.003765,0.199696,0.796538,niche,1
5767,0.042623,0.49527,0.462107,mainstream,1
5768,0.042623,0.49527,0.462107,mainstream,1
5769,0.732872,0.17584,0.091288,pop,1
5770,0.036985,0.892392,0.070624,mainstream,1
5771,0.361448,0.368877,0.269675,mainstream,1
5772,0.801951,0.150149,0.047901,pop,1
5773,0.801951,0.150149,0.047901,pop,1
5774,0.002909,0.878416,0.118676,mainstream,1
5775,0.307773,0.349882,0.342345,mainstream,1
5776,0.307773,0.349882,0.342345,mainstream,1
5777,0.124832,0.092821,0.782347,niche,2
5778,0.002482,0.833197,0.164321,mainstream,1
5779,0.896312,0.056217,0.04747,pop,1
5780,0.896312,0.056217,0.04747,pop,1
5781,0.00135,0.140616,0.858034,niche,2
5782,0.00135,0.140616,0.858034,niche,2
5783,0.042956,0.335101,0.621943,niche,1
5784,0.174263,0.210088,0.615648,niche,3
5785,0.002218,0.060445,0.937337,niche,1
5786,0.002218,0.060445,0.937337,niche,1
5787,0.085921,0.750019,0.164059,mainstream,1
5788,0.085921,0.750019,0.164059,mainstream,1
5789,0.009092,0.906012,0.084896,mainstream,1
5790,0.02829,0.567934,0.403776,mainstream,1
5791,0.02829,0.567934,0.403776,mainstream,1
5792,0.155465,0.395624,0.448911,niche,1
5793,0.155465,0.395624,0.448911,niche,1
5794,0.07354,0.405575,0.520885,niche,1
5795,0.07354,0.405575,0.520885,niche,1
5796,0.027092,0.3364,0.636508,niche,2
5797,0.014261,0.674451,0.311288,mainstream,1
5798,0.014261,0.674451,0.311288,mainstream,1
5799,0.108258,0.691422,0.20032,mainstream,1
5800,0.108258,0.691422,0.20032,mainstream,1
5801,0.045105,0.668109,0.286786,mainstream,1
5802,0.045105,0.668109,0.286786,mainstream,1
5803,0.008421,0.549807,0.441772,mainstream,2
5804,0.547647,0.329547,0.122806,pop,1
5805,0.547647,0.329547,0.122806,pop,1
5806,0.000291,0.023185,0.976524,niche,1
5807,0.000291,0.023185,0.976524,niche,1
5808,0.0188,0.908736,0.072464,mainstream,1
5809,0.0188,0.908736,0.072464,mainstream,1
5810,0.006623,0.838137,0.15524,mainstream,1
5811,0.006623,0.838137,0.15524,mainstream,1
5812,0.061302,0.151359,0.787339,niche,1
5813,0.002297,0.002943,0.994761,niche,1
5814,0.007658,0.081795,0.910548,niche,2
5815,0.002351,0.652861,0.344788,mainstream,1
5816,0.002351,0.652861,0.344788,mainstream,1
5817,0.011089,0.718144,0.270767,mainstream,2
5818,0.004036,0.279896,0.716068,niche,1
5819,0.004036,0.279896,0.716068,niche,1
5820,0.002398,0.590331,0.40727,mainstream,1
5821,0.002398,0.590331,0.40727,mainstream,1
5822,0.000621,0.014583,0.984797,niche,1
5823,0.000302,0.11278,0.886918,niche,2
5824,0.001795,0.458473,0.539731,niche,1
5825,0.001795,0.458473,0.539731,niche,1
5826,0.003488,0.002819,0.993694,niche,1
5827,0.003488,0.002819,0.993694,niche,1
5828,0.028396,0.593708,0.377897,mainstream,1
5829,0.028396,0.593708,0.377897,mainstream,1
5830,0.028396,0.593708,0.377897,mainstream,1
5831,0.001633,0.011024,0.987344,niche,1
5832,0.001633,0.011024,0.987344,niche,1
5833,0.002188,0.056814,0.940998,niche,1
5834,0.000125,0.000197,0.999678,niche,1
5835,0.038065,0.811531,0.150404,mainstream,1
5836,0.002058,0.393957,0.603985,niche,2
5837,0.025338,0.575919,0.398743,mainstream,1
5838,0.006604,0.942564,0.050832,mainstream,1
5839,0.01096,0.326959,0.662081,niche,1
5840,0.01096,0.326959,0.662081,niche,1
5841,0.001607,0.004683,0.99371,niche,1
5842,0.001607,0.004683,0.99371,niche,1
5843,0.01947,0.839434,0.141096,mainstream,1
5844,0.003823,0.509202,0.486975,mainstream,1
5845,0.003823,0.509202,0.486975,mainstream,1
5846,0.013153,0.848546,0.138301,mainstream,1
5847,0.012519,0.899103,0.088378,mainstream,1
5848,0.000245,0.036815,0.96294,niche,1
5849,0.001041,0.01716,0.981799,niche,1
5850,0.004953,0.097067,0.89798,niche,1
5851,0.004953,0.097067,0.89798,niche,1
5852,0.002381,0.375293,0.622327,niche,1
5853,0.002381,0.375293,0.622327,niche,1
5854,0.019965,0.893445,0.08659,mainstream,1
5855,0.019965,0.893445,0.08659,mainstream,1
5856,0.000152,0.018377,0.98147,niche,1
5857,0.000152,0.018377,0.98147,niche,1
5858,0.004448,0.047754,0.947798,niche,1
5859,0.004161,0.614647,0.381192,mainstream,1
5860,0.003996,0.90973,0.086274,mainstream,1
5861,0.018043,0.661393,0.320564,mainstream,1
5862,0.018043,0.661393,0.320564,mainstream,1
5863,0.000101,0.001505,0.998394,niche,1
5864,0.000101,0.001505,0.998394,niche,1
5865,0.000101,0.001505,0.998394,niche,1
5866,0.004313,0.251744,0.743942,niche,1
5867,0.004313,0.251744,0.743942,niche,1
5868,0.009688,0.929079,0.061233,mainstream,1
5869,0.000604,0.001692,0.997704,niche,1
5870,0.006208,0.148976,0.844815,niche,1
5871,0.006208,0.148976,0.844815,niche,1
5872,0.002405,0.508055,0.48954,mainstream,1
5873,0.000687,0.069546,0.929767,niche,1
5874,0.016542,0.916645,0.066813,mainstream,1
5875,0.016542,0.916645,0.066813,mainstream,1
5876,0.00585,0.317221,0.676929,niche,1
5877,0.00585,0.317221,0.676929,niche,1
5878,0.000135,0.012666,0.987199,niche,1
5879,0.371687,0.570326,0.057987,mainstream,1
5880,0.10293,0.707898,0.189171,mainstream,2
5881,0.10293,0.707898,0.189171,mainstream,2
5882,0.023667,0.859344,0.116988,mainstream,2
5883,0.023667,0.859344,0.116988,mainstream,2
5884,0.023667,0.859344,0.116988,mainstream,2
5885,0.000405,0.963518,0.036077,mainstream,1
5886,0.124181,0.727973,0.147846,mainstream,1
5887,0.124181,0.727973,0.147846,mainstream,1
5888,0.00608,0.15453,0.839389,niche,1
5889,0.003843,0.031123,0.965034,niche,1
5890,0.00025,0.074583,0.925167,niche,1
5891,0.037233,0.650422,0.312344,mainstream,1
5892,0.000226,0.008856,0.990918,niche,1
5893,0.000226,0.008856,0.990918,niche,1
5894,0.866078,0.124739,0.009184,pop,1
5895,0.866078,0.124739,0.009184,pop,1
5896,0.866078,0.124739,0.009184,pop,1
5897,0.010349,0.150267,0.839384,niche,1
5898,0.004394,0.288007,0.707599,niche,1
5899,0.004394,0.288007,0.707599,niche,1
5900,0.001753,0.014411,0.983836,niche,1
5901,0.001753,0.014411,0.983836,niche,1
5902,0.073985,0.046806,0.879208,niche,1
5903,0.073985,0.046806,0.879208,niche,1
5904,0.008763,0.137044,0.854193,niche,1
5905,0.008763,0.137044,0.854193,niche,1
5906,0.018354,0.344063,0.637583,niche,1
5907,0.033512,0.465653,0.500835,niche,1
5908,0.033512,0.465653,0.500835,niche,1
5909,0.002134,0.924202,0.073664,mainstream,2
5910,0.190764,0.204512,0.604724,niche,1
5911,7.5e-05,0.002085,0.99784,niche,1
5912,0.437564,0.432806,0.129629,pop,1
5913,0.020076,0.913628,0.066296,mainstream,1
5914,0.01381,0.493485,0.492705,mainstream,1
5915,0.01381,0.493485,0.492705,mainstream,1
5916,0.040401,0.094942,0.864656,niche,1
5917,0.005185,0.183782,0.811033,niche,2
5918,0.010151,0.36561,0.624239,niche,1
5919,0.042703,0.936888,0.02041,mainstream,1
5920,0.036793,0.03705,0.926157,niche,1
5921,0.001457,0.906409,0.092134,mainstream,1
5922,0.001457,0.906409,0.092134,mainstream,1
5923,0.200862,0.347201,0.451936,niche,1
5924,0.004041,0.522369,0.47359,mainstream,1
5925,0.004041,0.522369,0.47359,mainstream,1
5926,0.000224,0.001514,0.998262,niche,1
5927,0.000862,0.020487,0.978651,niche,1
5928,0.000862,0.020487,0.978651,niche,1
5929,0.020375,0.863193,0.116432,mainstream,1
5930,0.005843,0.953244,0.040913,mainstream,1
5931,0.359689,0.423117,0.217195,mainstream,1
5932,0.001067,0.204948,0.793984,niche,1
5933,9.5e-05,0.012702,0.987204,niche,1
5934,9.5e-05,0.012702,0.987204,niche,1
5935,0.003822,0.964492,0.031686,mainstream,1
5936,0.008568,0.656519,0.334913,mainstream,1
5937,0.000389,0.031808,0.967803,niche,1
5938,0.014928,0.874581,0.110491,mainstream,1
5939,0.025078,0.934588,0.040334,mainstream,1
5940,0.025078,0.934588,0.040334,mainstream,1
5941,0.034181,0.848815,0.117005,mainstream,1
5942,0.033082,0.267289,0.699629,niche,1
5943,0.391845,0.284263,0.323891,pop,1
5944,0.001805,0.133986,0.864209,niche,1
5945,0.001805,0.133986,0.864209,niche,1
5946,0.003486,0.103904,0.89261,niche,1
5947,0.001181,0.331355,0.667464,niche,1
5948,0.023707,0.690535,0.285758,mainstream,1
5949,0.61344,0.344747,0.041812,pop,1
5950,0.61344,0.344747,0.041812,pop,1
5951,0.005814,0.220866,0.77332,niche,1
5952,0.001901,0.110987,0.887112,niche,1
5953,0.000265,0.040332,0.959403,niche,1
5954,0.000265,0.040332,0.959403,niche,1
5955,0.022646,0.43352,0.543834,niche,1
5956,0.003504,0.114826,0.88167,niche,1
5957,0.003504,0.114826,0.88167,niche,1
5958,0.027978,0.008954,0.963068,niche,1
5959,0.027978,0.008954,0.963068,niche,1
5960,0.027978,0.008954,0.963068,niche,1
5961,0.00406,0.77545,0.22049,mainstream,1
5962,0.00406,0.77545,0.22049,mainstream,1
5963,0.007742,0.852102,0.140156,mainstream,1
5964,0.007742,0.852102,0.140156,mainstream,1
5965,0.013882,0.044923,0.941196,niche,1
5966,0.010548,0.870759,0.118693,mainstream,1
5967,0.006087,0.034647,0.959266,niche,1
5968,0.01292,0.959318,0.027762,mainstream,1
5969,0.012185,0.225464,0.762352,niche,1
5970,0.000219,0.001954,0.997827,niche,1
5971,0.023339,0.579986,0.396674,mainstream,1
5972,0.023339,0.579986,0.396674,mainstream,1
5973,0.000125,0.043103,0.956772,niche,1
5974,0.000125,0.043103,0.956772,niche,1
5975,0.122023,0.826332,0.051645,mainstream,1
5976,5.9e-05,0.004325,0.995616,niche,1
5977,0.07103,0.236723,0.692247,niche,1
5978,0.07103,0.236723,0.692247,niche,1
5979,0.075324,0.545403,0.379273,mainstream,1
5980,0.000906,0.012979,0.986115,niche,1
5981,0.038285,0.161252,0.800464,niche,1
5982,0.038285,0.161252,0.800464,niche,1
5983,0.019377,0.326263,0.654361,niche,1
5984,0.019377,0.326263,0.654361,niche,1
5985,0.0367,0.96009,0.003209,mainstream,1
5986,0.004099,0.581805,0.414096,mainstream,1
5987,0.004099,0.581805,0.414096,mainstream,1
5988,0.047668,0.94065,0.011682,mainstream,1
5989,0.027131,0.827187,0.145682,mainstream,1
5990,0.036719,0.882931,0.080349,mainstream,3
5991,0.174478,0.391448,0.434074,niche,1
5992,0.174478,0.391448,0.434074,niche,1
5993,0.90539,0.08227,0.01234,pop,1
5994,0.037908,0.107364,0.854728,niche,1
5995,0.037908,0.107364,0.854728,niche,1
5996,0.000201,0.007794,0.992005,niche,1
5997,0.000201,0.007794,0.992005,niche,1
5998,0.001078,0.976395,0.022527,mainstream,1
5999,0.00307,0.986133,0.010797,mainstream,1
6000,0.015242,0.932729,0.052029,mainstream,1
6001,0.007211,0.41028,0.582508,niche,2
6002,0.004974,0.749329,0.245697,mainstream,1
6003,0.005968,0.983426,0.010606,mainstream,1
6004,0.005968,0.983426,0.010606,mainstream,1
6005,0.025712,0.951137,0.023151,mainstream,1
6006,0.025712,0.951137,0.023151,mainstream,1
6007,0.025712,0.951137,0.023151,mainstream,1
6008,0.110358,0.043583,0.846059,niche,1
6009,0.005527,0.088936,0.905537,niche,1
6010,0.014993,0.543146,0.441862,mainstream,1
6011,0.014993,0.543146,0.441862,mainstream,1
6012,0.008178,0.403551,0.588271,niche,1
6013,0.973874,0.013541,0.012585,pop,1
6014,0.973874,0.013541,0.012585,pop,1
6015,0.016564,0.484824,0.498612,niche,1
6016,0.001375,0.01539,0.983235,niche,1
6017,0.001375,0.01539,0.983235,niche,1
6018,0.007362,0.080484,0.912155,niche,1
6019,0.007362,0.080484,0.912155,niche,1
6020,0.003286,0.34198,0.654735,niche,1
6021,0.003286,0.34198,0.654735,niche,1
6022,0.004861,0.952822,0.042317,mainstream,1
6023,8e-05,0.003178,0.996742,niche,1
6024,0.001284,0.929058,0.069658,mainstream,1
6025,0.056076,0.047953,0.895971,niche,1
6026,0.030217,0.923126,0.046657,mainstream,1
6027,0.046217,0.772716,0.181067,mainstream,1
6028,0.046217,0.772716,0.181067,mainstream,1
6029,0.002856,0.9634,0.033744,mainstream,1
6030,0.002856,0.9634,0.033744,mainstream,1
6031,0.000447,0.018227,0.981326,niche,1
6032,0.000447,0.018227,0.981326,niche,1
6033,0.007561,0.129723,0.862716,niche,1
6034,0.000144,0.000597,0.999259,niche,1
6035,0.000144,0.000597,0.999259,niche,1
6036,0.003927,0.208457,0.787616,niche,1
6037,0.003927,0.208457,0.787616,niche,1
6038,0.159394,0.711761,0.128844,mainstream,1
6039,0.159394,0.711761,0.128844,mainstream,1
6040,0.003827,0.729951,0.266222,mainstream,1
6041,0.003827,0.729951,0.266222,mainstream,1
6042,0.03941,0.883115,0.077475,mainstream,1
6043,0.010257,0.102585,0.887158,niche,1
6044,0.010257,0.102585,0.887158,niche,1
6045,0.110917,0.243628,0.645455,niche,1
6046,0.009448,0.071231,0.91932,niche,1
6047,5.5e-05,0.007304,0.99264,niche,1
6048,5.5e-05,0.007304,0.99264,niche,1
6049,0.007313,0.028325,0.964362,niche,1
6050,0.005356,0.100526,0.894119,niche,1
6051,0.047481,0.696784,0.255736,mainstream,1
6052,0.000197,0.167397,0.832406,niche,1
6053,0.000197,0.167397,0.832406,niche,1
6054,0.037244,0.284147,0.678609,niche,1
6055,0.004705,0.10327,0.892025,niche,1
6056,0.015469,0.231131,0.7534,niche,1
6057,0.003464,0.888557,0.107979,mainstream,1
6058,0.003464,0.888557,0.107979,mainstream,1
6059,0.001895,0.016958,0.981147,niche,1
6060,0.027844,0.07248,0.899675,niche,1
6061,0.027844,0.07248,0.899675,niche,1
6062,0.003549,0.232039,0.764412,niche,1
6063,0.024061,0.899654,0.076285,mainstream,1
6064,0.18386,0.173963,0.642177,niche,1
6065,0.004604,0.221291,0.774105,niche,1
6066,0.004604,0.221291,0.774105,niche,1
6067,0.026243,0.941077,0.032679,mainstream,1
6068,0.026243,0.941077,0.032679,mainstream,1
6069,0.000215,0.046389,0.953395,niche,1
6070,0.003288,0.395916,0.600796,niche,1
6071,0.013412,0.144886,0.841702,niche,1
6072,0.013412,0.144886,0.841702,niche,1
6073,0.000119,0.001022,0.998859,niche,1
6074,0.003616,0.235665,0.760719,niche,1
6075,0.003616,0.235665,0.760719,niche,1
6076,0.101156,0.661318,0.237526,mainstream,1
6077,0.101156,0.661318,0.237526,mainstream,1
6078,0.000263,0.098625,0.901112,niche,1
6079,0.000263,0.098625,0.901112,niche,1
6080,0.033883,0.955272,0.010845,mainstream,2
6081,0.003006,0.965292,0.031702,mainstream,1
6082,0.001412,0.231774,0.766814,niche,1
6083,0.012944,0.872999,0.114057,mainstream,1
6084,0.012944,0.872999,0.114057,mainstream,1
6085,0.280412,0.66413,0.055458,mainstream,1
6086,0.050353,0.372093,0.577554,niche,1
6087,0.050353,0.372093,0.577554,niche,1
6088,0.001553,0.876169,0.122278,mainstream,1
6089,0.001553,0.876169,0.122278,mainstream,1
6090,0.011276,0.152458,0.836265,niche,1
6091,0.003583,0.336909,0.659508,niche,1
6092,0.010857,0.036472,0.952671,niche,1
6093,0.035339,0.723202,0.241459,mainstream,1
6094,0.240336,0.734087,0.025577,mainstream,1
6095,0.038366,0.108178,0.853455,niche,1
6096,0.013828,0.935185,0.050987,mainstream,1
6097,0.013952,0.50985,0.476198,mainstream,1
6098,0.002964,0.4527,0.544336,niche,1
6099,0.000817,0.490689,0.508494,niche,1
6100,0.000817,0.490689,0.508494,niche,1
6101,0.000117,0.008562,0.991321,niche,1
6102,0.776039,0.153285,0.070676,pop,1
6103,0.007662,0.347345,0.644992,niche,1
6104,0.000107,0.079391,0.920502,niche,1
6105,0.051397,0.07596,0.872643,niche,1
6106,0.191783,0.408891,0.399326,mainstream,1
6107,0.191783,0.408891,0.399326,mainstream,1
6108,0.003739,0.538179,0.458083,mainstream,1
6109,0.003739,0.538179,0.458083,mainstream,1
6110,0.000762,0.014916,0.984322,niche,1
6111,0.015181,0.107126,0.877692,niche,1
6112,0.996318,0.002832,0.00085,pop,1
6113,0.109834,0.882525,0.007642,mainstream,1
6114,0.109834,0.882525,0.007642,mainstream,1
6115,0.036434,0.432646,0.53092,niche,1
6116,0.001709,0.859118,0.139173,mainstream,1
6117,0.001709,0.859118,0.139173,mainstream,1
6118,0.019867,0.492449,0.487684,mainstream,1
6119,0.019867,0.492449,0.487684,mainstream,1
6120,0.000748,0.130628,0.868624,niche,1
6121,0.000708,0.004555,0.994737,niche,1
6122,0.000762,0.890496,0.108741,mainstream,1
6123,0.000762,0.890496,0.108741,mainstream,1
6124,0.036936,0.097577,0.865487,niche,1
6125,0.001685,0.266871,0.731444,niche,1
6126,0.003746,0.221526,0.774728,niche,1
6127,0.000702,0.646127,0.353171,mainstream,1
6128,0.001358,0.977262,0.02138,mainstream,1
6129,0.001358,0.977262,0.02138,mainstream,1
6130,0.00266,0.946943,0.050397,mainstream,1
6131,0.974155,0.019451,0.006394,pop,1
6132,0.974155,0.019451,0.006394,pop,1
6133,0.001771,0.851259,0.14697,mainstream,1
6134,0.005335,0.013173,0.981492,niche,1
6135,0.005335,0.013173,0.981492,niche,1
6136,0.029451,0.92461,0.045939,mainstream,1
6137,0.012729,0.387049,0.600222,niche,1
6138,0.012729,0.387049,0.600222,niche,1
6139,0.018599,0.271953,0.709448,niche,1
6140,0.018599,0.271953,0.709448,niche,1
6141,0.004387,0.354726,0.640887,niche,1
6142,0.00386,0.276539,0.719601,niche,1
6143,0.354445,0.314344,0.331211,pop,1
6144,0.000943,0.980691,0.018366,mainstream,1
6145,0.064669,0.513408,0.421922,mainstream,1
6146,0.00047,0.616011,0.383519,mainstream,1
6147,0.00047,0.616011,0.383519,mainstream,1
6148,9e-06,0.004184,0.995808,niche,1
6149,0.002782,0.968498,0.02872,mainstream,1
6150,0.002782,0.968498,0.02872,mainstream,1
6151,0.087198,0.364751,0.548051,niche,1
6152,0.022782,0.714945,0.262272,mainstream,1
6153,0.000463,0.003265,0.996271,niche,1
6154,0.000463,0.003265,0.996271,niche,1
6155,0.005032,0.403451,0.591517,niche,1
6156,0.045163,0.607726,0.347111,mainstream,1
6157,0.045163,0.607726,0.347111,mainstream,1
6158,0.000826,0.740357,0.258817,mainstream,1
6159,0.050278,0.168507,0.781215,niche,1
6160,0.001317,0.930208,0.068474,mainstream,1
6161,0.001317,0.930208,0.068474,mainstream,1
6162,0.006987,0.270074,0.722939,niche,1
6163,0.006987,0.270074,0.722939,niche,1
6164,0.001915,0.701052,0.297032,mainstream,1
6165,0.028478,0.635451,0.336072,mainstream,1
6166,0.012922,0.046849,0.94023,niche,1
6167,0.012922,0.046849,0.94023,niche,1
6168,0.001132,0.081731,0.917138,niche,1
6169,0.002577,0.98566,0.011763,mainstream,1
6170,0.040384,0.025408,0.934207,niche,1
6171,0.040384,0.025408,0.934207,niche,1
6172,0.896086,0.071243,0.032672,pop,1
6173,0.896086,0.071243,0.032672,pop,1
6174,0.339148,0.24989,0.410963,niche,1
6175,0.339148,0.24989,0.410963,niche,1
6176,0.094024,0.859792,0.046184,mainstream,1
6177,0.043901,0.293084,0.663015,niche,1
6178,0.007905,0.860122,0.131973,mainstream,1
6179,0.19898,0.166567,0.634453,niche,1
6180,0.19898,0.166567,0.634453,niche,1
6181,0.000622,0.117622,0.881757,niche,1
6182,0.000416,0.02548,0.974104,niche,1
6183,0.000416,0.02548,0.974104,niche,1
6184,0.00269,0.402651,0.594659,niche,1
6185,0.000837,0.032522,0.966641,niche,1
6186,0.000837,0.032522,0.966641,niche,1
6187,0.989649,0.003927,0.006423,pop,1
6188,0.989649,0.003927,0.006423,pop,1
6189,0.022107,0.401988,0.575905,niche,1
6190,0.022107,0.401988,0.575905,niche,1
6191,0.000427,0.025705,0.973868,niche,1
6192,0.000427,0.025705,0.973868,niche,1
6193,0.000443,0.001673,0.997884,niche,1
6194,0.000443,0.001673,0.997884,niche,1
6195,0.090299,0.67199,0.237711,mainstream,2
6196,0.005227,0.040595,0.954178,niche,1
6197,0.005227,0.040595,0.954178,niche,1
6198,0.073404,0.686787,0.239809,mainstream,1
6199,0.050492,0.068896,0.880613,niche,1
6200,0.003694,0.220374,0.775932,niche,1
6201,0.003694,0.220374,0.775932,niche,1
6202,0.011225,0.333008,0.655768,niche,1
6203,0.011225,0.333008,0.655768,niche,1
6204,0.936441,0.037802,0.025757,pop,1
6205,0.936441,0.037802,0.025757,pop,1
6206,0.936441,0.037802,0.025757,pop,1
6207,0.015952,0.218465,0.765583,niche,1
6208,0.015952,0.218465,0.765583,niche,1
6209,0.927198,0.062632,0.01017,pop,1
6210,0.927198,0.062632,0.01017,pop,1
6211,0.927198,0.062632,0.01017,pop,1
6212,0.002312,0.137861,0.859827,niche,1
6213,4.8e-05,0.003115,0.996837,niche,1
6214,0.193366,0.152342,0.654292,niche,1
6215,9.7e-05,0.005139,0.994764,niche,1
6216,0.006919,0.644229,0.348852,mainstream,1
6217,0.070312,0.792531,0.137157,mainstream,1
6218,0.070312,0.792531,0.137157,mainstream,1
6219,0.004568,0.322252,0.673181,niche,1
6220,0.004568,0.322252,0.673181,niche,1
6221,0.000234,0.040905,0.958861,niche,1
6222,0.007578,0.339981,0.652441,niche,1
6223,0.007578,0.339981,0.652441,niche,1
6224,0.025277,0.861135,0.113588,mainstream,1
6225,0.010909,0.972784,0.016307,mainstream,1
6226,0.16272,0.108463,0.728817,niche,1
6227,0.16272,0.108463,0.728817,niche,1
6228,0.207587,0.323943,0.46847,niche,1
6229,0.000131,0.004524,0.995346,niche,1
6230,0.000131,0.004524,0.995346,niche,1
6231,0.00158,0.012346,0.986074,niche,1
6232,3.2e-05,0.003237,0.996731,niche,1
6233,3.2e-05,0.003237,0.996731,niche,1
6234,0.00338,0.990356,0.006264,mainstream,1
6235,0.00338,0.990356,0.006264,mainstream,1
6236,0.044496,0.901721,0.053782,mainstream,1
6237,0.044496,0.901721,0.053782,mainstream,1
6238,0.02296,0.077819,0.899221,niche,1
6239,0.02296,0.077819,0.899221,niche,1
6240,0.001672,0.034036,0.964292,niche,1
6241,0.015179,0.010559,0.974261,niche,1
6242,0.015179,0.010559,0.974261,niche,1
6243,0.262859,0.187396,0.549745,niche,1
6244,0.007617,0.03661,0.955773,niche,1
6245,0.002009,0.986665,0.011327,mainstream,1
6246,0.002009,0.986665,0.011327,mainstream,1
6247,0.002804,0.458521,0.538675,niche,1
6248,0.002804,0.458521,0.538675,niche,1
6249,0.001224,0.431416,0.567359,niche,1
6250,0.035957,0.028086,0.935957,niche,1
6251,0.026153,0.060084,0.913763,niche,1
6252,0.994075,0.005417,0.000508,pop,1
6253,0.994075,0.005417,0.000508,pop,1
6254,0.994075,0.005417,0.000508,pop,1
6255,0.079291,0.818105,0.102605,mainstream,1
6256,0.004906,0.249516,0.745578,niche,1
6257,0.004933,0.921868,0.073199,mainstream,1
6258,0.015185,0.804644,0.180171,mainstream,1
6259,0.015185,0.804644,0.180171,mainstream,1
6260,0.109081,0.194251,0.696668,niche,184
6261,0.008701,0.039566,0.951733,niche,1
6262,0.34913,0.248862,0.402009,niche,6
6263,0.028002,0.240412,0.731586,niche,5
6264,0.080985,0.275324,0.643691,niche,79
6265,0.019373,0.336226,0.644402,niche,24
6266,0.058533,0.361085,0.580383,niche,42
6267,0.003527,0.008015,0.988457,niche,9
6268,0.026476,0.168448,0.805075,niche,44
6269,0.079133,0.521705,0.399162,mainstream,50
6270,0.082916,0.290223,0.626861,niche,177
6271,0.015319,0.112638,0.872043,niche,33
6272,0.003035,0.056454,0.940511,niche,1
6273,0.214291,0.277289,0.50842,niche,68
6274,0.073705,0.477472,0.448824,mainstream,52
6275,0.064043,0.258093,0.677864,niche,2
6276,0.000544,0.01959,0.979866,niche,6
6277,0.000545,0.031799,0.967655,niche,1
6278,0.002877,0.011713,0.98541,niche,1
6279,0.000209,0.005004,0.994787,niche,1
6280,0.012066,0.050895,0.937039,niche,37
6281,0.228092,0.290495,0.481413,niche,12
6282,0.007873,0.037956,0.954171,niche,4
6283,0.009201,0.765363,0.225437,mainstream,16
6284,0.00136,0.010449,0.98819,niche,7
6285,0.011217,0.308174,0.680609,niche,25
6286,0.01152,0.154184,0.834296,niche,25
6287,0.005027,0.049312,0.945661,niche,53
6288,0.000341,0.003928,0.99573,niche,3
6289,0.074202,0.796351,0.129447,mainstream,5
6290,0.012178,0.124317,0.863504,niche,29
6291,0.008407,0.101559,0.890034,niche,31
6292,0.038248,0.200985,0.760768,niche,83
6293,0.001334,0.330335,0.668331,niche,3
6294,0.092455,0.120132,0.787413,niche,14
6295,0.00353,0.014183,0.982287,niche,24
6296,0.002976,0.05248,0.944544,niche,23
6297,0.011331,0.344581,0.644087,niche,2
6298,0.285182,0.061811,0.653007,niche,4
6299,0.024758,0.307772,0.66747,niche,19
6300,0.002063,0.008011,0.989926,niche,2
6301,0.000733,0.00427,0.994996,niche,1
6302,0.046234,0.305357,0.648409,niche,15
6303,2.8e-05,0.001176,0.998795,niche,1
6304,0.022193,0.272201,0.705605,niche,36
6305,0.512845,0.16756,0.319595,pop,6
6306,0.01311,0.427891,0.559,niche,6
6307,0.000181,0.010656,0.989163,niche,1
6308,0.004295,0.004563,0.991141,niche,1
6309,0.111997,0.223733,0.66427,niche,25
6310,0.025325,0.031512,0.943163,niche,31
6311,0.14098,0.252393,0.606628,niche,34
6312,0.022841,0.01861,0.95855,niche,3
6313,0.00298,0.073269,0.923751,niche,1
6314,0.1154,0.279538,0.605062,niche,12
6315,0.045826,0.070358,0.883816,niche,6
6316,0.003382,0.097468,0.89915,niche,27
6317,5e-06,0.000194,0.999801,niche,1
6318,0.009187,0.141021,0.849791,niche,2
6319,0.070686,0.213415,0.715899,niche,9
6320,0.039393,0.03169,0.928917,niche,1
6321,0.001468,0.155816,0.842716,niche,9
6322,0.035873,0.433136,0.530991,niche,8
6323,0.004094,0.007106,0.988801,niche,1
6324,0.109286,0.037347,0.853368,niche,2
6325,0.005897,0.006679,0.987424,niche,1
6326,0.001932,0.092548,0.90552,niche,1
6327,0.00013,0.01227,0.987601,niche,1
6328,0.017293,0.156825,0.825881,niche,13
6329,0.005441,0.460883,0.533677,niche,2
6330,0.001324,0.078337,0.92034,niche,10
6331,0.001286,0.017287,0.981427,niche,3
6332,3.9e-05,0.003443,0.996518,niche,1
6333,0.001502,0.058676,0.939822,niche,3
6334,0.00908,0.232286,0.758634,niche,6
6335,0.004809,0.052627,0.942564,niche,13
6336,0.005803,0.027468,0.96673,niche,15
6337,0.031216,0.034433,0.934351,niche,6
6338,0.009882,0.036569,0.953548,niche,2
6339,0.000354,0.002548,0.997098,niche,6
6340,0.105104,0.270456,0.62444,niche,3
6341,0.143459,0.168707,0.687834,niche,22
6342,0.001333,0.092887,0.90578,niche,2
6343,0.051135,0.117697,0.831168,niche,4
6344,0.001914,0.101757,0.896329,niche,10
6345,0.015343,0.752609,0.232047,mainstream,4
6346,0.017606,0.55318,0.429214,mainstream,12
6347,0.274178,0.254655,0.471167,niche,24
6348,0.004529,0.041227,0.954244,niche,9
6349,1.1e-05,0.000408,0.999581,niche,1
6350,0.097536,0.006687,0.895777,niche,3
6351,0.063245,0.071361,0.865393,niche,50
6352,0.023951,0.176875,0.799174,niche,6
6353,0.010268,0.004118,0.985614,niche,2
6354,0.006548,0.005391,0.988061,niche,1
6355,0.005002,0.059254,0.935744,niche,6
6356,0.019416,0.252058,0.728526,niche,8
6357,0.000118,0.00107,0.998812,niche,1
6358,0.00011,0.002441,0.99745,niche,2
6359,1.6e-05,0.000494,0.999491,niche,2
6360,0.032078,0.027828,0.940094,niche,6
6361,0.170878,0.282472,0.54665,niche,10
6362,0.008832,0.061209,0.929959,niche,1
6363,0.0068,0.355621,0.637579,niche,13
6364,0.008776,0.086929,0.904295,niche,7
6365,0.031207,0.273071,0.695722,niche,11
6366,0.000108,0.009602,0.99029,niche,2
6367,0.006151,0.260028,0.733821,niche,9
6368,1.5e-05,8.9e-05,0.999895,niche,1
6369,0.006658,0.075121,0.918221,niche,6
6370,0.024441,0.46284,0.512719,niche,3
6371,0.002495,0.023504,0.974001,niche,1
6372,0.002874,0.014507,0.982619,niche,2
6373,6.3e-05,0.003342,0.996594,niche,2
6374,0.001,0.024107,0.974893,niche,3
6375,0.000694,0.005742,0.993565,niche,1
6376,0.178071,0.185719,0.63621,niche,18
6377,0.000215,0.02858,0.971205,niche,2
6378,0.003557,0.199349,0.797094,niche,2
6379,0.004327,0.062848,0.932825,niche,16
6380,0.000707,0.012354,0.986939,niche,1
6381,0.004527,0.09867,0.896804,niche,2
6382,0.000383,0.026051,0.973565,niche,2
6383,3e-05,0.000138,0.999831,niche,1
6384,0.174755,0.596238,0.229007,mainstream,7
6385,0.000313,0.004958,0.994729,niche,1
6386,0.001236,0.01246,0.986304,niche,5
6387,0.216429,0.145019,0.638552,niche,11
6388,0.001994,0.011968,0.986039,niche,2
6389,0.00095,0.006871,0.99218,niche,1
6390,0.000159,0.000137,0.999704,niche,1
6391,0.001595,0.010531,0.987874,niche,1
6392,0.002228,0.040816,0.956957,niche,19
6393,0.2053,0.045538,0.749162,niche,1
6394,0.000266,0.005609,0.994125,niche,1
6395,0.022015,0.081392,0.896593,niche,1
6396,0.023752,0.089742,0.886507,niche,6
6397,0.00061,0.022712,0.976679,niche,3
6398,0.000131,0.007345,0.992525,niche,2
6399,7.3e-05,0.005758,0.994169,niche,1
6400,0.000201,0.049652,0.950148,niche,1
6401,0.00857,0.020991,0.970439,niche,1
6402,0.020203,0.091081,0.888716,niche,1
6403,0.017391,0.192541,0.790069,niche,13
6404,0.042702,0.391173,0.566125,niche,2
6405,0.000122,0.006264,0.993614,niche,3
6406,0.000215,0.002437,0.997349,niche,1
6407,0.070344,0.275693,0.653964,niche,2
6408,0.00096,0.052223,0.946817,niche,2
6409,0.000255,0.007467,0.992278,niche,1
6410,0.151168,0.214191,0.634641,niche,6
6411,0.005156,0.598704,0.396141,mainstream,2
6412,0.001314,0.021114,0.977572,niche,1
6413,0.000267,0.098885,0.900848,niche,2
6414,0.003008,0.440519,0.556474,niche,4
6415,0.000791,0.050745,0.948464,niche,3
6416,0.045012,0.006677,0.948311,niche,1
6417,0.016033,0.122549,0.861418,niche,34
6418,0.000564,0.00147,0.997966,niche,1
6419,0.003196,0.708788,0.288015,mainstream,3
6420,0.003918,0.107034,0.889048,niche,12
6421,0.000465,0.006554,0.992981,niche,2
6422,0.000516,0.009517,0.989968,niche,1
6423,0.016488,0.07029,0.913222,niche,2
6424,0.014085,0.144852,0.841063,niche,1
6425,0.00406,0.378384,0.617556,niche,3
6426,0.001005,0.004755,0.99424,niche,1
6427,0.009723,0.681189,0.309089,mainstream,6
6428,0.000691,0.048315,0.950993,niche,10
6429,0.029904,0.130014,0.840083,niche,23
6430,0.164024,0.484065,0.351911,mainstream,6
6431,0.004981,0.595917,0.399102,mainstream,2
6432,0.175073,0.33507,0.489857,niche,6
6433,0.012644,0.153953,0.833403,niche,1
6434,0.18309,0.233745,0.583165,niche,1
6435,0.000497,7.7e-05,0.999426,niche,1
6436,0.017837,0.443752,0.538411,niche,3
6437,0.012116,0.006813,0.98107,niche,1
6438,0.000311,0.004163,0.995525,niche,1
6439,0.018592,0.064339,0.917069,niche,1
6440,0.071227,0.485132,0.443641,mainstream,1
6441,0.03299,0.646678,0.320332,mainstream,1
6442,0.004515,0.219497,0.775988,niche,11
6443,0.012906,0.136683,0.85041,niche,6
6444,0.558845,0.163342,0.277813,pop,12
6445,0.00161,0.225142,0.773248,niche,5
6446,0.000939,0.053052,0.946009,niche,2
6447,0.002515,0.003434,0.994051,niche,1
6448,0.015412,0.143957,0.840631,niche,5
6449,0.002202,0.60791,0.389887,mainstream,1
6450,0.030102,0.877375,0.092523,mainstream,1
6451,0.065394,0.099039,0.835568,niche,2
6452,0.000454,0.002755,0.996791,niche,1
6453,0.000882,0.011009,0.988109,niche,1
6454,0.000721,0.001634,0.997645,niche,1
6455,0.014988,0.060147,0.924865,niche,4
6456,0.001391,0.000381,0.998228,niche,1
6457,0.001517,0.101945,0.896538,niche,2
6458,0.00039,0.049808,0.949802,niche,1
6459,0.012834,0.164241,0.822925,niche,4
6460,0.006276,0.114806,0.878918,niche,2
6461,0.000877,0.096418,0.902705,niche,2
6462,0.020235,0.828081,0.151684,mainstream,1
6463,0.035162,0.015258,0.94958,niche,1
6464,0.001166,0.005217,0.993616,niche,5
6465,3.8e-05,0.001694,0.998269,niche,2
6466,0.073252,0.074197,0.852551,niche,5
6467,0.000104,0.001255,0.998642,niche,1
6468,0.053809,0.505637,0.440554,mainstream,5
6469,0.005655,0.814116,0.18023,mainstream,1
6470,0.022631,0.197147,0.780221,niche,1
6471,0.000293,0.001214,0.998492,niche,1
6472,0.001853,0.19148,0.806667,niche,3
6473,0.009335,0.648261,0.342404,mainstream,1
6474,0.018564,0.032186,0.94925,niche,1
6475,0.01672,0.067418,0.915862,niche,8
6476,0.005337,0.013107,0.981556,niche,1
6477,0.001548,0.091458,0.906994,niche,1
6478,0.00827,0.146619,0.845111,niche,1
6479,0.011672,0.420783,0.567545,niche,1
6480,0.008043,0.639363,0.352594,mainstream,3
6481,0.007214,0.200266,0.79252,niche,1
6482,8.1e-05,0.002551,0.997368,niche,1
6483,0.004738,0.158378,0.836884,niche,2
6484,0.01191,0.211231,0.776859,niche,5
6485,0.00087,0.068576,0.930554,niche,7
6486,0.001075,0.008711,0.990214,niche,1
6487,0.000691,0.003214,0.996095,niche,1
6488,0.555628,0.12276,0.321612,pop,1
6489,0.063482,0.164899,0.771619,niche,1
6490,0.002556,0.240046,0.7574,niche,2
6491,0.189741,0.049347,0.760911,niche,7
6492,0.008925,0.62911,0.361965,mainstream,1
6493,0.000881,0.856372,0.142747,mainstream,2
6494,0.368909,0.126944,0.504147,niche,5
6495,0.052529,0.207078,0.740393,niche,1
6496,0.003805,0.034157,0.962038,niche,1
6497,0.000907,0.024419,0.974673,niche,1
6498,0.066116,0.612177,0.321707,mainstream,4
6499,0.397292,0.273107,0.3296,pop,7
6500,0.161386,0.160884,0.67773,niche,6
6501,0.041551,0.476194,0.482254,niche,4
6502,0.003174,0.063613,0.933214,niche,2
6503,0.011221,0.130312,0.858468,niche,13
6504,0.049622,0.101579,0.848799,niche,2
6505,0.000821,0.019455,0.979724,niche,1
6506,0.04265,0.32569,0.63166,niche,1
6507,0.001547,0.707175,0.291278,mainstream,2
6508,0.000219,0.00428,0.995501,niche,3
6509,0.001042,0.032131,0.966827,niche,2
6510,0.010104,0.455959,0.533937,niche,16
6511,0.004882,0.561903,0.433215,mainstream,8
6512,0.00506,0.078102,0.916839,niche,14
6513,0.00073,0.050817,0.948453,niche,1
6514,0.002049,0.038143,0.959808,niche,1
6515,0.004339,0.041356,0.954304,niche,2
6516,0.002825,0.665089,0.332086,mainstream,4
6517,0.006016,0.235389,0.758595,niche,2
6518,0.011578,0.03098,0.957443,niche,1
6519,0.033857,0.588204,0.377939,mainstream,3
6520,0.001587,0.172405,0.826009,niche,1
6521,0.002435,0.189296,0.808269,niche,2
6522,0.25638,0.290281,0.453339,niche,10
6523,0.084716,0.042624,0.87266,niche,3
6524,0.027665,0.197498,0.774837,niche,3
6525,0.003902,0.015952,0.980145,niche,1
6526,0.006056,0.373824,0.620121,niche,1
6527,4.4e-05,0.002355,0.997601,niche,1
6528,0.573265,0.349144,0.077591,pop,2
6529,0.015411,0.034583,0.950006,niche,1
6530,0.026563,0.760208,0.213229,mainstream,1
6531,0.000624,0.095617,0.90376,niche,2
6532,0.036665,0.236375,0.72696,niche,3
6533,0.011549,0.056076,0.932375,niche,4
6534,0.009921,0.049787,0.940292,niche,1
6535,0.022549,0.232202,0.745249,niche,1
6536,0.006166,0.746837,0.246997,mainstream,1
6537,0.03131,0.436721,0.531969,niche,1
6538,0.006309,0.533605,0.460085,mainstream,3
6539,0.017835,0.068621,0.913544,niche,3
6540,0.023331,0.007921,0.968748,niche,1
6541,0.003194,0.24673,0.750076,niche,1
6542,0.102839,0.267631,0.62953,niche,2
6543,0.013303,0.043115,0.943583,niche,1
6544,0.002762,0.07569,0.92155,niche,2
6545,0.000502,0.009055,0.990442,niche,1
6546,0.000673,0.026218,0.973109,niche,1
6547,0.001573,0.010176,0.988252,niche,2
6548,0.00679,0.119483,0.873726,niche,1
6549,0.005263,0.586552,0.408185,mainstream,8
6550,0.000346,0.006951,0.992703,niche,1
6551,0.013773,0.202425,0.783802,niche,8
6552,0.000139,0.086507,0.913355,niche,1
6553,0.013243,0.092327,0.89443,niche,1
6554,0.000115,0.009785,0.9901,niche,1
6555,3e-06,0.000155,0.999842,niche,1
6556,0.040339,0.15074,0.808921,niche,1
6557,0.019798,0.016886,0.963316,niche,3
6558,0.002728,0.293184,0.704088,niche,3
6559,0.000136,0.020501,0.979362,niche,1
6560,0.000747,0.007382,0.991871,niche,2
6561,0.002034,0.120652,0.877313,niche,2
6562,0.003585,0.524845,0.471571,mainstream,2
6563,0.005137,0.895433,0.099431,mainstream,2
6564,0.998285,0.000794,0.000921,pop,2
6565,0.020456,0.33302,0.646524,niche,1
6566,0.00015,0.004719,0.99513,niche,1
6567,0.005759,0.694421,0.29982,mainstream,1
6568,0.003423,0.454827,0.54175,niche,2
6569,0.00011,0.19926,0.800631,niche,1
6570,0.174835,0.187949,0.637216,niche,2
6571,0.00163,0.010615,0.987755,niche,1
6572,0.277174,0.466184,0.256642,mainstream,1
6573,0.001219,0.016168,0.982613,niche,1
6574,0.001296,0.087729,0.910976,niche,3
6575,0.016179,0.277276,0.706545,niche,4
6576,0.060588,0.209146,0.730265,niche,2
6577,0.000339,0.021379,0.978282,niche,1
6578,0.000362,0.009849,0.989788,niche,1
6579,0.013489,0.832045,0.154466,mainstream,1
6580,0.000801,0.0276,0.971599,niche,1
6581,0.000267,0.041429,0.958304,niche,2
6582,0.004854,0.601421,0.393725,mainstream,3
6583,0.010325,0.130373,0.859301,niche,2
6584,0.003208,0.147472,0.84932,niche,1
6585,0.055647,0.245388,0.698965,niche,6
6586,0.034281,0.727282,0.238438,mainstream,4
6587,0.007955,0.724392,0.267653,mainstream,1
6588,0.077455,0.135828,0.786717,niche,1
6589,6.7e-05,0.00208,0.997852,niche,1
6590,0.321294,0.595292,0.083414,mainstream,1
6591,0.002893,0.054764,0.942343,niche,1
6592,0.000115,0.002644,0.997241,niche,1
6593,0.024906,0.322142,0.652952,niche,1
6594,0.00015,0.00382,0.99603,niche,1
6595,0.014539,0.06954,0.915921,niche,2
6596,0.00398,0.118169,0.877851,niche,1
6597,0.024976,0.2634,0.711623,niche,6
6598,0.042914,0.317726,0.63936,niche,3
6599,0.000283,0.010838,0.988879,niche,1
6600,0.023627,0.362611,0.613761,niche,2
6601,0.000427,0.00972,0.989854,niche,1
6602,6.8e-05,0.000619,0.999313,niche,1
6603,0.002793,0.762466,0.23474,mainstream,1
6604,0.001422,0.055788,0.942791,niche,1
6605,0.000141,0.000216,0.999643,niche,1
6606,0.002324,0.290731,0.706945,niche,2
6607,0.006441,0.028611,0.964948,niche,1
6608,0.067019,0.671718,0.261263,mainstream,1
6609,0.001188,0.029129,0.969683,niche,4
6610,0.009321,0.747489,0.24319,mainstream,1
6611,0.004733,0.62656,0.368707,mainstream,1
6612,0.010275,0.876172,0.113553,mainstream,3
6613,0.000657,0.042475,0.956868,niche,1
6614,0.140369,0.2565,0.60313,niche,3
6615,0.007685,0.038197,0.954118,niche,2
6616,0.010503,0.006015,0.983482,niche,1
6617,0.002699,0.984757,0.012544,mainstream,2
6618,0.00125,0.086202,0.912548,niche,1
6619,0.006581,0.38444,0.608979,niche,1
6620,0.009196,0.049706,0.941097,niche,1
6621,0.001125,0.002704,0.996171,niche,1
6622,0.045693,0.071458,0.882848,niche,1
6623,0.001547,0.036446,0.962007,niche,9
6624,0.163762,0.041915,0.794323,niche,3
6625,0.03543,0.723119,0.24145,mainstream,3
6626,0.005735,0.341886,0.652379,niche,1
6627,0.05766,0.871073,0.071267,mainstream,1
6628,0.028525,0.057614,0.913861,niche,2
6629,0.621992,0.258189,0.119819,pop,1
6630,0.000153,0.039839,0.960008,niche,1
6631,0.014166,0.014953,0.970881,niche,1
6632,0.000701,0.030129,0.96917,niche,1
6633,0.001335,0.010138,0.988526,niche,1
6634,0.004672,0.274231,0.721096,niche,7
6635,0.000132,0.011902,0.987966,niche,1
6636,0.017522,0.47384,0.508638,niche,1
6637,0.086459,0.412737,0.500803,niche,2
6638,0.012258,0.548879,0.438864,mainstream,1
6639,0.474436,0.163356,0.362208,pop,4
6640,0.321987,0.165576,0.512437,niche,3
6641,0.000638,0.022597,0.976765,niche,1
6642,0.002335,0.06295,0.934714,niche,1
6643,0.000511,0.036025,0.963463,niche,1
6644,0.002191,0.016371,0.981439,niche,1
6645,0.002321,0.423484,0.574195,niche,2
6646,0.016299,0.302004,0.681697,niche,2
6647,0.059416,0.008099,0.932485,niche,1
6648,0.021343,0.208203,0.770455,niche,2
6649,0.017968,0.010026,0.972006,niche,1
6650,0.10185,0.759298,0.138853,mainstream,4
6651,0.003099,0.216853,0.780048,niche,1
6652,0.002366,0.054517,0.943118,niche,1
6653,0.000798,0.175765,0.823437,niche,1
6654,0.065305,0.479095,0.4556,mainstream,9
6655,0.001891,0.015443,0.982666,niche,5
6656,0.038821,0.206065,0.755113,niche,1
6657,0.007774,0.66818,0.324046,mainstream,1
6658,0.004968,0.71368,0.281352,mainstream,1
6659,0.000126,0.000465,0.999408,niche,1
6660,0.004896,0.004235,0.990869,niche,1
6661,0.004176,0.324336,0.671488,niche,3
6662,0.000203,0.000907,0.99889,niche,1
6663,0.002013,0.715512,0.282475,mainstream,1
6664,0.003506,0.030932,0.965562,niche,1
6665,0.001481,0.009421,0.989098,niche,1
6666,0.001416,0.040044,0.958539,niche,1
6667,0.000646,0.017458,0.981896,niche,2
6668,0.017589,0.068496,0.913915,niche,1
6669,0.00015,0.004204,0.995647,niche,1
6670,0.014952,0.416484,0.568563,niche,1
6671,1.2e-05,9.8e-05,0.999889,niche,1
6672,0.002216,0.046705,0.951079,niche,7
6673,0.000327,0.000355,0.999318,niche,1
6674,0.000269,0.015347,0.984384,niche,1
6675,0.008813,0.04907,0.942117,niche,1
6676,0.000302,0.100836,0.898861,niche,2
6677,0.006333,0.003772,0.989895,niche,1
6678,7.7e-05,0.00191,0.998012,niche,1
6679,0.000568,0.00152,0.997912,niche,2
6680,0.000252,0.003067,0.996682,niche,1
6681,0.001722,0.082281,0.915997,niche,1
6682,0.030376,0.887334,0.08229,mainstream,1
6683,0.009177,0.037794,0.953029,niche,1
6684,0.001293,0.012577,0.98613,niche,1
6685,0.002766,0.061658,0.935576,niche,1
6686,0.003947,0.669465,0.326588,mainstream,1
6687,7.8e-05,0.001217,0.998704,niche,1
6688,0.000198,0.009776,0.990026,niche,1
6689,0.020621,0.035803,0.943576,niche,1
6690,0.009015,0.572797,0.418188,mainstream,2
6691,0.000607,0.00511,0.994283,niche,1
6692,0.005978,0.025191,0.968831,niche,1
6693,0.000446,0.022571,0.976983,niche,1
6694,0.002931,0.94164,0.055429,mainstream,3
6695,0.036152,0.634015,0.329834,mainstream,2
6696,0.014543,0.174217,0.811241,niche,1
6697,0.001188,0.050586,0.948227,niche,1
6698,0.002059,0.005364,0.992576,niche,2
6699,0.001842,0.091331,0.906826,niche,2
6700,0.007431,0.285326,0.707242,niche,4
6701,7.7e-05,0.000907,0.999016,niche,1
6702,2.4e-05,0.000107,0.999869,niche,1
6703,0.019315,0.195181,0.785504,niche,1
6704,0.000398,0.006845,0.992757,niche,1
6705,0.000181,0.006464,0.993355,niche,1
6706,0.003387,0.495779,0.500834,niche,1
6707,0.004638,0.092437,0.902924,niche,1
6708,0.008889,0.071583,0.919528,niche,1
6709,0.00278,0.026871,0.970349,niche,1
6710,0.006439,0.480626,0.512934,niche,2
6711,0.383836,0.055286,0.560879,niche,1
6712,0.17341,0.723286,0.103303,mainstream,1
6713,0.072619,0.761764,0.165617,mainstream,1
6714,0.003104,0.760184,0.236711,mainstream,1
6715,0.022713,0.489825,0.487462,mainstream,1
6716,0.175133,0.175044,0.649823,niche,1
6717,0.100087,0.26447,0.635443,niche,1
6718,0.001525,0.026698,0.971777,niche,1
6719,0.001416,0.509836,0.488748,mainstream,1
6720,0.009208,0.457044,0.533749,niche,1
6721,0.034665,0.143631,0.821704,niche,2
6722,0.000915,0.012354,0.986732,niche,1
6723,0.006125,0.614998,0.378877,mainstream,1
6724,0.126559,0.306739,0.566703,niche,2
6725,0.000388,0.039345,0.960268,niche,2
6726,0.008891,0.139906,0.851202,niche,1
6727,0.011007,0.63193,0.357063,mainstream,5
6728,0.00249,0.035418,0.962092,niche,1
6729,0.001596,0.002681,0.995723,niche,1
6730,0.000677,0.000351,0.998971,niche,1
6731,0.001203,0.028777,0.97002,niche,1
6732,0.000296,0.00153,0.998174,niche,1
6733,0.036057,0.83713,0.126813,mainstream,1
6734,0.000111,0.002509,0.99738,niche,2
6735,0.038651,0.016987,0.944362,niche,1
6736,0.000157,0.020346,0.979497,niche,1
6737,0.609447,0.34933,0.041224,pop,2
6738,8.6e-05,0.005082,0.994832,niche,1
6739,0.006246,0.803393,0.190361,mainstream,1
6740,0.0215,0.00989,0.96861,niche,1
6741,0.0062,0.066462,0.927338,niche,1
6742,0.163947,0.036615,0.799438,niche,2
6743,0.001494,0.731891,0.266615,mainstream,1
6744,0.024985,0.352226,0.622789,niche,1
6745,0.938261,0.028072,0.033667,pop,1
6746,0.002235,0.049959,0.947805,niche,1
6747,0.003882,0.94554,0.050577,mainstream,1
6748,0.006038,0.783649,0.210313,mainstream,1
6749,0.00022,0.006649,0.993131,niche,1
6750,0.020039,0.009587,0.970374,niche,1
6751,0.147586,0.366248,0.486167,niche,1
6752,0.000299,0.002185,0.997516,niche,1
6753,0.018763,0.022139,0.959098,niche,1
6754,0.025387,0.083485,0.891129,niche,1
6755,0.000549,0.059228,0.940223,niche,1
6756,0.000988,0.080087,0.918925,niche,1
6757,0.00445,0.125468,0.870082,niche,1
6758,0.001806,0.008319,0.989876,niche,2
6759,0.061475,0.267397,0.671128,niche,2
6760,0.027528,0.221003,0.751469,niche,1
6761,0.035919,0.085055,0.879027,niche,3
6762,0.074803,0.624959,0.300238,mainstream,2
6763,0.993236,0.003729,0.003035,pop,1
6764,0.00066,0.001715,0.997625,niche,1
6765,0.008061,0.647884,0.344055,mainstream,1
6766,0.001917,0.039594,0.958489,niche,1
6767,0.001965,0.009634,0.9884,niche,1
6768,0.031242,0.046172,0.922586,niche,1
6769,0.000635,0.000659,0.998706,niche,1
6770,0.009109,0.019101,0.97179,niche,1
6771,0.00469,0.186523,0.808787,niche,1
6772,0.000307,0.090573,0.90912,niche,1
6773,0.01681,0.28351,0.69968,niche,4
6774,0.016362,0.540644,0.442994,mainstream,12
6775,0.002106,0.010839,0.987056,niche,2
6776,4.1e-05,0.004723,0.995237,niche,1
6777,0.000443,0.006995,0.992562,niche,1
6778,0.01958,0.027214,0.953205,niche,1
6779,3.2e-05,0.000867,0.999101,niche,1
6780,0.006891,0.064559,0.92855,niche,1
6781,0.000107,0.001759,0.998134,niche,1
6782,0.017833,0.96815,0.014016,mainstream,1
6783,0.02644,0.79164,0.18192,mainstream,2
6784,7.7e-05,0.000278,0.999645,niche,2
6785,0.057538,0.266844,0.675618,niche,1
6786,0.008926,0.661955,0.329119,mainstream,1
6787,0.001872,0.101714,0.896414,niche,1
6788,0.01069,0.069414,0.919896,niche,1
6789,0.001279,0.007094,0.991627,niche,1
6790,0.000187,0.009475,0.990338,niche,1
6791,0.004095,0.331448,0.664456,niche,1
6792,0.004058,0.055472,0.94047,niche,1
6793,0.00462,0.304801,0.690579,niche,1
6794,5.5e-05,0.008192,0.991753,niche,1
6795,0.004525,0.108537,0.886938,niche,1
6796,0.016955,0.086449,0.896596,niche,1
6797,0.004755,0.588435,0.40681,mainstream,1
6798,0.002334,0.941082,0.056584,mainstream,2
6799,2.2e-05,0.000198,0.99978,niche,1
6800,0.006911,0.004082,0.989007,niche,1
6801,0.011506,0.033417,0.955077,niche,1
6802,0.494506,0.344662,0.160833,pop,1
6803,0.996151,0.001639,0.00221,pop,1
6804,0.000164,0.005435,0.994401,niche,1
6805,0.00082,0.174536,0.824644,niche,1
6806,0.991083,0.001896,0.00702,pop,1
6807,0.007916,0.916069,0.076015,mainstream,1
6808,0.296268,0.04943,0.654302,niche,1
6809,0.000146,0.004477,0.995377,niche,1
6810,0.016888,0.222555,0.760557,niche,1
6811,0.021397,0.053471,0.925133,niche,1
6812,0.774076,0.089524,0.1364,pop,1
6813,0.373571,0.506625,0.119804,mainstream,1
6814,0.000314,0.033458,0.966228,niche,1
6815,0.000151,0.009711,0.990138,niche,1
6816,0.024094,0.153446,0.822459,niche,1
6817,0.014317,0.148089,0.837595,niche,2
6818,0.004454,0.84692,0.148626,mainstream,1
6819,0.00146,0.227966,0.770575,niche,1
6820,0.002634,0.103122,0.894244,niche,1
6821,0.060911,0.254719,0.684369,niche,36
6822,0.941761,0.029666,0.028573,pop,1
6823,0.097005,0.233021,0.669974,niche,1
6824,0.207054,0.13124,0.661706,niche,1
6825,0.010205,0.091205,0.89859,niche,1
6826,0.005399,0.148423,0.846178,niche,1
6827,0.000172,0.006137,0.993691,niche,1
6828,0.000143,0.028332,0.971525,niche,1
6829,0.003165,0.332418,0.664416,niche,1
6830,0.001031,0.004781,0.994188,niche,1
6831,0.257313,0.380154,0.362533,mainstream,1
6832,0.017768,0.241612,0.74062,niche,1
6833,0.008277,0.125966,0.865757,niche,14
6834,0.00975,0.303446,0.686803,niche,1
6835,6.3e-05,0.00682,0.993117,niche,1
6836,0.0009,0.028942,0.970157,niche,3
6837,0.072653,0.46032,0.467027,niche,140
6838,0.004478,0.865081,0.130441,mainstream,1
6839,0.00397,0.329153,0.666877,niche,1
6840,0.010812,0.020393,0.968796,niche,1
6841,0.004627,0.387,0.608372,niche,1
6842,0.016535,0.267542,0.715923,niche,60
6843,0.604251,0.249053,0.146696,pop,1
6844,0.001917,0.870472,0.127611,mainstream,1
6845,0.001969,0.592712,0.405319,mainstream,4
6846,0.002956,0.338252,0.658791,niche,1
6847,0.001951,0.011529,0.986519,niche,1
6848,0.03822,0.82931,0.13247,mainstream,1
6849,0.006411,0.087354,0.906235,niche,1
6850,0.034988,0.045434,0.919578,niche,1
6851,0.006389,0.593855,0.399756,mainstream,1
6852,0.005142,0.00346,0.991399,niche,1
6853,0.000698,0.005283,0.99402,niche,1
6854,0.111125,0.716233,0.172642,mainstream,11
6855,0.003856,0.005196,0.990949,niche,1
6856,0.023128,0.008662,0.96821,niche,1
6857,0.000456,0.020238,0.979306,niche,1
6858,0.034264,0.040549,0.925187,niche,1
6859,0.000274,0.007691,0.992035,niche,1
6860,0.009829,0.016115,0.974057,niche,1
6861,0.001022,0.273459,0.725519,niche,1
6862,0.00122,0.003942,0.994837,niche,1
6863,0.012595,0.027263,0.960142,niche,1
6864,0.02804,0.619168,0.352792,mainstream,1
6865,0.000719,0.052049,0.947233,niche,1
6866,0.034837,0.899367,0.065795,mainstream,1
6867,0.313512,0.007229,0.679259,niche,1
6868,0.000351,0.002693,0.996957,niche,1
6869,0.064864,0.542895,0.392242,mainstream,1
6870,0.871683,0.028291,0.100026,pop,1
6871,0.226169,0.168719,0.605112,niche,2
6872,0.005621,0.175188,0.819191,niche,1
6873,0.023833,0.77677,0.199397,mainstream,1
6874,0.031234,0.750251,0.218516,mainstream,1
6875,0.008702,0.281049,0.71025,niche,2
6876,0.02468,0.600106,0.375214,mainstream,40
6877,0.010222,0.902285,0.087493,mainstream,1
6878,0.00573,0.118786,0.875484,niche,1
6879,0.033374,0.034161,0.932465,niche,3
6880,0.00332,0.02646,0.97022,niche,1
6881,0.336434,0.019804,0.643762,niche,1
6882,0.001092,0.049726,0.949182,niche,1
6883,0.004317,0.071591,0.924092,niche,1
6884,0.001459,0.252559,0.745981,niche,1
6885,0.063678,0.202248,0.734074,niche,1
6886,0.000862,0.023609,0.975529,niche,1
6887,0.004374,0.000624,0.995002,niche,1
6888,0.000442,0.003152,0.996405,niche,1
6889,0.023192,0.178594,0.798214,niche,1
6890,0.00426,0.182932,0.812808,niche,1
6891,0.000606,0.032786,0.966608,niche,1
6892,0.00951,0.205333,0.785158,niche,30
6893,0.726573,0.220069,0.053359,pop,2
6894,0.388935,0.264817,0.346248,pop,17
6895,0.053683,0.592228,0.354089,mainstream,295
6896,0.018054,0.387156,0.59479,niche,20
6897,0.133362,0.31099,0.555648,niche,256
6898,0.001291,0.522337,0.476372,mainstream,1
6899,0.015439,0.415597,0.568964,niche,65
6900,0.004429,0.293343,0.702228,niche,2
6901,0.01011,0.669844,0.320046,mainstream,14
6902,0.002081,0.19901,0.798909,niche,2
6903,0.008953,0.139569,0.851478,niche,1
6904,0.038654,0.457568,0.503778,niche,51
6905,0.03419,0.900335,0.065475,mainstream,1
6906,0.004245,0.265806,0.729949,niche,1
6907,0.000376,0.004291,0.995332,niche,2
6908,0.00355,0.989947,0.006504,mainstream,1
6909,0.001439,0.053625,0.944935,niche,1
6910,0.086435,0.230812,0.682752,niche,84
6911,0.011166,0.364976,0.623858,niche,44
6912,0.04847,0.711937,0.239593,mainstream,81
6913,0.008759,0.096006,0.895235,niche,56
6914,0.006425,0.176744,0.816831,niche,11
6915,0.012696,0.073371,0.913933,niche,1
6916,0.281538,0.4536,0.264862,mainstream,97
6917,0.630078,0.19594,0.173982,pop,7
6918,0.043191,0.575822,0.380987,mainstream,2
6919,0.006098,0.979001,0.014901,mainstream,2
6920,0.002339,0.299798,0.697864,niche,9
6921,0.014823,0.449238,0.535939,niche,11
6922,0.000274,0.063978,0.935748,niche,2
6923,0.000714,0.046762,0.952525,niche,4
6924,0.001306,0.074215,0.924478,niche,4
6925,0.067191,0.625888,0.30692,mainstream,5
6926,0.034489,0.253941,0.711569,niche,11
6927,0.155481,0.371824,0.472695,niche,29
6928,0.012286,0.08995,0.897764,niche,8
6929,0.000474,0.032816,0.96671,niche,1
6930,0.005302,0.079928,0.914771,niche,35
6931,0.066712,0.891285,0.042003,mainstream,1
6932,0.014824,0.970685,0.014491,mainstream,1
6933,0.094585,0.697222,0.208193,mainstream,1
6934,0.029357,0.754721,0.215922,mainstream,3
6935,0.012634,0.115105,0.872261,niche,23
6936,0.123088,0.545388,0.331523,mainstream,28
6937,0.014248,0.93086,0.054892,mainstream,1
6938,0.000611,0.017879,0.98151,niche,2
6939,0.010922,0.092028,0.89705,niche,1
6940,0.156051,0.455458,0.388491,mainstream,11
6941,0.136953,0.407656,0.455391,niche,10
6942,0.542976,0.411838,0.045185,pop,4
6943,0.002706,0.508717,0.488577,mainstream,1
6944,0.00331,0.062271,0.934419,niche,1
6945,0.991615,0.007352,0.001033,pop,1
6946,0.003755,0.167125,0.829121,niche,14
6947,0.002487,0.321486,0.676027,niche,11
6948,0.032391,0.649529,0.318079,mainstream,2
6949,0.006006,0.621155,0.372839,mainstream,12
6950,0.053578,0.357037,0.589385,niche,18
6951,0.051397,0.704904,0.243699,mainstream,79
6952,0.121214,0.840035,0.038751,mainstream,7
6953,0.003523,0.203461,0.793016,niche,21
6954,0.008575,0.341818,0.649607,niche,1
6955,0.108131,0.488501,0.403368,mainstream,45
6956,0.025666,0.285366,0.688967,niche,41
6957,0.004905,0.39225,0.602844,niche,3
6958,0.002937,0.986565,0.010499,mainstream,1
6959,0.055966,0.375047,0.568987,niche,5
6960,0.024792,0.962719,0.012489,mainstream,1
6961,0.246059,0.166406,0.587535,niche,5
6962,0.0102,0.223248,0.766553,niche,42
6963,0.065767,0.165146,0.769087,niche,5
6964,0.00269,0.149959,0.847351,niche,25
6965,0.005185,0.585141,0.409674,mainstream,29
6966,0.119396,0.31641,0.564194,niche,50
6967,0.006143,0.776042,0.217814,mainstream,4
6968,0.104884,0.3163,0.578816,niche,17
6969,0.061768,0.412266,0.525965,niche,39
6970,0.053375,0.475781,0.470844,mainstream,101
6971,0.005146,0.02787,0.966984,niche,1
6972,0.233879,0.582079,0.184042,mainstream,12
6973,0.0004,0.452454,0.547146,niche,2
6974,0.707725,0.244584,0.047691,pop,2
6975,0.027374,0.193539,0.779086,niche,12
6976,0.009109,0.735369,0.255522,mainstream,12
6977,0.01429,0.680037,0.305673,mainstream,4
6978,0.006453,0.089503,0.904043,niche,2
6979,0.575859,0.418305,0.005837,pop,1
6980,0.001851,0.456214,0.541935,niche,3
6981,0.010291,0.195295,0.794414,niche,3
6982,0.006166,0.720239,0.273595,mainstream,1
6983,0.035937,0.35673,0.607333,niche,37
6984,0.007215,0.398931,0.593853,niche,5
6985,0.173008,0.4689,0.358091,mainstream,6
6986,0.0011,0.986763,0.012138,mainstream,1
6987,0.007147,0.937309,0.055544,mainstream,2
6988,0.001605,0.745136,0.253258,mainstream,4
6989,0.000276,0.040891,0.958833,niche,2
6990,0.121016,0.681753,0.197231,mainstream,4
6991,0.00281,0.971259,0.025932,mainstream,1
6992,0.010786,0.084836,0.904378,niche,8
6993,0.001334,0.1251,0.873566,niche,1
6994,9.5e-05,0.00551,0.994395,niche,1
6995,0.00608,0.214661,0.779259,niche,1
6996,0.022679,0.921727,0.055595,mainstream,1
6997,0.000958,0.837451,0.161591,mainstream,1
6998,4.4e-05,0.011234,0.988722,niche,2
6999,0.022575,0.434582,0.542843,niche,2
7000,0.016002,0.418322,0.565676,niche,11
7001,0.012103,0.496039,0.491858,mainstream,28
7002,0.002741,0.984653,0.012606,mainstream,1
7003,0.038836,0.870607,0.090557,mainstream,2
7004,0.020739,0.781992,0.197269,mainstream,13
7005,0.000204,0.014742,0.985054,niche,1
7006,0.000391,0.02026,0.979348,niche,2
7007,0.032496,0.162725,0.804778,niche,49
7008,0.048194,0.167122,0.784684,niche,11
7009,0.202001,0.769415,0.028583,mainstream,5
7010,0.013173,0.122998,0.863829,niche,10
7011,0.00064,0.064383,0.934977,niche,1
7012,0.004011,0.927307,0.068682,mainstream,1
7013,0.002665,0.221147,0.776188,niche,3
7014,0.000683,0.039195,0.960122,niche,1
7015,0.126081,0.46049,0.413429,mainstream,13
7016,0.015852,0.066331,0.917817,niche,1
7017,0.01009,0.184191,0.805719,niche,16
7018,0.009361,0.916449,0.07419,mainstream,2
7019,0.013683,0.070861,0.915456,niche,13
7020,0.330699,0.215145,0.454156,niche,1
7021,0.001936,0.115494,0.88257,niche,1
7022,0.014179,0.290351,0.695471,niche,4
7023,0.017021,0.623259,0.35972,mainstream,44
7024,0.002465,0.009724,0.987811,niche,2
7025,0.283895,0.393162,0.322943,mainstream,39
7026,0.137032,0.758064,0.104905,mainstream,6
7027,0.291743,0.42744,0.280817,mainstream,15
7028,0.082968,0.684527,0.232506,mainstream,2
7029,0.335301,0.34354,0.321159,mainstream,12
7030,0.249086,0.485476,0.265438,mainstream,19
7031,0.01576,0.826421,0.157818,mainstream,2
7032,0.001027,0.36646,0.632513,niche,1
7033,0.000741,0.43518,0.564079,niche,1
7034,0.130979,0.132176,0.736846,niche,4
7035,0.071817,0.614854,0.313329,mainstream,1
7036,0.000207,0.007956,0.991837,niche,3
7037,0.009819,0.898203,0.091978,mainstream,3
7038,0.000273,0.230469,0.769258,niche,1
7039,0.003148,0.752058,0.244794,mainstream,1
7040,0.258339,0.659193,0.082468,mainstream,1
7041,0.034343,0.486929,0.478728,mainstream,17
7042,0.014436,0.07166,0.913904,niche,1
7043,0.01676,0.968696,0.014544,mainstream,3
7044,0.001704,0.008908,0.989389,niche,1
7045,0.062624,0.139086,0.79829,niche,1
7046,0.871592,0.115062,0.013345,pop,2
7047,0.006127,0.078787,0.915085,niche,5
7048,0.000744,0.986352,0.012903,mainstream,1
7049,0.01607,0.943158,0.040771,mainstream,1
7050,0.325047,0.185179,0.489774,niche,3
7051,0.397685,0.37827,0.224046,pop,4
7052,0.019415,0.43571,0.544875,niche,1
7053,0.001868,0.20466,0.793471,niche,2
7054,0.003251,0.503427,0.493322,mainstream,4
7055,0.012238,0.433335,0.554428,niche,6
7056,0.005171,0.730259,0.264569,mainstream,1
7057,0.216361,0.307761,0.475878,niche,3
7058,0.002195,0.609723,0.388082,mainstream,2
7059,0.003236,0.086511,0.910253,niche,1
7060,0.005117,0.316225,0.678659,niche,3
7061,0.025363,0.630717,0.34392,mainstream,1
7062,0.020878,0.222468,0.756654,niche,9
7063,0.484811,0.475342,0.039847,pop,2
7064,0.000576,0.058816,0.940608,niche,1
7065,0.005913,0.585604,0.408483,mainstream,26
7066,0.000142,0.041532,0.958326,niche,1
7067,0.130289,0.398956,0.470756,niche,10
7068,0.017112,0.202835,0.780053,niche,2
7069,0.028189,0.741339,0.230472,mainstream,2
7070,0.010717,0.238605,0.750677,niche,5
7071,0.007309,0.164157,0.828534,niche,1
7072,0.011828,0.136887,0.851285,niche,2
7073,0.041217,0.580307,0.378476,mainstream,1
7074,0.03357,0.65669,0.309739,mainstream,3
7075,0.009574,0.172816,0.817611,niche,10
7076,0.00036,0.025319,0.974321,niche,1
7077,0.011138,0.184728,0.804133,niche,5
7078,0.005468,0.469239,0.525294,niche,4
7079,0.010392,0.63999,0.349618,mainstream,1
7080,0.040883,0.00951,0.949607,niche,4
7081,0.921663,0.075346,0.002991,pop,1
7082,0.015427,0.879535,0.105037,mainstream,1
7083,0.015629,0.330929,0.653442,niche,4
7084,0.034505,0.924014,0.04148,mainstream,1
7085,0.007687,0.840361,0.151952,mainstream,3
7086,0.022513,0.448837,0.528651,niche,14
7087,0.117921,0.866407,0.015672,mainstream,1
7088,0.004902,0.010707,0.984391,niche,1
7089,0.008031,0.327231,0.664738,niche,5
7090,0.001455,0.00586,0.992685,niche,1
7091,0.014816,0.445485,0.539699,niche,6
7092,0.00033,0.008974,0.990697,niche,1
7093,0.02316,0.56019,0.41665,mainstream,3
7094,0.154579,0.577773,0.267648,mainstream,22
7095,0.239401,0.660915,0.099683,mainstream,6
7096,0.972613,0.026051,0.001336,pop,1
7097,0.000435,0.406728,0.592836,niche,1
7098,0.00037,0.028756,0.970874,niche,2
7099,0.000207,0.390063,0.60973,niche,1
7100,0.074938,0.418643,0.50642,niche,2
7101,0.49824,0.206072,0.295688,pop,2
7102,0.001741,0.987654,0.010605,mainstream,1
7103,0.697635,0.127671,0.174694,pop,1
7104,0.003663,0.190939,0.805398,niche,7
7105,0.956449,0.041024,0.002527,pop,1
7106,0.002851,0.007171,0.989979,niche,1
7107,0.004541,0.060055,0.935404,niche,2
7108,0.00265,0.59255,0.4048,mainstream,1
7109,0.089803,0.655207,0.25499,mainstream,2
7110,0.000549,0.029806,0.969645,niche,2
7111,0.020298,0.244241,0.735461,niche,4
7112,0.402947,0.431683,0.165369,mainstream,3
7113,0.002452,0.09077,0.906778,niche,1
7114,0.429298,0.13334,0.437361,niche,1
7115,0.002251,0.986035,0.011714,mainstream,1
7116,0.025829,0.703726,0.270445,mainstream,4
7117,0.00051,0.007551,0.991939,niche,1
7118,0.000803,0.035517,0.963681,niche,2
7119,0.020402,0.940792,0.038806,mainstream,1
7120,0.014413,0.154099,0.831488,niche,5
7121,4.8e-05,0.003116,0.996836,niche,1
7122,0.089652,0.881674,0.028675,mainstream,1
7123,0.001555,0.031522,0.966923,niche,1
7124,0.001863,0.843799,0.154338,mainstream,2
7125,0.011875,0.324673,0.663453,niche,1
7126,0.002584,0.154057,0.843359,niche,1
7127,0.005344,0.927462,0.067194,mainstream,2
7128,0.441801,0.538396,0.019803,mainstream,2
7129,0.223484,0.602755,0.173761,mainstream,5
7130,0.008257,0.469515,0.522228,niche,3
7131,0.008311,0.488247,0.503443,niche,2
7132,0.000788,0.068217,0.930995,niche,1
7133,0.005432,0.014225,0.980343,niche,1
7134,0.001823,0.308821,0.689355,niche,1
7135,0.001617,0.198436,0.799948,niche,4
7136,0.037056,0.400716,0.562227,niche,5
7137,7.3e-05,0.044767,0.955159,niche,1
7138,0.009768,0.981994,0.008238,mainstream,1
7139,0.011856,0.201531,0.786613,niche,10
7140,0.000699,0.124671,0.87463,niche,1
7141,0.006773,0.390148,0.603079,niche,1
7142,0.062566,0.870957,0.066477,mainstream,1
7143,0.016366,0.555748,0.427886,mainstream,4
7144,0.020422,0.449212,0.530367,niche,1
7145,0.000754,0.085006,0.91424,niche,1
7146,0.007663,0.194851,0.797486,niche,1
7147,0.00377,0.85799,0.138239,mainstream,2
7148,0.546769,0.426488,0.026742,pop,1
7149,0.004525,0.373414,0.622061,niche,1
7150,0.002333,0.931752,0.065915,mainstream,4
7151,0.016837,0.37719,0.605972,niche,1
7152,0.053132,0.426625,0.520242,niche,2
7153,0.011613,0.190422,0.797965,niche,1
7154,0.008656,0.33792,0.653424,niche,1
7155,0.006458,0.744865,0.248677,mainstream,1
7156,0.000832,0.56109,0.438078,mainstream,1
7157,0.002076,0.935876,0.062048,mainstream,2
7158,0.078489,0.820954,0.100557,mainstream,1
7159,0.020964,0.955638,0.023399,mainstream,1
7160,0.001566,0.00651,0.991924,niche,6
7161,0.037103,0.426568,0.536329,niche,1
7162,0.00634,0.962975,0.030685,mainstream,1
7163,0.133773,0.657426,0.208801,mainstream,1
7164,0.014098,0.844546,0.141356,mainstream,1
7165,0.978753,0.012137,0.00911,pop,1
7166,0.037864,0.294428,0.667707,niche,3
7167,0.013351,0.355267,0.631382,niche,4
7168,0.800236,0.159333,0.040431,pop,1
7169,0.005686,0.108329,0.885985,niche,1
7170,0.001518,0.004441,0.994041,niche,3
7171,0.003698,0.447732,0.548569,niche,1
7172,0.010457,0.21195,0.777593,niche,3
7173,0.000241,0.150493,0.849266,niche,1
7174,0.007976,0.895215,0.09681,mainstream,2
7175,0.002995,0.433663,0.563342,niche,2
7176,0.00118,0.038477,0.960343,niche,1
7177,0.002511,0.856074,0.141416,mainstream,3
7178,0.119389,0.274658,0.605954,niche,1
7179,0.005311,0.774384,0.220305,mainstream,7
7180,0.046137,0.22801,0.725853,niche,2
7181,0.002981,0.083757,0.913263,niche,6
7182,0.00687,0.933531,0.0596,mainstream,1
7183,0.000663,0.020359,0.978978,niche,1
7184,0.001487,0.039682,0.95883,niche,1
7185,0.001681,0.318731,0.679588,niche,1
7186,0.041613,0.238684,0.719703,niche,2
7187,0.017031,0.343705,0.639265,niche,3
7188,0.03047,0.356678,0.612852,niche,4
7189,0.002312,0.843207,0.154481,mainstream,2
7190,0.003156,0.413523,0.583321,niche,1
7191,0.004571,0.591633,0.403797,mainstream,4
7192,0.002102,0.986343,0.011555,mainstream,1
7193,0.841092,0.121081,0.037827,pop,1
7194,0.026684,0.109797,0.863519,niche,1
7195,0.002527,0.975303,0.02217,mainstream,2
7196,0.000408,0.117058,0.882534,niche,1
7197,0.000642,0.017006,0.982352,niche,1
7198,0.000692,0.630226,0.369082,mainstream,1
7199,0.03454,0.712664,0.252796,mainstream,3
7200,0.003809,0.371135,0.625056,niche,1
7201,0.004916,0.177574,0.81751,niche,1
7202,0.234964,0.43326,0.331776,mainstream,2
7203,0.001028,0.988291,0.01068,mainstream,1
7204,0.001422,0.984132,0.014446,mainstream,1
7205,0.036853,0.097665,0.865483,niche,2
7206,0.000808,0.022195,0.976997,niche,1
7207,0.000406,0.390808,0.608786,niche,1
7208,0.000945,0.05564,0.943414,niche,1
7209,0.042064,0.907911,0.050025,mainstream,1
7210,0.002478,0.688007,0.309516,mainstream,1
7211,0.103373,0.804189,0.092439,mainstream,5
7212,0.047158,0.819016,0.133825,mainstream,1
7213,0.965043,0.022489,0.012468,pop,1
7214,0.002068,0.256946,0.740985,niche,1
7215,0.030005,0.539004,0.430991,mainstream,1
7216,0.032455,0.680309,0.287236,mainstream,1
7217,0.404502,0.374009,0.22149,pop,2
7218,0.003893,0.834628,0.161479,mainstream,2
7219,0.01553,0.150099,0.834371,niche,1
7220,0.005015,0.571406,0.423579,mainstream,1
7221,0.016266,0.177104,0.80663,niche,4
7222,0.002116,0.134699,0.863185,niche,2
7223,0.000584,0.371211,0.628204,niche,5
7224,0.043489,0.01626,0.940251,niche,1
7225,0.001459,0.988673,0.009867,mainstream,1
7226,0.057557,0.730512,0.211932,mainstream,1
7227,0.005201,0.807804,0.186995,mainstream,2
7228,0.022423,0.970207,0.007369,mainstream,1
7229,0.002704,0.144431,0.852864,niche,2
7230,0.005511,0.038259,0.956231,niche,3
7231,0.011856,0.941532,0.046613,mainstream,1
7232,0.000134,0.003358,0.996508,niche,1
7233,0.000863,0.144557,0.85458,niche,1
7234,0.019826,0.233557,0.746617,niche,1
7235,0.007761,0.802655,0.189584,mainstream,2
7236,0.029566,0.860452,0.109982,mainstream,2
7237,0.112047,0.787518,0.100435,mainstream,7
7238,0.005323,0.59001,0.404667,mainstream,3
7239,0.010015,0.956163,0.033821,mainstream,1
7240,0.004182,0.954967,0.040852,mainstream,1
7241,0.000257,0.095832,0.903911,niche,1
7242,0.012699,0.868175,0.119126,mainstream,1
7243,0.89128,0.07308,0.03564,pop,1
7244,0.005399,0.874437,0.120165,mainstream,1
7245,0.319753,0.057904,0.622344,niche,1
7246,0.01266,0.97343,0.01391,mainstream,1
7247,0.02809,0.772369,0.199542,mainstream,1
7248,0.00728,0.839269,0.15345,mainstream,2
7249,0.001879,0.971481,0.02664,mainstream,1
7250,0.006768,0.199464,0.793768,niche,1
7251,0.427881,0.43151,0.140609,mainstream,1
7252,0.049547,0.343528,0.606925,niche,1
7253,0.020292,0.80881,0.170899,mainstream,1
7254,0.005493,0.787052,0.207455,mainstream,1
7255,0.000276,0.328795,0.670929,niche,1
7256,0.065461,0.049838,0.884702,niche,1
7257,0.004237,0.09675,0.899013,niche,1
7258,0.06671,0.104152,0.829137,niche,4
7259,0.340575,0.271207,0.388218,niche,3
7260,0.919332,0.058534,0.022134,pop,1
7261,0.741142,0.216332,0.042527,pop,1
7262,0.073011,0.852248,0.074741,mainstream,1
7263,0.001672,0.161799,0.83653,niche,1
7264,0.002611,0.474238,0.52315,niche,1
7265,0.322379,0.660979,0.016642,mainstream,2
7266,0.003483,0.226845,0.769672,niche,1
7267,0.005595,0.939771,0.054635,mainstream,2
7268,0.007467,0.326872,0.665661,niche,5
7269,0.00421,0.057033,0.938757,niche,1
7270,0.016129,0.377684,0.606186,niche,2
7271,0.104113,0.836035,0.059852,mainstream,1
7272,0.00604,0.213262,0.780698,niche,6
7273,0.000776,0.042664,0.95656,niche,2
7274,0.026492,0.125865,0.847643,niche,1
7275,0.004267,0.193208,0.802525,niche,1
7276,0.127284,0.419077,0.453639,niche,1
7277,0.380142,0.24527,0.374588,pop,2
7278,0.023956,0.244492,0.731552,niche,2
7279,0.078716,0.222226,0.699058,niche,1
7280,0.02769,0.046939,0.925372,niche,1
7281,0.00389,0.839277,0.156834,mainstream,1
7282,0.000149,0.004407,0.995444,niche,2
7283,0.003404,0.076305,0.920291,niche,1
7284,0.013554,0.161163,0.825282,niche,1
7285,0.023751,0.648106,0.328144,mainstream,2
7286,0.004574,0.1666,0.828826,niche,2
7287,0.001384,0.08032,0.918297,niche,1
7288,0.009644,0.153785,0.836571,niche,1
7289,0.215061,0.09551,0.68943,niche,5
7290,0.001111,0.610471,0.388418,mainstream,1
7291,0.001866,0.987461,0.010674,mainstream,1
7292,0.006632,0.92993,0.063437,mainstream,2
7293,0.49386,0.479179,0.026961,pop,2
7294,0.110466,0.619079,0.270455,mainstream,1
7295,0.056425,0.489851,0.453724,mainstream,2
7296,0.03574,0.375541,0.588718,niche,1
7297,0.000325,0.012879,0.986796,niche,3
7298,0.041221,0.640099,0.318679,mainstream,1
7299,0.000649,0.007523,0.991828,niche,1
7300,0.550686,0.41543,0.033884,pop,1
7301,0.046286,0.620354,0.33336,mainstream,3
7302,0.002803,0.170436,0.826762,niche,1
7303,0.002654,0.109524,0.887822,niche,1
7304,0.013912,0.224185,0.761904,niche,2
7305,0.001005,0.0022,0.996795,niche,1
7306,0.001171,0.254026,0.744803,niche,1
7307,0.090111,0.297874,0.612015,niche,1
7308,0.000633,0.002093,0.997275,niche,1
7309,0.00091,0.796691,0.202399,mainstream,2
7310,0.042262,0.877296,0.080441,mainstream,3
7311,0.006882,0.299611,0.693507,niche,5
7312,6.1e-05,0.008267,0.991672,niche,1
7313,0.000558,0.442403,0.55704,niche,2
7314,0.015505,0.044533,0.939962,niche,2
7315,0.32978,0.102382,0.567838,niche,3
7316,0.0038,0.498882,0.497317,mainstream,2
7317,0.002855,0.038163,0.958982,niche,2
7318,0.254332,0.62043,0.125238,mainstream,2
7319,0.000468,0.268454,0.731079,niche,1
7320,0.00453,0.179797,0.815673,niche,1
7321,3.3e-05,0.002937,0.99703,niche,1
7322,0.001057,0.16488,0.834063,niche,1
7323,0.01554,0.324383,0.660077,niche,5
7324,0.007498,0.134854,0.857648,niche,1
7325,0.002545,0.559871,0.437583,mainstream,1
7326,0.006197,0.359459,0.634344,niche,1
7327,0.017794,0.395796,0.586411,niche,1
7328,0.069294,0.78854,0.142166,mainstream,2
7329,0.016607,0.872342,0.111051,mainstream,1
7330,0.003027,0.714479,0.282494,mainstream,1
7331,0.009587,0.769342,0.221071,mainstream,1
7332,0.000139,0.028101,0.97176,niche,1
7333,0.000406,0.025828,0.973766,niche,1
7334,0.004893,0.859435,0.135672,mainstream,1
7335,0.001214,0.204299,0.794487,niche,2
7336,0.004526,0.794012,0.201462,mainstream,1
7337,0.002672,0.795789,0.20154,mainstream,1
7338,0.024673,0.27279,0.702537,niche,1
7339,0.298593,0.464243,0.237164,mainstream,1
7340,0.026063,0.838418,0.135518,mainstream,2
7341,0.009846,0.20536,0.784794,niche,1
7342,0.005342,0.023407,0.971251,niche,1
7343,0.007342,0.924019,0.068639,mainstream,1
7344,0.009745,0.132002,0.858252,niche,2
7345,0.002257,0.087921,0.909821,niche,1
7346,0.001518,0.030642,0.96784,niche,1
7347,0.000989,0.991906,0.007105,mainstream,1
7348,0.008205,0.922511,0.069284,mainstream,3
7349,0.145498,0.82362,0.030882,mainstream,1
7350,0.0006,0.627622,0.371778,mainstream,1
7351,0.003276,0.011115,0.985609,niche,1
7352,0.001067,0.056679,0.942254,niche,1
7353,7e-05,0.047599,0.95233,niche,1
7354,0.100188,0.113727,0.786085,niche,1
7355,0.000312,0.051957,0.94773,niche,1
7356,0.020576,0.229957,0.749467,niche,1
7357,0.000328,0.17991,0.819762,niche,1
7358,0.004888,0.392809,0.602302,niche,1
7359,0.002039,0.111951,0.88601,niche,1
7360,0.479581,0.285909,0.234511,pop,2
7361,0.022054,0.734909,0.243036,mainstream,1
7362,0.022736,0.618884,0.35838,mainstream,1
7363,0.00607,0.216777,0.777153,niche,1
7364,0.120631,0.541323,0.338046,mainstream,1
7365,0.000322,0.004272,0.995406,niche,1
7366,0.003939,0.27784,0.718221,niche,2
7367,0.005886,0.361959,0.632156,niche,1
7368,0.007658,0.292924,0.699417,niche,1
7369,0.021496,0.337949,0.640554,niche,1
7370,0.000118,0.004446,0.995436,niche,1
7371,0.000358,0.081114,0.918528,niche,1
7372,0.99422,0.005275,0.000505,pop,1
7373,0.004767,0.010649,0.984584,niche,1
7374,0.000599,0.044605,0.954796,niche,1
7375,0.047018,0.384672,0.568309,niche,5
7376,0.054419,0.206903,0.738677,niche,1
7377,0.226579,0.503144,0.270277,mainstream,1
7378,0.008502,0.290274,0.701225,niche,2
7379,0.001462,0.990177,0.008361,mainstream,2
7380,0.012897,0.962408,0.024696,mainstream,1
7381,0.000537,0.018254,0.981208,niche,2
7382,0.010336,0.070683,0.918981,niche,1
7383,3.8e-05,0.002451,0.997511,niche,1
7384,0.071641,0.221497,0.706861,niche,1
7385,0.00055,0.028615,0.970834,niche,2
7386,0.008821,0.179118,0.812061,niche,1
7387,0.070768,0.55852,0.370712,mainstream,1
7388,0.002738,0.77188,0.225382,mainstream,1
7389,0.038518,0.872335,0.089147,mainstream,1
7390,0.024915,0.952181,0.022904,mainstream,1
7391,0.001007,0.159969,0.839024,niche,1
7392,0.001943,0.022915,0.975142,niche,1
7393,0.004268,0.934526,0.061206,mainstream,1
7394,0.000484,0.298485,0.701031,niche,1
7395,0.3297,0.640824,0.029477,mainstream,5
7396,0.002309,0.811971,0.18572,mainstream,1
7397,0.010919,0.104289,0.884792,niche,1
7398,0.009531,0.610971,0.379498,mainstream,1
7399,0.037699,0.604279,0.358022,mainstream,1
7400,0.001425,0.108508,0.890067,niche,1
7401,0.003325,0.770691,0.225983,mainstream,4
7402,4.3e-05,0.003058,0.996899,niche,1
7403,9e-05,0.013608,0.986302,niche,1
7404,0.022911,0.868713,0.108376,mainstream,1
7405,0.011413,0.9721,0.016488,mainstream,3
7406,0.029296,0.16329,0.807413,niche,1
7407,0.005591,0.06571,0.928699,niche,1
7408,0.268915,0.656246,0.07484,mainstream,4
7409,0.003211,0.945397,0.051393,mainstream,5
7410,4.1e-05,0.04067,0.959288,niche,1
7411,0.005174,0.281175,0.713651,niche,1
7412,0.001098,0.133552,0.86535,niche,1
7413,0.004767,0.061225,0.934008,niche,1
7414,0.017291,0.347895,0.634815,niche,1
7415,0.085335,0.571958,0.342707,mainstream,1
7416,0.011999,0.03984,0.948161,niche,1
7417,0.027652,0.339198,0.633149,niche,3
7418,0.319274,0.632742,0.047984,mainstream,1
7419,0.461442,0.47437,0.064189,mainstream,2
7420,0.000518,0.614351,0.385131,mainstream,1
7421,0.00803,0.220527,0.771443,niche,1
7422,0.003116,0.03705,0.959834,niche,1
7423,0.008866,0.294128,0.697007,niche,1
7424,0.008348,0.941928,0.049724,mainstream,1
7425,0.268258,0.611924,0.119818,mainstream,1
7426,0.007534,0.595879,0.396587,mainstream,1
7427,0.004123,0.088426,0.907451,niche,1
7428,0.1979,0.572317,0.229783,mainstream,1
7429,0.001375,0.263815,0.73481,niche,1
7430,0.016531,0.156804,0.826665,niche,2
7431,0.002228,0.286348,0.711424,niche,3
7432,0.003029,0.305066,0.691905,niche,1
7433,0.033759,0.950921,0.015321,mainstream,1
7434,0.000424,0.201657,0.797919,niche,1
7435,0.012829,0.092691,0.89448,niche,3
7436,0.002472,0.361348,0.63618,niche,1
7437,0.005352,0.016845,0.977804,niche,2
7438,0.169689,0.40579,0.424521,niche,1
7439,0.218299,0.108393,0.673308,niche,1
7440,0.00253,0.124589,0.872882,niche,1
7441,0.005209,0.564201,0.43059,mainstream,2
7442,0.000615,0.021012,0.978373,niche,1
7443,0.030594,0.792769,0.176637,mainstream,1
7444,0.026367,0.966189,0.007445,mainstream,1
7445,0.000438,0.743018,0.256544,mainstream,1
7446,0.000671,0.050727,0.948602,niche,1
7447,0.004332,0.948659,0.047009,mainstream,1
7448,0.331698,0.651131,0.01717,mainstream,1
7449,0.918124,0.027867,0.054009,pop,1
7450,0.002828,0.445513,0.551659,niche,1
7451,0.060639,0.807862,0.131499,mainstream,1
7452,0.002291,0.968942,0.028768,mainstream,1
7453,0.984384,0.012001,0.003614,pop,1
7454,0.000451,0.51495,0.484598,mainstream,1
7455,0.000308,0.153463,0.846229,niche,1
7456,0.019155,0.366298,0.614546,niche,1
7457,0.003631,0.11295,0.88342,niche,1
7458,0.015635,0.369211,0.615153,niche,1
7459,0.016483,0.875208,0.108309,mainstream,1
7460,0.056069,0.316427,0.627503,niche,1
7461,0.000473,0.091574,0.907953,niche,1
7462,0.000842,0.994561,0.004597,mainstream,1
7463,0.000374,0.078064,0.921563,niche,1
7464,0.184959,0.214302,0.60074,niche,2
7465,0.000606,0.797295,0.202099,mainstream,1
7466,0.005259,0.058729,0.936012,niche,1
7467,0.000866,0.442063,0.557071,niche,1
7468,0.009634,0.270008,0.720357,niche,1
7469,0.000606,0.039125,0.960269,niche,1
7470,0.001469,0.094745,0.903786,niche,1
7471,0.002018,0.160792,0.837191,niche,1
7472,0.002278,0.009571,0.988151,niche,1
7473,0.004589,0.544094,0.451317,mainstream,2
7474,0.001079,0.062413,0.936508,niche,2
7475,0.052015,0.653899,0.294087,mainstream,1
7476,0.002329,0.407357,0.590314,niche,1
7477,0.278017,0.548781,0.173202,mainstream,2
7478,0.000765,0.98283,0.016405,mainstream,1
7479,0.098631,0.550127,0.351241,mainstream,4
7480,0.001497,0.107227,0.891277,niche,1
7481,0.017099,0.459722,0.523179,niche,1
7482,0.002261,0.087644,0.910095,niche,1
7483,3e-05,0.008639,0.991331,niche,1
7484,0.001198,0.111973,0.886829,niche,1
7485,0.002414,0.988572,0.009014,mainstream,1
7486,0.006175,0.102454,0.891371,niche,1
7487,0.009152,0.055448,0.935399,niche,1
7488,0.067096,0.769046,0.163858,mainstream,1
7489,0.000749,0.012532,0.986719,niche,1
7490,0.009043,0.887603,0.103354,mainstream,1
7491,0.009482,0.24658,0.743938,niche,1
7492,0.00179,0.828859,0.169351,mainstream,1
7493,0.002964,0.968144,0.028892,mainstream,1
7494,0.007474,0.056707,0.935819,niche,1
7495,0.016189,0.053951,0.929859,niche,2
7496,0.092319,0.71866,0.18902,mainstream,1
7497,0.004361,0.093163,0.902476,niche,1
7498,0.001872,0.822135,0.175993,mainstream,1
7499,0.000545,0.397819,0.601636,niche,1
7500,0.003651,0.516834,0.479516,mainstream,1
7501,0.008651,0.133989,0.857359,niche,1
7502,0.10411,0.41079,0.4851,niche,1
7503,0.000997,0.082888,0.916116,niche,1
7504,0.002013,0.507708,0.490279,mainstream,2
7505,0.995932,0.003581,0.000487,pop,1
7506,0.471729,0.453817,0.074453,pop,1
7507,0.582755,0.02457,0.392675,pop,1
7508,0.000511,0.02848,0.971009,niche,3
7509,0.985622,0.008504,0.005873,pop,1
7510,0.000487,0.078387,0.921126,niche,2
7511,0.008014,0.027146,0.96484,niche,1
7512,0.000867,0.282477,0.716657,niche,1
7513,0.011839,0.935067,0.053094,mainstream,1
7514,0.000452,0.263425,0.736122,niche,1
7515,0.053383,0.208792,0.737825,niche,1
7516,0.034541,0.536627,0.428832,mainstream,1
7517,0.002803,0.834989,0.162208,mainstream,1
7518,0.00578,0.816652,0.177568,mainstream,1
7519,0.045913,0.557048,0.397039,mainstream,1
7520,0.933626,0.062428,0.003945,pop,1
7521,0.048459,0.073404,0.878137,niche,1
7522,0.902736,0.0876,0.009664,pop,1
7523,0.904081,0.081175,0.014744,pop,1
7524,0.323528,0.121983,0.554489,niche,1
7525,0.008148,0.435138,0.556713,niche,1
7526,0.015665,0.470303,0.514032,niche,2
7527,0.014055,0.256142,0.729803,niche,1
7528,0.012984,0.118603,0.868413,niche,1
7529,0.0228,0.956919,0.020282,mainstream,1
7530,0.092081,0.700794,0.207125,mainstream,1
7531,0.003743,0.62212,0.374136,mainstream,1
7532,0.002289,0.83467,0.163041,mainstream,1
7533,0.00015,0.002118,0.997733,niche,1
7534,0.038475,0.87605,0.085475,mainstream,1
7535,0.070592,0.421842,0.507566,niche,1
7536,0.016388,0.650589,0.333022,mainstream,1
7537,0.000407,0.400572,0.599022,niche,3
7538,0.017102,0.481445,0.501453,niche,1
7539,0.979674,0.015334,0.004992,pop,1
7540,0.002975,0.107223,0.889802,niche,1
7541,0.00095,0.931431,0.067619,mainstream,1
7542,0.004444,0.94125,0.054307,mainstream,1
7543,0.980188,0.018193,0.001619,pop,1
7544,0.037316,0.876515,0.086169,mainstream,1
7545,0.003347,0.567345,0.429309,mainstream,1
7546,0.003048,0.959465,0.037487,mainstream,2
7547,0.009893,0.436864,0.553243,niche,2
7548,0.160481,0.147076,0.692443,niche,2
7549,0.340933,0.543545,0.115522,mainstream,1
7550,0.018996,0.175427,0.805577,niche,1
7551,0.006865,0.04907,0.944065,niche,1
7552,0.01147,0.22314,0.76539,niche,1
7553,0.007096,0.451612,0.541292,niche,1
7554,0.000265,0.042614,0.957121,niche,1
7555,0.003776,0.024218,0.972006,niche,1
7556,0.002139,0.921098,0.076763,mainstream,1
7557,0.005292,0.165999,0.828709,niche,1
7558,0.001125,0.954514,0.04436,mainstream,1
7559,0.000252,0.002057,0.997691,niche,1
7560,0.000909,0.147715,0.851376,niche,1
7561,0.005898,0.056406,0.937696,niche,1
7562,0.018357,0.915556,0.066087,mainstream,1
7563,0.001183,0.63315,0.365667,mainstream,1
7564,0.681454,0.185282,0.133264,pop,1
7565,0.237092,0.523332,0.239576,mainstream,1
7566,0.001572,0.117912,0.880516,niche,1
7567,0.001414,0.002024,0.996562,niche,1
7568,0.077979,0.416301,0.505719,niche,1
7569,0.001004,0.016726,0.982269,niche,2
7570,0.152321,0.110359,0.73732,niche,1
7571,0.00187,0.301587,0.696543,niche,1
7572,0.015343,0.473946,0.510711,niche,2
7573,0.000707,0.062582,0.936711,niche,1
7574,0.000775,0.7479,0.251325,mainstream,1
7575,0.000412,0.002997,0.996591,niche,1
7576,0.049172,0.69967,0.251158,mainstream,1
7577,0.001809,0.151588,0.846603,niche,1
7578,0.426128,0.061997,0.511875,niche,1
7579,0.00825,0.004696,0.987054,niche,1
7580,0.083081,0.384022,0.532897,niche,1
7581,0.015905,0.660973,0.323121,mainstream,1
7582,0.939193,0.0507,0.010107,pop,1
7583,0.004845,0.631208,0.363947,mainstream,1
7584,0.252039,0.73059,0.017371,mainstream,1
7585,0.016064,0.053056,0.93088,niche,1
7586,0.010252,0.505326,0.484422,mainstream,1
7587,0.002423,0.085398,0.912179,niche,1
7588,0.957344,0.023077,0.019579,pop,1
7589,0.012803,0.783853,0.203343,mainstream,1
7590,0.005259,0.716214,0.278527,mainstream,1
7591,0.001569,0.898716,0.099716,mainstream,1
7592,0.011696,0.492448,0.495856,niche,1
7593,0.080488,0.20794,0.711573,niche,2
7594,9.6e-05,0.034744,0.96516,niche,1
7595,0.000573,0.002392,0.997034,niche,1
7596,0.001811,0.019178,0.979011,niche,1
7597,0.000988,0.243815,0.755197,niche,1
7598,0.045993,0.293437,0.66057,niche,1
7599,0.07792,0.674065,0.248015,mainstream,2
7600,0.003162,0.446461,0.550377,niche,1
7601,0.00512,0.796305,0.198575,mainstream,1
7602,0.037007,0.319546,0.643446,niche,1
7603,0.99331,0.005734,0.000956,pop,1
7604,0.036274,0.796133,0.167593,mainstream,1
7605,0.007542,0.575488,0.41697,mainstream,1
7606,0.008936,0.169217,0.821847,niche,1
7607,0.007619,0.461805,0.530575,niche,2
7608,0.000927,0.591308,0.407766,mainstream,1
7609,0.000668,0.951458,0.047874,mainstream,1
7610,0.004771,0.023504,0.971726,niche,2
7611,0.000123,0.022071,0.977806,niche,1
7612,0.023672,0.311748,0.66458,niche,2
7613,0.013928,0.956101,0.02997,mainstream,1
7614,0.131134,0.710371,0.158494,mainstream,2
7615,0.080572,0.726238,0.19319,mainstream,1
7616,0.002009,0.241855,0.756137,niche,1
7617,0.014223,0.327515,0.658262,niche,1
7618,0.000467,0.22817,0.771363,niche,1
7619,0.04436,0.134014,0.821626,niche,1
7620,0.07354,0.405575,0.520885,niche,1
7621,0.002428,0.748111,0.249461,mainstream,1
7622,0.000815,0.851956,0.147228,mainstream,1
7623,0.108258,0.691422,0.20032,mainstream,1
7624,0.00077,0.963801,0.035429,mainstream,2
7625,0.04659,0.621218,0.332192,mainstream,1
7626,0.016494,0.57674,0.406766,mainstream,1
7627,0.002297,0.002943,0.994761,niche,1
7628,0.005407,0.058856,0.935737,niche,3
7629,0.002351,0.652861,0.344788,mainstream,1
7630,0.000302,0.11278,0.886918,niche,2
7631,0.028396,0.593708,0.377897,mainstream,1
7632,0.000125,0.000197,0.999678,niche,1
7633,0.00555,0.251343,0.743106,niche,1
7634,0.013732,0.210411,0.775857,niche,1
7635,0.997646,0.001912,0.000442,pop,1
7636,0.012519,0.899103,0.088378,mainstream,1
7637,0.004953,0.097067,0.89798,niche,1
7638,0.019052,0.962323,0.018625,mainstream,1
7639,0.000152,0.018377,0.98147,niche,1
7640,0.002867,0.047726,0.949407,niche,1
7641,0.00608,0.15453,0.839389,niche,1
7642,0.922279,0.06856,0.009161,pop,1
7643,0.001753,0.014411,0.983836,niche,1
7644,0.008763,0.137044,0.854193,niche,1
7645,0.002013,0.899888,0.098099,mainstream,3
7646,0.040401,0.094942,0.864656,niche,1
7647,0.359689,0.423117,0.217195,mainstream,1
7648,0.019398,0.262483,0.718119,niche,1
7649,0.000794,0.531632,0.467574,mainstream,1
7650,0.003486,0.103904,0.89261,niche,1
7651,0.001181,0.331355,0.667464,niche,1
7652,0.001078,0.193698,0.805224,niche,1
7653,0.003504,0.114826,0.88167,niche,1
7654,0.006087,0.034647,0.959266,niche,1
7655,0.000125,0.043103,0.956772,niche,1
7656,0.002388,0.321331,0.676281,niche,2
7657,0.004099,0.581805,0.414096,mainstream,1
7658,0.021673,0.502509,0.475819,mainstream,1
7659,0.000201,0.007794,0.992005,niche,1
7660,0.001078,0.976395,0.022527,mainstream,1
7661,0.016912,0.053665,0.929423,niche,1
7662,0.0009,0.771396,0.227704,mainstream,1
7663,0.007362,0.080484,0.912155,niche,1
7664,0.003561,0.947459,0.04898,mainstream,1
7665,8e-05,0.003178,0.996742,niche,1
7666,0.056076,0.047953,0.895971,niche,1
7667,0.000144,0.000597,0.999259,niche,1
7668,0.003827,0.729951,0.266222,mainstream,1
7669,0.018859,0.962189,0.018952,mainstream,1
7670,0.042313,0.271791,0.685897,niche,1
7671,0.010257,0.102585,0.887158,niche,1
7672,0.045554,0.897469,0.056977,mainstream,1
7673,0.00184,0.56299,0.435171,mainstream,1
7674,0.003464,0.888557,0.107979,mainstream,1
7675,0.003549,0.232039,0.764412,niche,1
7676,0.024061,0.899654,0.076285,mainstream,1
7677,0.026243,0.941077,0.032679,mainstream,1
7678,0.000119,0.001022,0.998859,niche,1
7679,0.101156,0.661318,0.237526,mainstream,1
7680,0.000263,0.098625,0.901112,niche,1
7681,0.013952,0.50985,0.476198,mainstream,1
7682,0.000179,0.0103,0.989521,niche,1
7683,0.002964,0.4527,0.544336,niche,1
7684,0.018194,0.482472,0.499334,niche,1
7685,0.051397,0.07596,0.872643,niche,1
7686,0.996318,0.002832,0.00085,pop,1
7687,0.036434,0.432646,0.53092,niche,1
7688,0.001709,0.859118,0.139173,mainstream,1
7689,0.036936,0.097577,0.865487,niche,1
7690,0.003582,0.903141,0.093277,mainstream,1
7691,0.00266,0.946943,0.050397,mainstream,1
7692,0.974155,0.019451,0.006394,pop,1
7693,0.00386,0.276539,0.719601,niche,1
7694,0.354445,0.314344,0.331211,pop,1
7695,0.064669,0.513408,0.421922,mainstream,1
7696,0.00047,0.616011,0.383519,mainstream,1
7697,9e-06,0.004184,0.995808,niche,1
7698,0.002782,0.968498,0.02872,mainstream,1
7699,0.050278,0.168507,0.781215,niche,1
7700,0.040384,0.025408,0.934207,niche,1
7701,0.896086,0.071243,0.032672,pop,1
7702,0.001332,0.776755,0.221913,mainstream,1
7703,0.094024,0.859792,0.046184,mainstream,1
7704,0.000622,0.117622,0.881757,niche,1
7705,0.000837,0.032522,0.966641,niche,1
7706,0.000417,0.218165,0.781418,niche,1
7707,0.098205,0.198247,0.703548,niche,1
7708,0.048984,0.25984,0.691176,niche,1
7709,0.000125,0.037002,0.962873,niche,1
7710,9.7e-05,0.005139,0.994764,niche,1
7711,0.070312,0.792531,0.137157,mainstream,1
7712,0.000856,0.986542,0.012603,mainstream,1
7713,0.004568,0.322252,0.673181,niche,1
7714,0.007578,0.339981,0.652441,niche,1
7715,0.16272,0.108463,0.728817,niche,1
7716,3.2e-05,0.003237,0.996731,niche,1
7717,0.015681,0.967158,0.017161,mainstream,1
7718,0.037472,0.924138,0.038389,mainstream,1
7719,0.035957,0.028086,0.935957,niche,1
7720,0.994075,0.005417,0.000508,pop,1
7721,0.004778,0.055208,0.940014,niche,1
7722,0.008605,0.246117,0.745278,niche,1
7723,0.032722,0.178606,0.788672,niche,7
7724,0.003887,0.025152,0.970961,niche,8
7725,0.872507,0.013246,0.114247,pop,2
7726,0.001217,0.415479,0.583304,niche,1
7727,0.033928,0.613476,0.352596,mainstream,1
7728,0.03668,0.29939,0.66393,niche,11
7729,0.012867,0.015748,0.971385,niche,1
7730,0.00048,0.056378,0.943142,niche,1
7731,4.7e-05,0.005603,0.99435,niche,1
7732,0.000346,0.000446,0.999208,niche,1
7733,0.005939,0.015919,0.978142,niche,1
7734,0.008238,0.039792,0.95197,niche,1
7735,0.005966,0.105674,0.88836,niche,1
7736,0.003035,0.056454,0.940511,niche,1
7737,2.9e-05,0.000478,0.999492,niche,1
7738,0.000293,9.2e-05,0.999615,niche,1
7739,0.007532,0.646073,0.346394,mainstream,1
7740,0.008667,0.42823,0.563103,niche,2
7741,0.127166,0.437423,0.435411,mainstream,1
7742,0.000371,0.00288,0.996749,niche,3
7743,0.280573,0.241034,0.478393,niche,12
7744,0.003245,0.051839,0.944916,niche,15
7745,0.004306,0.325328,0.670365,niche,2
7746,0.002022,0.284352,0.713626,niche,1
7747,0.00722,0.032302,0.960477,niche,4
7748,0.000412,0.008496,0.991092,niche,1
7749,0.005279,0.527758,0.466962,mainstream,7
7750,3.6e-05,8.5e-05,0.999878,niche,1
7751,0.258119,0.465409,0.276472,mainstream,14
7752,0.095793,0.248103,0.656105,niche,1
7753,0.000896,0.00182,0.997284,niche,1
7754,0.002445,0.007483,0.990072,niche,2
7755,0.003673,0.665807,0.330519,mainstream,20
7756,0.004022,0.011513,0.984464,niche,1
7757,0.004088,0.385012,0.6109,niche,2
7758,0.000711,0.001808,0.997482,niche,1
7759,1e-05,4.4e-05,0.999946,niche,1
7760,0.002481,0.002116,0.995402,niche,1
7761,0.02861,0.364667,0.606722,niche,1
7762,0.000978,0.406866,0.592155,niche,2
7763,0.008002,0.036488,0.955509,niche,1
7764,0.003687,0.366297,0.630016,niche,2
7765,1.3e-05,0.000259,0.999728,niche,1
7766,0.025939,0.031285,0.942776,niche,31
7767,0.204209,0.080012,0.71578,niche,1
7768,0.000427,0.009596,0.989977,niche,1
7769,0.011331,0.344581,0.644087,niche,2
7770,0.02261,0.070049,0.907341,niche,7
7771,0.072159,0.143316,0.784525,niche,1
7772,0.007161,0.942038,0.050801,mainstream,1
7773,0.000259,0.000417,0.999324,niche,1
7774,0.077645,0.284638,0.637717,niche,34
7775,0.014772,0.790396,0.194832,mainstream,53
7776,0.022209,0.179217,0.798574,niche,2
7777,0.000136,0.040197,0.959668,niche,3
7778,0.003313,0.81063,0.186058,mainstream,2
7779,0.971013,0.005629,0.023358,pop,2
7780,0.011975,0.008056,0.979968,niche,1
7781,0.021887,0.348519,0.629593,niche,7
7782,0.000235,0.007306,0.992459,niche,2
7783,0.021484,0.122427,0.856089,niche,7
7784,0.004295,0.004563,0.991141,niche,1
7785,0.000281,0.00141,0.998309,niche,1
7786,0.000261,0.019225,0.980514,niche,2
7787,0.074578,0.660843,0.26458,mainstream,1
7788,0.00035,0.017865,0.981785,niche,1
7789,0.00298,0.073269,0.923751,niche,1
7790,0.139823,0.28295,0.577227,niche,4
7791,0.014811,0.027557,0.957633,niche,5
7792,0.00023,0.004795,0.994975,niche,1
7793,5e-06,0.000194,0.999801,niche,1
7794,0.009187,0.141021,0.849791,niche,2
7795,0.002061,0.347426,0.650513,niche,1
7796,0.039393,0.03169,0.928917,niche,1
7797,0.000276,0.035958,0.963765,niche,5
7798,0.027784,0.028561,0.943655,niche,1
7799,0.004094,0.007106,0.988801,niche,1
7800,3.2e-05,0.000709,0.999259,niche,1
7801,0.011723,0.023598,0.964679,niche,2
7802,0.000329,0.004582,0.995089,niche,1
7803,0.004797,0.1437,0.851503,niche,2
7804,0.442086,0.072582,0.485332,niche,7
7805,0.00013,0.01227,0.987601,niche,1
7806,3.9e-05,0.000714,0.999247,niche,2
7807,0.040976,0.340432,0.618592,niche,6
7808,0.009791,0.325493,0.664716,niche,2
7809,0.003721,0.032044,0.964235,niche,5
7810,0.005441,0.460883,0.533677,niche,2
7811,0.000383,0.027246,0.972371,niche,2
7812,0.000164,0.001123,0.998713,niche,1
7813,0.119746,0.690108,0.190145,mainstream,1
7814,0.002204,0.033131,0.964665,niche,3
7815,3.9e-05,0.003443,0.996518,niche,1
7816,0.00526,0.163049,0.831691,niche,7
7817,0.014648,0.237059,0.748294,niche,2
7818,0.001752,0.134258,0.86399,niche,7
7819,0.002974,0.158617,0.83841,niche,2
7820,0.001907,0.302055,0.696039,niche,5
7821,3.9e-05,6.2e-05,0.999899,niche,1
7822,0.000354,0.002716,0.996931,niche,2
7823,0.009882,0.036569,0.953548,niche,2
7824,0.000354,0.002548,0.997098,niche,6
7825,0.000626,0.009105,0.99027,niche,1
7826,0.001432,0.382887,0.615681,niche,3
7827,0.16947,0.649552,0.180978,mainstream,5
7828,0.023122,0.03195,0.944927,niche,2
7829,0.001333,0.092887,0.90578,niche,2
7830,0.000576,0.003828,0.995597,niche,1
7831,7.3e-05,0.001521,0.998406,niche,1
7832,0.002417,0.297903,0.69968,niche,4
7833,9.1e-05,0.003424,0.996485,niche,3
7834,0.000757,0.005783,0.99346,niche,1
7835,0.00714,0.346869,0.645991,niche,3
7836,0.006232,0.041707,0.952062,niche,6
7837,0.009089,0.008729,0.982182,niche,1
7838,0.001007,0.000454,0.998539,niche,1
7839,1.1e-05,0.000408,0.999581,niche,1
7840,0.000358,0.001121,0.998521,niche,1
7841,0.089581,0.274768,0.635651,niche,11
7842,0.003169,0.013085,0.983746,niche,3
7843,0.054956,0.738012,0.207032,mainstream,9
7844,0.001309,0.025807,0.972884,niche,2
7845,0.008685,0.004179,0.987136,niche,1
7846,0.15286,0.488386,0.358754,mainstream,7
7847,0.335576,0.023877,0.640547,niche,3
7848,0.014712,0.164022,0.821266,niche,10
7849,0.044691,0.497815,0.457494,mainstream,8
7850,0.002322,0.050633,0.947046,niche,4
7851,0.006548,0.005391,0.988061,niche,1
7852,0.89675,0.01745,0.0858,pop,1
7853,0.280978,0.460413,0.258608,mainstream,15
7854,0.006538,0.308468,0.684994,niche,3
7855,0.002126,0.982391,0.015483,mainstream,8
7856,0.007428,0.044183,0.948389,niche,2
7857,0.003968,0.023889,0.972143,niche,8
7858,0.005109,0.020153,0.974738,niche,1
7859,0.007997,0.119565,0.872438,niche,1
7860,0.000118,0.00107,0.998812,niche,1
7861,0.000715,0.016437,0.982847,niche,1
7862,0.375165,0.226264,0.39857,niche,19
7863,0.000235,0.001822,0.997943,niche,9
7864,1.6e-05,0.000494,0.999491,niche,2
7865,0.012356,0.041825,0.945819,niche,1
7866,0.003649,0.002689,0.993661,niche,1
7867,0.531039,0.044281,0.424679,pop,5
7868,0.245752,0.331663,0.422585,niche,1
7869,0.008832,0.061209,0.929959,niche,1
7870,0.047418,0.177186,0.775396,niche,1
7871,0.002638,0.066789,0.930574,niche,5
7872,1.9e-05,0.000195,0.999786,niche,1
7873,0.004787,0.07348,0.921733,niche,3
7874,3.4e-05,0.001159,0.998808,niche,2
7875,0.000108,0.009602,0.99029,niche,2
7876,0.001477,0.12084,0.877684,niche,2
7877,1.5e-05,8.9e-05,0.999895,niche,1
7878,0.000771,0.144628,0.854602,niche,2
7879,0.007362,0.141091,0.851547,niche,2
7880,0.024441,0.46284,0.512719,niche,3
7881,0.013386,0.286545,0.700069,niche,13
7882,0.002321,0.021118,0.976561,niche,1
7883,0.002495,0.023504,0.974001,niche,1
7884,0.002874,0.014507,0.982619,niche,2
7885,0.043372,0.839889,0.116738,mainstream,2
7886,0.013865,0.213287,0.772848,niche,2
7887,0.243148,0.054291,0.70256,niche,1
7888,6.3e-05,0.003342,0.996594,niche,2
7889,0.012031,0.450288,0.537681,niche,5
7890,0.004872,0.280567,0.714561,niche,21
7891,0.000694,0.005742,0.993565,niche,1
7892,0.016578,0.039296,0.944126,niche,1
7893,0.003557,0.199349,0.797094,niche,2
7894,0.000643,0.075324,0.924033,niche,1
7895,0.000158,0.001645,0.998198,niche,2
7896,0.000707,0.012354,0.986939,niche,1
7897,0.005006,0.134316,0.860678,niche,2
7898,0.002731,0.020534,0.976735,niche,2
7899,0.004527,0.09867,0.896804,niche,2
7900,0.000528,0.002275,0.997197,niche,1
7901,2e-06,1.3e-05,0.999986,niche,1
7902,0.353169,0.476931,0.1699,mainstream,2
7903,0.000335,0.009406,0.990259,niche,2
7904,3e-05,0.000138,0.999831,niche,1
7905,0.030347,0.385644,0.584009,niche,9
7906,0.000164,0.005426,0.99441,niche,2
7907,0.000683,0.09143,0.907887,niche,4
7908,0.003085,0.088754,0.908161,niche,3
7909,0.000265,0.000792,0.998942,niche,1
7910,0.000815,0.019439,0.979746,niche,3
7911,0.929018,0.034387,0.036594,pop,1
7912,0.003187,0.040993,0.95582,niche,2
7913,0.054294,0.051262,0.894444,niche,1
7914,0.001994,0.011968,0.986039,niche,2
7915,0.126627,0.064052,0.809322,niche,2
7916,0.00095,0.006871,0.99218,niche,1
7917,0.000159,0.000137,0.999704,niche,1
7918,0.97878,0.01067,0.01055,pop,2
7919,0.001595,0.010531,0.987874,niche,1
7920,0.003891,0.014349,0.981759,niche,1
7921,0.003282,0.029733,0.966986,niche,7
7922,0.2053,0.045538,0.749162,niche,1
7923,0.017327,0.201929,0.780743,niche,3
7924,0.012014,0.398452,0.589534,niche,2
7925,0.004046,0.333564,0.662391,niche,2
7926,0.000905,0.00538,0.993715,niche,1
7927,0.199106,0.11147,0.689424,niche,3
7928,0.026342,0.091303,0.882356,niche,2
7929,0.001582,0.533513,0.464905,mainstream,4
7930,0.003128,0.887651,0.109221,mainstream,5
7931,0.010091,0.010868,0.979041,niche,1
7932,0.003275,0.04567,0.951056,niche,2
7933,0.000745,0.004006,0.995249,niche,2
7934,0.000235,0.000871,0.998894,niche,1
7935,0.001932,0.069097,0.928971,niche,5
7936,7.3e-05,0.005758,0.994169,niche,1
7937,0.000201,0.049652,0.950148,niche,1
7938,0.00857,0.020991,0.970439,niche,1
7939,0.220777,0.208121,0.571102,niche,3
7940,0.016802,0.043444,0.939754,niche,1
7941,0.024065,0.10833,0.867606,niche,3
7942,0.313885,0.150869,0.535245,niche,2
7943,0.020203,0.091081,0.888716,niche,1
7944,0.003504,0.90219,0.094306,mainstream,10
7945,0.000137,0.008443,0.99142,niche,2
7946,0.000215,0.002437,0.997349,niche,1
7947,0.000247,0.001163,0.99859,niche,1
7948,0.000209,0.002035,0.997756,niche,1
7949,0.010992,0.089522,0.899487,niche,2
7950,0.070344,0.275693,0.653964,niche,2
7951,0.008709,0.048848,0.942444,niche,1
7952,0.044676,0.261659,0.693665,niche,3
7953,0.10488,0.343858,0.551261,niche,7
7954,6.3e-05,0.007777,0.99216,niche,2
7955,0.000255,0.007467,0.992278,niche,1
7956,0.043806,0.645246,0.310948,mainstream,27
7957,0.000356,0.241593,0.758051,niche,3
7958,0.005156,0.598704,0.396141,mainstream,2
7959,0.027523,0.062739,0.909739,niche,2
7960,0.000118,0.000277,0.999605,niche,1
7961,0.008624,0.113377,0.877999,niche,2
7962,0.001314,0.021114,0.977572,niche,1
7963,0.000267,0.098885,0.900848,niche,2
7964,0.000917,0.019907,0.979177,niche,2
7965,0.000286,0.000454,0.99926,niche,1
7966,0.003008,0.440519,0.556474,niche,4
7967,0.090107,0.522576,0.387317,mainstream,2
7968,0.00622,0.095916,0.897864,niche,2
7969,7.8e-05,0.003189,0.996734,niche,1
7970,0.047032,0.10308,0.849888,niche,1
7971,0.00095,0.072244,0.926806,niche,2
7972,0.045012,0.006677,0.948311,niche,1
7973,0.000576,0.031433,0.967991,niche,4
7974,0.006898,0.152172,0.84093,niche,1
7975,0.10226,0.210062,0.687679,niche,1
7976,0.007483,0.53545,0.457067,mainstream,3
7977,0.000608,0.070409,0.928983,niche,2
7978,0.000552,0.005793,0.993655,niche,1
7979,0.041257,0.007111,0.951632,niche,1
7980,0.000564,0.00147,0.997966,niche,1
7981,0.019216,0.012823,0.967961,niche,1
7982,0.004444,0.681879,0.313677,mainstream,1
7983,0.016814,0.14048,0.842706,niche,2
7984,0.015211,0.188986,0.795802,niche,2
7985,0.006981,0.100601,0.892418,niche,1
7986,0.000465,0.006554,0.992981,niche,2
7987,0.020196,0.014835,0.964969,niche,8
7988,0.105408,0.250365,0.644227,niche,1
7989,0.000516,0.009517,0.989968,niche,1
7990,0.000527,0.004438,0.995035,niche,1
7991,0.006362,0.05544,0.938198,niche,8
7992,0.000126,0.001289,0.998585,niche,1
7993,0.00148,0.918592,0.079927,mainstream,3
7994,0.015714,0.095368,0.888918,niche,3
7995,3.7e-05,0.002025,0.997938,niche,1
7996,0.006877,0.21809,0.775033,niche,1
7997,0.006514,0.091574,0.901912,niche,4
7998,0.001112,0.004348,0.994538,niche,2
7999,0.002073,0.550029,0.447898,mainstream,2
8000,0.069541,0.003507,0.926951,niche,1
8001,0.002511,0.028342,0.969147,niche,1
8002,0.000506,0.014129,0.985364,niche,2
8003,0.005007,0.003929,0.991064,niche,1
8004,0.013224,0.949993,0.036783,mainstream,2
8005,0.000544,0.03056,0.968896,niche,3
8006,0.002018,0.018391,0.979591,niche,4
8007,8e-05,0.000109,0.999811,niche,1
8008,0.001692,0.059706,0.938602,niche,1
8009,0.024273,0.538811,0.436915,mainstream,1
8010,0.004981,0.595917,0.399102,mainstream,2
8011,0.001901,0.033821,0.964279,niche,2
8012,0.006809,0.374807,0.618385,niche,2
8013,0.015942,0.238344,0.745714,niche,4
8014,0.67653,0.046825,0.276645,pop,1
8015,0.142405,0.1998,0.657795,niche,1
8016,0.001441,0.15694,0.841619,niche,1
8017,0.000497,7.7e-05,0.999426,niche,1
8018,0.017837,0.443752,0.538411,niche,3
8019,0.012116,0.006813,0.98107,niche,1
8020,0.000311,0.004163,0.995525,niche,1
8021,0.018592,0.064339,0.917069,niche,1
8022,0.000138,0.015685,0.984178,niche,3
8023,0.071227,0.485132,0.443641,mainstream,1
8024,0.03299,0.646678,0.320332,mainstream,1
8025,0.001513,0.144168,0.85432,niche,1
8026,0.000587,0.015834,0.983579,niche,2
8027,0.099816,0.419245,0.48094,niche,2
8028,0.007092,0.290414,0.702495,niche,2
8029,0.012306,0.152595,0.835099,niche,11
8030,0.130759,0.046596,0.822645,niche,1
8031,0.086637,0.267089,0.646274,niche,6
8032,0.989946,0.003616,0.006438,pop,1
8033,0.003165,0.002735,0.9941,niche,1
8034,0.000318,0.007366,0.992314,niche,2
8035,0.001242,0.020724,0.978034,niche,1
8036,0.003484,0.105104,0.891412,niche,9
8037,0.014805,0.195034,0.790161,niche,2
8038,0.003499,0.484918,0.511583,niche,10
8039,0.001312,0.003081,0.995607,niche,1
8040,0.002515,0.003434,0.994051,niche,1
8041,0.001357,0.325476,0.673167,niche,2
8042,0.026347,0.338403,0.63525,niche,2
8043,0.013429,0.018105,0.968466,niche,1
8044,9.3e-05,0.003625,0.996282,niche,2
8045,0.000907,0.004007,0.995086,niche,1
8046,0.000882,0.011009,0.988109,niche,1
8047,0.011435,0.019879,0.968686,niche,4
8048,0.009963,0.012482,0.977554,niche,1
8049,0.002928,0.782759,0.214314,mainstream,3
8050,0.000458,0.00859,0.990952,niche,2
8051,0.000245,0.000555,0.999199,niche,1
8052,6.6e-05,0.000615,0.999319,niche,1
8053,0.001391,0.000381,0.998228,niche,1
8054,0.001517,0.101945,0.896538,niche,2
8055,0.020866,0.687356,0.291777,mainstream,2
8056,0.004238,0.18531,0.810452,niche,6
8057,0.399387,0.042461,0.558151,niche,4
8058,0.000883,0.134917,0.8642,niche,1
8059,0.00688,0.020886,0.972235,niche,1
8060,0.000131,0.000199,0.999671,niche,1
8061,3.9e-05,0.000109,0.999852,niche,1
8062,0.000767,0.029875,0.969358,niche,1
8063,0.000368,0.002344,0.997288,niche,1
8064,0.015531,0.728355,0.256114,mainstream,20
8065,0.001907,0.004628,0.993465,niche,1
8066,0.002262,0.155784,0.841955,niche,2
8067,0.035162,0.015258,0.94958,niche,1
8068,0.003029,0.00028,0.996691,niche,1
8069,0.006054,0.594579,0.399367,mainstream,6
8070,0.006871,0.84187,0.151259,mainstream,20
8071,0.000732,0.014693,0.984574,niche,1
8072,0.014395,0.038473,0.947132,niche,1
8073,0.000904,0.099761,0.899335,niche,3
8074,0.000227,0.010947,0.988827,niche,1
8075,0.012105,0.145123,0.842772,niche,1
8076,0.003223,0.043419,0.953358,niche,4
8077,0.005835,0.077173,0.916992,niche,2
8078,0.005655,0.814116,0.18023,mainstream,1
8079,0.022631,0.197147,0.780221,niche,1
8080,0.002048,0.058987,0.938965,niche,3
8081,0.000814,0.012076,0.987111,niche,4
8082,0.000293,0.001214,0.998492,niche,1
8083,0.018943,0.535465,0.445591,mainstream,4
8084,0.001474,0.148955,0.849571,niche,4
8085,0.009335,0.648261,0.342404,mainstream,1
8086,0.18542,0.120706,0.693874,niche,1
8087,0.018564,0.032186,0.94925,niche,1
8088,0.001936,0.015793,0.982271,niche,1
8089,0.005366,0.462604,0.53203,niche,4
8090,0.097189,0.572598,0.330213,mainstream,3
8091,0.000238,0.049828,0.949934,niche,1
8092,0.045411,0.008804,0.945785,niche,1
8093,0.005337,0.013107,0.981556,niche,1
8094,0.001548,0.091458,0.906994,niche,1
8095,0.053269,0.580744,0.365987,mainstream,1
8096,0.019204,0.488481,0.492314,niche,2
8097,0.011672,0.420783,0.567545,niche,1
8098,0.000125,0.00207,0.997805,niche,1
8099,0.00151,0.610537,0.387954,mainstream,4
8100,0.010643,0.767799,0.221559,mainstream,1
8101,0.000113,0.000416,0.999471,niche,1
8102,0.004356,0.001257,0.994387,niche,1
8103,0.000415,0.005091,0.994494,niche,1
8104,6.6e-05,0.001638,0.998297,niche,1
8105,0.006228,0.145734,0.84804,niche,2
8106,0.010639,0.22438,0.764981,niche,2
8107,0.966236,0.001344,0.032419,pop,1
8108,0.01274,0.35627,0.630991,niche,1
8109,8.1e-05,0.002551,0.997368,niche,1
8110,0.02132,0.929092,0.049588,mainstream,1
8111,0.00055,0.25326,0.746189,niche,2
8112,0.003815,0.004146,0.992038,niche,1
8113,0.015275,0.328715,0.65601,niche,2
8114,0.018861,0.049086,0.932053,niche,1
8115,0.001735,0.094698,0.903567,niche,1
8116,0.051367,0.003862,0.944771,niche,1
8117,0.001075,0.008711,0.990214,niche,1
8118,0.808588,0.085653,0.105759,pop,3
8119,0.001251,0.011196,0.987553,niche,2
8120,0.003719,0.06588,0.930401,niche,1
8121,0.00055,0.036873,0.962577,niche,2
8122,0.02577,0.456491,0.517739,niche,4
8123,0.014191,0.190697,0.795112,niche,1
8124,0.555628,0.12276,0.321612,pop,1
8125,0.000143,0.008612,0.991245,niche,1
8126,0.011745,0.366224,0.62203,niche,1
8127,0.227211,0.564137,0.208651,mainstream,2
8128,0.063482,0.164899,0.771619,niche,1
8129,0.002513,0.409401,0.588087,niche,3
8130,0.001726,0.292926,0.705348,niche,2
8131,0.008925,0.62911,0.361965,mainstream,1
8132,0.158466,0.03625,0.805284,niche,2
8133,0.855115,0.065092,0.079793,pop,2
8134,0.000549,0.010716,0.988735,niche,1
8135,0.062173,0.410966,0.526861,niche,2
8136,0.000262,0.017754,0.981985,niche,1
8137,0.006486,0.939676,0.053838,mainstream,7
8138,0.004253,0.01168,0.984068,niche,4
8139,0.001894,0.22236,0.775745,niche,3
8140,0.003855,0.944229,0.051917,mainstream,2
8141,0.018386,0.024691,0.956923,niche,1
8142,0.078122,0.572053,0.349825,mainstream,7
8143,0.000127,0.000893,0.99898,niche,1
8144,0.004988,0.008661,0.986351,niche,4
8145,0.064256,0.538537,0.397207,mainstream,1
8146,0.035278,0.036152,0.92857,niche,1
8147,0.047879,0.012208,0.939913,niche,1
8148,0.015073,0.121097,0.86383,niche,1
8149,0.025797,0.367771,0.606432,niche,2
8150,0.00069,0.081926,0.917384,niche,11
8151,0.000386,0.003404,0.99621,niche,1
8152,1.9e-05,0.000427,0.999554,niche,1
8153,0.00436,0.113886,0.881754,niche,2
8154,0.005537,0.088038,0.906425,niche,3
8155,0.005882,0.029919,0.964199,niche,1
8156,0.00143,0.065703,0.932867,niche,2
8157,0.004372,0.862836,0.132792,mainstream,1
8158,0.04265,0.32569,0.63166,niche,1
8159,0.025946,0.104017,0.870037,niche,5
8160,0.002784,0.710188,0.287028,mainstream,3
8161,0.002664,0.000331,0.997006,niche,1
8162,0.000464,0.001828,0.997708,niche,1
8163,0.009084,0.220313,0.770603,niche,10
8164,0.009704,0.078695,0.911601,niche,10
8165,0.000852,0.010476,0.988673,niche,2
8166,0.000508,0.002709,0.996783,niche,1
8167,0.004605,0.377658,0.617737,niche,4
8168,0.030409,0.493827,0.475764,mainstream,9
8169,0.158046,0.095088,0.746865,niche,8
8170,0.000418,0.007684,0.991898,niche,1
8171,0.00073,0.050817,0.948453,niche,1
8172,0.318036,0.491271,0.190694,mainstream,1
8173,9.8e-05,0.000182,0.99972,niche,1
8174,0.001998,0.495673,0.502329,niche,1
8175,0.225843,0.130137,0.64402,niche,3
8176,0.029565,0.112964,0.85747,niche,1
8177,0.007958,0.460999,0.531043,niche,7
8178,0.001648,0.016284,0.982068,niche,1
8179,0.028111,0.019515,0.952374,niche,1
8180,0.000374,0.002734,0.996892,niche,1
8181,0.000466,0.010055,0.989479,niche,1
8182,0.005019,0.395086,0.599895,niche,3
8183,0.011578,0.03098,0.957443,niche,1
8184,0.033857,0.588204,0.377939,mainstream,3
8185,0.001587,0.172405,0.826009,niche,1
8186,0.057602,0.064713,0.877686,niche,1
8187,0.001775,0.015608,0.982617,niche,1
8188,0.461866,0.223943,0.314191,pop,1
8189,0.001642,0.070363,0.927995,niche,2
8190,0.033771,0.769612,0.196617,mainstream,2
8191,1.9e-05,0.000191,0.99979,niche,1
8192,0.132199,0.541779,0.326021,mainstream,3
8193,0.340793,0.121709,0.537498,niche,2
8194,0.043365,0.286356,0.670279,niche,3
8195,0.004946,0.161085,0.833969,niche,3
8196,0.003902,0.015952,0.980145,niche,1
8197,0.006056,0.373824,0.620121,niche,1
8198,0.001025,0.00105,0.997925,niche,1
8199,0.000937,0.026385,0.972678,niche,1
8200,4.4e-05,0.002355,0.997601,niche,1
8201,0.175361,0.681088,0.143551,mainstream,1
8202,0.10497,0.020758,0.874272,niche,1
8203,0.015411,0.034583,0.950006,niche,1
8204,0.008925,0.132032,0.859043,niche,2
8205,0.053509,0.054365,0.892125,niche,2
8206,0.027013,0.410381,0.562605,niche,2
8207,0.004491,0.000396,0.995113,niche,1
8208,0.000111,0.001779,0.99811,niche,2
8209,0.062514,0.312517,0.624968,niche,1
8210,0.209546,0.108768,0.681686,niche,5
8211,0.00051,0.547629,0.451861,mainstream,2
8212,0.013601,0.384593,0.601806,niche,2
8213,0.000624,0.095617,0.90376,niche,2
8214,0.00048,0.037072,0.962448,niche,1
8215,0.000258,0.007852,0.991891,niche,1
8216,0.039632,0.483792,0.476575,mainstream,2
8217,0.001541,0.096204,0.902254,niche,2
8218,0.009921,0.049787,0.940292,niche,1
8219,0.001124,0.000596,0.998279,niche,1
8220,0.020632,0.393084,0.586283,niche,7
8221,0.105913,0.416621,0.477467,niche,4
8222,0.001543,0.011823,0.986634,niche,1
8223,0.006166,0.746837,0.246997,mainstream,1
8224,0.000959,0.014,0.985041,niche,1
8225,0.000153,0.004463,0.995384,niche,1
8226,0.03131,0.436721,0.531969,niche,1
8227,0.038753,0.546267,0.41498,mainstream,7
8228,0.000615,0.009854,0.989531,niche,1
8229,0.123742,0.520362,0.355897,mainstream,2
8230,0.001876,0.371746,0.626378,niche,2
8231,0.001509,0.455881,0.542609,niche,2
8232,0.00262,0.025443,0.971937,niche,1
8233,0.113711,0.028547,0.857742,niche,1
8234,0.000736,0.102036,0.897228,niche,7
8235,0.000847,0.001408,0.997746,niche,1
8236,0.012415,0.824584,0.163002,mainstream,2
8237,0.003194,0.24673,0.750076,niche,1
8238,0.013303,0.043115,0.943583,niche,1
8239,0.000107,0.001715,0.998178,niche,1
8240,0.002762,0.07569,0.92155,niche,2
8241,0.003639,0.056903,0.939457,niche,1
8242,0.000677,0.045258,0.954065,niche,1
8243,0.24084,0.334191,0.42497,niche,2
8244,0.000357,0.047424,0.952218,niche,1
8245,0.000981,0.011625,0.987395,niche,2
8246,0.001603,0.03809,0.960307,niche,1
8247,0.000714,0.035777,0.96351,niche,1
8248,6.2e-05,7.7e-05,0.999861,niche,1
8249,0.003271,0.098081,0.898648,niche,1
8250,6.4e-05,0.007166,0.99277,niche,1
8251,0.001184,0.009904,0.988912,niche,1
8252,0.013499,0.434368,0.552133,niche,12
8253,0.110552,0.491521,0.397927,mainstream,1
8254,0.002838,0.09143,0.905732,niche,1
8255,0.000502,0.009055,0.990442,niche,1
8256,0.002829,0.049488,0.947683,niche,1
8257,0.002285,0.079088,0.918627,niche,1
8258,0.00451,0.761373,0.234118,mainstream,2
8259,0.00042,0.901223,0.098357,mainstream,1
8260,0.018234,0.49947,0.482296,mainstream,1
8261,0.024391,0.803006,0.172604,mainstream,2
8262,0.004972,0.006374,0.988653,niche,2
8263,0.001863,0.014856,0.983281,niche,1
8264,0.065466,0.123181,0.811354,niche,2
8265,0.12113,0.141703,0.737168,niche,9
8266,0.00341,0.147254,0.849336,niche,1
8267,0.055402,0.187994,0.756604,niche,1
8268,0.000325,0.009983,0.989692,niche,2
8269,0.000163,0.009226,0.990611,niche,1
8270,0.000346,0.006951,0.992703,niche,1
8271,0.016635,0.172003,0.811363,niche,1
8272,0.004045,0.383977,0.611977,niche,2
8273,0.886438,0.090692,0.022869,pop,1
8274,0.000278,0.007943,0.991778,niche,2
8275,0.043921,0.54791,0.40817,mainstream,2
8276,0.003593,0.017565,0.978842,niche,1
8277,0.067698,0.754437,0.177865,mainstream,4
8278,0.035797,0.350031,0.614172,niche,5
8279,0.056328,0.336494,0.607178,niche,3
8280,0.00944,0.044763,0.945797,niche,1
8281,0.063798,0.741247,0.194955,mainstream,1
8282,0.002044,0.50388,0.494076,mainstream,1
8283,0.000575,0.018702,0.980723,niche,1
8284,0.187376,0.041994,0.770631,niche,1
8285,3e-06,0.000155,0.999842,niche,1
8286,1e-05,6e-05,0.99993,niche,1
8287,0.004257,0.128999,0.866744,niche,1
8288,0.000328,0.016557,0.983115,niche,2
8289,0.040339,0.15074,0.808921,niche,1
8290,0.002018,0.008486,0.989496,niche,1
8291,0.007302,0.184256,0.808442,niche,1
8292,0.003085,0.357395,0.63952,niche,1
8293,0.002305,0.021864,0.975829,niche,2
8294,0.202585,0.638992,0.158424,mainstream,1
8295,4.5e-05,0.000857,0.999099,niche,1
8296,0.000664,0.000865,0.998472,niche,1
8297,0.000202,0.010856,0.988942,niche,1
8298,0.002518,0.724845,0.272638,mainstream,2
8299,0.064047,0.75395,0.182003,mainstream,1
8300,0.003954,0.239705,0.756341,niche,1
8301,0.080263,0.511184,0.408553,mainstream,1
8302,0.000677,0.001959,0.997363,niche,1
8303,0.005137,0.895433,0.099431,mainstream,2
8304,0.044888,0.842821,0.112291,mainstream,8
8305,0.018697,0.081921,0.899382,niche,1
8306,0.052149,0.704544,0.243308,mainstream,3
8307,0.001856,0.038617,0.959527,niche,1
8308,0.000118,0.000263,0.999619,niche,1
8309,0.03892,0.018878,0.942202,niche,1
8310,0.998285,0.000794,0.000921,pop,2
8311,0.000911,0.759628,0.239461,mainstream,1
8312,0.020456,0.33302,0.646524,niche,1
8313,0.011352,0.514024,0.474624,mainstream,1
8314,0.001039,0.022608,0.976353,niche,1
8315,0.004297,0.015724,0.979979,niche,3
8316,0.007493,0.112968,0.879539,niche,1
8317,0.115245,0.447298,0.437457,mainstream,2
8318,0.032294,0.705847,0.261858,mainstream,1
8319,0.059476,0.021009,0.919515,niche,1
8320,0.002636,0.95303,0.044333,mainstream,2
8321,0.017409,0.623891,0.3587,mainstream,2
8322,0.003423,0.454827,0.54175,niche,2
8323,0.015574,0.012099,0.972327,niche,1
8324,0.019145,0.411821,0.569034,niche,2
8325,0.113314,0.055992,0.830693,niche,5
8326,0.00123,0.040228,0.958542,niche,4
8327,0.006334,0.641579,0.352088,mainstream,4
8328,0.0377,0.224726,0.737573,niche,3
8329,0.014058,0.421459,0.564483,niche,2
8330,0.000236,0.011113,0.988651,niche,1
8331,0.007239,0.011291,0.98147,niche,1
8332,0.000704,0.067191,0.932105,niche,1
8333,0.009498,0.976812,0.01369,mainstream,1
8334,0.000166,0.018426,0.981408,niche,1
8335,0.008368,0.066269,0.925363,niche,1
8336,0.349414,0.368786,0.281799,mainstream,1
8337,0.011714,0.720152,0.268134,mainstream,1
8338,0.00163,0.010615,0.987755,niche,1
8339,0.079653,0.144437,0.77591,niche,2
8340,0.014015,0.005357,0.980629,niche,1
8341,0.004323,0.126551,0.869126,niche,5
8342,0.056161,0.662543,0.281296,mainstream,3
8343,0.277174,0.466184,0.256642,mainstream,1
8344,0.001219,0.016168,0.982613,niche,1
8345,0.000665,0.041808,0.957528,niche,1
8346,0.732853,0.056757,0.21039,pop,1
8347,0.322654,0.513008,0.164338,mainstream,6
8348,0.001197,0.037,0.961802,niche,1
8349,0.014954,0.133262,0.851784,niche,4
8350,0.016965,0.01687,0.966165,niche,1
8351,0.003478,0.920845,0.075676,mainstream,2
8352,0.353346,0.38933,0.257324,mainstream,3
8353,0.000756,0.059791,0.939453,niche,2
8354,0.010117,0.309026,0.680857,niche,3
8355,0.021823,0.093316,0.88486,niche,1
8356,0.006872,0.210591,0.782537,niche,1
8357,0.002615,0.005933,0.991452,niche,1
8358,0.195643,0.098616,0.705741,niche,1
8359,0.000362,0.009849,0.989788,niche,1
8360,0.013489,0.832045,0.154466,mainstream,1
8361,0.002648,0.078038,0.919314,niche,1
8362,0.005136,0.874322,0.120541,mainstream,2
8363,0.035502,0.034132,0.930366,niche,1
8364,0.00985,0.059855,0.930295,niche,1
8365,0.003047,0.312955,0.683998,niche,1
8366,0.002887,0.003159,0.993954,niche,1
8367,0.002947,0.850063,0.14699,mainstream,1
8368,0.69413,0.070051,0.23582,pop,1
8369,0.030594,0.014201,0.955205,niche,1
8370,0.017176,0.135711,0.847114,niche,4
8371,0.006134,0.922713,0.071154,mainstream,2
8372,0.011309,0.765462,0.223229,mainstream,2
8373,0.024746,0.457521,0.517733,niche,3
8374,2.5e-05,0.001235,0.99874,niche,1
8375,0.000801,0.0276,0.971599,niche,1
8376,0.053342,0.46766,0.478998,niche,2
8377,0.000446,0.071857,0.927696,niche,1
8378,0.046904,0.109042,0.844054,niche,1
8379,0.000359,0.023966,0.975675,niche,3
8380,0.002161,0.310845,0.686994,niche,1
8381,0.105238,0.226273,0.668489,niche,9
8382,0.000605,0.007604,0.991791,niche,1
8383,0.007993,0.210859,0.781148,niche,1
8384,0.010754,0.022279,0.966966,niche,1
8385,1.8e-05,7.5e-05,0.999907,niche,1
8386,0.000127,0.000973,0.9989,niche,1
8387,0.047089,0.055552,0.897359,niche,1
8388,0.00018,0.008166,0.991654,niche,3
8389,0.003208,0.147472,0.84932,niche,1
8390,0.115623,0.546385,0.337992,mainstream,3
8391,0.000303,0.016324,0.983373,niche,1
8392,0.02198,0.573632,0.404389,mainstream,1
8393,0.000433,0.00023,0.999338,niche,1
8394,0.077455,0.135828,0.786717,niche,1
8395,0.000309,0.003897,0.995794,niche,1
8396,6.7e-05,0.00208,0.997852,niche,1
8397,0.008795,0.074468,0.916737,niche,1
8398,0.321294,0.595292,0.083414,mainstream,1
8399,0.003021,0.403411,0.593569,niche,2
8400,0.004365,0.002244,0.99339,niche,1
8401,0.017462,0.020593,0.961945,niche,1
8402,0.010489,0.759043,0.230468,mainstream,1
8403,0.004183,0.028165,0.967652,niche,1
8404,0.367753,0.041083,0.591164,niche,1
8405,0.02163,0.108648,0.869722,niche,1
8406,0.005894,0.032257,0.961848,niche,1
8407,0.038011,0.096841,0.865148,niche,1
8408,0.020031,0.096966,0.883003,niche,1
8409,0.010199,0.678962,0.31084,mainstream,1
8410,0.000115,0.002644,0.997241,niche,1
8411,0.057154,0.034044,0.908802,niche,1
8412,0.015552,0.061041,0.923407,niche,2
8413,0.498431,0.033997,0.467572,pop,2
8414,0.001065,0.019215,0.97972,niche,4
8415,0.00061,0.454957,0.544434,niche,2
8416,0.01185,0.812101,0.17605,mainstream,1
8417,0.001501,0.023135,0.975364,niche,1
8418,0.039774,0.356795,0.60343,niche,4
8419,0.006618,0.041965,0.951417,niche,1
8420,0.000437,0.064298,0.935265,niche,2
8421,0.020283,0.009218,0.970499,niche,1
8422,0.005743,0.007936,0.986321,niche,1
8423,0.000438,0.028529,0.971033,niche,1
8424,0.975541,0.013698,0.010761,pop,2
8425,0.01556,0.642212,0.342228,mainstream,2
8426,0.717585,0.267681,0.014735,pop,2
8427,0.001588,0.022158,0.976254,niche,1
8428,0.005862,0.229462,0.764676,niche,2
8429,0.178781,0.275313,0.545905,niche,1
8430,0.988884,0.001997,0.009119,pop,1
8431,0.002531,0.031462,0.966008,niche,2
8432,0.003729,0.772091,0.224181,mainstream,2
8433,0.004506,0.003964,0.991529,niche,3
8434,0.019059,0.15322,0.827722,niche,2
8435,0.489298,0.493829,0.016874,mainstream,2
8436,0.026766,0.02296,0.950274,niche,1
8437,0.000406,0.007591,0.992003,niche,1
8438,0.027437,0.13234,0.840223,niche,1
8439,0.000597,0.045355,0.954049,niche,2
8440,0.010258,0.426461,0.563281,niche,5
8441,0.058583,0.169573,0.771845,niche,1
8442,0.028657,0.000955,0.970388,niche,1
8443,0.006406,0.34726,0.646334,niche,3
8444,0.005672,0.208726,0.785601,niche,1
8445,0.039384,0.276441,0.684175,niche,1
8446,0.020194,0.060157,0.919649,niche,1
8447,0.027756,0.309338,0.662906,niche,4
8448,0.003377,0.198521,0.798102,niche,3
8449,0.092584,0.026997,0.880419,niche,1
8450,0.000545,0.00046,0.998995,niche,1
8451,0.000211,0.003475,0.996314,niche,1
8452,0.000283,0.010838,0.988879,niche,1
8453,0.005793,0.033821,0.960386,niche,1
8454,0.033234,0.249808,0.716958,niche,1
8455,0.121169,0.275408,0.603422,niche,1
8456,0.000427,0.00972,0.989854,niche,1
8457,0.000754,0.050016,0.949231,niche,1
8458,6.8e-05,0.000619,0.999313,niche,1
8459,0.002086,0.013198,0.984716,niche,1
8460,0.053194,0.015687,0.931118,niche,3
8461,0.001386,0.063446,0.935168,niche,1
8462,9e-05,0.004263,0.995647,niche,1
8463,0.033966,0.109907,0.856127,niche,1
8464,0.018405,0.33457,0.647025,niche,1
8465,0.000271,0.004416,0.995314,niche,1
8466,0.3934,0.225321,0.381279,pop,1
8467,0.001422,0.055788,0.942791,niche,1
8468,0.000141,0.000216,0.999643,niche,1
8469,0.001249,0.03041,0.968341,niche,1
8470,0.022943,0.404264,0.572793,niche,2
8471,0.007958,0.562653,0.429389,mainstream,3
8472,0.002041,0.943679,0.05428,mainstream,3
8473,0.004117,0.611135,0.384748,mainstream,2
8474,0.995369,0.001731,0.0029,pop,1
8475,0.055729,0.428901,0.51537,niche,1
8476,0.040476,0.584297,0.375227,mainstream,10
8477,0.005168,0.874054,0.120778,mainstream,1
8478,0.00759,0.006098,0.986312,niche,1
8479,0.068294,0.29434,0.637366,niche,3
8480,0.037552,0.299801,0.662646,niche,1
8481,0.003512,0.375901,0.620588,niche,2
8482,0.000709,0.009478,0.989812,niche,1
8483,0.050762,0.797866,0.151372,mainstream,2
8484,0.056788,0.265477,0.677735,niche,1
8485,0.263415,0.327104,0.409481,niche,5
8486,0.003015,0.001342,0.995642,niche,1
8487,0.002367,0.19634,0.801292,niche,2
8488,0.009321,0.747489,0.24319,mainstream,1
8489,0.014221,0.854761,0.131019,mainstream,2
8490,0.000246,0.049623,0.950131,niche,2
8491,0.001574,0.006685,0.991741,niche,1
8492,0.001196,0.007852,0.990952,niche,1
8493,0.000415,0.035262,0.964323,niche,1
8494,0.090412,0.820349,0.08924,mainstream,2
8495,0.062552,0.622993,0.314455,mainstream,4
8496,0.00514,0.09028,0.904579,niche,2
8497,0.00034,0.021233,0.978427,niche,1
8498,0.00216,0.141098,0.856742,niche,1
8499,2.3e-05,9.3e-05,0.999883,niche,1
8500,0.010503,0.006015,0.983482,niche,1
8501,0.008642,0.059033,0.932325,niche,1
8502,0.001282,0.007749,0.990969,niche,3
8503,0.000356,0.001495,0.998149,niche,1
8504,0.115882,0.036365,0.847753,niche,1
8505,0.024718,0.16476,0.810522,niche,9
8506,9.6e-05,0.005505,0.994398,niche,2
8507,0.004779,0.004757,0.990464,niche,1
8508,0.004113,0.000978,0.994908,niche,2
8509,0.001452,0.264273,0.734275,niche,2
8510,0.016007,0.259184,0.72481,niche,1
8511,0.002063,0.196553,0.801384,niche,2
8512,0.002699,0.984757,0.012544,mainstream,2
8513,0.059828,0.007964,0.932207,niche,1
8514,0.004018,0.085104,0.910878,niche,1
8515,0.022557,0.277528,0.699915,niche,1
8516,0.001789,0.24678,0.751431,niche,2
8517,0.182932,0.075201,0.741867,niche,1
8518,0.006274,0.702788,0.290939,mainstream,2
8519,0.016592,0.195511,0.787897,niche,3
8520,0.002861,0.036526,0.960612,niche,1
8521,0.016344,0.231343,0.752313,niche,2
8522,0.000191,0.012745,0.987064,niche,1
8523,0.583377,0.100367,0.316256,pop,1
8524,0.004667,0.01096,0.984372,niche,1
8525,0.011605,0.040155,0.94824,niche,1
8526,0.005882,0.074597,0.91952,niche,1
8527,0.006581,0.38444,0.608979,niche,1
8528,0.000349,0.030785,0.968866,niche,1
8529,0.009196,0.049706,0.941097,niche,1
8530,0.035378,0.073557,0.891065,niche,1
8531,0.001125,0.002704,0.996171,niche,1
8532,0.000581,0.268332,0.731087,niche,2
8533,0.00336,0.165837,0.830803,niche,1
8534,0.004828,0.018973,0.976199,niche,1
8535,0.000451,0.100425,0.899124,niche,3
8536,0.045693,0.071458,0.882848,niche,1
8537,0.061542,0.6016,0.336857,mainstream,1
8538,0.000409,0.013041,0.98655,niche,1
8539,0.969449,0.00246,0.028091,pop,1
8540,0.017006,0.014749,0.968244,niche,2
8541,0.010341,0.2598,0.729859,niche,1
8542,3.3e-05,0.000181,0.999786,niche,1
8543,0.001435,0.33852,0.660045,niche,5
8544,0.005775,0.769167,0.225058,mainstream,1
8545,0.004426,0.950911,0.044663,mainstream,1
8546,0.005735,0.341886,0.652379,niche,1
8547,0.501959,0.436618,0.061423,pop,2
8548,0.068584,0.081213,0.850203,niche,1
8549,0.000132,0.00023,0.999637,niche,1
8550,0.000184,0.00069,0.999126,niche,1
8551,0.621992,0.258189,0.119819,pop,1
8552,0.00225,0.014336,0.983415,niche,1
8553,0.000153,0.039839,0.960008,niche,1
8554,0.014166,0.014953,0.970881,niche,1
8555,0.000701,0.030129,0.96917,niche,1
8556,0.015281,0.262769,0.72195,niche,2
8557,0.326827,0.458996,0.214176,mainstream,2
8558,0.000428,0.02034,0.979232,niche,1
8559,0.042661,0.214788,0.742552,niche,1
8560,0.004589,0.009105,0.986306,niche,1
8561,3e-06,0.000199,0.999798,niche,2
8562,0.000541,0.004992,0.994466,niche,1
8563,0.002074,0.169936,0.82799,niche,2
8564,0.001922,0.339195,0.658882,niche,1
8565,0.000132,0.011902,0.987966,niche,1
8566,3.1e-05,0.000219,0.99975,niche,1
8567,1.1e-05,0.000106,0.999883,niche,1
8568,0.072325,0.027748,0.899927,niche,1
8569,1.3e-05,0.001637,0.99835,niche,1
8570,5e-06,0.000936,0.99906,niche,1
8571,0.079122,0.622021,0.298857,mainstream,4
8572,0.080005,0.531507,0.388488,mainstream,3
8573,0.01521,0.399379,0.585411,niche,1
8574,4.6e-05,0.006295,0.993659,niche,1
8575,0.018647,0.172316,0.809036,niche,5
8576,0.000109,0.019131,0.98076,niche,1
8577,0.010651,0.718241,0.271109,mainstream,2
8578,0.004248,0.317956,0.677796,niche,1
8579,0.00278,0.926004,0.071216,mainstream,1
8580,0.137787,0.06527,0.796943,niche,1
8581,0.001226,0.448884,0.54989,niche,1
8582,0.709878,0.157185,0.132938,pop,4
8583,0.051414,0.120677,0.82791,niche,1
8584,0.002335,0.06295,0.934714,niche,1
8585,0.000511,0.036025,0.963463,niche,1
8586,0.003249,0.011588,0.985164,niche,1
8587,0.007166,0.304407,0.688427,niche,1
8588,0.002191,0.016371,0.981439,niche,1
8589,0.000246,0.040306,0.959448,niche,1
8590,0.007762,0.503058,0.489181,mainstream,6
8591,0.006519,0.666824,0.326657,mainstream,1
8592,0.028283,0.74989,0.221826,mainstream,2
8593,0.195316,0.342326,0.462358,niche,1
8594,0.105869,0.059229,0.834902,niche,2
8595,0.001211,0.015476,0.983313,niche,1
8596,0.001245,0.121339,0.877416,niche,1
8597,0.088066,0.002759,0.909175,niche,1
8598,0.002599,0.345697,0.651706,niche,2
8599,0.041991,0.408839,0.54917,niche,1
8600,0.017968,0.010026,0.972006,niche,1
8601,0.011621,0.060836,0.927543,niche,1
8602,0.001714,0.016105,0.982181,niche,1
8603,0.018306,0.799523,0.182171,mainstream,1
8604,0.065232,0.383835,0.550933,niche,1
8605,0.007508,0.875079,0.117414,mainstream,1
8606,0.00924,0.373733,0.617027,niche,1
8607,0.002651,0.000721,0.996628,niche,1
8608,0.019381,0.08544,0.89518,niche,2
8609,0.003099,0.216853,0.780048,niche,1
8610,0.002366,0.054517,0.943118,niche,1
8611,0.055195,0.039372,0.905434,niche,2
8612,0.007642,0.344389,0.647969,niche,2
8613,0.002168,0.021122,0.97671,niche,1
8614,0.022389,0.817046,0.160565,mainstream,4
8615,0.372446,0.222538,0.405016,niche,3
8616,0.000109,0.00383,0.996062,niche,2
8617,0.004526,0.371723,0.62375,niche,2
8618,9.9e-05,0.005017,0.994883,niche,1
8619,0.017135,0.029599,0.953266,niche,1
8620,0.001614,0.72925,0.269136,mainstream,1
8621,0.001641,0.00674,0.991619,niche,1
8622,0.029207,0.430496,0.540296,niche,2
8623,6.3e-05,0.000197,0.99974,niche,1
8624,0.000869,0.200781,0.798351,niche,2
8625,0.022583,0.766409,0.211008,mainstream,2
8626,0.038821,0.206065,0.755113,niche,1
8627,0.007774,0.66818,0.324046,mainstream,1
8628,0.009334,0.006543,0.984123,niche,1
8629,0.013454,0.238879,0.747667,niche,4
8630,0.967512,0.025468,0.00702,pop,1
8631,0.000545,0.320571,0.678883,niche,1
8632,0.915876,0.017004,0.06712,pop,1
8633,9.3e-05,0.003881,0.996027,niche,1
8634,0.000126,0.000465,0.999408,niche,1
8635,0.004896,0.004235,0.990869,niche,1
8636,0.019143,0.390155,0.590702,niche,1
8637,0.034848,0.037736,0.927416,niche,1
8638,0.016093,0.210364,0.773543,niche,2
8639,0.003804,0.919103,0.077093,mainstream,1
8640,0.001799,0.268592,0.729609,niche,7
8641,0.014382,0.768135,0.217483,mainstream,3
8642,0.00171,0.867236,0.131054,mainstream,1
8643,0.000427,0.064951,0.934622,niche,1
8644,0.000203,0.000907,0.99889,niche,1
8645,0.10884,0.146306,0.744854,niche,1
8646,0.000792,0.01264,0.986568,niche,1
8647,0.000398,0.004021,0.99558,niche,1
8648,0.000834,0.003657,0.995509,niche,1
8649,0.010773,0.042844,0.946383,niche,1
8650,0.000473,0.019662,0.979864,niche,1
8651,0.003919,0.143809,0.852272,niche,1
8652,0.007674,0.119267,0.873059,niche,1
8653,0.007853,0.434938,0.557209,niche,1
8654,0.001342,0.372879,0.625778,niche,3
8655,0.001525,0.278682,0.719793,niche,2
8656,0.002666,0.009735,0.987599,niche,1
8657,0.00907,0.045301,0.945629,niche,2
8658,0.019859,0.471207,0.508934,niche,2
8659,0.000137,0.005369,0.994494,niche,1
8660,0.000282,0.022077,0.977641,niche,1
8661,0.010254,0.456842,0.532903,niche,6
8662,0.007268,0.005164,0.987568,niche,1
8663,0.002914,0.013389,0.983696,niche,1
8664,0.00905,0.103199,0.887751,niche,1
8665,0.00015,0.004204,0.995647,niche,1
8666,0.000172,0.059966,0.939861,niche,1
8667,0.094047,0.208112,0.697841,niche,1
8668,0.015017,0.028667,0.956315,niche,1
8669,0.002802,0.955736,0.041462,mainstream,2
8670,0.006213,0.445822,0.547965,niche,2
8671,0.02302,0.249678,0.727302,niche,2
8672,0.054757,0.336027,0.609217,niche,2
8673,0.014952,0.416484,0.568563,niche,1
8674,0.05071,0.549346,0.399944,mainstream,1
8675,0.008833,0.051511,0.939656,niche,1
8676,0.978678,0.007824,0.013499,pop,2
8677,0.107583,0.105924,0.786493,niche,1
8678,8.6e-05,0.001054,0.998861,niche,1
8679,0.004978,0.211101,0.783922,niche,3
8680,0.007356,0.235646,0.756998,niche,4
8681,0.009837,0.384193,0.605969,niche,2
8682,0.000299,0.000744,0.998958,niche,1
8683,0.001105,0.054423,0.944472,niche,1
8684,0.109165,0.176456,0.714379,niche,1
8685,0.005638,0.070963,0.923399,niche,1
8686,0.018202,0.051935,0.929863,niche,1
8687,1.2e-05,9.8e-05,0.999889,niche,1
8688,0.002722,0.008637,0.988641,niche,4
8689,0.000327,0.000355,0.999318,niche,1
8690,0.026311,0.246671,0.727019,niche,2
8691,0.000701,0.037585,0.961714,niche,1
8692,0.974751,0.008515,0.016734,pop,1
8693,0.500781,0.013414,0.485804,pop,2
8694,0.002288,0.00647,0.991242,niche,1
8695,0.008813,0.04907,0.942117,niche,1
8696,0.007261,0.011753,0.980986,niche,6
8697,0.324781,0.162306,0.512913,niche,8
8698,0.006429,0.157647,0.835925,niche,1
8699,0.000302,0.100836,0.898861,niche,2
8700,0.006333,0.003772,0.989895,niche,1
8701,7.7e-05,0.00191,0.998012,niche,1
8702,0.000113,0.000195,0.999692,niche,1
8703,0.000252,0.003067,0.996682,niche,1
8704,0.000141,0.012303,0.987556,niche,1
8705,0.013641,0.009142,0.977217,niche,1
8706,0.028238,0.6034,0.368361,mainstream,3
8707,0.000566,0.045661,0.953773,niche,1
8708,0.023029,0.927246,0.049725,mainstream,2
8709,0.053519,0.726994,0.219487,mainstream,2
8710,0.000657,0.003663,0.99568,niche,1
8711,0.009177,0.037794,0.953029,niche,1
8712,0.00671,0.134676,0.858614,niche,1
8713,0.003947,0.669465,0.326588,mainstream,1
8714,0.005919,0.498389,0.495692,mainstream,1
8715,0.017379,0.052198,0.930423,niche,1
8716,0.095489,0.281587,0.622924,niche,2
8717,0.023867,0.839077,0.137055,mainstream,2
8718,0.001064,0.001268,0.997668,niche,1
8719,0.306806,0.177314,0.51588,niche,2
8720,0.001139,0.088314,0.910547,niche,3
8721,0.006618,0.653687,0.339695,mainstream,1
8722,0.000445,0.030511,0.969044,niche,1
8723,0.126962,0.343921,0.529117,niche,1
8724,0.000716,0.045212,0.954072,niche,1
8725,0.056293,0.822253,0.121454,mainstream,3
8726,0.983537,0.01342,0.003044,pop,2
8727,0.000103,0.000734,0.999163,niche,1
8728,0.005575,0.040615,0.95381,niche,1
8729,0.004083,0.039157,0.956759,niche,1
8730,0.000134,0.000523,0.999343,niche,1
8731,9.6e-05,6.2e-05,0.999842,niche,1
8732,0.000446,0.022571,0.976983,niche,1
8733,0.003131,0.00709,0.989779,niche,1
8734,0.012037,0.399993,0.58797,niche,1
8735,0.308831,0.046353,0.644816,niche,1
8736,0.002931,0.94164,0.055429,mainstream,3
8737,0.00516,0.095341,0.899499,niche,1
8738,0.001419,0.079738,0.918843,niche,2
8739,0.003555,0.006952,0.989493,niche,1
8740,0.001941,0.036906,0.961153,niche,1
8741,0.007461,0.393935,0.598605,niche,1
8742,0.014543,0.174217,0.811241,niche,1
8743,0.00036,0.064925,0.934715,niche,1
8744,0.001188,0.050586,0.948227,niche,1
8745,0.001057,0.014146,0.984797,niche,1
8746,0.957478,0.026473,0.01605,pop,1
8747,0.000117,0.001558,0.998325,niche,1
8748,0.00209,0.11224,0.88567,niche,3
8749,0.009505,0.048825,0.94167,niche,1
8750,0.006504,0.094437,0.899058,niche,6
8751,5.3e-05,0.002971,0.996976,niche,1
8752,0.011855,0.031635,0.956509,niche,1
8753,0.002735,0.121798,0.875467,niche,1
8754,0.05844,0.261984,0.679576,niche,1
8755,0.144626,0.123767,0.731606,niche,1
8756,0.000414,0.010621,0.988965,niche,2
8757,0.051689,0.020685,0.927626,niche,1
8758,2.4e-05,0.000107,0.999869,niche,1
8759,0.020537,0.17779,0.801673,niche,1
8760,0.006613,0.002702,0.990685,niche,1
8761,0.009064,0.096368,0.894568,niche,1
8762,0.019315,0.195181,0.785504,niche,1
8763,0.187914,0.015376,0.79671,niche,1
8764,0.000181,0.002001,0.997817,niche,1
8765,0.001186,0.465015,0.533799,niche,1
8766,0.000398,0.006845,0.992757,niche,1
8767,0.000426,0.166147,0.833427,niche,3
8768,0.089711,0.724352,0.185937,mainstream,2
8769,0.000434,0.058584,0.940982,niche,1
8770,0.005726,0.715318,0.278956,mainstream,2
8771,0.000307,0.000831,0.998862,niche,1
8772,0.135744,0.759739,0.104517,mainstream,1
8773,0.001782,0.09389,0.904328,niche,1
8774,0.725116,0.014916,0.259968,pop,1
8775,0.000181,0.006464,0.993355,niche,1
8776,0.006575,0.022186,0.971239,niche,1
8777,0.001805,0.004265,0.99393,niche,1
8778,0.004638,0.092437,0.902924,niche,1
8779,6.8e-05,0.012499,0.987433,niche,1
8780,0.007524,0.538455,0.454021,mainstream,1
8781,0.103521,0.31344,0.583038,niche,3
8782,0.00278,0.026871,0.970349,niche,1
8783,7.4e-05,0.000515,0.999411,niche,1
8784,0.006439,0.480626,0.512934,niche,2
8785,0.383836,0.055286,0.560879,niche,1
8786,0.079661,0.046734,0.873605,niche,1
8787,0.00099,0.00259,0.996419,niche,1
8788,0.156452,0.02314,0.820407,niche,1
8789,0.002157,0.003113,0.994729,niche,1
8790,0.17341,0.723286,0.103303,mainstream,1
8791,0.001605,0.003318,0.995076,niche,1
8792,0.449673,0.096284,0.454043,niche,1
8793,0.000667,0.002108,0.997226,niche,1
8794,0.027532,0.957536,0.014932,mainstream,1
8795,0.105198,0.206084,0.688718,niche,1
8796,0.022011,0.241828,0.73616,niche,1
8797,0.002489,0.062117,0.935394,niche,1
8798,1.2e-05,0.000645,0.999343,niche,1
8799,0.004731,0.010494,0.984775,niche,1
8800,0.050172,0.031091,0.918737,niche,1
8801,0.000194,0.001661,0.998145,niche,1
8802,0.072619,0.761764,0.165617,mainstream,1
8803,0.003104,0.760184,0.236711,mainstream,1
8804,0.084918,0.765673,0.14941,mainstream,1
8805,0.01966,0.681083,0.299256,mainstream,2
8806,0.004138,0.030518,0.965344,niche,1
8807,0.100087,0.26447,0.635443,niche,1
8808,0.0255,0.475745,0.498755,niche,2
8809,0.006897,0.813953,0.179149,mainstream,2
8810,0.001525,0.026698,0.971777,niche,1
8811,0.009002,0.004535,0.986463,niche,1
8812,0.012115,0.310151,0.677734,niche,1
8813,0.001708,0.07582,0.922472,niche,1
8814,4.3e-05,0.000297,0.999659,niche,1
8815,0.189691,0.202527,0.607781,niche,2
8816,0.00067,0.051178,0.948152,niche,1
8817,0.001534,0.187708,0.810758,niche,1
8818,0.003969,0.150807,0.845223,niche,1
8819,0.034665,0.143631,0.821704,niche,2
8820,0.006297,0.24781,0.745894,niche,1
8821,0.010331,0.623282,0.366387,mainstream,1
8822,0.028019,0.792382,0.179599,mainstream,3
8823,0.000624,0.008008,0.991369,niche,2
8824,1.4e-05,0.000265,0.999722,niche,1
8825,0.001762,0.081176,0.917063,niche,2
8826,0.23961,0.427689,0.332701,mainstream,2
8827,0.001651,0.618865,0.379485,mainstream,2
8828,0.001922,0.00208,0.995998,niche,1
8829,0.006125,0.614998,0.378877,mainstream,1
8830,0.126559,0.306739,0.566703,niche,2
8831,0.000388,0.039345,0.960268,niche,2
8832,0.060768,0.820489,0.118743,mainstream,2
8833,0.008891,0.139906,0.851202,niche,1
8834,0.088539,0.043968,0.867493,niche,1
8835,0.00234,0.116407,0.881252,niche,2
8836,0.026305,0.734522,0.239173,mainstream,2
8837,0.006753,0.937782,0.055465,mainstream,4
8838,0.856787,0.060991,0.082221,pop,1
8839,0.020138,0.040678,0.939184,niche,1
8840,0.048183,0.410021,0.541796,niche,2
8841,0.001596,0.002681,0.995723,niche,1
8842,0.000677,0.000351,0.998971,niche,1
8843,0.001203,0.028777,0.97002,niche,1
8844,0.005475,0.077392,0.917133,niche,4
8845,0.00131,0.009167,0.989523,niche,1
8846,0.777875,0.069886,0.152239,pop,1
8847,0.036057,0.83713,0.126813,mainstream,1
8848,0.001355,0.098119,0.900526,niche,1
8849,0.001914,0.71759,0.280496,mainstream,1
8850,0.001686,0.010325,0.987988,niche,3
8851,0.038651,0.016987,0.944362,niche,1
8852,0.000495,0.015518,0.983987,niche,1
8853,0.003482,0.023701,0.972817,niche,1
8854,0.008837,0.02971,0.961453,niche,1
8855,0.000869,0.016346,0.982785,niche,2
8856,0.008564,0.374153,0.617283,niche,2
8857,0.783043,0.176317,0.04064,pop,2
8858,8.6e-05,0.005082,0.994832,niche,1
8859,0.003439,0.270959,0.725601,niche,1
8860,0.058288,0.016734,0.924978,niche,1
8861,0.015183,0.217916,0.766902,niche,1
8862,0.00339,0.517253,0.479357,mainstream,1
8863,0.000718,0.004568,0.994714,niche,1
8864,0.0831,0.096747,0.820153,niche,1
8865,0.822563,0.122699,0.054737,pop,2
8866,0.023154,0.079263,0.897584,niche,1
8867,0.001455,0.148225,0.850321,niche,1
8868,0.001097,0.005955,0.992948,niche,1
8869,3.9e-05,0.002272,0.997688,niche,1
8870,0.0215,0.00989,0.96861,niche,1
8871,0.001183,0.002735,0.996081,niche,1
8872,0.053159,0.184197,0.762645,niche,1
8873,0.0062,0.066462,0.927338,niche,1
8874,0.00594,0.796318,0.197743,mainstream,2
8875,0.006038,0.476373,0.517589,niche,1
8876,0.113709,0.01917,0.867121,niche,1
8877,0.000869,0.654051,0.34508,mainstream,2
8878,0.024985,0.352226,0.622789,niche,1
8879,0.000452,0.001686,0.997861,niche,2
8880,0.008969,0.401236,0.589795,niche,1
8881,0.006329,0.013796,0.979875,niche,1
8882,0.938261,0.028072,0.033667,pop,1
8883,0.002388,0.070829,0.926782,niche,1
8884,0.027362,0.147845,0.824793,niche,1
8885,0.001661,0.015478,0.982861,niche,1
8886,0.002235,0.049959,0.947805,niche,1
8887,0.001262,0.561211,0.437526,mainstream,2
8888,0.002366,0.019606,0.978029,niche,3
8889,0.065263,0.053078,0.881659,niche,1
8890,0.316174,0.279083,0.404742,niche,1
8891,0.000389,0.02904,0.970571,niche,1
8892,0.039256,0.238953,0.721792,niche,1
8893,0.001541,0.192661,0.805797,niche,1
8894,0.87438,0.012051,0.11357,pop,1
8895,0.015532,0.052279,0.932189,niche,1
8896,0.003882,0.94554,0.050577,mainstream,1
8897,0.006038,0.783649,0.210313,mainstream,1
8898,0.000204,0.008062,0.991734,niche,2
8899,0.014283,0.047646,0.93807,niche,1
8900,0.183802,0.462487,0.353711,mainstream,2
8901,0.207203,0.028689,0.764108,niche,1
8902,0.00316,0.018744,0.978097,niche,1
8903,0.10033,0.39043,0.50924,niche,1
8904,0.965656,0.026295,0.008049,pop,1
8905,0.004038,0.062592,0.93337,niche,1
8906,0.023384,0.468247,0.508369,niche,1
8907,3.3e-05,0.000985,0.998982,niche,1
8908,0.001358,0.024919,0.973723,niche,1
8909,0.000455,0.002288,0.997256,niche,1
8910,0.000278,0.000211,0.999512,niche,1
8911,0.028511,0.550908,0.420582,mainstream,6
8912,0.00035,0.004286,0.995363,niche,1
8913,0.694786,0.180911,0.124303,pop,2
8914,0.607735,0.158672,0.233593,pop,1
8915,4.3e-05,0.004611,0.995346,niche,1
8916,0.147586,0.366248,0.486167,niche,1
8917,0.018763,0.022139,0.959098,niche,1
8918,0.001025,0.029745,0.96923,niche,1
8919,0.017981,0.251826,0.730192,niche,1
8920,0.025387,0.083485,0.891129,niche,1
8921,0.04694,0.016208,0.936851,niche,1
8922,0.000549,0.059228,0.940223,niche,1
8923,0.00011,0.000745,0.999145,niche,1
8924,0.09569,0.77184,0.13247,mainstream,4
8925,0.012845,0.166305,0.82085,niche,1
8926,0.021976,0.231965,0.746058,niche,2
8927,0.000129,0.000163,0.999708,niche,1
8928,0.000299,0.128842,0.870858,niche,2
8929,0.06322,0.34423,0.59255,niche,1
8930,0.003125,0.000721,0.996154,niche,1
8931,0.000988,0.080087,0.918925,niche,1
8932,0.00445,0.125468,0.870082,niche,1
8933,0.001806,0.008319,0.989876,niche,2
8934,0.002843,0.00589,0.991267,niche,1
8935,0.007946,0.1936,0.798453,niche,1
8936,0.006609,0.006712,0.986679,niche,1
8937,0.055335,0.091193,0.853472,niche,2
8938,0.286118,0.160215,0.553667,niche,1
8939,0.036493,0.481209,0.482298,niche,1
8940,0.000204,0.006859,0.992937,niche,1
8941,6.2e-05,0.01417,0.985768,niche,1
8942,0.001181,0.063464,0.935355,niche,1
8943,0.0036,0.682724,0.313675,mainstream,1
8944,0.000768,0.028507,0.970725,niche,1
8945,0.060186,0.081011,0.858803,niche,1
8946,0.00087,0.600747,0.398382,mainstream,2
8947,0.010417,0.220897,0.768686,niche,1
8948,0.01662,0.879442,0.103939,mainstream,1
8949,0.001192,0.021045,0.977763,niche,1
8950,0.636212,0.21995,0.143838,pop,2
8951,0.000848,0.021919,0.977233,niche,2
8952,0.002105,0.346461,0.651433,niche,1
8953,0.004214,0.155435,0.840351,niche,2
8954,8e-06,0.000111,0.999882,niche,1
8955,0.01251,0.025935,0.961555,niche,1
8956,0.993273,0.003075,0.003653,pop,2
8957,0.00066,0.001715,0.997625,niche,1
8958,0.006827,0.039644,0.953529,niche,1
8959,0.000358,0.022016,0.977626,niche,1
8960,0.008061,0.647884,0.344055,mainstream,1
8961,0.000736,0.000989,0.998275,niche,1
8962,0.007874,0.030282,0.961844,niche,1
8963,0.004651,0.011096,0.984253,niche,1
8964,0.002082,0.456896,0.541022,niche,1
8965,0.001917,0.039594,0.958489,niche,1
8966,0.004761,0.031664,0.963575,niche,1
8967,0.001965,0.009634,0.9884,niche,1
8968,0.001206,0.005223,0.993571,niche,1
8969,0.000584,0.046982,0.952434,niche,3
8970,0.007502,0.082803,0.909696,niche,1
8971,0.000256,0.007112,0.992633,niche,1
8972,0.008624,0.092568,0.89881,niche,2
8973,0.000635,0.000659,0.998706,niche,1
8974,0.053769,0.516194,0.430037,mainstream,7
8975,0.00469,0.186523,0.808787,niche,1
8976,0.000307,0.090573,0.90912,niche,1
8977,0.030599,0.097237,0.872165,niche,2
8978,0.052895,0.02811,0.918995,niche,1
8979,0.00026,0.005304,0.994436,niche,2
8980,0.002106,0.010839,0.987056,niche,2
8981,0.017597,0.83259,0.149814,mainstream,1
8982,0.248272,0.176646,0.575082,niche,1
8983,0.000443,0.006995,0.992562,niche,1
8984,0.011064,0.090905,0.898031,niche,1
8985,0.001266,0.430549,0.568184,niche,1
8986,0.001954,0.009531,0.988514,niche,1
8987,0.006512,0.231995,0.761493,niche,1
8988,0.01958,0.027214,0.953205,niche,1
8989,0.002168,0.025888,0.971944,niche,1
8990,0.001039,0.009038,0.989923,niche,1
8991,3.2e-05,0.000867,0.999101,niche,1
8992,0.025568,0.111343,0.863089,niche,1
8993,0.00114,0.031564,0.967296,niche,1
8994,0.053794,0.715039,0.231167,mainstream,1
8995,5.6e-05,0.000162,0.999782,niche,1
8996,0.005207,0.083598,0.911195,niche,2
8997,7.9e-05,0.005009,0.994912,niche,1
8998,0.160387,0.044462,0.795151,niche,1
8999,0.011271,0.03591,0.952819,niche,1
9000,0.005127,0.005442,0.989431,niche,1
9001,0.000283,0.009754,0.989963,niche,1
9002,0.005489,0.11175,0.882761,niche,1
9003,0.000966,0.001059,0.997975,niche,1
9004,0.00553,0.689512,0.304958,mainstream,1
9005,0.086321,0.206198,0.707481,niche,1
9006,0.000293,0.007922,0.991785,niche,1
9007,0.002987,0.001108,0.995905,niche,1
9008,0.010367,0.051862,0.937771,niche,1
9009,0.00199,0.00632,0.991691,niche,1
9010,0.007643,0.768007,0.22435,mainstream,2
9011,0.000111,0.002394,0.997495,niche,1
9012,0.000883,0.004172,0.994945,niche,1
9013,0.002381,0.482507,0.515112,niche,1
9014,0.000107,0.001759,0.998134,niche,1
9015,0.017833,0.96815,0.014016,mainstream,1
9016,0.000131,0.004489,0.99538,niche,2
9017,0.020724,0.30121,0.678066,niche,2
9018,0.004206,0.016531,0.979263,niche,1
9019,0.00725,0.087863,0.904887,niche,1
9020,0.000158,0.008851,0.990991,niche,1
9021,3.7e-05,0.002397,0.997566,niche,1
9022,0.001675,0.164879,0.833446,niche,1
9023,0.05669,0.274957,0.668353,niche,1
9024,5.6e-05,0.005877,0.994067,niche,1
9025,0.001102,0.041298,0.9576,niche,1
9026,0.02766,0.299078,0.673262,niche,1
9027,0.221601,0.017672,0.760726,niche,1
9028,0.042452,0.830025,0.127524,mainstream,1
9029,0.020885,0.640799,0.338317,mainstream,2
9030,0.00587,0.858454,0.135676,mainstream,1
9031,0.004397,0.014409,0.981194,niche,5
9032,0.00474,0.016812,0.978448,niche,1
9033,0.052798,0.019333,0.927869,niche,1
9034,0.036399,0.008894,0.954707,niche,1
9035,0.000578,0.002591,0.996832,niche,2
9036,0.000162,0.006143,0.993695,niche,1
9037,0.013432,0.037478,0.94909,niche,1
9038,0.057538,0.266844,0.675618,niche,1
9039,0.120513,0.108886,0.770602,niche,1
9040,0.005584,0.082368,0.912048,niche,1
9041,0.029164,0.091432,0.879404,niche,2
9042,0.033696,0.216154,0.750149,niche,2
9043,0.001,0.054538,0.944462,niche,1
9044,0.007452,0.5122,0.480348,mainstream,2
9045,0.001872,0.101714,0.896414,niche,1
9046,0.035733,0.027215,0.937052,niche,1
9047,0.01069,0.069414,0.919896,niche,1
9048,0.001296,0.06838,0.930323,niche,3
9049,0.005068,0.721602,0.27333,mainstream,1
9050,0.020306,0.531556,0.448137,mainstream,3
9051,0.000896,0.019661,0.979443,niche,1
9052,0.950396,0.006988,0.042616,pop,1
9053,0.013304,0.112816,0.87388,niche,36
9054,0.001071,0.056761,0.942168,niche,1
9055,0.004095,0.331448,0.664456,niche,1
9056,0.081687,0.518425,0.399888,mainstream,1
9057,0.013069,0.686342,0.300589,mainstream,1
9058,0.011312,0.188528,0.80016,niche,1
9059,0.001781,0.029795,0.968424,niche,1
9060,0.001364,0.04019,0.958446,niche,1
9061,0.00462,0.304801,0.690579,niche,1
9062,0.015795,0.830043,0.154163,mainstream,4
9063,0.004525,0.108537,0.886938,niche,1
9064,0.016955,0.086449,0.896596,niche,1
9065,0.000393,0.041255,0.958352,niche,1
9066,0.001236,0.004455,0.994309,niche,1
9067,0.000246,0.152724,0.84703,niche,2
9068,0.005662,0.31261,0.681729,niche,1
9069,0.41987,0.136696,0.443434,niche,1
9070,0.056444,0.06794,0.875616,niche,1
9071,0.012339,0.764776,0.222884,mainstream,1
9072,0.005578,0.088973,0.90545,niche,1
9073,0.023025,0.002341,0.974634,niche,1
9074,0.022757,0.174987,0.802256,niche,2
9075,0.000167,0.002982,0.996852,niche,1
9076,2.2e-05,0.000198,0.99978,niche,1
9077,0.006911,0.004082,0.989007,niche,1
9078,5.2e-05,0.000749,0.999199,niche,1
9079,0.494506,0.344662,0.160833,pop,1
9080,0.011723,0.661138,0.32714,mainstream,1
9081,0.018743,0.071535,0.909723,niche,1
9082,0.001395,0.249839,0.748765,niche,2
9083,2.5e-05,0.001116,0.998859,niche,1
9084,0.003032,0.966214,0.030753,mainstream,2
9085,0.000829,0.030249,0.968921,niche,1
9086,0.996151,0.001639,0.00221,pop,1
9087,0.383215,0.061503,0.555282,niche,1
9088,0.010075,0.00169,0.988235,niche,1
9089,0.000264,0.076213,0.923524,niche,3
9090,0.089244,0.848302,0.062454,mainstream,2
9091,0.00082,0.174536,0.824644,niche,1
9092,0.003131,0.012087,0.984783,niche,1
9093,0.00683,0.074037,0.919133,niche,1
9094,0.00071,0.150373,0.848917,niche,1
9095,0.028858,0.104071,0.867071,niche,1
9096,0.001072,0.020817,0.97811,niche,1
9097,0.00874,0.299431,0.691829,niche,1
9098,0.004283,0.037038,0.958679,niche,1
9099,0.14338,0.676137,0.180482,mainstream,2
9100,0.007348,0.248424,0.744229,niche,3
9101,0.008525,0.266812,0.724663,niche,2
9102,0.000432,0.001187,0.998381,niche,1
9103,0.991083,0.001896,0.00702,pop,1
9104,0.01518,0.709419,0.2754,mainstream,3
9105,0.005426,0.951317,0.043257,mainstream,2
9106,0.01318,0.034442,0.952378,niche,1
9107,0.000887,0.006934,0.992179,niche,1
9108,0.007276,0.644438,0.348286,mainstream,2
9109,0.296268,0.04943,0.654302,niche,1
9110,0.059914,0.671687,0.268399,mainstream,1
9111,0.008771,0.494146,0.497083,niche,1
9112,0.000791,0.041389,0.95782,niche,1
9113,0.000146,0.004477,0.995377,niche,1
9114,0.163507,0.016933,0.81956,niche,1
9115,0.000619,0.005548,0.993833,niche,1
9116,0.379983,0.078045,0.541972,niche,1
9117,0.112552,0.041067,0.84638,niche,1
9118,0.00484,0.397754,0.597406,niche,1
9119,0.009418,0.654977,0.335605,mainstream,1
9120,0.000985,0.09036,0.908655,niche,1
9121,0.774076,0.089524,0.1364,pop,1
9122,0.01322,0.458387,0.528393,niche,1
9123,0.002695,0.032789,0.964516,niche,1
9124,0.000314,0.033458,0.966228,niche,1
9125,0.01183,0.002614,0.985556,niche,1
9126,0.006338,0.011464,0.982198,niche,1
9127,0.001204,0.31979,0.679007,niche,2
9128,0.006239,0.006085,0.987676,niche,1
9129,0.009115,0.034512,0.956373,niche,1
9130,7.1e-05,0.000558,0.999371,niche,1
9131,0.002247,0.490378,0.507375,niche,1
9132,0.03362,0.446386,0.519994,niche,1
9133,0.000151,0.009711,0.990138,niche,1
9134,0.024094,0.153446,0.822459,niche,1
9135,0.400515,0.004541,0.594944,niche,1
9136,0.003155,0.208879,0.787966,niche,1
9137,0.000363,0.006322,0.993315,niche,1
9138,0.029079,0.803302,0.167618,mainstream,1
9139,0.012814,0.064647,0.922539,niche,1
9140,0.028275,0.252254,0.719472,niche,1
9141,0.944664,0.008638,0.046697,pop,1
9142,0.000919,0.009973,0.989108,niche,1
9143,0.002634,0.103122,0.894244,niche,1
9144,0.002583,0.008464,0.988953,niche,1
9145,0.024773,0.149363,0.825864,niche,3
9146,0.941761,0.029666,0.028573,pop,1
9147,0.001283,0.435285,0.563432,niche,2
9148,0.000219,0.009437,0.990344,niche,1
9149,0.007963,0.426831,0.565206,niche,4
9150,0.000568,0.032219,0.967212,niche,2
9151,0.600867,0.211368,0.187765,pop,5
9152,0.002816,0.047139,0.950045,niche,1
9153,0.097005,0.233021,0.669974,niche,1
9154,0.207054,0.13124,0.661706,niche,1
9155,0.025865,0.163329,0.810806,niche,1
9156,0.005938,0.348161,0.645902,niche,1
9157,0.566186,0.191393,0.242421,pop,1
9158,0.117173,0.083258,0.799569,niche,1
9159,0.0001,0.004005,0.995895,niche,1
9160,0.000137,0.002847,0.997016,niche,1
9161,0.001297,0.033587,0.965117,niche,1
9162,0.000192,0.089412,0.910395,niche,2
9163,0.003165,0.332418,0.664416,niche,1
9164,0.007994,0.141965,0.850041,niche,1
9165,0.001031,0.004781,0.994188,niche,1
9166,0.006571,0.024927,0.968502,niche,1
9167,0.009159,0.692341,0.2985,mainstream,2
9168,0.024764,0.0069,0.968336,niche,1
9169,0.005463,0.553719,0.440817,mainstream,1
9170,0.000123,0.001794,0.998082,niche,1
9171,0.003357,0.207284,0.78936,niche,2
9172,0.009797,0.235718,0.754485,niche,2
9173,0.000842,0.077284,0.921874,niche,1
9174,0.010703,0.028833,0.960464,niche,1
9175,0.001071,0.006145,0.992783,niche,2
9176,0.028766,0.243352,0.727882,niche,2
9177,0.000873,0.015587,0.98354,niche,1
9178,0.288257,0.002539,0.709204,niche,1
9179,0.017768,0.241612,0.74062,niche,1
9180,0.00095,0.007902,0.991148,niche,4
9181,0.00975,0.303446,0.686803,niche,1
9182,6.3e-05,0.00682,0.993117,niche,1
9183,0.000434,0.044368,0.955198,niche,1
9184,0.012607,0.062773,0.924621,niche,1
9185,0.090798,0.635555,0.273648,mainstream,2
9186,0.00397,0.329153,0.666877,niche,1
9187,0.010812,0.020393,0.968796,niche,1
9188,0.006947,0.198324,0.794729,niche,1
9189,0.01663,0.498984,0.484386,mainstream,2
9190,0.001202,0.080792,0.918006,niche,1
9191,0.00246,0.0304,0.96714,niche,1
9192,0.00139,0.026756,0.971854,niche,1
9193,0.010428,0.753256,0.236316,mainstream,1
9194,0.001245,0.003754,0.995,niche,1
9195,0.034939,0.166206,0.798854,niche,1
9196,0.327859,0.057653,0.614488,niche,1
9197,0.604251,0.249053,0.146696,pop,1
9198,0.001917,0.870472,0.127611,mainstream,1
9199,0.001287,0.835058,0.163656,mainstream,2
9200,0.007769,0.862448,0.129783,mainstream,1
9201,0.03822,0.82931,0.13247,mainstream,1
9202,0.014395,0.108745,0.87686,niche,1
9203,0.000651,0.75144,0.247909,mainstream,2
9204,0.003285,0.168942,0.827773,niche,2
9205,0.003943,0.861722,0.134335,mainstream,1
9206,0.006411,0.087354,0.906235,niche,1
9207,0.004494,0.15773,0.837776,niche,1
9208,0.029215,0.704638,0.266147,mainstream,4
9209,0.031261,0.136835,0.831904,niche,1
9210,0.005856,0.519391,0.474753,mainstream,1
9211,0.034988,0.045434,0.919578,niche,1
9212,0.001188,0.159676,0.839136,niche,1
9213,0.002123,0.003374,0.994502,niche,1
9214,9.1e-05,0.000621,0.999288,niche,1
9215,0.002595,0.027747,0.969658,niche,3
9216,0.006389,0.593855,0.399756,mainstream,1
9217,0.725159,0.124198,0.150643,pop,1
9218,0.043414,0.567745,0.388841,mainstream,1
9219,0.041375,0.089598,0.869027,niche,2
9220,0.004201,0.943471,0.052329,mainstream,2
9221,0.013607,0.075704,0.910688,niche,1
9222,0.000653,0.000949,0.998398,niche,1
9223,0.136006,0.406352,0.457643,niche,1
9224,0.000588,0.033377,0.966035,niche,1
9225,0.0001,0.000842,0.999058,niche,1
9226,0.681115,0.245868,0.073018,pop,3
9227,0.008186,0.181344,0.81047,niche,1
9228,6.1e-05,0.002337,0.997601,niche,1
9229,0.001058,0.360857,0.638085,niche,2
9230,0.001605,0.335953,0.662442,niche,1
9231,0.000698,0.005283,0.99402,niche,1
9232,0.000173,0.007851,0.991976,niche,1
9233,0.003856,0.005196,0.990949,niche,1
9234,0.018655,0.442523,0.538822,niche,1
9235,0.023128,0.008662,0.96821,niche,1
9236,0.030885,0.141927,0.827188,niche,1
9237,0.000348,0.006232,0.99342,niche,1
9238,0.000176,0.004082,0.995742,niche,1
9239,0.008165,0.098413,0.893422,niche,1
9240,0.00815,0.567778,0.424072,mainstream,1
9241,0.004712,0.010624,0.984664,niche,1
9242,0.000456,0.020238,0.979306,niche,1
9243,0.039119,0.081917,0.878964,niche,1
9244,0.009829,0.016115,0.974057,niche,1
9245,0.003001,0.294854,0.702145,niche,2
9246,0.000536,0.011663,0.987801,niche,1
9247,0.000526,0.000402,0.999072,niche,1
9248,0.008837,0.045197,0.945967,niche,1
9249,0.163593,0.64831,0.188098,mainstream,2
9250,0.334383,0.01372,0.651896,niche,1
9251,0.00152,0.027168,0.971312,niche,1
9252,0.017022,0.639833,0.343145,mainstream,1
9253,0.012595,0.027263,0.960142,niche,1
9254,0.000183,0.006714,0.993104,niche,1
9255,0.000849,0.019452,0.979699,niche,1
9256,0.977717,0.013192,0.009091,pop,1
9257,0.000587,0.255776,0.743637,niche,1
9258,0.002781,0.046745,0.950474,niche,1
9259,0.034837,0.899367,0.065795,mainstream,1
9260,0.000582,0.191616,0.807802,niche,1
9261,0.448134,0.0159,0.535967,niche,2
9262,0.024763,0.245013,0.730224,niche,1
9263,0.030125,0.706099,0.263776,mainstream,1
9264,0.005524,0.006618,0.987858,niche,1
9265,0.004015,0.049293,0.946692,niche,1
9266,0.00055,0.014049,0.985401,niche,1
9267,0.009022,0.012496,0.978482,niche,1
9268,0.00087,0.005709,0.993421,niche,1
9269,6.8e-05,0.001407,0.998525,niche,1
9270,0.00752,0.129957,0.862523,niche,1
9271,0.000634,0.021574,0.977792,niche,1
9272,0.064864,0.542895,0.392242,mainstream,1
9273,0.014037,0.334623,0.65134,niche,1
9274,0.010784,0.121579,0.867637,niche,1
9275,0.007602,0.001739,0.990659,niche,1
9276,0.006449,0.914018,0.079533,mainstream,1
9277,0.001665,0.001877,0.996459,niche,1
9278,6e-05,5.6e-05,0.999884,niche,1
9279,0.001679,0.002809,0.995512,niche,1
9280,0.044434,0.137304,0.818263,niche,1
9281,0.001287,0.061779,0.936935,niche,1
9282,0.000161,0.000948,0.998891,niche,1
9283,0.446982,0.236912,0.316106,pop,1
9284,0.003978,0.17783,0.818192,niche,1
9285,0.02363,0.108249,0.868121,niche,1
9286,0.004273,0.81539,0.180337,mainstream,1
9287,0.0052,0.015285,0.979516,niche,1
9288,0.139598,0.307843,0.552559,niche,2
9289,0.00541,0.583057,0.411533,mainstream,2
9290,0.001204,0.017491,0.981305,niche,1
9291,0.014774,0.53817,0.447055,mainstream,4
9292,0.00629,0.123508,0.870202,niche,1
9293,0.000238,0.001534,0.998227,niche,1
9294,0.909821,0.012232,0.077947,pop,1
9295,0.000239,0.165211,0.834549,niche,3
9296,0.023833,0.77677,0.199397,mainstream,1
9297,0.065362,0.47535,0.459287,mainstream,2
9298,0.026524,0.186711,0.786766,niche,2
9299,0.067611,0.446128,0.486261,niche,1
9300,0.024354,0.496956,0.47869,mainstream,1
9301,0.000932,0.083013,0.916055,niche,1
9302,0.000373,0.010972,0.988654,niche,1
9303,0.034226,0.029983,0.935791,niche,1
9304,0.000192,0.089755,0.910053,niche,1
9305,0.011619,0.029603,0.958778,niche,1
9306,0.005826,0.602767,0.391408,mainstream,2
9307,0.0003,0.039728,0.959971,niche,2
9308,0.029885,0.861387,0.108728,mainstream,2
9309,0.006201,0.157216,0.836583,niche,1
9310,0.000668,0.002096,0.997236,niche,1
9311,0.001914,0.447593,0.550493,niche,1
9312,0.091177,0.341421,0.567401,niche,1
9313,0.000697,0.00433,0.994974,niche,1
9314,0.280287,0.494354,0.225359,mainstream,1
9315,0.003959,0.259302,0.736739,niche,1
9316,0.025654,0.001369,0.972976,niche,1
9317,0.300487,0.55126,0.148253,mainstream,1
9318,0.002173,0.003412,0.994416,niche,1
9319,0.000559,0.09225,0.907191,niche,1
9320,0.018695,0.050145,0.931161,niche,1
9321,0.088809,0.074504,0.836688,niche,1
9322,0.000852,0.25219,0.746958,niche,1
9323,0.001075,0.200721,0.798205,niche,1
9324,0.00109,0.000451,0.998459,niche,1
9325,0.647334,0.013129,0.339537,pop,1
9326,0.010096,0.226993,0.762911,niche,2
9327,0.007652,0.023089,0.96926,niche,1
9328,0.030298,0.066054,0.903648,niche,1
9329,0.022819,0.024265,0.952916,niche,1
9330,0.002802,0.001824,0.995374,niche,1
9331,0.000848,0.016516,0.982635,niche,1
9332,0.005446,0.488732,0.505823,niche,8
9333,0.00573,0.118786,0.875484,niche,1
9334,0.000318,0.05846,0.941223,niche,1
9335,0.014077,0.911685,0.074239,mainstream,2
9336,0.028832,0.747868,0.2233,mainstream,1
9337,0.071723,0.336783,0.591494,niche,1
9338,0.008334,0.067768,0.923897,niche,1
9339,0.028798,0.051016,0.920186,niche,1
9340,0.664348,0.088864,0.246788,pop,1
9341,0.00332,0.02646,0.97022,niche,1
9342,0.00351,0.004839,0.991651,niche,1
9343,0.010623,0.526103,0.463274,mainstream,1
9344,0.000607,0.0375,0.961893,niche,1
9345,0.336434,0.019804,0.643762,niche,1
9346,0.588877,0.197141,0.213982,pop,1
9347,0.00111,0.001481,0.997409,niche,1
9348,0.000372,0.001835,0.997793,niche,1
9349,0.004317,0.071591,0.924092,niche,1
9350,0.001459,0.252559,0.745981,niche,1
9351,0.002429,0.257037,0.740534,niche,1
9352,0.000603,0.024133,0.975264,niche,1
9353,0.001532,0.053588,0.944879,niche,1
9354,0.030997,0.590264,0.378738,mainstream,1
9355,0.001355,0.008702,0.989943,niche,1
9356,0.005722,0.187541,0.806736,niche,1
9357,0.000819,0.079918,0.919262,niche,1
9358,0.149137,0.05653,0.794333,niche,1
9359,0.009196,0.142043,0.848761,niche,1
9360,0.679993,0.246567,0.07344,pop,1
9361,0.042246,0.360073,0.597681,niche,1
9362,0.020375,0.186298,0.793326,niche,1
9363,0.00222,0.021257,0.976523,niche,1
9364,0.133767,0.025321,0.840912,niche,1
9365,0.00177,0.097306,0.900924,niche,1
9366,0.063678,0.202248,0.734074,niche,1
9367,0.011422,0.033699,0.954879,niche,1
9368,0.000862,0.023609,0.975529,niche,1
9369,0.000176,0.004148,0.995676,niche,1
9370,0.040428,0.324495,0.635078,niche,1
9371,0.004374,0.000624,0.995002,niche,1
9372,0.000514,0.003274,0.996213,niche,1
9373,0.001455,0.045256,0.953289,niche,1
9374,0.000442,0.003152,0.996405,niche,1
9375,0.286966,0.479824,0.23321,mainstream,2
9376,0.001914,0.006288,0.991798,niche,1
9377,0.000395,0.041514,0.958091,niche,1
9378,0.001742,0.023126,0.975131,niche,1
9379,0.000855,0.002749,0.996396,niche,1
9380,0.000222,0.008127,0.991651,niche,1
9381,0.004917,0.02462,0.970463,niche,1
9382,0.023192,0.178594,0.798214,niche,1
9383,0.005389,0.081616,0.912995,niche,1
9384,0.004191,0.01288,0.982929,niche,1
9385,0.029276,0.089262,0.881462,niche,1
9386,0.524105,0.245888,0.230007,pop,2
9387,0.069931,0.130163,0.799906,niche,1
9388,0.000724,0.010559,0.988717,niche,1
9389,0.010331,0.723592,0.266077,mainstream,1
9390,0.014542,0.036799,0.948659,niche,1
9391,0.002625,0.027684,0.969691,niche,1
9392,0.01145,0.387156,0.601393,niche,1
9393,0.005116,0.602867,0.392017,mainstream,1
9394,0.041665,0.550863,0.407473,mainstream,1
9395,0.066862,0.028797,0.904341,niche,1
9396,0.000354,0.004203,0.995444,niche,1
9397,0.005876,0.544499,0.449625,mainstream,1
9398,0.000521,0.013386,0.986094,niche,1
9399,0.00426,0.182932,0.812808,niche,1
9400,0.001181,0.097,0.901818,niche,3
9401,0.006581,0.005985,0.987434,niche,1
9402,0.212647,0.125818,0.661535,niche,1
9403,0.000119,0.004182,0.9957,niche,1
9404,0.054645,0.009184,0.936171,niche,1
9405,0.000606,0.032786,0.966608,niche,1
9406,0.000595,0.009141,0.990264,niche,1
9407,0.726573,0.220069,0.053359,pop,2
9408,0.978426,0.021102,0.000472,pop,1
9409,0.009168,0.317294,0.673537,niche,1
9410,0.003325,0.887903,0.108772,mainstream,2
9411,0.005232,0.011471,0.983297,niche,1
9412,0.002967,0.292727,0.704306,niche,2
9413,0.001291,0.522337,0.476372,mainstream,1
9414,0.016632,0.271088,0.71228,niche,1
9415,0.058784,0.069666,0.871551,niche,1
9416,0.007558,0.548654,0.443787,mainstream,1
9417,0.009912,0.019369,0.970719,niche,1
9418,0.014652,0.054715,0.930634,niche,1
9419,0.026582,0.461855,0.511564,niche,7
9420,0.021547,0.957325,0.021127,mainstream,3
9421,0.002392,0.293767,0.70384,niche,7
9422,0.000972,0.860953,0.138074,mainstream,1
9423,0.000393,0.351038,0.648569,niche,1
9424,3.2e-05,0.00163,0.998337,niche,1
9425,8.5e-05,0.021753,0.978162,niche,1
9426,0.001439,0.053625,0.944935,niche,1
9427,0.000834,0.117533,0.881633,niche,2
9428,0.00219,0.84094,0.15687,mainstream,3
9429,0.078381,0.311355,0.610264,niche,14
9430,0.032545,0.102309,0.865146,niche,1
9431,0.013755,0.235797,0.750448,niche,7
9432,0.062287,0.079456,0.858258,niche,1
9433,0.053628,0.183306,0.763066,niche,2
9434,0.012696,0.073371,0.913933,niche,1
9435,0.35991,0.57302,0.06707,mainstream,21
9436,0.002512,0.157576,0.839912,niche,1
9437,0.006377,0.510929,0.482695,mainstream,4
9438,0.179261,0.556854,0.263885,mainstream,2
9439,0.981779,0.01638,0.001841,pop,3
9440,0.081613,0.784873,0.133514,mainstream,1
9441,0.189646,0.636362,0.173993,mainstream,7
9442,0.00252,0.151805,0.845674,niche,1
9443,0.02044,0.24437,0.73519,niche,9
9444,0.065916,0.051016,0.883069,niche,2
9445,0.000382,0.05752,0.942097,niche,3
9446,0.013605,0.034836,0.951559,niche,4
9447,0.000532,0.049636,0.949832,niche,2
9448,0.027422,0.402168,0.57041,niche,1
9449,0.038176,0.287746,0.674078,niche,14
9450,0.005246,0.785333,0.209422,mainstream,1
9451,0.010913,0.612087,0.377,mainstream,4
9452,0.040705,0.830827,0.128468,mainstream,1
9453,0.000169,0.003152,0.996679,niche,1
9454,0.232234,0.308562,0.459204,niche,1
9455,0.000474,0.032816,0.96671,niche,1
9456,0.00795,0.140882,0.851168,niche,1
9457,0.007727,0.00412,0.988154,niche,1
9458,0.01454,0.464708,0.520752,niche,7
9459,0.000746,0.960816,0.038438,mainstream,2
9460,0.099602,0.332651,0.567748,niche,5
9461,0.246944,0.509966,0.24309,mainstream,7
9462,0.010805,0.570309,0.418886,mainstream,2
9463,0.094585,0.697222,0.208193,mainstream,1
9464,0.002122,0.836933,0.160945,mainstream,1
9465,0.006473,0.896482,0.097045,mainstream,1
9466,0.001717,0.088763,0.90952,niche,1
9467,0.002498,0.022251,0.975251,niche,1
9468,0.053437,0.441821,0.504742,niche,1
9469,0.01703,0.084925,0.898045,niche,1
9470,0.456383,0.343575,0.200042,pop,12
9471,0.080622,0.114613,0.804765,niche,3
9472,0.009688,0.26771,0.722602,niche,6
9473,0.014569,0.723504,0.261927,mainstream,1
9474,0.023777,0.65971,0.316513,mainstream,3
9475,0.524564,0.33714,0.138296,pop,1
9476,0.03976,0.476224,0.484017,niche,1
9477,0.002706,0.508717,0.488577,mainstream,1
9478,0.00331,0.062271,0.934419,niche,1
9479,0.610745,0.334123,0.055131,pop,4
9480,0.000258,0.018072,0.98167,niche,2
9481,7.4e-05,0.003545,0.996381,niche,1
9482,0.0151,0.60548,0.37942,mainstream,1
9483,0.005241,0.864294,0.130465,mainstream,1
9484,0.037254,0.111507,0.851238,niche,1
9485,0.157416,0.040613,0.801971,niche,1
9486,0.002182,0.987096,0.010722,mainstream,3
9487,0.042653,0.180988,0.776359,niche,3
9488,0.005582,0.445295,0.549123,niche,5
9489,0.001329,0.389031,0.60964,niche,1
9490,0.125134,0.55443,0.320436,mainstream,1
9491,0.334803,0.42772,0.237477,mainstream,32
9492,0.006216,0.249753,0.74403,niche,2
9493,0.000547,0.185435,0.814019,niche,1
9494,0.00299,0.113064,0.883946,niche,1
9495,0.164799,0.141358,0.693843,niche,1
9496,0.00386,0.394575,0.601564,niche,11
9497,0.056021,0.592026,0.351952,mainstream,1
9498,0.024792,0.962719,0.012489,mainstream,1
9499,0.006688,0.897384,0.095927,mainstream,2
9500,0.001634,0.423116,0.57525,niche,6
9501,0.102736,0.712225,0.185039,mainstream,6
9502,0.001058,0.034012,0.96493,niche,1
9503,0.021249,0.74557,0.23318,mainstream,1
9504,0.01265,0.049027,0.938323,niche,1
9505,0.007555,0.02133,0.971115,niche,1
9506,0.000902,0.190392,0.808706,niche,1
9507,0.033296,0.949026,0.017678,mainstream,1
9508,0.069795,0.257564,0.672641,niche,2
9509,0.102965,0.504242,0.392794,mainstream,2
9510,0.021376,0.625655,0.352969,mainstream,2
9511,0.00905,0.251274,0.739676,niche,16
9512,0.000394,0.091305,0.908301,niche,2
9513,0.001144,0.005079,0.993777,niche,2
9514,0.038706,0.51914,0.442154,mainstream,1
9515,0.118095,0.189953,0.691952,niche,2
9516,0.005146,0.02787,0.966984,niche,1
9517,0.000751,0.901793,0.097456,mainstream,1
9518,0.001289,0.194045,0.804667,niche,1
9519,0.005815,0.972459,0.021727,mainstream,1
9520,9.4e-05,0.005184,0.994721,niche,1
9521,0.000142,0.010484,0.989374,niche,1
9522,4e-05,0.00508,0.994879,niche,1
9523,0.066674,0.77916,0.154165,mainstream,2
9524,0.438991,0.372995,0.188014,pop,4
9525,3.2e-05,0.002896,0.997072,niche,1
9526,0.000821,0.017846,0.981332,niche,4
9527,0.519632,0.287951,0.192417,pop,1
9528,0.079512,0.110563,0.809925,niche,1
9529,0.024603,0.798738,0.176659,mainstream,15
9530,0.018085,0.692094,0.289822,mainstream,9
9531,0.000654,0.084902,0.914443,niche,1
9532,0.015012,0.251879,0.733109,niche,5
9533,0.575859,0.418305,0.005837,pop,1
9534,0.002046,0.28032,0.717633,niche,3
9535,0.967393,0.017197,0.01541,pop,1
9536,0.191635,0.28686,0.521505,niche,2
9537,0.014776,0.792191,0.193033,mainstream,3
9538,0.018215,0.297032,0.684754,niche,4
9539,0.002737,0.002486,0.994777,niche,1
9540,0.031915,0.646395,0.32169,mainstream,1
9541,0.00144,0.517087,0.481472,mainstream,1
9542,0.001551,0.031409,0.96704,niche,2
9543,0.003598,0.67301,0.323392,mainstream,7
9544,0.000715,0.945486,0.053799,mainstream,1
9545,0.006498,0.346961,0.646541,niche,2
9546,0.000544,0.083963,0.915493,niche,1
9547,0.055272,0.084937,0.859791,niche,2
9548,0.001549,0.004612,0.993839,niche,1
9549,0.014824,0.42673,0.558446,niche,1
9550,0.041615,0.373508,0.584877,niche,2
9551,0.004219,0.557675,0.438106,mainstream,1
9552,0.304672,0.058835,0.636493,niche,1
9553,0.050672,0.015113,0.934214,niche,1
9554,0.132173,0.631137,0.236691,mainstream,3
9555,0.003043,0.937352,0.059605,mainstream,1
9556,0.002112,0.071498,0.92639,niche,2
9557,0.559132,0.325443,0.115425,pop,2
9558,0.861615,0.110027,0.028357,pop,1
9559,0.00281,0.971259,0.025932,mainstream,1
9560,0.091241,0.255395,0.653364,niche,1
9561,0.002289,0.132617,0.865094,niche,1
9562,0.001096,0.071818,0.927087,niche,1
9563,0.001334,0.1251,0.873566,niche,1
9564,0.022932,0.467247,0.509821,niche,8
9565,0.004673,0.969657,0.025671,mainstream,1
9566,0.014175,0.90995,0.075875,mainstream,1
9567,0.000509,0.014559,0.984931,niche,2
9568,0.012816,0.95803,0.029154,mainstream,1
9569,0.085249,0.005738,0.909013,niche,1
9570,0.339819,0.636928,0.023254,mainstream,3
9571,0.000958,0.837451,0.161591,mainstream,1
9572,0.000664,0.000791,0.998545,niche,1
9573,0.004372,0.629395,0.366233,mainstream,1
9574,0.031202,0.824076,0.144722,mainstream,2
9575,0.003055,0.087669,0.909276,niche,1
9576,0.051726,0.180838,0.767436,niche,1
9577,0.003504,0.434036,0.562459,niche,1
9578,0.001639,0.082246,0.916116,niche,7
9579,4.4e-05,0.011234,0.988722,niche,2
9580,0.0067,0.09788,0.89542,niche,7
9581,0.001086,0.301676,0.697239,niche,3
9582,0.017635,0.768023,0.214342,mainstream,1
9583,0.000802,0.137838,0.86136,niche,4
9584,0.004798,0.060555,0.934647,niche,2
9585,0.004283,0.965008,0.030709,mainstream,1
9586,0.005234,0.870952,0.123814,mainstream,1
9587,0.003837,0.906845,0.089319,mainstream,2
9588,0.022871,0.272265,0.704863,niche,2
9589,0.004095,0.336891,0.659014,niche,1
9590,0.002614,0.429588,0.567798,niche,1
9591,0.002912,0.015173,0.981915,niche,1
9592,0.033113,0.146757,0.820131,niche,7
9593,8.5e-05,0.003995,0.995919,niche,2
9594,0.955436,0.042246,0.002318,pop,1
9595,0.000259,0.098869,0.900872,niche,1
9596,0.029143,0.60618,0.364677,mainstream,1
9597,0.015695,0.367924,0.616381,niche,1
9598,0.013407,0.486287,0.500306,niche,19
9599,0.010445,0.235934,0.75362,niche,3
9600,0.059296,0.884172,0.056532,mainstream,1
9601,0.887396,0.039793,0.072812,pop,1
9602,0.241558,0.630374,0.128068,mainstream,1
9603,0.003897,0.057005,0.939098,niche,5
9604,3.8e-05,0.011255,0.988708,niche,1
9605,0.008769,0.570173,0.421059,mainstream,1
9606,0.000204,0.014742,0.985054,niche,1
9607,0.000681,0.123526,0.875793,niche,9
9608,0.000332,0.023303,0.976365,niche,1
9609,0.000425,0.010232,0.989343,niche,2
9610,0.038535,0.645629,0.315836,mainstream,1
9611,0.023967,0.167234,0.8088,niche,1
9612,0.008145,0.967716,0.024138,mainstream,3
9613,0.001763,0.436397,0.56184,niche,6
9614,0.373076,0.508646,0.118277,mainstream,1
9615,0.00064,0.064383,0.934977,niche,1
9616,0.02919,0.065139,0.905671,niche,1
9617,0.09065,0.130557,0.778793,niche,1
9618,0.004011,0.927307,0.068682,mainstream,1
9619,0.075159,0.299559,0.625282,niche,8
9620,0.000683,0.039195,0.960122,niche,1
9621,0.000193,0.00692,0.992887,niche,1
9622,0.003018,0.878737,0.118245,mainstream,2
9623,0.013803,0.954117,0.032081,mainstream,1
9624,0.192481,0.318732,0.488787,niche,5
9625,0.006327,0.193929,0.799744,niche,2
9626,0.008585,0.627994,0.36342,mainstream,1
9627,0.005619,0.067209,0.927172,niche,1
9628,0.090705,0.229102,0.680193,niche,2
9629,0.000174,0.069839,0.929987,niche,1
9630,0.021425,0.691147,0.287428,mainstream,1
9631,0.009361,0.916449,0.07419,mainstream,2
9632,0.300103,0.399021,0.300876,mainstream,5
9633,0.00028,0.121276,0.878443,niche,2
9634,0.092957,0.262329,0.644714,niche,5
9635,0.005422,0.511865,0.482713,mainstream,2
9636,0.012882,0.223106,0.764012,niche,6
9637,0.330699,0.215145,0.454156,niche,1
9638,0.000382,0.014025,0.985592,niche,2
9639,0.180609,0.604553,0.214838,mainstream,1
9640,0.001936,0.115494,0.88257,niche,1
9641,0.278354,0.246429,0.475217,niche,2
9642,0.000509,0.046118,0.953373,niche,1
9643,0.031328,0.912003,0.056669,mainstream,12
9644,0.002132,0.042411,0.955458,niche,2
9645,0.013501,0.208683,0.777815,niche,2
9646,0.002465,0.009724,0.987811,niche,2
9647,0.020422,0.01449,0.965088,niche,1
9648,8.7e-05,0.011741,0.988172,niche,1
9649,0.192651,0.590146,0.217203,mainstream,1
9650,0.001244,0.372207,0.626549,niche,1
9651,0.000325,0.544908,0.454767,mainstream,1
9652,0.040717,0.72134,0.237943,mainstream,1
9653,0.082246,0.122646,0.795108,niche,1
9654,0.029818,0.150525,0.819657,niche,1
9655,0.111042,0.462514,0.426444,mainstream,1
9656,0.1396,0.25348,0.60692,niche,1
9657,0.01966,0.731633,0.248706,mainstream,3
9658,0.7073,0.201398,0.091302,pop,1
9659,0.017858,0.307695,0.674448,niche,1
9660,0.032727,0.23966,0.727612,niche,2
9661,0.002374,0.758041,0.239584,mainstream,1
9662,0.348905,0.643936,0.007159,mainstream,1
9663,0.976794,0.019447,0.003759,pop,2
9664,0.05334,0.933961,0.012698,mainstream,1
9665,0.016416,0.781085,0.202499,mainstream,1
9666,0.0352,0.034009,0.930791,niche,1
9667,0.011345,0.110244,0.878411,niche,1
9668,6.8e-05,0.024677,0.975255,niche,2
9669,0.00117,0.423257,0.575573,niche,1
9670,0.004641,0.094725,0.900634,niche,10
9671,0.003062,0.388451,0.608487,niche,1
9672,0.009466,0.767626,0.222908,mainstream,1
9673,0.945268,0.045594,0.009138,pop,1
9674,0.025522,0.850502,0.123975,mainstream,1
9675,0.070202,0.26122,0.668578,niche,11
9676,0.001365,0.205506,0.793129,niche,6
9677,0.004803,0.584458,0.410739,mainstream,1
9678,0.005585,0.833786,0.160628,mainstream,1
9679,0.000558,0.136019,0.863423,niche,6
9680,0.029836,0.507399,0.462765,mainstream,4
9681,0.00577,0.097268,0.896962,niche,2
9682,0.994374,0.004251,0.001375,pop,1
9683,0.096199,0.169197,0.734604,niche,1
9684,0.002018,0.056809,0.941173,niche,2
9685,0.0021,0.183943,0.813957,niche,1
9686,0.000677,0.136016,0.863307,niche,1
9687,0.047907,0.600641,0.351452,mainstream,6
9688,0.14789,0.775845,0.076266,mainstream,2
9689,0.000209,0.435952,0.563839,niche,1
9690,0.002506,0.033399,0.964095,niche,1
9691,0.008393,0.375134,0.616473,niche,1
9692,0.014436,0.07166,0.913904,niche,1
9693,0.021627,0.123591,0.854782,niche,1
9694,0.001327,0.970624,0.028048,mainstream,1
9695,0.002236,0.272515,0.72525,niche,3
9696,0.17229,0.063717,0.763993,niche,1
9697,0.01676,0.968696,0.014544,mainstream,3
9698,0.128405,0.812469,0.059126,mainstream,1
9699,0.001704,0.008908,0.989389,niche,1
9700,0.062624,0.139086,0.79829,niche,1
9701,0.007808,0.118118,0.874074,niche,1
9702,0.002551,0.095662,0.901787,niche,1
9703,0.297359,0.443879,0.258762,mainstream,6
9704,0.000607,0.008671,0.990722,niche,2
9705,0.005105,0.960433,0.034462,mainstream,2
9706,0.010301,0.316022,0.673676,niche,13
9707,8.4e-05,0.005971,0.993946,niche,1
9708,0.025479,0.797982,0.176539,mainstream,1
9709,0.009708,0.159579,0.830713,niche,1
9710,0.184335,0.759086,0.056579,mainstream,1
9711,0.000212,0.02788,0.971908,niche,1
9712,0.000581,0.042995,0.956424,niche,1
9713,0.000744,0.986352,0.012903,mainstream,1
9714,0.235967,0.547482,0.21655,mainstream,2
9715,0.104802,0.198175,0.697023,niche,1
9716,0.087325,0.155772,0.756903,niche,13
9717,0.021025,0.617128,0.361846,mainstream,1
9718,0.941988,0.046659,0.011354,pop,1
9719,0.15343,0.28463,0.56194,niche,4
9720,0.002539,0.114266,0.883195,niche,2
9721,0.001246,0.77955,0.219204,mainstream,1
9722,0.478273,0.241624,0.280103,pop,1
9723,0.080934,0.607919,0.311148,mainstream,5
9724,0.019415,0.43571,0.544875,niche,1
9725,0.193801,0.299599,0.5066,niche,6
9726,0.001868,0.20466,0.793471,niche,2
9727,0.018991,0.702345,0.278664,mainstream,3
9728,0.005971,0.369825,0.624203,niche,1
9729,0.05899,0.618808,0.322202,mainstream,1
9730,0.087182,0.856287,0.05653,mainstream,1
9731,0.580049,0.08985,0.330101,pop,6
9732,0.109609,0.421969,0.468422,niche,1
9733,0.00302,0.063062,0.933918,niche,1
9734,0.006962,0.800276,0.192762,mainstream,3
9735,0.059886,0.012372,0.927742,niche,1
9736,0.003322,0.360545,0.636133,niche,5
9737,0.584929,0.130849,0.284222,pop,1
9738,0.002169,0.983336,0.014496,mainstream,2
9739,0.957371,0.015791,0.026838,pop,1
9740,0.048871,0.203149,0.74798,niche,1
9741,0.005422,0.957794,0.036784,mainstream,1
9742,0.003236,0.086511,0.910253,niche,1
9743,0.001325,0.063621,0.935053,niche,1
9744,0.077529,0.717532,0.204939,mainstream,19
9745,0.003447,0.117167,0.879386,niche,2
9746,0.001903,0.032605,0.965492,niche,1
9747,0.006702,0.355082,0.638216,niche,1
9748,0.001808,0.782558,0.215635,mainstream,1
9749,0.000142,0.041532,0.958326,niche,1
9750,0.07893,0.125469,0.795601,niche,1
9751,0.014305,0.132154,0.853541,niche,2
9752,0.004869,0.671066,0.324065,mainstream,1
9753,0.012898,0.482769,0.504333,niche,10
9754,0.00075,0.161974,0.837276,niche,1
9755,0.021234,0.802636,0.176131,mainstream,4
9756,0.007309,0.164157,0.828534,niche,1
9757,0.011828,0.136887,0.851285,niche,2
9758,0.001658,0.073374,0.924968,niche,1
9759,0.003982,0.222061,0.773957,niche,1
9760,0.041217,0.580307,0.378476,mainstream,1
9761,0.007643,0.796693,0.195664,mainstream,1
9762,0.001667,0.395834,0.602499,niche,2
9763,0.146329,0.824812,0.02886,mainstream,8
9764,0.00032,0.036509,0.963172,niche,2
9765,0.040497,0.095331,0.864172,niche,1
9766,0.043173,0.463522,0.493304,niche,1
9767,0.066921,0.125763,0.807316,niche,1
9768,0.00036,0.025319,0.974321,niche,1
9769,0.046714,0.707631,0.245654,mainstream,1
9770,0.008495,0.854439,0.137066,mainstream,2
9771,0.059272,0.727286,0.213442,mainstream,1
9772,0.027496,0.72381,0.248694,mainstream,1
9773,0.010392,0.63999,0.349618,mainstream,1
9774,0.040362,0.04607,0.913568,niche,3
9775,0.011161,0.504531,0.484308,mainstream,2
9776,0.16329,0.026017,0.810693,niche,1
9777,0.921663,0.075346,0.002991,pop,1
9778,0.029156,0.043438,0.927406,niche,2
9779,0.065848,0.387304,0.546849,niche,3
9780,0.001281,0.021605,0.977114,niche,1
9781,0.004283,0.404017,0.5917,niche,2
9782,0.085094,0.813771,0.101135,mainstream,2
9783,0.049147,0.281994,0.668858,niche,1
9784,0.012153,0.32827,0.659577,niche,3
9785,0.001625,0.009601,0.988774,niche,1
9786,0.117921,0.866407,0.015672,mainstream,1
9787,0.004902,0.010707,0.984391,niche,1
9788,0.001758,0.102519,0.895723,niche,1
9789,0.014909,0.179959,0.805132,niche,1
9790,0.502119,0.16776,0.330121,pop,2
9791,0.076663,0.06442,0.858916,niche,1
9792,0.000391,0.004312,0.995297,niche,1
9793,0.0453,0.746137,0.208563,mainstream,1
9794,0.031368,0.958725,0.009907,mainstream,2
9795,0.972613,0.026051,0.001336,pop,1
9796,0.04163,0.229411,0.728958,niche,12
9797,0.000435,0.406728,0.592836,niche,1
9798,0.001047,0.08478,0.914173,niche,1
9799,0.005177,0.405384,0.589439,niche,1
9800,0.085731,0.836256,0.078013,mainstream,1
9801,0.877614,0.088199,0.034188,pop,2
9802,0.00086,0.015329,0.983812,niche,1
9803,0.018526,0.173522,0.807952,niche,6
9804,0.001741,0.987654,0.010605,mainstream,1
9805,0.04582,0.821468,0.132712,mainstream,3
9806,0.001264,0.084072,0.914663,niche,1
9807,0.07754,0.009663,0.912797,niche,1
9808,0.350731,0.428811,0.220458,mainstream,2
9809,0.008093,0.28089,0.711017,niche,2
9810,0.074169,0.912294,0.013537,mainstream,1
9811,0.956449,0.041024,0.002527,pop,1
9812,0.001472,0.012131,0.986396,niche,1
9813,0.002433,0.359277,0.638289,niche,2
9814,0.000459,0.006185,0.993356,niche,1
9815,0.00197,0.274965,0.723065,niche,1
9816,0.003659,0.14709,0.84925,niche,1
9817,0.016156,0.048168,0.935677,niche,2
9818,0.923938,0.069276,0.006785,pop,1
9819,0.024804,0.902452,0.072743,mainstream,1
9820,0.014636,0.926631,0.058733,mainstream,1
9821,0.002974,0.161438,0.835587,niche,1
9822,0.002851,0.007171,0.989979,niche,1
9823,0.035563,0.303401,0.661035,niche,2
9824,0.021393,0.26561,0.712997,niche,2
9825,0.037499,0.85223,0.11027,mainstream,1
9826,0.003385,0.967249,0.029366,mainstream,1
9827,0.001715,0.893394,0.104891,mainstream,1
9828,0.046554,0.817191,0.136255,mainstream,4
9829,0.000137,0.007408,0.992456,niche,1
9830,0.008566,0.837042,0.154392,mainstream,1
9831,0.005043,0.728183,0.266774,mainstream,1
9832,0.003418,0.711814,0.284768,mainstream,1
9833,0.059998,0.831072,0.10893,mainstream,1
9834,0.001105,0.990955,0.00794,mainstream,1
9835,0.000499,0.018833,0.980668,niche,1
9836,0.026987,0.432255,0.540757,niche,5
9837,0.001029,0.022664,0.976307,niche,1
9838,0.00265,0.59255,0.4048,mainstream,1
9839,0.00259,0.04532,0.952089,niche,3
9840,0.055601,0.604669,0.339731,mainstream,1
9841,0.173392,0.388594,0.438014,niche,1
9842,0.003131,0.444562,0.552307,niche,1
9843,0.000732,0.455288,0.54398,niche,2
9844,0.731723,0.137115,0.131163,pop,2
9845,0.003019,0.344084,0.652897,niche,4
9846,0.11892,0.624658,0.256422,mainstream,2
9847,0.021397,0.152093,0.82651,niche,2
9848,0.013335,0.960861,0.025804,mainstream,1
9849,0.018503,0.590502,0.390995,mainstream,3
9850,0.023668,0.931294,0.045038,mainstream,1
9851,0.429298,0.13334,0.437361,niche,1
9852,0.005415,0.193298,0.801287,niche,1
9853,0.040223,0.032395,0.927382,niche,1
9854,0.00802,0.193327,0.798653,niche,2
9855,0.003879,0.301044,0.695076,niche,2
9856,0.635252,0.296117,0.068631,pop,1
9857,0.002251,0.986035,0.011714,mainstream,1
9858,0.048872,0.910037,0.041091,mainstream,1
9859,0.00051,0.007551,0.991939,niche,1
9860,0.002021,0.186378,0.811601,niche,1
9861,0.103511,0.039773,0.856716,niche,1
9862,0.020402,0.940792,0.038806,mainstream,1
9863,0.00117,0.158807,0.840024,niche,1
9864,0.006848,0.265605,0.727546,niche,1
9865,0.012,0.158867,0.829133,niche,1
9866,0.003262,0.578042,0.418696,mainstream,1
9867,4.8e-05,0.003116,0.996836,niche,1
9868,0.003524,0.207859,0.788617,niche,2
9869,0.000513,0.472698,0.526789,niche,1
9870,0.002656,0.680136,0.317207,mainstream,1
9871,0.003812,0.951347,0.044841,mainstream,1
9872,0.00227,0.380624,0.617106,niche,1
9873,0.234689,0.267259,0.498053,niche,7
9874,0.006567,0.127959,0.865474,niche,6
9875,0.105204,0.19257,0.702225,niche,2
9876,0.039596,0.888359,0.072045,mainstream,1
9877,0.937666,0.039583,0.022751,pop,2
9878,0.011875,0.324673,0.663453,niche,1
9879,0.057267,0.471292,0.471441,niche,1
9880,0.006912,0.141699,0.851389,niche,1
9881,0.001377,0.042287,0.956336,niche,1
9882,0.1999,0.268151,0.53195,niche,2
9883,0.000145,0.010879,0.988976,niche,1
9884,0.00183,0.175551,0.822619,niche,3
9885,0.001605,0.978989,0.019406,mainstream,1
9886,0.020921,0.316285,0.662794,niche,1
9887,0.011594,0.752286,0.23612,mainstream,1
9888,0.002838,0.127219,0.869942,niche,1
9889,0.008193,0.37447,0.617337,niche,2
9890,0.003174,0.956194,0.040632,mainstream,1
9891,0.025545,0.945718,0.028737,mainstream,3
9892,0.882133,0.086593,0.031274,pop,1
9893,0.004231,0.048744,0.947026,niche,1
9894,0.009021,0.004586,0.986393,niche,1
9895,0.133408,0.810776,0.055815,mainstream,1
9896,0.001166,0.012526,0.986308,niche,3
9897,0.001294,0.042227,0.956479,niche,1
9898,0.009055,0.105402,0.885543,niche,1
9899,9.5e-05,0.014979,0.984926,niche,1
9900,0.060893,0.24098,0.698128,niche,1
9901,0.014759,0.924586,0.060655,mainstream,1
9902,0.000788,0.068217,0.930995,niche,1
9903,0.001701,0.992117,0.006182,mainstream,1
9904,0.088945,0.403305,0.507749,niche,2
9905,0.008012,0.486083,0.505904,niche,1
9906,0.001424,0.907973,0.090602,mainstream,4
9907,0.005432,0.014225,0.980343,niche,1
9908,0.001823,0.308821,0.689355,niche,1
9909,0.003057,0.100041,0.896903,niche,1
9910,0.000703,0.152516,0.846781,niche,1
9911,0.007745,0.132745,0.85951,niche,1
9912,0.002614,0.730255,0.267131,mainstream,1
9913,0.043564,0.203121,0.753314,niche,1
9914,0.003451,0.283608,0.712942,niche,1
9915,0.002096,0.134763,0.863141,niche,2
9916,7.3e-05,0.044767,0.955159,niche,1
9917,0.009768,0.981994,0.008238,mainstream,1
9918,0.00131,0.239811,0.758878,niche,3
9919,0.005268,0.891681,0.10305,mainstream,6
9920,0.005838,0.953545,0.040618,mainstream,2
9921,0.004263,0.138591,0.857146,niche,1
9922,9.2e-05,0.010093,0.989815,niche,1
9923,0.014586,0.901774,0.08364,mainstream,2
9924,2.9e-05,0.00252,0.997451,niche,1
9925,0.006476,0.069855,0.923669,niche,1
9926,0.001497,0.108627,0.889876,niche,1
9927,0.012977,0.88778,0.099242,mainstream,1
9928,0.0024,0.990497,0.007104,mainstream,1
9929,9.2e-05,0.027058,0.97285,niche,2
9930,0.000699,0.124671,0.87463,niche,1
9931,0.023867,0.179332,0.796801,niche,1
9932,0.006773,0.390148,0.603079,niche,1
9933,0.027181,0.528033,0.444786,mainstream,3
9934,0.029294,0.524092,0.446614,mainstream,1
9935,0.062566,0.870957,0.066477,mainstream,1
9936,0.002696,0.159755,0.837549,niche,1
9937,0.020422,0.449212,0.530367,niche,1
9938,0.003645,0.310561,0.685794,niche,1
9939,0.026278,0.243457,0.730265,niche,1
9940,0.000754,0.085006,0.91424,niche,1
9941,0.006372,0.001121,0.992507,niche,1
9942,0.00658,0.062119,0.931301,niche,2
9943,5.9e-05,0.046136,0.953805,niche,1
9944,0.00011,0.00139,0.9985,niche,1
9945,0.005652,0.011943,0.982406,niche,1
9946,0.002393,0.979335,0.018271,mainstream,1
9947,0.004525,0.373414,0.622061,niche,1
9948,0.005638,0.820237,0.174126,mainstream,1
9949,0.002393,0.346203,0.651404,niche,2
9950,0.003802,0.740519,0.255678,mainstream,1
9951,0.074593,0.080223,0.845184,niche,1
9952,0.112922,0.507003,0.380074,mainstream,2
9953,0.009467,0.021321,0.969212,niche,1
9954,0.006397,0.9507,0.042903,mainstream,2
9955,0.031033,0.665892,0.303075,mainstream,3
9956,0.176907,0.499016,0.324078,mainstream,1
9957,0.000609,0.702528,0.296863,mainstream,1
9958,0.007843,0.462574,0.529583,niche,1
9959,0.38693,0.36845,0.244621,pop,1
9960,0.000735,0.006249,0.993017,niche,1
9961,0.005456,0.613122,0.381422,mainstream,1
9962,0.000376,0.046208,0.953416,niche,2
9963,0.016837,0.37719,0.605972,niche,1
9964,0.001237,0.192665,0.806098,niche,1
9965,0.009808,0.555733,0.434458,mainstream,3
9966,0.011487,0.460063,0.52845,niche,3
9967,0.000742,0.031245,0.968013,niche,1
9968,0.019369,0.216293,0.764338,niche,1
9969,0.00169,0.016229,0.982081,niche,1
9970,0.008138,0.335664,0.656197,niche,2
9971,0.011613,0.190422,0.797965,niche,1
9972,0.008656,0.33792,0.653424,niche,1
9973,0.004853,0.788816,0.206331,mainstream,1
9974,0.008713,0.137291,0.853996,niche,10
9975,0.048951,0.146216,0.804832,niche,1
9976,0.00051,0.555388,0.444102,mainstream,1
9977,0.001336,0.003251,0.995413,niche,1
9978,0.081089,0.436082,0.482829,niche,1
9979,0.03781,0.774338,0.187852,mainstream,1
9980,0.179966,0.100951,0.719083,niche,2
9981,0.002868,0.513368,0.483764,mainstream,1
9982,0.023112,0.449154,0.527734,niche,2
9983,0.000832,0.56109,0.438078,mainstream,1
9984,0.007377,0.457347,0.535276,niche,1
9985,0.09657,0.375909,0.52752,niche,1
9986,0.303809,0.3131,0.383091,niche,3
9987,0.001098,0.663149,0.335753,mainstream,1
9988,0.004856,0.088493,0.906652,niche,2
9989,0.253145,0.204551,0.542304,niche,5
9990,0.004416,0.804349,0.191235,mainstream,1
9991,0.000165,0.009479,0.990355,niche,1
9992,0.008617,0.03575,0.955633,niche,1
9993,0.00694,0.472133,0.520927,niche,1
9994,0.000898,0.064863,0.934239,niche,1
9995,0.003797,0.02329,0.972914,niche,1
9996,0.005671,0.050495,0.943833,niche,1
9997,0.001154,0.02535,0.973496,niche,3
9998,0.009495,0.052592,0.937913,niche,1
9999,0.400123,0.073412,0.526465,niche,1
10000,0.00051,0.041524,0.957965,niche,3
10001,0.028193,0.40582,0.565987,niche,1
10002,0.002038,0.33816,0.659802,niche,1
10003,0.020964,0.955638,0.023399,mainstream,1
10004,0.15003,0.05078,0.79919,niche,1
10005,0.047351,0.435966,0.516682,niche,2
10006,0.020001,0.111705,0.868294,niche,1
10007,0.001686,0.262891,0.735423,niche,2
10008,0.027857,0.621455,0.350688,mainstream,1
10009,0.026453,0.503317,0.47023,mainstream,1
10010,0.000636,0.933037,0.066326,mainstream,1
10011,0.000937,0.956894,0.042169,mainstream,2
10012,0.042446,0.47778,0.479774,niche,1
10013,0.004769,0.366771,0.62846,niche,1
10014,0.00634,0.962975,0.030685,mainstream,1
10015,0.927664,0.021363,0.050973,pop,1
10016,0.005522,0.118311,0.876168,niche,1
10017,0.094141,0.287239,0.61862,niche,4
10018,0.084134,0.818994,0.096872,mainstream,3
10019,0.098211,0.298846,0.602943,niche,4
10020,0.055731,0.776168,0.168101,mainstream,1
10021,0.005382,0.094435,0.900183,niche,1
10022,0.000155,0.006424,0.993421,niche,2
10023,0.000834,0.009447,0.989719,niche,1
10024,0.001893,0.68546,0.312647,mainstream,1
10025,0.0049,0.232053,0.763047,niche,2
10026,0.000262,0.100157,0.899581,niche,3
10027,0.978753,0.012137,0.00911,pop,1
10028,0.004466,0.333992,0.661543,niche,1
10029,0.002955,0.040132,0.956913,niche,1
10030,0.000952,0.018082,0.980967,niche,1
10031,0.047544,0.793003,0.159453,mainstream,2
10032,0.00446,0.880851,0.11469,mainstream,1
10033,0.000941,0.018578,0.980481,niche,3
10034,4.9e-05,0.002186,0.997765,niche,1
10035,0.005342,0.883716,0.110941,mainstream,1
10036,0.002968,0.1881,0.808932,niche,1
10037,0.002021,0.888595,0.109384,mainstream,1
10038,0.000103,0.001576,0.99832,niche,1
10039,0.002622,0.154092,0.843286,niche,1
10040,0.800236,0.159333,0.040431,pop,1
10041,0.001506,0.925175,0.073319,mainstream,1
10042,0.005421,0.434029,0.56055,niche,1
10043,0.007292,0.607283,0.385425,mainstream,2
10044,0.00011,0.002255,0.997635,niche,1
10045,0.108856,0.511426,0.379717,mainstream,3
10046,0.011607,0.266595,0.721798,niche,9
10047,0.007098,0.814582,0.17832,mainstream,1
10048,0.000247,0.068201,0.931553,niche,1
10049,0.013594,0.437398,0.549008,niche,5
10050,0.003201,0.919843,0.076956,mainstream,1
10051,0.003256,0.072124,0.92462,niche,2
10052,0.001648,0.986089,0.012264,mainstream,1
10053,0.064366,0.506486,0.429148,mainstream,3
10054,0.008983,0.491507,0.49951,niche,1
10055,0.00203,0.371398,0.626572,niche,1
10056,0.181552,0.746179,0.072269,mainstream,1
10057,0.009492,0.116254,0.874255,niche,1
10058,0.002671,0.937119,0.06021,mainstream,1
10059,0.000489,0.039107,0.960404,niche,3
10060,0.200474,0.754501,0.045025,mainstream,1
10061,0.029491,0.891909,0.0786,mainstream,1
10062,0.010478,0.385847,0.603675,niche,2
10063,0.304419,0.474423,0.221158,mainstream,3
10064,0.001722,0.459027,0.539251,niche,2
10065,0.001846,0.697423,0.300731,mainstream,1
10066,0.028379,0.649391,0.322231,mainstream,1
10067,0.014915,0.280661,0.704425,niche,1
10068,0.000551,0.223889,0.77556,niche,1
10069,0.006711,0.104431,0.888858,niche,1
10070,0.003067,0.867091,0.129843,mainstream,1
10071,0.008597,0.528069,0.463335,mainstream,1
10072,0.005585,0.648748,0.345666,mainstream,1
10073,0.227391,0.373215,0.399395,niche,5
10074,0.383668,0.367603,0.248729,pop,1
10075,0.004744,0.004198,0.991058,niche,1
10076,0.00256,0.102222,0.895218,niche,1
10077,9.1e-05,0.009817,0.990092,niche,1
10078,0.005095,0.392098,0.602807,niche,1
10079,0.017323,0.090116,0.892561,niche,1
10080,0.089549,0.420714,0.489737,niche,1
10081,0.00292,0.020177,0.976903,niche,2
10082,0.000258,0.058063,0.941679,niche,1
10083,0.000436,0.056302,0.943262,niche,2
10084,0.081353,0.605506,0.313141,mainstream,1
10085,0.00687,0.933531,0.0596,mainstream,1
10086,0.023918,0.950937,0.025145,mainstream,1
10087,0.004822,0.146552,0.848626,niche,3
10088,0.011031,0.097669,0.8913,niche,11
10089,0.000394,0.04423,0.955376,niche,1
10090,0.001487,0.039682,0.95883,niche,1
10091,0.001681,0.318731,0.679588,niche,1
10092,0.013792,0.129881,0.856326,niche,1
10093,0.022682,0.892521,0.084797,mainstream,2
10094,0.041613,0.238684,0.719703,niche,2
10095,0.012609,0.072507,0.914884,niche,1
10096,0.069448,0.916776,0.013776,mainstream,1
10097,0.000136,0.000698,0.999166,niche,1
10098,0.001153,0.366635,0.632211,niche,1
10099,0.105014,0.863835,0.031151,mainstream,1
10100,0.014233,0.470214,0.515552,niche,1
10101,0.002526,0.818686,0.178789,mainstream,1
10102,0.000197,0.147925,0.851878,niche,1
10103,0.000812,0.844001,0.155187,mainstream,1
10104,0.000523,0.081286,0.918191,niche,1
10105,0.151106,0.080896,0.767998,niche,1
10106,0.002312,0.843207,0.154481,mainstream,2
10107,0.041664,0.751089,0.207247,mainstream,1
10108,0.003156,0.413523,0.583321,niche,1
10109,0.788837,0.179021,0.032142,pop,3
10110,0.000726,0.098984,0.90029,niche,1
10111,0.007913,0.902752,0.089335,mainstream,1
10112,0.002511,0.586141,0.411347,mainstream,1
10113,0.532391,0.257188,0.21042,pop,1
10114,0.032022,0.713013,0.254966,mainstream,2
10115,0.002216,0.817315,0.180469,mainstream,3
10116,0.039991,0.836099,0.12391,mainstream,1
10117,0.011651,0.28154,0.706809,niche,1
10118,0.32436,0.214003,0.461637,niche,1
10119,0.061517,0.079348,0.859135,niche,1
10120,0.055692,0.543681,0.400626,mainstream,2
10121,0.001882,0.006252,0.991866,niche,2
10122,0.904475,0.083664,0.011861,pop,1
10123,0.002102,0.986343,0.011555,mainstream,1
10124,0.065489,0.091087,0.843424,niche,3
10125,0.841092,0.121081,0.037827,pop,1
10126,0.494363,0.023116,0.482522,pop,1
10127,0.008363,0.874223,0.117415,mainstream,1
10128,0.001943,0.609555,0.388503,mainstream,1
10129,0.002527,0.975303,0.02217,mainstream,2
10130,0.005647,0.129147,0.865206,niche,2
10131,0.001438,0.98781,0.010752,mainstream,1
10132,0.000642,0.017006,0.982352,niche,1
10133,0.000692,0.630226,0.369082,mainstream,1
10134,0.01119,0.47189,0.516921,niche,2
10135,0.002332,0.878647,0.119021,mainstream,2
10136,0.12659,0.674117,0.199293,mainstream,6
10137,0.001271,0.453099,0.545631,niche,1
10138,0.000242,0.01019,0.989568,niche,1
10139,0.012427,0.90135,0.086224,mainstream,4
10140,0.000368,0.209018,0.790614,niche,1
10141,0.741673,0.168667,0.08966,pop,1
10142,0.004702,0.391169,0.604128,niche,1
10143,0.043629,0.855374,0.100997,mainstream,3
10144,0.003809,0.371135,0.625056,niche,1
10145,0.004916,0.177574,0.81751,niche,1
10146,0.008694,0.934015,0.057291,mainstream,1
10147,0.009659,0.522263,0.468078,mainstream,2
10148,0.006809,0.678383,0.314808,mainstream,1
10149,0.095776,0.013169,0.891054,niche,1
10150,0.000636,0.685087,0.314277,mainstream,2
10151,0.02778,0.644694,0.327526,mainstream,1
10152,0.007543,0.110674,0.881783,niche,1
10153,0.010427,0.610924,0.378648,mainstream,2
10154,0.014094,0.82724,0.158667,mainstream,1
10155,0.001703,0.689566,0.308731,mainstream,2
10156,0.522433,0.067324,0.410243,pop,1
10157,0.008681,0.961613,0.029707,mainstream,1
10158,0.001422,0.984132,0.014446,mainstream,1
10159,0.003751,0.032913,0.963336,niche,1
10160,0.000939,0.027095,0.971966,niche,1
10161,0.000424,0.04155,0.958026,niche,1
10162,0.031692,0.493705,0.474603,mainstream,3
10163,0.980027,0.013942,0.00603,pop,1
10164,0.021583,0.680857,0.297559,mainstream,1
10165,0.010821,0.655217,0.333961,mainstream,1
10166,0.056156,0.154813,0.789032,niche,1
10167,0.033386,0.383537,0.583077,niche,1
10168,0.191769,0.654818,0.153414,mainstream,5
10169,0.051005,0.849799,0.099196,mainstream,1
10170,0.150966,0.318617,0.530417,niche,1
10171,0.000406,0.390808,0.608786,niche,1
10172,0.000945,0.05564,0.943414,niche,1
10173,0.000395,0.016504,0.983101,niche,1
10174,0.003039,0.725333,0.271628,mainstream,1
10175,0.000298,0.006634,0.993068,niche,1
10176,0.000224,0.005,0.994776,niche,1
10177,1.9e-05,0.000892,0.999089,niche,1
10178,0.068279,0.120227,0.811494,niche,2
10179,0.002478,0.688007,0.309516,mainstream,1
10180,0.007546,0.211317,0.781138,niche,1
10181,0.047158,0.819016,0.133825,mainstream,1
10182,0.001447,0.003682,0.99487,niche,1
10183,0.004628,0.577278,0.418093,mainstream,3
10184,0.006269,0.501207,0.492524,mainstream,1
10185,0.965043,0.022489,0.012468,pop,1
10186,0.202388,0.528433,0.269179,mainstream,7
10187,0.00482,0.609615,0.385564,mainstream,2
10188,0.00064,0.617205,0.382155,mainstream,1
10189,0.030005,0.539004,0.430991,mainstream,1
10190,0.028545,0.779048,0.192407,mainstream,1
10191,0.023561,0.672973,0.303466,mainstream,1
10192,0.028589,0.074242,0.89717,niche,1
10193,0.938198,0.044633,0.017168,pop,1
10194,0.001153,0.990279,0.008568,mainstream,1
10195,0.03562,0.182816,0.781565,niche,3
10196,0.161381,0.753178,0.085441,mainstream,1
10197,0.003893,0.834628,0.161479,mainstream,2
10198,0.000625,0.088849,0.910527,niche,1
10199,0.016232,0.977822,0.005946,mainstream,1
10200,0.000656,0.976975,0.02237,mainstream,1
10201,0.005015,0.571406,0.423579,mainstream,1
10202,0.000313,0.044373,0.955314,niche,1
10203,0.002116,0.134699,0.863185,niche,2
10204,0.025111,0.199158,0.775731,niche,1
10205,0.00469,0.947096,0.048215,mainstream,2
10206,0.052581,0.544737,0.402683,mainstream,1
10207,0.002233,0.782831,0.214936,mainstream,1
10208,0.000469,0.041936,0.957595,niche,1
10209,0.742421,0.203212,0.054368,pop,1
10210,0.007419,0.937839,0.054742,mainstream,1
10211,0.008898,0.174099,0.817003,niche,1
10212,0.00398,0.796712,0.199308,mainstream,2
10213,0.000457,0.013155,0.986388,niche,1
10214,0.001497,0.08862,0.909883,niche,1
10215,0.010423,0.664152,0.325425,mainstream,1
10216,0.024214,0.968261,0.007524,mainstream,1
10217,0.043489,0.01626,0.940251,niche,1
10218,0.001459,0.988673,0.009867,mainstream,1
10219,0.00182,0.992985,0.005194,mainstream,1
10220,0.057557,0.730512,0.211932,mainstream,1
10221,0.096378,0.775976,0.127647,mainstream,2
10222,0.002844,0.990277,0.006879,mainstream,1
10223,0.045118,0.320699,0.634183,niche,1
10224,0.001045,0.003674,0.995281,niche,1
10225,0.001571,0.040449,0.957979,niche,1
10226,0.022423,0.970207,0.007369,mainstream,1
10227,0.00778,0.008775,0.983445,niche,1
10228,0.430345,0.345686,0.223969,pop,1
10229,0.028165,0.025913,0.945921,niche,2
10230,0.01819,0.044971,0.936839,niche,2
10231,0.004957,0.235643,0.7594,niche,1
10232,0.006476,0.977373,0.016151,mainstream,1
10233,0.013207,0.140563,0.84623,niche,5
10234,0.000112,0.043333,0.956555,niche,1
10235,0.006496,0.070798,0.922706,niche,1
10236,0.003114,0.101113,0.895773,niche,1
10237,0.004719,0.978052,0.017229,mainstream,1
10238,0.004152,0.148253,0.847595,niche,1
10239,0.005691,0.707978,0.286331,mainstream,1
10240,0.006478,0.093037,0.900485,niche,1
10241,0.001185,0.833595,0.165221,mainstream,2
10242,0.002128,0.140146,0.857726,niche,1
10243,0.003057,0.402742,0.594201,niche,1
10244,0.095945,0.293099,0.610957,niche,1
10245,0.066956,0.260369,0.672675,niche,1
10246,0.030272,0.853343,0.116385,mainstream,1
10247,0.011856,0.941532,0.046613,mainstream,1
10248,0.001072,0.144279,0.854649,niche,1
10249,0.000134,0.003358,0.996508,niche,1
10250,0.0172,0.102241,0.880559,niche,2
10251,0.000863,0.144557,0.85458,niche,1
10252,0.00349,0.787459,0.209051,mainstream,1
10253,0.000279,0.032239,0.967482,niche,1
10254,0.000492,0.344102,0.655406,niche,1
10255,0.000219,0.001977,0.997804,niche,1
10256,0.026449,0.042278,0.931273,niche,1
10257,0.012317,0.795439,0.192245,mainstream,1
10258,0.040331,0.812168,0.147501,mainstream,1
10259,0.001214,0.821992,0.176795,mainstream,1
10260,0.054001,0.525825,0.420175,mainstream,1
10261,0.177106,0.766142,0.056752,mainstream,1
10262,0.530062,0.066418,0.40352,pop,1
10263,0.000831,0.767466,0.231703,mainstream,1
10264,0.013116,0.969603,0.017281,mainstream,1
10265,0.004452,0.593286,0.402262,mainstream,1
10266,0.000407,0.586696,0.412896,mainstream,1
10267,0.021881,0.349685,0.628434,niche,4
10268,0.000809,0.002531,0.99666,niche,1
10269,0.002004,0.952381,0.045615,mainstream,1
10270,0.000123,0.028977,0.9709,niche,1
10271,0.010015,0.956163,0.033821,mainstream,1
10272,0.004182,0.954967,0.040852,mainstream,1
10273,0.006898,0.742292,0.25081,mainstream,2
10274,0.85873,0.100072,0.041198,pop,2
10275,0.017947,0.024642,0.957411,niche,1
10276,0.000257,0.095832,0.903911,niche,1
10277,0.052642,0.766788,0.180569,mainstream,8
10278,0.002919,0.808728,0.188354,mainstream,2
10279,0.00049,0.196242,0.803268,niche,2
10280,0.977776,0.013435,0.008789,pop,1
10281,0.017271,0.866556,0.116174,mainstream,1
10282,0.002457,0.063429,0.934114,niche,1
10283,0.757239,0.196031,0.04673,pop,1
10284,0.319753,0.057904,0.622344,niche,1
10285,0.005001,0.512509,0.48249,mainstream,3
10286,0.067544,0.330372,0.602084,niche,2
10287,0.284473,0.534045,0.181482,mainstream,1
10288,0.01266,0.97343,0.01391,mainstream,1
10289,0.02809,0.772369,0.199542,mainstream,1
10290,0.002366,0.032803,0.964831,niche,1
10291,0.013673,0.275449,0.710878,niche,1
10292,0.073994,0.695584,0.230422,mainstream,3
10293,0.020568,0.17542,0.804011,niche,2
10294,0.000234,0.066628,0.933138,niche,1
10295,0.001879,0.971481,0.02664,mainstream,1
10296,0.006768,0.199464,0.793768,niche,1
10297,0.000417,0.037803,0.96178,niche,1
10298,0.056649,0.813729,0.129622,mainstream,2
10299,0.231247,0.161701,0.607051,niche,4
10300,0.000401,0.149008,0.850591,niche,1
10301,0.006021,0.20968,0.784299,niche,1
10302,0.019539,0.47361,0.506851,niche,2
10303,0.000273,0.000277,0.99945,niche,1
10304,0.020292,0.80881,0.170899,mainstream,1
10305,0.016358,0.290099,0.693544,niche,1
10306,0.001485,0.002689,0.995826,niche,1
10307,0.586323,0.374848,0.038829,pop,1
10308,0.064901,0.252622,0.682477,niche,1
10309,0.000276,0.328795,0.670929,niche,1
10310,0.001524,0.287751,0.710725,niche,1
10311,0.013342,0.071574,0.915083,niche,1
10312,0.003816,0.499475,0.496709,mainstream,1
10313,0.041646,0.89214,0.066213,mainstream,1
10314,0.004317,0.305206,0.690477,niche,1
10315,0.000771,0.040754,0.958475,niche,1
10316,0.006742,0.937459,0.055799,mainstream,1
10317,0.001581,0.045352,0.953067,niche,1
10318,0.000201,0.06742,0.932379,niche,1
10319,0.001194,0.978515,0.020291,mainstream,1
10320,0.007812,0.172223,0.819965,niche,1
10321,0.004237,0.09675,0.899013,niche,1
10322,0.009583,0.179385,0.811032,niche,1
10323,3.2e-05,0.001684,0.998284,niche,1
10324,0.058645,0.597208,0.344148,mainstream,1
10325,0.009095,0.03793,0.952975,niche,1
10326,0.0006,0.886488,0.112913,mainstream,1
10327,0.010148,0.088214,0.901638,niche,1
10328,0.033809,0.187153,0.779038,niche,1
10329,0.008403,0.317609,0.673988,niche,1
10330,0.160599,0.142686,0.696715,niche,1
10331,0.017563,0.393347,0.58909,niche,3
10332,0.002672,0.018945,0.978384,niche,1
10333,0.919332,0.058534,0.022134,pop,1
10334,0.741142,0.216332,0.042527,pop,1
10335,0.088381,0.452441,0.459178,niche,1
10336,0.905499,0.05014,0.044361,pop,1
10337,0.000591,0.003377,0.996032,niche,1
10338,0.073011,0.852248,0.074741,mainstream,1
10339,0.183091,0.356287,0.460622,niche,2
10340,0.012204,0.096059,0.891738,niche,1
10341,0.016794,0.17519,0.808016,niche,1
10342,0.001672,0.161799,0.83653,niche,1
10343,0.002611,0.474238,0.52315,niche,1
10344,0.071737,0.480729,0.447534,mainstream,1
10345,0.644043,0.327694,0.028262,pop,1
10346,0.013404,0.013462,0.973135,niche,1
10347,0.085201,0.704309,0.210491,mainstream,2
10348,0.003483,0.226845,0.769672,niche,1
10349,0.974813,0.021152,0.004034,pop,1
10350,0.005595,0.939771,0.054635,mainstream,2
10351,0.003347,0.313353,0.6833,niche,3
10352,0.004785,0.167916,0.827299,niche,1
10353,0.026624,0.61982,0.353556,mainstream,1
10354,0.000937,0.110304,0.888759,niche,1
10355,0.004115,0.627969,0.367916,mainstream,1
10356,0.001812,0.022928,0.97526,niche,1
10357,0.005267,0.733937,0.260796,mainstream,1
10358,0.036391,0.895693,0.067916,mainstream,1
10359,0.007315,0.514867,0.477817,mainstream,1
10360,0.00495,0.01254,0.98251,niche,1
10361,0.001328,0.083813,0.914859,niche,1
10362,0.026492,0.125865,0.847643,niche,1
10363,0.000341,0.001634,0.998026,niche,1
10364,0.004267,0.193208,0.802525,niche,1
10365,0.415812,0.19319,0.390998,pop,1
10366,0.059589,0.255582,0.684829,niche,2
10367,0.127284,0.419077,0.453639,niche,1
10368,0.081702,0.551504,0.366793,mainstream,1
10369,0.085153,0.082083,0.832764,niche,1
10370,0.174196,0.335631,0.490172,niche,1
10371,0.000162,0.024394,0.975444,niche,1
10372,0.000104,0.005379,0.994517,niche,1
10373,0.008482,0.269835,0.721683,niche,1
10374,0.000346,0.009226,0.990428,niche,1
10375,0.002896,0.823454,0.17365,mainstream,1
10376,0.031445,0.085879,0.882676,niche,1
10377,0.00161,0.03071,0.96768,niche,1
10378,0.023956,0.244492,0.731552,niche,2
10379,0.019427,0.290325,0.690248,niche,1
10380,0.012196,0.166947,0.820857,niche,1
10381,0.146336,0.143051,0.710613,niche,1
10382,0.000148,0.128836,0.871016,niche,1
10383,0.997157,0.002374,0.000468,pop,1
10384,0.00389,0.839277,0.156834,mainstream,1
10385,0.003898,0.961512,0.03459,mainstream,1
10386,0.001211,0.158785,0.840004,niche,1
10387,0.00319,0.091764,0.905046,niche,2
10388,0.001765,0.95655,0.041685,mainstream,1
10389,0.001436,0.587747,0.410817,mainstream,1
10390,0.081034,0.59584,0.323126,mainstream,2
10391,0.249031,0.240075,0.510894,niche,3
10392,0.035665,0.334773,0.629562,niche,1
10393,0.196116,0.547675,0.256208,mainstream,2
10394,0.122934,0.749,0.128066,mainstream,1
10395,0.013554,0.161163,0.825282,niche,1
10396,0.003812,0.923221,0.072967,mainstream,1
10397,0.002724,0.035306,0.96197,niche,1
10398,0.001346,0.065448,0.933206,niche,1
10399,0.021782,0.859885,0.118334,mainstream,1
10400,0.002243,0.021833,0.975924,niche,1
10401,0.01352,0.703038,0.283443,mainstream,1
10402,0.013331,0.695789,0.290881,mainstream,3
10403,0.002108,0.128858,0.869034,niche,1
10404,0.070575,0.132112,0.797313,niche,1
10405,0.009644,0.153785,0.836571,niche,1
10406,2.3e-05,0.001343,0.998633,niche,1
10407,0.41144,0.359601,0.228959,pop,1
10408,5e-05,0.002414,0.997536,niche,1
10409,0.042988,0.083679,0.873333,niche,4
10410,0.006632,0.92993,0.063437,mainstream,2
10411,0.00015,0.017192,0.982657,niche,1
10412,0.918064,0.075631,0.006306,pop,1
10413,0.01445,0.276095,0.709454,niche,2
10414,0.013664,0.845814,0.140521,mainstream,1
10415,0.17062,0.705572,0.123808,mainstream,4
10416,0.108468,0.865006,0.026526,mainstream,1
10417,0.03574,0.375541,0.588718,niche,1
10418,0.008984,0.166234,0.824782,niche,1
10419,0.00232,0.051527,0.946153,niche,1
10420,0.151264,0.46219,0.386546,mainstream,1
10421,0.000325,0.012879,0.986796,niche,3
10422,0.041221,0.640099,0.318679,mainstream,1
10423,0.023907,0.788142,0.187951,mainstream,2
10424,0.000107,0.004935,0.994958,niche,1
10425,0.002047,0.073482,0.924471,niche,1
10426,0.048691,0.079762,0.871547,niche,1
10427,0.000649,0.007523,0.991828,niche,1
10428,0.001011,0.046415,0.952574,niche,1
10429,0.550686,0.41543,0.033884,pop,1
10430,0.004661,0.152112,0.843227,niche,3
10431,0.010749,0.227575,0.761676,niche,1
10432,0.991303,0.00676,0.001937,pop,1
10433,0.459204,0.334838,0.205959,pop,2
10434,0.074132,0.843549,0.082319,mainstream,1
10435,0.013912,0.224185,0.761904,niche,2
10436,0.012046,0.023281,0.964674,niche,1
10437,0.431447,0.537381,0.031172,mainstream,1
10438,0.001352,0.039607,0.95904,niche,1
10439,5.3e-05,0.002308,0.99764,niche,2
10440,0.001005,0.0022,0.996795,niche,1
10441,0.018264,0.008456,0.97328,niche,1
10442,0.000353,0.015974,0.983673,niche,1
10443,0.000239,0.971696,0.028065,mainstream,1
10444,0.020797,0.775887,0.203316,mainstream,1
10445,0.019172,0.814047,0.166781,mainstream,1
10446,0.730066,0.042291,0.227643,pop,1
10447,0.001511,0.833012,0.165477,mainstream,1
10448,0.024844,0.043611,0.931546,niche,1
10449,0.00622,0.17528,0.8185,niche,2
10450,0.0007,0.015131,0.984169,niche,1
10451,0.549783,0.182522,0.267695,pop,2
10452,0.001171,0.254026,0.744803,niche,1
10453,0.037088,0.177375,0.785537,niche,1
10454,0.002282,0.01056,0.987158,niche,1
10455,0.090111,0.297874,0.612015,niche,1
10456,0.005285,0.769047,0.225667,mainstream,3
10457,0.000669,0.385905,0.613426,niche,1
10458,0.002142,0.188552,0.809305,niche,1
10459,0.003003,0.768799,0.228198,mainstream,1
10460,0.165601,0.193617,0.640782,niche,3
10461,0.377977,0.327454,0.294569,pop,1
10462,0.011535,0.285684,0.702781,niche,1
10463,0.013974,0.038756,0.94727,niche,5
10464,0.003034,0.927849,0.069117,mainstream,2
10465,0.012494,0.974133,0.013373,mainstream,1
10466,0.005796,0.144556,0.849648,niche,1
10467,0.008682,0.020289,0.971029,niche,2
10468,0.965236,0.030303,0.00446,pop,1
10469,0.004271,0.037598,0.958131,niche,1
10470,0.000236,0.020207,0.979558,niche,1
10471,0.077564,0.737293,0.185142,mainstream,1
10472,0.970441,0.016337,0.013222,pop,1
10473,0.00095,0.51789,0.48116,mainstream,1
10474,0.007333,0.697364,0.295303,mainstream,1
10475,0.192497,0.538737,0.268767,mainstream,2
10476,0.35779,0.416609,0.225601,mainstream,1
10477,0.000327,0.035917,0.963755,niche,2
10478,0.028886,0.234393,0.73672,niche,1
10479,0.001342,0.677947,0.320711,mainstream,1
10480,0.000875,0.872857,0.126267,mainstream,1
10481,0.007092,0.27531,0.717598,niche,1
10482,0.09745,0.889805,0.012745,mainstream,2
10483,0.006821,0.519924,0.473255,mainstream,2
10484,0.009767,0.808011,0.182222,mainstream,1
10485,0.064305,0.031778,0.903918,niche,1
10486,0.994932,0.003507,0.001561,pop,1
10487,0.921352,0.073087,0.005562,pop,1
10488,0.006998,0.953318,0.039684,mainstream,1
10489,0.008075,0.853577,0.138349,mainstream,1
10490,0.001699,0.903102,0.095199,mainstream,1
10491,0.011435,0.914278,0.074287,mainstream,1
10492,0.004495,0.956727,0.038778,mainstream,3
10493,0.000482,0.000173,0.999345,niche,1
10494,0.803756,0.135414,0.060829,pop,1
10495,0.018631,0.480077,0.501291,niche,2
10496,0.000468,0.268454,0.731079,niche,1
10497,0.00453,0.179797,0.815673,niche,1
10498,0.008213,0.48168,0.510107,niche,2
10499,3.3e-05,0.002937,0.99703,niche,1
10500,0.478526,0.497001,0.024472,mainstream,3
10501,0.001057,0.16488,0.834063,niche,1
10502,0.003332,0.981546,0.015122,mainstream,1
10503,0.055134,0.620556,0.324311,mainstream,1
10504,0.422593,0.566065,0.011342,mainstream,1
10505,0.037168,0.475807,0.487024,niche,2
10506,0.219561,0.258043,0.522395,niche,2
10507,0.001508,0.887135,0.111357,mainstream,1
10508,0.001985,0.094251,0.903764,niche,1
10509,0.940753,0.028698,0.030549,pop,1
10510,0.016351,0.080148,0.903501,niche,1
10511,0.003911,0.963145,0.032943,mainstream,1
10512,0.026193,0.884456,0.089351,mainstream,1
10513,0.058148,0.851274,0.090578,mainstream,1
10514,0.002404,0.911959,0.085638,mainstream,1
10515,0.00171,0.221324,0.776966,niche,3
10516,0.007498,0.134854,0.857648,niche,1
10517,0.012511,0.907305,0.080185,mainstream,1
10518,0.003473,0.510655,0.485872,mainstream,1
10519,0.022282,0.88245,0.095269,mainstream,1
10520,0.000417,0.062842,0.936741,niche,1
10521,0.006079,0.306886,0.687035,niche,3
10522,0.002545,0.559871,0.437583,mainstream,1
10523,0.000858,0.71017,0.288972,mainstream,1
10524,0.000648,0.926718,0.072635,mainstream,1
10525,0.017546,0.312235,0.670219,niche,1
10526,0.225816,0.045211,0.728974,niche,1
10527,0.006197,0.359459,0.634344,niche,1
10528,0.028114,0.055319,0.916567,niche,1
10529,0.042305,0.529949,0.427746,mainstream,2
10530,0.007218,0.768101,0.22468,mainstream,1
10531,0.001214,0.079358,0.919428,niche,2
10532,0.060576,0.040488,0.898936,niche,1
10533,0.010715,0.981362,0.007923,mainstream,1
10534,0.024611,0.947298,0.028091,mainstream,2
10535,0.051813,0.322389,0.625798,niche,2
10536,0.001888,0.310456,0.687655,niche,2
10537,0.019048,0.068782,0.912169,niche,2
10538,0.068983,0.856649,0.074368,mainstream,1
10539,0.003814,0.974063,0.022123,mainstream,3
10540,0.036749,0.38958,0.573671,niche,1
10541,0.000585,0.029886,0.969529,niche,1
10542,0.009587,0.769342,0.221071,mainstream,1
10543,0.002703,0.983679,0.013618,mainstream,1
10544,0.428267,0.236043,0.33569,pop,1
10545,0.019325,0.321532,0.659143,niche,1
10546,0.508111,0.138609,0.353281,pop,2
10547,0.020637,0.209196,0.770167,niche,1
10548,0.006504,0.774342,0.219154,mainstream,1
10549,0.000139,0.028101,0.97176,niche,1
10550,0.012977,0.217457,0.769565,niche,1
10551,0.008697,0.41267,0.578633,niche,1
10552,0.00336,0.046664,0.949976,niche,1
10553,0.015749,0.737904,0.246347,mainstream,1
10554,0.024075,0.142706,0.833219,niche,1
10555,0.000157,0.228995,0.770848,niche,1
10556,0.00344,0.991059,0.005501,mainstream,1
10557,0.000121,0.073886,0.925993,niche,1
10558,0.001512,0.864321,0.134167,mainstream,1
10559,0.001967,0.361313,0.63672,niche,1
10560,0.095781,0.00194,0.90228,niche,1
10561,0.114058,0.705607,0.180335,mainstream,1
10562,0.0016,0.880454,0.117947,mainstream,1
10563,0.074154,0.36461,0.561236,niche,1
10564,0.004232,0.143753,0.852016,niche,1
10565,0.984491,0.012573,0.002936,pop,2
10566,0.006752,0.853243,0.140005,mainstream,3
10567,0.001657,0.382486,0.615857,niche,1
10568,0.004893,0.859435,0.135672,mainstream,1
10569,0.001299,0.038032,0.960669,niche,1
10570,0.006793,0.296456,0.696752,niche,5
10571,0.001214,0.204299,0.794487,niche,2
10572,0.003728,0.900421,0.095851,mainstream,1
10573,0.047949,0.316111,0.63594,niche,1
10574,0.003365,0.066421,0.930214,niche,1
10575,0.006918,0.956626,0.036456,mainstream,1
10576,0.004526,0.794012,0.201462,mainstream,1
10577,0.002672,0.795789,0.20154,mainstream,1
10578,0.052516,0.274038,0.673446,niche,1
10579,0.033982,0.593173,0.372844,mainstream,1
10580,0.009891,0.969375,0.020734,mainstream,2
10581,0.024673,0.27279,0.702537,niche,1
10582,0.003539,0.034495,0.961966,niche,1
10583,0.298593,0.464243,0.237164,mainstream,1
10584,0.910338,0.085311,0.004351,pop,1
10585,0.005274,0.921418,0.073308,mainstream,1
10586,0.052653,0.079854,0.867494,niche,1
10587,0.009846,0.20536,0.784794,niche,1
10588,0.0861,0.74593,0.16797,mainstream,1
10589,0.005342,0.023407,0.971251,niche,1
10590,0.005333,0.420077,0.57459,niche,1
10591,0.007342,0.924019,0.068639,mainstream,1
10592,0.012512,0.721522,0.265966,mainstream,1
10593,0.369005,0.069649,0.561346,niche,2
10594,0.002257,0.087921,0.909821,niche,1
10595,0.000166,0.002691,0.997142,niche,1
10596,0.07635,0.598283,0.325367,mainstream,2
10597,0.01565,0.319207,0.665144,niche,1
10598,0.001814,0.028335,0.969851,niche,1
10599,0.001518,0.030642,0.96784,niche,1
10600,0.024896,0.656372,0.318732,mainstream,7
10601,0.007873,0.384175,0.607952,niche,2
10602,0.004043,0.457117,0.53884,niche,1
10603,0.002729,0.117011,0.880259,niche,1
10604,0.034068,0.643013,0.322919,mainstream,1
10605,0.236359,0.722862,0.040779,mainstream,2
10606,0.084627,0.24642,0.668952,niche,2
10607,0.083415,0.180041,0.736544,niche,4
10608,0.000624,0.705289,0.294087,mainstream,1
10609,0.000351,0.091188,0.908461,niche,1
10610,0.145498,0.82362,0.030882,mainstream,1
10611,0.001772,0.105243,0.892986,niche,1
10612,0.015995,0.012494,0.971512,niche,1
10613,0.001959,0.022518,0.975523,niche,1
10614,0.003276,0.011115,0.985609,niche,1
10615,0.015414,0.929747,0.054839,mainstream,1
10616,0.001067,0.056679,0.942254,niche,1
10617,0.014875,0.326998,0.658127,niche,1
10618,0.001036,0.093369,0.905595,niche,1
10619,0.093641,0.65871,0.247648,mainstream,1
10620,0.006219,0.924244,0.069537,mainstream,1
10621,0.976832,0.022379,0.000789,pop,1
10622,0.003604,0.013959,0.982437,niche,1
10623,0.011399,0.019956,0.968645,niche,1
10624,0.050162,0.060152,0.889686,niche,1
10625,0.000742,0.049235,0.950023,niche,1
10626,0.00055,0.104101,0.895349,niche,1
10627,0.100188,0.113727,0.786085,niche,1
10628,0.000312,0.051957,0.94773,niche,1
10629,0.008257,0.32403,0.667713,niche,3
10630,0.000328,0.17991,0.819762,niche,1
10631,0.000763,0.216843,0.782394,niche,1
10632,0.000714,0.994263,0.005022,mainstream,1
10633,0.006214,0.92182,0.071966,mainstream,1
10634,0.017581,0.237196,0.745223,niche,1
10635,0.000198,0.433962,0.56584,niche,1
10636,0.515283,0.275179,0.209538,pop,1
10637,0.001192,0.070174,0.928634,niche,1
10638,0.025337,0.585035,0.389628,mainstream,2
10639,0.004888,0.392809,0.602302,niche,1
10640,0.000573,0.061281,0.938145,niche,1
10641,0.702451,0.226086,0.071464,pop,1
10642,0.000567,0.194421,0.805012,niche,1
10643,0.002433,0.858434,0.139133,mainstream,1
10644,0.000854,0.355038,0.644108,niche,1
10645,0.093083,0.447078,0.459838,niche,1
10646,0.000577,0.542136,0.457286,mainstream,2
10647,0.006022,0.445774,0.548204,niche,2
10648,0.022054,0.734909,0.243036,mainstream,1
10649,0.00933,0.861374,0.129296,mainstream,1
10650,0.28083,0.528642,0.190528,mainstream,1
10651,0.019722,0.202695,0.777583,niche,1
10652,0.004898,0.991437,0.003665,mainstream,1
10653,0.000395,0.256365,0.743239,niche,1
10654,0.007326,0.418831,0.573842,niche,1
10655,0.152975,0.321272,0.525753,niche,1
10656,0.003797,0.981735,0.014468,mainstream,1
10657,0.000389,0.017353,0.982258,niche,1
10658,0.064963,0.628289,0.306749,mainstream,2
10659,0.069657,0.882727,0.047616,mainstream,1
10660,5.6e-05,0.001604,0.99834,niche,2
10661,0.004587,0.009592,0.985821,niche,1
10662,0.000841,0.000875,0.998283,niche,1
10663,0.183637,0.702292,0.114071,mainstream,1
10664,0.000614,0.061591,0.937796,niche,1
10665,7.5e-05,0.012948,0.986977,niche,2
10666,0.029144,0.273566,0.69729,niche,1
10667,0.001792,0.798607,0.199601,mainstream,1
10668,0.018893,0.942773,0.038335,mainstream,2
10669,0.005886,0.361959,0.632156,niche,1
10670,0.018669,0.057447,0.923884,niche,1
10671,0.027987,0.169658,0.802354,niche,1
10672,0.001001,0.066551,0.932448,niche,1
10673,0.001509,0.47979,0.518702,niche,1
10674,0.002913,0.781195,0.215893,mainstream,1
10675,0.160139,0.574983,0.264878,mainstream,3
10676,0.007888,0.291415,0.700697,niche,1
10677,0.002893,0.005225,0.991882,niche,1
10678,0.000616,0.096653,0.90273,niche,1
10679,0.001419,0.227302,0.771279,niche,1
10680,0.039706,0.489306,0.470988,mainstream,1
10681,0.009484,0.081031,0.909485,niche,1
10682,0.000215,0.017125,0.98266,niche,1
10683,0.054419,0.206903,0.738677,niche,1
10684,6.1e-05,0.002496,0.997443,niche,1
10685,0.000794,0.01544,0.983766,niche,1
10686,0.002943,0.970815,0.026242,mainstream,1
10687,0.239573,0.564331,0.196096,mainstream,1
10688,0.035758,0.110845,0.853397,niche,1
10689,0.036057,0.93693,0.027013,mainstream,1
10690,0.226579,0.503144,0.270277,mainstream,1
10691,0.002631,0.242732,0.754637,niche,1
10692,0.014234,0.037786,0.94798,niche,1
10693,0.000672,0.079717,0.919611,niche,2
10694,0.022517,0.643782,0.333701,mainstream,1
10695,0.20112,0.738642,0.060238,mainstream,1
10696,0.004875,0.065495,0.92963,niche,1
10697,0.001337,0.81544,0.183224,mainstream,1
10698,0.000547,0.029149,0.970304,niche,1
10699,0.000577,0.019593,0.97983,niche,1
10700,0.00152,0.032253,0.966227,niche,1
10701,0.000747,0.260379,0.738874,niche,1
10702,0.132231,0.101864,0.765904,niche,2
10703,0.000481,0.020212,0.979307,niche,1
10704,0.001904,0.935935,0.062162,mainstream,2
10705,0.018683,0.927239,0.054078,mainstream,1
10706,0.07393,0.756959,0.169112,mainstream,1
10707,0.068554,0.161998,0.769447,niche,7
10708,0.006568,0.950357,0.043075,mainstream,1
10709,0.010336,0.070683,0.918981,niche,1
10710,0.046787,0.21728,0.735933,niche,1
10711,0.097548,0.75949,0.142962,mainstream,1
10712,0.000473,0.179089,0.820438,niche,1
10713,0.001575,0.961043,0.037382,mainstream,2
10714,0.030528,0.088893,0.880579,niche,1
10715,3.8e-05,0.002451,0.997511,niche,1
10716,0.088016,0.048704,0.86328,niche,1
10717,0.019194,0.392441,0.588365,niche,4
10718,0.007597,0.542406,0.449996,mainstream,1
10719,0.001908,0.115307,0.882785,niche,1
10720,0.003449,0.803558,0.192993,mainstream,1
10721,0.007113,0.64232,0.350568,mainstream,1
10722,0.008821,0.179118,0.812061,niche,1
10723,0.004523,0.374622,0.620854,niche,2
10724,0.000202,0.017215,0.982583,niche,1
10725,0.003819,0.7369,0.259281,mainstream,1
10726,0.00067,0.514914,0.484416,mainstream,4
10727,0.070768,0.55852,0.370712,mainstream,1
10728,0.040085,0.673,0.286914,mainstream,2
10729,0.234069,0.640168,0.125763,mainstream,1
10730,0.002738,0.77188,0.225382,mainstream,1
10731,0.038518,0.872335,0.089147,mainstream,1
10732,0.012715,0.775536,0.211749,mainstream,2
10733,0.024915,0.952181,0.022904,mainstream,1
10734,0.000215,0.001407,0.998378,niche,1
10735,0.003229,0.251765,0.745007,niche,1
10736,0.092799,0.532942,0.374259,mainstream,2
10737,0.001118,0.902075,0.096808,mainstream,1
10738,0.004744,0.974522,0.020734,mainstream,1
10739,0.000101,0.046469,0.953431,niche,1
10740,0.001763,0.755656,0.242582,mainstream,1
10741,0.060044,0.106118,0.833839,niche,1
10742,0.001742,0.110222,0.888035,niche,1
10743,0.004145,0.169903,0.825952,niche,1
10744,0.003937,0.042674,0.953389,niche,1
10745,0.004268,0.934526,0.061206,mainstream,1
10746,0.002064,0.079227,0.918709,niche,1
10747,0.004514,0.43689,0.558596,niche,2
10748,0.061497,0.265533,0.672971,niche,1
10749,0.038906,0.893028,0.068066,mainstream,1
10750,0.005092,0.984065,0.010843,mainstream,1
10751,0.004549,0.362276,0.633175,niche,1
10752,7.4e-05,0.00135,0.998576,niche,1
10753,0.001396,0.012615,0.98599,niche,2
10754,0.994376,0.005359,0.000265,pop,1
10755,0.0024,0.053532,0.944068,niche,1
10756,0.004301,0.051842,0.943856,niche,1
10757,0.002291,0.968303,0.029406,mainstream,1
10758,0.002309,0.811971,0.18572,mainstream,1
10759,0.002464,0.018554,0.978982,niche,1
10760,0.004146,0.004433,0.991421,niche,1
10761,0.124135,0.565835,0.31003,mainstream,2
10762,0.037699,0.604279,0.358022,mainstream,1
10763,0.001425,0.108508,0.890067,niche,1
10764,0.000279,0.00155,0.998171,niche,1
10765,0.037412,0.765925,0.196663,mainstream,1
10766,0.002316,0.036205,0.961479,niche,1
10767,1.6e-05,0.0003,0.999684,niche,1
10768,0.001448,0.343568,0.654984,niche,1
10769,0.029818,0.850183,0.119998,mainstream,1
10770,0.00474,0.066409,0.928852,niche,1
10771,4.3e-05,0.003058,0.996899,niche,1
10772,0.070724,0.449909,0.479366,niche,1
10773,0.000397,0.298552,0.701051,niche,1
10774,0.168627,0.811437,0.019936,mainstream,2
10775,9e-05,0.013608,0.986302,niche,1
10776,0.017174,0.840643,0.142183,mainstream,2
10777,0.005988,0.743026,0.250987,mainstream,2
10778,0.022911,0.868713,0.108376,mainstream,1
10779,0.001687,0.971406,0.026907,mainstream,1
10780,0.001062,0.980074,0.018864,mainstream,1
10781,0.069605,0.720431,0.209964,mainstream,1
10782,0.000845,0.00853,0.990625,niche,1
10783,0.015173,0.727276,0.257551,mainstream,1
10784,0.005591,0.06571,0.928699,niche,1
10785,0.091959,0.792184,0.115857,mainstream,1
10786,0.009479,0.944364,0.046157,mainstream,1
10787,0.571093,0.407772,0.021136,pop,1
10788,0.001703,0.302564,0.695733,niche,1
10789,0.012969,0.40213,0.584901,niche,1
10790,0.009382,0.19131,0.799307,niche,1
10791,0.016182,0.608604,0.375214,mainstream,1
10792,0.001931,0.682765,0.315304,mainstream,1
10793,0.025609,0.121959,0.852432,niche,1
10794,0.006184,0.721467,0.272349,mainstream,1
10795,0.004272,0.089931,0.905798,niche,1
10796,0.000287,0.326593,0.67312,niche,1
10797,0.001456,0.034539,0.964005,niche,1
10798,0.000427,0.018338,0.981235,niche,1
10799,0.093998,0.124572,0.78143,niche,1
10800,4.1e-05,0.04067,0.959288,niche,1
10801,0.000608,0.078147,0.921246,niche,1
10802,0.013065,0.623285,0.36365,mainstream,1
10803,0.019114,0.108619,0.872267,niche,1
10804,0.100872,0.610078,0.28905,mainstream,1
10805,0.002915,0.043774,0.953311,niche,1
10806,0.016242,0.943376,0.040382,mainstream,1
10807,0.042238,0.853992,0.10377,mainstream,1
10808,0.001084,0.03078,0.968136,niche,1
10809,0.104426,0.394444,0.50113,niche,2
10810,0.003878,0.390757,0.605365,niche,1
10811,0.002723,0.196025,0.801252,niche,1
10812,0.002092,0.767182,0.230726,mainstream,1
10813,0.005174,0.281175,0.713651,niche,1
10814,0.003677,0.04095,0.955374,niche,2
10815,0.01511,0.447031,0.537859,niche,1
10816,0.00179,0.973173,0.025037,mainstream,1
10817,0.016032,0.045176,0.938792,niche,1
10818,0.017291,0.347895,0.634815,niche,1
10819,0.009159,0.974106,0.016735,mainstream,1
10820,0.000878,0.73937,0.259752,mainstream,1
10821,0.085335,0.571958,0.342707,mainstream,1
10822,0.039134,0.824206,0.13666,mainstream,1
10823,0.011999,0.03984,0.948161,niche,1
10824,0.003327,0.678918,0.317755,mainstream,1
10825,0.000393,0.115028,0.884579,niche,2
10826,0.00014,0.000913,0.998947,niche,1
10827,0.001054,0.267992,0.730955,niche,1
10828,0.094418,0.462374,0.443208,mainstream,1
10829,0.001528,0.414356,0.584116,niche,1
10830,0.002092,0.154259,0.843649,niche,1
10831,0.002685,0.080988,0.916327,niche,1
10832,0.002469,0.008986,0.988545,niche,1
10833,0.178276,0.662019,0.159705,mainstream,1
10834,4.8e-05,0.006906,0.993045,niche,1
10835,0.009184,0.254235,0.73658,niche,2
10836,0.000483,0.012222,0.987295,niche,1
10837,0.000289,0.025893,0.973819,niche,1
10838,0.006819,0.177727,0.815455,niche,1
10839,0.012504,0.061273,0.926222,niche,1
10840,0.023335,0.824047,0.152618,mainstream,1
10841,0.918237,0.022025,0.059738,pop,1
10842,0.042402,0.274525,0.683073,niche,1
10843,0.01291,0.744267,0.242823,mainstream,1
10844,0.027768,0.416589,0.555643,niche,1
10845,0.005444,0.011186,0.98337,niche,1
10846,0.000357,0.137446,0.862197,niche,1
10847,0.000552,0.219041,0.780407,niche,1
10848,0.00803,0.220527,0.771443,niche,1
10849,0.964957,0.005719,0.029325,pop,1
10850,0.047356,0.371811,0.580833,niche,3
10851,0.000664,0.750804,0.248532,mainstream,1
10852,0.035836,0.549375,0.414788,mainstream,1
10853,0.00132,0.125055,0.873625,niche,1
10854,0.150897,0.67538,0.173722,mainstream,1
10855,0.037155,0.367989,0.594856,niche,2
10856,0.003527,0.23743,0.759043,niche,1
10857,0.000175,0.041442,0.958383,niche,1
10858,0.463119,0.188137,0.348744,pop,1
10859,0.005789,0.373576,0.620634,niche,2
10860,0.003116,0.03705,0.959834,niche,1
10861,0.39092,0.498491,0.11059,mainstream,1
10862,0.008348,0.941928,0.049724,mainstream,1
10863,0.268258,0.611924,0.119818,mainstream,1
10864,0.065462,0.860606,0.073932,mainstream,1
10865,0.007534,0.595879,0.396587,mainstream,1
10866,0.006915,0.072366,0.920719,niche,1
10867,0.06348,0.759528,0.176991,mainstream,1
10868,0.191617,0.296368,0.512015,niche,1
10869,0.11468,0.680506,0.204814,mainstream,1
10870,0.004123,0.088426,0.907451,niche,1
10871,0.001467,0.268605,0.729929,niche,1
10872,0.018606,0.145853,0.835541,niche,1
10873,0.1979,0.572317,0.229783,mainstream,1
10874,0.008912,0.339733,0.651354,niche,2
10875,0.016531,0.156804,0.826665,niche,2
10876,0.002449,0.303326,0.694224,niche,2
10877,0.003902,0.854311,0.141787,mainstream,1
10878,0.00091,0.943818,0.055272,mainstream,1
10879,0.003901,0.983272,0.012828,mainstream,1
10880,0.001002,0.088275,0.910724,niche,1
10881,0.001178,0.98799,0.010832,mainstream,1
10882,0.001252,0.019638,0.97911,niche,1
10883,0.033759,0.950921,0.015321,mainstream,1
10884,0.001185,0.57085,0.427964,mainstream,2
10885,0.033907,0.264296,0.701798,niche,2
10886,0.029425,0.156854,0.813721,niche,1
10887,0.055832,0.020404,0.923763,niche,1
10888,0.11834,0.047934,0.833726,niche,1
10889,0.006949,0.734577,0.258473,mainstream,1
10890,0.017102,0.695908,0.28699,mainstream,1
10891,0.000716,0.454217,0.545067,niche,1
10892,0.000486,0.153917,0.845597,niche,1
10893,0.071674,0.50323,0.425095,mainstream,1
10894,0.188103,0.182652,0.629245,niche,1
10895,0.002472,0.361348,0.63618,niche,1
10896,0.002067,0.948635,0.049298,mainstream,1
10897,0.010276,0.007985,0.981739,niche,1
10898,0.000809,0.45393,0.545261,niche,1
10899,0.169689,0.40579,0.424521,niche,1
10900,0.001779,0.941163,0.057058,mainstream,1
10901,0.001685,0.823217,0.175098,mainstream,1
10902,0.00253,0.124589,0.872882,niche,1
10903,0.106643,0.760053,0.133304,mainstream,1
10904,0.974777,0.011768,0.013455,pop,1
10905,0.000615,0.021012,0.978373,niche,1
10906,0.030594,0.792769,0.176637,mainstream,1
10907,0.044928,0.896671,0.0584,mainstream,1
10908,0.000112,0.008886,0.991003,niche,1
10909,0.004738,0.118782,0.87648,niche,1
10910,0.006068,0.827496,0.166436,mainstream,1
10911,0.026367,0.966189,0.007445,mainstream,1
10912,0.001219,0.059629,0.939152,niche,1
10913,0.059357,0.196281,0.744362,niche,1
10914,0.000338,0.565206,0.434456,mainstream,1
10915,0.000671,0.050727,0.948602,niche,1
10916,0.002711,0.263115,0.734174,niche,1
10917,0.000942,0.032457,0.966602,niche,1
10918,0.425878,0.244637,0.329485,pop,1
10919,0.1017,0.728643,0.169656,mainstream,1
10920,0.003415,0.044265,0.95232,niche,1
10921,0.070712,0.725209,0.204079,mainstream,1
10922,0.740188,0.189667,0.070145,pop,1
10923,0.004332,0.826525,0.169143,mainstream,1
10924,0.014607,0.924536,0.060857,mainstream,1
10925,0.000785,0.979197,0.020018,mainstream,1
10926,0.000787,0.78828,0.210933,mainstream,1
10927,0.918124,0.027867,0.054009,pop,1
10928,9e-05,0.011251,0.988658,niche,1
10929,0.00078,0.318902,0.680318,niche,2
10930,0.581346,0.296243,0.122411,pop,1
10931,0.001754,0.490717,0.507529,niche,1
10932,0.002828,0.445513,0.551659,niche,1
10933,0.103022,0.535611,0.361367,mainstream,1
10934,0.005354,0.394496,0.60015,niche,1
10935,0.000249,0.004398,0.995353,niche,1
10936,0.0066,0.405966,0.587434,niche,1
10937,0.037713,0.616476,0.345811,mainstream,1
10938,0.026059,0.482384,0.491557,niche,1
10939,0.063992,0.079052,0.856955,niche,1
10940,0.011386,0.071955,0.916659,niche,1
10941,0.984384,0.012001,0.003614,pop,1
10942,0.001908,0.863116,0.134976,mainstream,1
10943,0.000569,0.400605,0.598827,niche,2
10944,0.000451,0.51495,0.484598,mainstream,1
10945,0.000852,0.096367,0.902782,niche,1
10946,0.00093,0.184853,0.814216,niche,1
10947,0.071565,0.070738,0.857697,niche,1
10948,0.011247,0.966531,0.022223,mainstream,1
10949,0.043189,0.367814,0.588998,niche,1
10950,0.000308,0.153463,0.846229,niche,1
10951,0.019155,0.366298,0.614546,niche,1
10952,0.000262,0.017369,0.982368,niche,1
10953,0.00753,0.771857,0.220612,mainstream,2
10954,0.000221,0.093073,0.906706,niche,1
10955,0.005863,0.28381,0.710327,niche,1
10956,0.108739,0.863125,0.028135,mainstream,1
10957,0.001919,0.024634,0.973447,niche,1
10958,0.00879,0.044052,0.947158,niche,1
10959,0.002058,0.568305,0.429637,mainstream,1
10960,0.001263,0.868644,0.130094,mainstream,1
10961,0.011657,0.047522,0.940821,niche,1
10962,0.000547,0.02834,0.971113,niche,1
10963,0.000619,0.00656,0.992821,niche,1
10964,0.033436,0.625827,0.340736,mainstream,2
10965,0.039346,0.065583,0.895071,niche,1
10966,0.000821,0.157046,0.842134,niche,1
10967,0.002583,0.960335,0.037082,mainstream,1
10968,0.003537,0.176634,0.819828,niche,1
10969,0.358601,0.283514,0.357885,pop,1
10970,0.008704,0.710984,0.280312,mainstream,1
10971,0.001856,0.945604,0.052541,mainstream,1
10972,0.005499,0.958894,0.035607,mainstream,1
10973,0.000733,0.011374,0.987893,niche,2
10974,0.008413,0.775379,0.216208,mainstream,1
10975,0.000885,0.875108,0.124007,mainstream,1
10976,0.095818,0.322479,0.581703,niche,1
10977,0.000215,0.003814,0.995971,niche,1
10978,5.2e-05,0.005575,0.994374,niche,1
10979,0.022543,0.340497,0.636959,niche,1
10980,0.000336,0.015675,0.983989,niche,1
10981,0.015805,0.503881,0.480314,mainstream,1
10982,0.01844,0.883535,0.098025,mainstream,1
10983,0.013673,0.907317,0.07901,mainstream,1
10984,0.003792,0.939304,0.056903,mainstream,1
10985,0.000842,0.994561,0.004597,mainstream,1
10986,0.00019,0.079224,0.920586,niche,1
10987,0.003244,0.83465,0.162106,mainstream,1
10988,0.025037,0.672637,0.302325,mainstream,2
10989,0.408596,0.554342,0.037062,mainstream,1
10990,0.001336,0.021619,0.977044,niche,1
10991,0.001037,0.025785,0.973179,niche,2
10992,0.000176,0.004355,0.995468,niche,1
10993,0.038852,0.797862,0.163286,mainstream,1
10994,0.769942,0.111142,0.118915,pop,1
10995,0.000996,0.227523,0.771481,niche,1
10996,0.027213,0.291571,0.681216,niche,1
10997,0.089059,0.870066,0.040875,mainstream,1
10998,0.00101,0.237206,0.761784,niche,1
10999,0.000452,0.05322,0.946328,niche,1
11000,0.097757,0.115645,0.786598,niche,1
11001,0.902346,0.087187,0.010467,pop,1
11002,0.01115,0.5382,0.45065,mainstream,1
11003,0.000947,0.816308,0.182745,mainstream,1
11004,0.000606,0.797295,0.202099,mainstream,1
11005,0.005259,0.058729,0.936012,niche,1
11006,0.000866,0.442063,0.557071,niche,1
11007,0.001547,0.572862,0.425591,mainstream,1
11008,0.078346,0.272008,0.649646,niche,1
11009,0.032231,0.059343,0.908426,niche,1
11010,0.005294,0.052192,0.942514,niche,1
11011,0.019735,0.848429,0.131836,mainstream,1
11012,0.009634,0.270008,0.720357,niche,1
11013,0.03528,0.731169,0.233551,mainstream,2
11014,0.006544,0.803128,0.190327,mainstream,1
11015,0.007167,0.004353,0.988479,niche,1
11016,0.71507,0.269055,0.015875,pop,3
11017,0.001469,0.094745,0.903786,niche,1
11018,0.002165,0.970273,0.027562,mainstream,1
11019,0.001187,0.523549,0.475264,mainstream,1
11020,0.002018,0.160792,0.837191,niche,1
11021,0.005398,0.061441,0.933161,niche,1
11022,0.002278,0.009571,0.988151,niche,1
11023,8.5e-05,0.045484,0.954431,niche,1
11024,0.01296,0.032336,0.954705,niche,1
11025,0.000497,0.916636,0.082867,mainstream,1
11026,0.003364,0.867322,0.129314,mainstream,1
11027,0.001064,0.061596,0.93734,niche,1
11028,0.000679,0.084247,0.915073,niche,2
11029,0.00252,0.176741,0.820739,niche,2
11030,0.052673,0.908483,0.038845,mainstream,1
11031,0.00114,0.171404,0.827456,niche,1
11032,0.011976,0.854065,0.133959,mainstream,1
11033,0.029338,0.009403,0.961259,niche,1
11034,0.00286,0.096781,0.900358,niche,1
11035,0.008569,0.52744,0.463992,mainstream,1
11036,0.070335,0.193149,0.736515,niche,1
11037,0.001416,0.862442,0.136141,mainstream,1
11038,0.000197,0.00224,0.997563,niche,1
11039,0.010853,0.06355,0.925597,niche,1
11040,0.006969,0.207522,0.785509,niche,1
11041,0.010282,0.96349,0.026227,mainstream,1
11042,0.006375,0.473401,0.520224,niche,1
11043,0.019015,0.201641,0.779343,niche,1
11044,0.278017,0.548781,0.173202,mainstream,2
11045,0.004295,0.253302,0.742403,niche,3
11046,0.038088,0.169796,0.792116,niche,1
11047,0.002841,0.11516,0.882,niche,2
11048,0.107901,0.023416,0.868683,niche,1
11049,0.00951,0.175276,0.815215,niche,2
11050,0.000765,0.98283,0.016405,mainstream,1
11051,0.013469,0.112138,0.874393,niche,1
11052,0.167122,0.367274,0.465604,niche,1
11053,0.01516,0.093622,0.891218,niche,1
11054,0.029095,0.915717,0.055188,mainstream,1
11055,0.008602,0.548551,0.442848,mainstream,1
11056,0.001497,0.107227,0.891277,niche,1
11057,0.008411,0.223545,0.768043,niche,2
11058,0.016813,0.102403,0.880784,niche,1
11059,0.000472,0.039232,0.960297,niche,1
11060,0.004689,0.68302,0.31229,mainstream,1
11061,0.00459,0.856476,0.138934,mainstream,3
11062,0.000635,0.010937,0.988428,niche,1
11063,0.051897,0.781706,0.166397,mainstream,1
11064,0.069405,0.026834,0.903761,niche,1
11065,0.010037,0.899608,0.090355,mainstream,1
11066,0.002429,0.045431,0.95214,niche,1
11067,0.000254,0.006819,0.992927,niche,1
11068,0.002261,0.087644,0.910095,niche,1
11069,0.027444,0.018861,0.953696,niche,1
11070,0.026882,0.159522,0.813596,niche,1
11071,3.2e-05,0.001155,0.998813,niche,1
11072,0.003248,0.812657,0.184095,mainstream,1
11073,0.021575,0.097819,0.880606,niche,1
11074,0.000987,0.294149,0.704864,niche,1
11075,0.015599,0.797622,0.186779,mainstream,1
11076,3e-05,0.008639,0.991331,niche,1
11077,0.606144,0.134931,0.258924,pop,3
11078,0.00331,0.87953,0.11716,mainstream,1
11079,0.005773,0.871943,0.122285,mainstream,1
11080,0.101181,0.508825,0.389994,mainstream,1
11081,0.988756,0.009259,0.001985,pop,1
11082,0.00165,0.619793,0.378557,mainstream,1
11083,0.024874,0.946346,0.028781,mainstream,1
11084,0.015779,0.507938,0.476284,mainstream,3
11085,0.012559,0.160785,0.826656,niche,1
11086,0.008156,0.42625,0.565594,niche,1
11087,0.002414,0.988572,0.009014,mainstream,1
11088,8.2e-05,0.002438,0.99748,niche,1
11089,0.000817,0.078786,0.920397,niche,1
11090,0.006175,0.102454,0.891371,niche,1
11091,0.002579,0.152237,0.845183,niche,1
11092,0.000886,0.249569,0.749545,niche,2
11093,0.000143,0.002225,0.997632,niche,1
11094,0.002175,0.733116,0.26471,mainstream,1
11095,0.005046,0.60047,0.394484,mainstream,1
11096,0.000693,0.287282,0.712025,niche,1
11097,0.5832,0.387095,0.029705,pop,2
11098,0.03337,0.904255,0.062375,mainstream,1
11099,0.008992,0.028268,0.96274,niche,1
11100,0.003634,0.037637,0.958728,niche,1
11101,0.117359,0.179972,0.702669,niche,1
11102,0.007642,0.277629,0.714729,niche,2
11103,0.009495,0.439483,0.551022,niche,1
11104,0.001479,0.719814,0.278707,mainstream,1
11105,0.001179,0.230488,0.768334,niche,1
11106,0.011612,0.20698,0.781409,niche,1
11107,0.001154,0.982387,0.016459,mainstream,1
11108,0.985964,0.011277,0.002759,pop,1
11109,0.094377,0.334873,0.57075,niche,2
11110,0.000222,0.007914,0.991864,niche,1
11111,0.004439,0.543312,0.452248,mainstream,2
11112,0.002168,0.016937,0.980896,niche,1
11113,0.000796,0.024854,0.97435,niche,1
11114,0.002347,0.095486,0.902167,niche,1
11115,0.001006,0.046939,0.952054,niche,1
11116,0.003928,0.330454,0.665618,niche,1
11117,0.002286,0.915991,0.081723,mainstream,1
11118,0.00087,0.981126,0.018003,mainstream,1
11119,0.011699,0.022213,0.966088,niche,1
11120,0.002149,0.640648,0.357204,mainstream,1
11121,0.042759,0.116558,0.840683,niche,1
11122,0.003074,0.746527,0.250399,mainstream,1
11123,0.69365,0.08424,0.22211,pop,1
11124,0.012184,0.956579,0.031237,mainstream,1
11125,0.007474,0.056707,0.935819,niche,1
11126,0.489346,0.308546,0.202108,pop,1
11127,0.092319,0.71866,0.18902,mainstream,1
11128,0.004061,0.147697,0.848242,niche,1
11129,0.012467,0.761429,0.226104,mainstream,1
11130,0.017045,0.007629,0.975326,niche,1
11131,0.000318,0.00641,0.993272,niche,1
11132,0.008465,0.609331,0.382204,mainstream,1
11133,0.002185,0.402033,0.595782,niche,1
11134,0.847917,0.035001,0.117082,pop,1
11135,0.236137,0.714225,0.049638,mainstream,1
11136,0.979551,0.010056,0.010393,pop,1
11137,0.001153,0.106548,0.892299,niche,1
11138,0.001082,0.051188,0.947731,niche,1
11139,0.962607,0.02602,0.011373,pop,1
11140,0.015322,0.531748,0.452931,mainstream,1
11141,0.002645,0.340325,0.657031,niche,1
11142,0.000331,0.008601,0.991069,niche,1
11143,0.000523,0.231539,0.767938,niche,1
11144,0.004498,0.19283,0.802673,niche,1
11145,0.005728,0.979996,0.014276,mainstream,1
11146,0.165584,0.171842,0.662573,niche,1
11147,0.00208,0.226229,0.771691,niche,1
11148,0.000302,0.019505,0.980193,niche,1
11149,0.026353,0.047111,0.926536,niche,1
11150,0.077804,0.154974,0.767222,niche,1
11151,0.000545,0.397819,0.601636,niche,1
11152,0.014215,0.085543,0.900242,niche,1
11153,0.000153,0.004753,0.995094,niche,1
11154,0.001502,0.032014,0.966484,niche,1
11155,0.004995,0.104306,0.890699,niche,1
11156,0.047555,0.409004,0.543441,niche,1
11157,0.004705,0.054751,0.940544,niche,1
11158,0.245131,0.541633,0.213236,mainstream,1
11159,0.024991,0.179821,0.795188,niche,1
11160,0.000981,0.991803,0.007216,mainstream,1
11161,0.001461,0.089639,0.9089,niche,1
11162,0.003651,0.516834,0.479516,mainstream,1
11163,0.003744,0.917214,0.079042,mainstream,2
11164,0.008651,0.133989,0.857359,niche,1
11165,0.001188,0.65551,0.343302,mainstream,1
11166,0.005676,0.918542,0.075782,mainstream,2
11167,0.005653,0.847709,0.146638,mainstream,1
11168,0.068867,0.717833,0.2133,mainstream,1
11169,0.11503,0.432424,0.452546,niche,1
11170,0.003487,0.120059,0.876454,niche,1
11171,0.000977,0.308313,0.69071,niche,1
11172,0.000489,0.044833,0.954678,niche,1
11173,0.014697,0.338298,0.647007,niche,2
11174,0.001179,0.034057,0.964764,niche,1
11175,0.004382,0.114696,0.880922,niche,1
11176,0.002013,0.507708,0.490279,mainstream,2
11177,0.006955,0.87412,0.118925,mainstream,2
11178,0.009494,0.007528,0.982978,niche,1
11179,0.000197,0.003492,0.99631,niche,2
11180,0.028229,0.83443,0.13734,mainstream,1
11181,0.012724,0.22068,0.766596,niche,1
11182,0.000735,0.385025,0.61424,niche,1
11183,0.000903,0.80958,0.189517,mainstream,1
11184,0.003556,0.960832,0.035612,mainstream,1
11185,0.031648,0.308387,0.659965,niche,1
11186,0.003056,0.988991,0.007953,mainstream,1
11187,0.007149,0.876033,0.116819,mainstream,1
11188,0.008563,0.958242,0.033195,mainstream,2
11189,0.023889,0.325896,0.650215,niche,1
11190,0.002014,0.978971,0.019015,mainstream,1
11191,0.020271,0.023231,0.956498,niche,1
11192,0.051283,0.517976,0.430741,mainstream,1
11193,0.00204,0.976994,0.020966,mainstream,1
11194,0.985622,0.008504,0.005873,pop,1
11195,0.007774,0.00445,0.987776,niche,1
11196,6.7e-05,0.007794,0.99214,niche,2
11197,0.02309,0.064654,0.912256,niche,1
11198,0.015596,0.649362,0.335041,mainstream,1
11199,0.00875,0.878719,0.112532,mainstream,1
11200,0.01266,0.829169,0.158171,mainstream,1
11201,0.006154,0.875041,0.118805,mainstream,1
11202,0.000487,0.078387,0.921126,niche,2
11203,0.042619,0.284534,0.672847,niche,1
11204,0.015528,0.071058,0.913414,niche,2
11205,0.008014,0.027146,0.96484,niche,1
11206,0.000867,0.282477,0.716657,niche,1
11207,0.002251,0.829695,0.168055,mainstream,1
11208,0.006408,0.711426,0.282166,mainstream,1
11209,0.002566,0.990204,0.007231,mainstream,1
11210,0.003093,0.986697,0.01021,mainstream,1
11211,0.208272,0.205569,0.586159,niche,1
11212,0.009132,0.688551,0.302316,mainstream,1
11213,0.206048,0.281298,0.512653,niche,1
11214,0.126573,0.704569,0.168858,mainstream,1
11215,0.000452,0.263425,0.736122,niche,1
11216,0.010123,0.379159,0.610717,niche,1
11217,0.947504,0.03239,0.020106,pop,1
11218,0.001258,0.949092,0.04965,mainstream,1
11219,0.004737,0.76897,0.226293,mainstream,1
11220,0.043187,0.681891,0.274922,mainstream,2
11221,0.09271,0.879849,0.027441,mainstream,1
11222,0.088049,0.13807,0.773881,niche,1
11223,0.007842,0.888567,0.103591,mainstream,1
11224,0.000329,0.051986,0.947685,niche,1
11225,0.024425,0.885517,0.090058,mainstream,2
11226,0.885234,0.097196,0.017569,pop,1
11227,0.000712,0.048235,0.951053,niche,1
11228,0.273349,0.230983,0.495668,niche,2
11229,0.001231,0.246027,0.752742,niche,1
11230,0.00257,0.044295,0.953135,niche,1
11231,0.200023,0.50728,0.292697,mainstream,1
11232,0.001315,0.949972,0.048713,mainstream,1
11233,0.012208,0.460428,0.527364,niche,1
11234,0.001286,0.773792,0.224922,mainstream,1
11235,0.025582,0.31566,0.658758,niche,1
11236,0.008061,0.601135,0.390804,mainstream,1
11237,0.000955,0.048338,0.950707,niche,1
11238,0.005014,0.351985,0.643001,niche,1
11239,0.00049,0.990987,0.008523,mainstream,1
11240,0.009182,0.231976,0.758842,niche,1
11241,0.007092,0.052478,0.94043,niche,1
11242,0.000622,0.010794,0.988584,niche,2
11243,0.045125,0.470371,0.484504,niche,1
11244,0.002803,0.834989,0.162208,mainstream,1
11245,0.001215,0.122778,0.876008,niche,1
11246,0.000769,0.017877,0.981355,niche,1
11247,0.015228,0.472853,0.511919,niche,2
11248,0.045913,0.557048,0.397039,mainstream,1
11249,0.933626,0.062428,0.003945,pop,1
11250,0.00029,0.023999,0.97571,niche,1
11251,0.114109,0.402792,0.483099,niche,1
11252,0.003276,0.335009,0.661715,niche,1
11253,0.036347,0.186652,0.777001,niche,2
11254,0.048459,0.073404,0.878137,niche,1
11255,0.00227,0.005279,0.992451,niche,1
11256,0.000587,0.001331,0.998082,niche,1
11257,0.21579,0.571026,0.213184,mainstream,1
11258,0.000635,0.043308,0.956057,niche,1
11259,0.902736,0.0876,0.009664,pop,1
11260,0.108515,0.834238,0.057247,mainstream,1
11261,0.904081,0.081175,0.014744,pop,1
11262,0.063034,0.698735,0.238231,mainstream,1
11263,0.002828,0.872661,0.124511,mainstream,2
11264,0.881479,0.107754,0.010767,pop,1
11265,0.019788,0.914804,0.065408,mainstream,2
11266,0.924532,0.055165,0.020303,pop,1
11267,0.001813,0.940453,0.057734,mainstream,1
11268,0.061093,0.583367,0.35554,mainstream,1
11269,0.004426,0.780857,0.214717,mainstream,1
11270,0.323528,0.121983,0.554489,niche,1
11271,0.000203,0.032398,0.967399,niche,2
11272,0.008148,0.435138,0.556713,niche,1
11273,0.065725,0.855083,0.079193,mainstream,1
11274,0.023805,0.641969,0.334226,mainstream,1
11275,0.000581,0.477101,0.522317,niche,1
11276,0.001282,0.088697,0.910021,niche,1
11277,0.014055,0.256142,0.729803,niche,1
11278,0.286903,0.515356,0.197742,mainstream,1
11279,0.002631,0.890741,0.106628,mainstream,2
11280,0.012984,0.118603,0.868413,niche,1
11281,0.255715,0.642447,0.101838,mainstream,1
11282,0.0228,0.956919,0.020282,mainstream,1
11283,0.248571,0.378905,0.372523,mainstream,1
11284,0.110783,0.587755,0.301462,mainstream,1
11285,0.111903,0.613304,0.274793,mainstream,1
11286,0.009821,0.711014,0.279165,mainstream,1
11287,0.003743,0.62212,0.374136,mainstream,1
11288,0.055212,0.936292,0.008497,mainstream,1
11289,0.000903,0.042428,0.956669,niche,2
11290,0.032031,0.656379,0.31159,mainstream,1
11291,0.000739,0.585158,0.414102,mainstream,1
11292,0.041109,0.846661,0.11223,mainstream,1
11293,0.702021,0.032931,0.265048,pop,1
11294,0.00015,0.002118,0.997733,niche,1
11295,0.000819,0.395299,0.603882,niche,1
11296,0.00747,0.688738,0.303792,mainstream,1
11297,0.147743,0.283836,0.568421,niche,1
11298,0.070592,0.421842,0.507566,niche,1
11299,0.002537,0.112611,0.884853,niche,1
11300,0.000105,0.004406,0.995489,niche,1
11301,0.001628,0.53611,0.462262,mainstream,1
11302,0.00046,0.533578,0.465962,mainstream,1
11303,0.313034,0.67037,0.016596,mainstream,1
11304,0.191412,0.426131,0.382457,mainstream,1
11305,0.038155,0.882379,0.079466,mainstream,1
11306,0.010601,0.31482,0.674579,niche,1
11307,0.001064,0.04394,0.954996,niche,1
11308,0.000592,0.955237,0.044171,mainstream,1
11309,0.2726,0.416892,0.310508,mainstream,1
11310,0.049769,0.547772,0.402459,mainstream,1
11311,0.089709,0.879593,0.030698,mainstream,1
11312,0.006764,0.89022,0.103016,mainstream,1
11313,0.001723,0.073877,0.924399,niche,1
11314,0.011598,0.438116,0.550286,niche,1
11315,0.001263,0.596972,0.401764,mainstream,1
11316,0.061592,0.743992,0.194416,mainstream,1
11317,0.001794,0.807117,0.191089,mainstream,1
11318,0.000407,0.400572,0.599022,niche,3
11319,0.00024,0.011949,0.987812,niche,1
11320,0.018534,0.687445,0.294022,mainstream,2
11321,0.017151,0.025378,0.957471,niche,1
11322,0.979674,0.015334,0.004992,pop,1
11323,0.0001,0.007683,0.992218,niche,1
11324,0.008835,0.423566,0.567598,niche,1
11325,0.969266,0.025727,0.005007,pop,1
11326,0.001248,0.133444,0.865308,niche,1
11327,0.576257,0.198031,0.225712,pop,1
11328,0.04444,0.772371,0.183189,mainstream,1
11329,0.001138,0.783565,0.215297,mainstream,1
11330,0.004627,0.301011,0.694362,niche,1
11331,0.001244,0.316603,0.682153,niche,1
11332,0.005936,0.872543,0.121521,mainstream,1
11333,0.001435,0.032624,0.965941,niche,1
11334,0.951924,0.02322,0.024856,pop,1
11335,0.007668,0.762356,0.229976,mainstream,1
11336,0.018674,0.097575,0.88375,niche,1
11337,0.123087,0.721165,0.155748,mainstream,1
11338,0.980188,0.018193,0.001619,pop,1
11339,0.003347,0.567345,0.429309,mainstream,1
11340,0.006559,0.957226,0.036215,mainstream,1
11341,0.148007,0.250688,0.601305,niche,1
11342,0.058776,0.504323,0.436901,mainstream,1
11343,0.024073,0.784023,0.191904,mainstream,2
11344,0.004631,0.003027,0.992342,niche,1
11345,0.000316,0.034295,0.965389,niche,1
11346,0.000129,0.133715,0.866157,niche,1
11347,0.160481,0.147076,0.692443,niche,2
11348,0.005512,0.897384,0.097104,mainstream,1
11349,0.014609,0.008188,0.977203,niche,1
11350,0.01223,0.939515,0.048255,mainstream,1
11351,0.012885,0.965374,0.02174,mainstream,2
11352,0.000206,0.000931,0.998863,niche,1
11353,0.00746,0.277338,0.715202,niche,1
11354,0.102978,0.073858,0.823164,niche,1
11355,0.002959,0.982675,0.014366,mainstream,1
11356,0.449986,0.522529,0.027485,mainstream,1
11357,6e-05,0.004864,0.995076,niche,1
11358,0.003517,0.134327,0.862156,niche,1
11359,0.000552,0.958242,0.041206,mainstream,1
11360,0.002096,0.990888,0.007017,mainstream,1
11361,0.000265,0.042614,0.957121,niche,1
11362,0.000725,0.087561,0.911714,niche,1
11363,0.019364,0.89746,0.083176,mainstream,1
11364,0.753678,0.237151,0.009171,pop,1
11365,0.008503,0.118267,0.87323,niche,1
11366,0.002139,0.921098,0.076763,mainstream,1
11367,0.004765,0.54867,0.446565,mainstream,1
11368,0.126487,0.747297,0.126216,mainstream,1
11369,0.000832,0.107953,0.891215,niche,1
11370,0.281148,0.624556,0.094296,mainstream,1
11371,0.532719,0.213482,0.253798,pop,1
11372,0.001125,0.954514,0.04436,mainstream,1
11373,0.007872,0.919045,0.073083,mainstream,1
11374,0.000582,0.840336,0.159082,mainstream,1
11375,0.000252,0.002057,0.997691,niche,1
11376,0.004675,0.242316,0.753009,niche,1
11377,0.006022,0.686088,0.30789,mainstream,1
11378,0.006422,0.271623,0.721954,niche,1
11379,0.002662,0.979152,0.018186,mainstream,2
11380,0.000909,0.147715,0.851376,niche,1
11381,0.008916,0.125575,0.865509,niche,2
11382,0.005898,0.056406,0.937696,niche,1
11383,0.018357,0.915556,0.066087,mainstream,1
11384,0.096983,0.136926,0.766091,niche,1
11385,0.003456,0.991671,0.004873,mainstream,1
11386,0.038389,0.142076,0.819535,niche,1
11387,0.012135,0.114154,0.873712,niche,1
11388,0.001675,0.037589,0.960735,niche,1
11389,0.001183,0.63315,0.365667,mainstream,1
11390,0.009418,0.600964,0.389619,mainstream,1
11391,0.006138,0.215145,0.778717,niche,1
11392,0.043891,0.930466,0.025644,mainstream,1
11393,0.05566,0.761546,0.182794,mainstream,1
11394,0.009986,0.937822,0.052191,mainstream,1
11395,0.681454,0.185282,0.133264,pop,1
11396,2.3e-05,0.001662,0.998314,niche,1
11397,0.000746,0.838438,0.160816,mainstream,1
11398,0.001484,0.069831,0.928685,niche,1
11399,0.000897,0.466812,0.532291,niche,1
11400,0.013566,0.883827,0.102607,mainstream,1
11401,0.00024,0.003576,0.996184,niche,1
11402,0.001855,0.082817,0.915329,niche,1
11403,0.001414,0.002024,0.996562,niche,1
11404,0.966147,0.031517,0.002337,pop,2
11405,0.002026,0.962005,0.03597,mainstream,1
11406,8.6e-05,0.007592,0.992322,niche,1
11407,0.077979,0.416301,0.505719,niche,1
11408,0.056094,0.521247,0.422659,mainstream,1
11409,0.001004,0.016726,0.982269,niche,2
11410,0.396137,0.209787,0.394076,pop,1
11411,0.145987,0.181042,0.672971,niche,1
11412,0.0029,0.285922,0.711178,niche,1
11413,0.067475,0.043305,0.889219,niche,1
11414,0.007838,0.919836,0.072325,mainstream,1
11415,0.014445,0.15055,0.835006,niche,2
11416,0.002283,0.979304,0.018414,mainstream,1
11417,0.004155,0.022934,0.97291,niche,1
11418,0.010609,0.034264,0.955127,niche,1
11419,0.000707,0.062582,0.936711,niche,1
11420,0.023744,0.847358,0.128898,mainstream,1
11421,0.000412,0.002997,0.996591,niche,1
11422,0.000551,0.775564,0.223886,mainstream,1
11423,0.005044,0.494959,0.499998,niche,1
11424,0.006259,0.080933,0.912807,niche,1
11425,0.005983,0.802953,0.191064,mainstream,1
11426,0.008838,0.83021,0.160952,mainstream,1
11427,0.00197,0.409032,0.588998,niche,1
11428,0.01582,0.662134,0.322046,mainstream,1
11429,0.051907,0.100003,0.84809,niche,1
11430,0.012332,0.96151,0.026158,mainstream,1
11431,8.4e-05,0.010516,0.9894,niche,1
11432,0.009167,0.068097,0.922736,niche,1
11433,0.001809,0.151588,0.846603,niche,1
11434,0.00825,0.004696,0.987054,niche,1
11435,0.025227,0.93362,0.041152,mainstream,1
11436,0.710677,0.253923,0.0354,pop,1
11437,0.000639,0.578086,0.421276,mainstream,1
11438,0.000637,0.009461,0.989903,niche,1
11439,0.083081,0.384022,0.532897,niche,1
11440,0.008831,0.239995,0.751174,niche,1
11441,0.071811,0.08481,0.843379,niche,1
11442,0.02114,0.764337,0.214522,mainstream,1
11443,0.016145,0.550944,0.432911,mainstream,1
11444,0.289034,0.13304,0.577926,niche,1
11445,0.02797,0.049597,0.922433,niche,1
11446,0.06117,0.356258,0.582573,niche,1
11447,2.3e-05,0.007157,0.99282,niche,1
11448,0.00021,0.003084,0.996705,niche,1
11449,0.004845,0.631208,0.363947,mainstream,1
11450,0.252039,0.73059,0.017371,mainstream,1
11451,0.016064,0.053056,0.93088,niche,1
11452,0.002775,0.05487,0.942355,niche,1
11453,0.976749,0.013585,0.009667,pop,1
11454,0.018151,0.28775,0.694099,niche,1
11455,0.00564,0.951302,0.043058,mainstream,1
11456,0.027406,0.946314,0.02628,mainstream,1
11457,0.249829,0.697962,0.052208,mainstream,2
11458,0.000638,0.118111,0.881251,niche,1
11459,0.286587,0.246721,0.466692,niche,1
11460,0.000479,0.057617,0.941904,niche,1
11461,0.991625,0.00075,0.007625,pop,1
11462,0.007392,0.087113,0.905495,niche,2
11463,0.114987,0.173601,0.711412,niche,1
11464,0.012803,0.783853,0.203343,mainstream,1
11465,0.003324,0.940453,0.056223,mainstream,1
11466,0.084048,0.104662,0.811291,niche,1
11467,0.002958,0.03194,0.965102,niche,1
11468,0.004639,0.285797,0.709564,niche,1
11469,0.013551,0.952829,0.03362,mainstream,1
11470,0.000786,0.002281,0.996933,niche,1
11471,0.001647,0.970653,0.027701,mainstream,1
11472,0.001887,0.886514,0.1116,mainstream,1
11473,0.003796,0.036599,0.959605,niche,1
11474,0.001109,0.139221,0.85967,niche,1
11475,4.5e-05,0.005631,0.994325,niche,1
11476,0.002775,0.986422,0.010803,mainstream,1
11477,0.097767,0.03402,0.868213,niche,1
11478,0.03077,0.129938,0.839292,niche,1
11479,0.001569,0.898716,0.099716,mainstream,1
11480,0.000653,0.071459,0.927888,niche,1
11481,0.002278,0.643313,0.354409,mainstream,1
11482,0.000573,0.002392,0.997034,niche,1
11483,0.000988,0.243815,0.755197,niche,1
11484,0.001388,0.854779,0.143833,mainstream,1
11485,0.017613,0.607767,0.37462,mainstream,1
11486,0.045993,0.293437,0.66057,niche,1
11487,0.166266,0.340135,0.493599,niche,1
11488,0.001622,0.14654,0.851838,niche,1
11489,0.030096,0.896198,0.073706,mainstream,1
11490,0.07792,0.674065,0.248015,mainstream,2
11491,0.00512,0.796305,0.198575,mainstream,1
11492,0.002417,0.256824,0.740759,niche,1
11493,0.00514,0.083986,0.910874,niche,1
11494,0.99331,0.005734,0.000956,pop,1
11495,0.01328,0.844015,0.142705,mainstream,1
11496,6.4e-05,0.012173,0.987762,niche,1
11497,0.017004,0.036083,0.946913,niche,1
11498,0.002645,0.050161,0.947194,niche,1
11499,0.027738,0.631147,0.341115,mainstream,1
11500,0.137431,0.675432,0.187138,mainstream,1
11501,0.010972,0.016805,0.972223,niche,1
11502,0.004217,0.936872,0.058911,mainstream,1
11503,0.003205,0.809871,0.186924,mainstream,1
11504,0.03,0.266681,0.703319,niche,1
11505,0.009495,0.921097,0.069408,mainstream,1
11506,0.011564,0.533498,0.454938,mainstream,1
11507,0.001888,0.904959,0.093153,mainstream,1
11508,0.001124,0.04077,0.958107,niche,1
11509,0.007542,0.575488,0.41697,mainstream,1
11510,0.008936,0.169217,0.821847,niche,1
11511,0.000927,0.591308,0.407766,mainstream,1
11512,0.011,0.454091,0.534909,niche,1
11513,0.023547,0.691738,0.284715,mainstream,1
11514,0.000176,0.00381,0.996015,niche,2
11515,0.000106,0.009829,0.990065,niche,1
11516,0.006875,0.064404,0.928721,niche,1
11517,0.00067,0.103275,0.896055,niche,1
11518,0.0085,0.029848,0.961652,niche,1
11519,0.001026,0.267873,0.731102,niche,1
11520,0.030367,0.760838,0.208795,mainstream,1
11521,9.4e-05,0.077492,0.922413,niche,1
11522,0.000123,0.022071,0.977806,niche,1
11523,0.023672,0.311748,0.66458,niche,2
11524,0.00101,0.099479,0.89951,niche,1
11525,0.005156,0.022914,0.97193,niche,1
11526,0.63415,0.27812,0.08773,pop,1
11527,0.002391,0.266228,0.731381,niche,1
11528,0.004455,0.509871,0.485674,mainstream,1
11529,0.00054,0.932044,0.067416,mainstream,1
11530,0.000157,0.004643,0.995201,niche,2
11531,0.00129,0.161522,0.837188,niche,1
11532,0.000321,0.016988,0.982691,niche,1
11533,0.013928,0.956101,0.02997,mainstream,1
11534,0.010706,0.920677,0.068617,mainstream,1
11535,0.000238,0.027497,0.972265,niche,2
11536,0.080572,0.726238,0.19319,mainstream,1
11537,0.00589,0.204906,0.789204,niche,1
11538,0.942557,0.052072,0.005371,pop,1
11539,0.111523,0.102402,0.786074,niche,1
11540,0.043082,0.122198,0.83472,niche,1
11541,0.030967,0.88494,0.084093,mainstream,1
11542,0.001178,0.855339,0.143483,mainstream,1
11543,0.0019,0.954387,0.043713,mainstream,1
11544,0.098553,0.243579,0.657868,niche,1
11545,0.00542,0.965128,0.029452,mainstream,2
11546,0.006266,0.792679,0.201055,mainstream,1
11547,0.003765,0.199696,0.796538,niche,1
11548,0.002112,0.068959,0.928929,niche,1
11549,0.042623,0.49527,0.462107,mainstream,1
11550,0.732872,0.17584,0.091288,pop,1
11551,0.361448,0.368877,0.269675,mainstream,1
11552,0.801951,0.150149,0.047901,pop,1
11553,0.065617,0.122148,0.812235,niche,1
11554,0.307773,0.349882,0.342345,mainstream,1
11555,0.078393,0.102954,0.818653,niche,1
11556,0.002482,0.833197,0.164321,mainstream,1
11557,0.001262,0.977878,0.020861,mainstream,1
11558,0.001093,0.974594,0.024313,mainstream,1
11559,0.896312,0.056217,0.04747,pop,1
11560,0.00135,0.140616,0.858034,niche,2
11561,0.042956,0.335101,0.621943,niche,1
11562,0.000467,0.22817,0.771363,niche,1
11563,0.010486,0.937396,0.052118,mainstream,1
11564,0.001066,0.025108,0.973826,niche,1
11565,0.005537,0.817301,0.177162,mainstream,1
11566,0.04436,0.134014,0.821626,niche,1
11567,0.085921,0.750019,0.164059,mainstream,1
11568,0.005823,0.982722,0.011455,mainstream,1
11569,0.009092,0.906012,0.084896,mainstream,1
11570,0.02829,0.567934,0.403776,mainstream,1
11571,0.155465,0.395624,0.448911,niche,1
11572,0.07354,0.405575,0.520885,niche,1
11573,0.000104,0.019898,0.979998,niche,1
11574,0.014261,0.674451,0.311288,mainstream,1
11575,0.000815,0.851956,0.147228,mainstream,1
11576,0.108258,0.691422,0.20032,mainstream,1
11577,0.045105,0.668109,0.286786,mainstream,1
11578,0.04659,0.621218,0.332192,mainstream,1
11579,0.000291,0.023185,0.976524,niche,1
11580,0.000451,0.01126,0.988289,niche,1
11581,0.004058,0.014921,0.981022,niche,1
11582,0.0188,0.908736,0.072464,mainstream,1
11583,0.006623,0.838137,0.15524,mainstream,1
11584,0.061302,0.151359,0.787339,niche,1
11585,0.002297,0.002943,0.994761,niche,1
11586,0.007658,0.081795,0.910548,niche,2
11587,0.002351,0.652861,0.344788,mainstream,1
11588,0.003985,0.953816,0.042199,mainstream,1
11589,0.004036,0.279896,0.716068,niche,1
11590,0.002398,0.590331,0.40727,mainstream,1
11591,0.077274,0.226899,0.695826,niche,1
11592,0.000621,0.014583,0.984797,niche,1
11593,0.008517,0.260284,0.731199,niche,1
11594,0.003488,0.002819,0.993694,niche,1
11595,0.002188,0.056814,0.940998,niche,1
11596,0.000125,0.000197,0.999678,niche,1
11597,0.025338,0.575919,0.398743,mainstream,1
11598,0.01096,0.326959,0.662081,niche,1
11599,0.001607,0.004683,0.99371,niche,1
11600,0.001158,0.20469,0.794152,niche,1
11601,0.01947,0.839434,0.141096,mainstream,1
11602,0.020308,0.273126,0.706566,niche,2
11603,0.997646,0.001912,0.000442,pop,1
11604,0.002812,0.001156,0.996032,niche,1
11605,0.013153,0.848546,0.138301,mainstream,1
11606,0.012519,0.899103,0.088378,mainstream,1
11607,0.000245,0.036815,0.96294,niche,1
11608,0.001041,0.01716,0.981799,niche,1
11609,0.000677,0.107712,0.891611,niche,1
11610,0.004953,0.097067,0.89798,niche,1
11611,0.224418,0.049365,0.726217,niche,1
11612,0.002381,0.375293,0.622327,niche,1
11613,0.001489,0.020491,0.97802,niche,2
11614,0.033443,0.03057,0.935987,niche,1
11615,0.000152,0.018377,0.98147,niche,1
11616,0.004448,0.047754,0.947798,niche,1
11617,0.002235,0.487639,0.510126,niche,1
11618,0.004161,0.614647,0.381192,mainstream,1
11619,0.018043,0.661393,0.320564,mainstream,1
11620,0.000101,0.001505,0.998394,niche,1
11621,0.004313,0.251744,0.743942,niche,1
11622,0.990825,0.008773,0.000401,pop,1
11623,0.009314,0.903135,0.087551,mainstream,1
11624,0.000942,0.048122,0.950935,niche,1
11625,0.000953,0.973155,0.025892,mainstream,1
11626,0.004095,0.025713,0.970192,niche,1
11627,0.023667,0.859344,0.116988,mainstream,2
11628,0.124181,0.727973,0.147846,mainstream,1
11629,0.00608,0.15453,0.839389,niche,1
11630,0.003198,0.156486,0.840316,niche,1
11631,0.922279,0.06856,0.009161,pop,1
11632,0.043724,0.219667,0.736609,niche,2
11633,0.05001,0.105813,0.844177,niche,1
11634,0.037233,0.650422,0.312344,mainstream,1
11635,0.000226,0.008856,0.990918,niche,1
11636,0.000868,0.012224,0.986909,niche,1
11637,0.866078,0.124739,0.009184,pop,1
11638,0.003787,0.608756,0.387457,mainstream,1
11639,0.921376,0.052065,0.026559,pop,1
11640,0.00022,0.006628,0.993152,niche,1
11641,0.073985,0.046806,0.879208,niche,1
11642,0.018354,0.344063,0.637583,niche,1
11643,0.002134,0.924202,0.073664,mainstream,2
11644,0.001199,0.469527,0.529275,niche,1
11645,0.068831,0.121138,0.810031,niche,1
11646,0.190764,0.204512,0.604724,niche,1
11647,7.5e-05,0.002085,0.99784,niche,1
11648,0.437564,0.432806,0.129629,pop,1
11649,0.020076,0.913628,0.066296,mainstream,1
11650,0.000448,0.96806,0.031493,mainstream,1
11651,0.003017,0.021673,0.97531,niche,1
11652,0.010151,0.36561,0.624239,niche,1
11653,0.012636,0.794016,0.193349,mainstream,1
11654,0.00033,0.030919,0.968751,niche,1
11655,0.001457,0.906409,0.092134,mainstream,1
11656,0.004041,0.522369,0.47359,mainstream,1
11657,0.000224,0.001514,0.998262,niche,1
11658,0.000862,0.020487,0.978651,niche,1
11659,0.044987,0.413395,0.541618,niche,1
11660,0.020375,0.863193,0.116432,mainstream,1
11661,0.003714,0.314641,0.681645,niche,1
11662,0.000599,0.09494,0.904461,niche,1
11663,0.044969,0.357631,0.5974,niche,1
11664,0.005843,0.953244,0.040913,mainstream,1
11665,0.359689,0.423117,0.217195,mainstream,1
11666,9.5e-05,0.012702,0.987204,niche,1
11667,0.003822,0.964492,0.031686,mainstream,1
11668,0.008568,0.656519,0.334913,mainstream,1
11669,0.000389,0.031808,0.967803,niche,1
11670,0.025078,0.934588,0.040334,mainstream,1
11671,0.000794,0.531632,0.467574,mainstream,1
11672,0.034181,0.848815,0.117005,mainstream,1
11673,0.008275,0.114815,0.876911,niche,1
11674,0.391845,0.284263,0.323891,pop,1
11675,0.001805,0.133986,0.864209,niche,1
11676,0.01737,0.947335,0.035295,mainstream,1
11677,0.003486,0.103904,0.89261,niche,1
11678,0.019412,0.576954,0.403634,mainstream,1
11679,0.001181,0.331355,0.667464,niche,1
11680,0.965114,0.026303,0.008582,pop,1
11681,0.001901,0.110987,0.887112,niche,1
11682,0.008939,0.051955,0.939106,niche,1
11683,0.000265,0.040332,0.959403,niche,1
11684,0.022646,0.43352,0.543834,niche,1
11685,0.001078,0.193698,0.805224,niche,1
11686,0.003504,0.114826,0.88167,niche,1
11687,0.027978,0.008954,0.963068,niche,1
11688,0.000315,0.033806,0.965879,niche,1
11689,0.013882,0.044923,0.941196,niche,1
11690,0.010548,0.870759,0.118693,mainstream,1
11691,0.006087,0.034647,0.959266,niche,1
11692,0.01292,0.959318,0.027762,mainstream,1
11693,0.012185,0.225464,0.762352,niche,1
11694,0.002279,0.952409,0.045312,mainstream,2
11695,0.000125,0.043103,0.956772,niche,1
11696,0.122023,0.826332,0.051645,mainstream,1
11697,5.9e-05,0.004325,0.995616,niche,1
11698,0.040062,0.72952,0.230418,mainstream,1
11699,0.075324,0.545403,0.379273,mainstream,1
11700,0.000906,0.012979,0.986115,niche,1
11701,0.038285,0.161252,0.800464,niche,1
11702,0.047668,0.94065,0.011682,mainstream,1
11703,0.027131,0.827187,0.145682,mainstream,1
11704,0.021673,0.502509,0.475819,mainstream,1
11705,0.174478,0.391448,0.434074,niche,1
11706,0.000201,0.007794,0.992005,niche,1
11707,0.009776,0.023659,0.966566,niche,1
11708,0.001078,0.976395,0.022527,mainstream,1
11709,0.00307,0.986133,0.010797,mainstream,1
11710,0.015242,0.932729,0.052029,mainstream,1
11711,0.016912,0.053665,0.929423,niche,1
11712,0.002802,0.855996,0.141202,mainstream,1
11713,0.004974,0.749329,0.245697,mainstream,1
11714,0.005968,0.983426,0.010606,mainstream,1
11715,0.993559,0.005799,0.000641,pop,1
11716,0.025712,0.951137,0.023151,mainstream,1
11717,0.110358,0.043583,0.846059,niche,1
11718,0.005527,0.088936,0.905537,niche,1
11719,0.014993,0.543146,0.441862,mainstream,1
11720,0.014765,0.576391,0.408844,mainstream,1
11721,0.008178,0.403551,0.588271,niche,1
11722,0.973874,0.013541,0.012585,pop,1
11723,0.016564,0.484824,0.498612,niche,1
11724,0.001375,0.01539,0.983235,niche,1
11725,0.007362,0.080484,0.912155,niche,1
11726,0.003286,0.34198,0.654735,niche,1
11727,0.00626,0.756007,0.237733,mainstream,1
11728,0.003561,0.947459,0.04898,mainstream,1
11729,0.014669,0.672666,0.312665,mainstream,1
11730,0.003763,0.050453,0.945784,niche,1
11731,0.004861,0.952822,0.042317,mainstream,1
11732,8e-05,0.003178,0.996742,niche,1
11733,0.001284,0.929058,0.069658,mainstream,1
11734,0.003118,0.411418,0.585464,niche,1
11735,0.00116,0.732409,0.266431,mainstream,1
11736,0.000447,0.018227,0.981326,niche,1
11737,0.007561,0.129723,0.862716,niche,1
11738,0.001439,0.627362,0.371199,mainstream,1
11739,0.000144,0.000597,0.999259,niche,1
11740,0.159394,0.711761,0.128844,mainstream,1
11741,0.018859,0.962189,0.018952,mainstream,1
11742,0.119503,0.45421,0.426287,mainstream,1
11743,0.042313,0.271791,0.685897,niche,1
11744,0.010257,0.102585,0.887158,niche,1
11745,0.179477,0.450358,0.370165,mainstream,1
11746,0.009448,0.071231,0.91932,niche,1
11747,5.5e-05,0.007304,0.99264,niche,1
11748,0.007313,0.028325,0.964362,niche,1
11749,0.005356,0.100526,0.894119,niche,1
11750,0.038958,0.142609,0.818433,niche,1
11751,0.002644,0.984358,0.012998,mainstream,1
11752,0.000197,0.167397,0.832406,niche,1
11753,0.002048,0.947136,0.050817,mainstream,1
11754,0.017309,0.045723,0.936968,niche,1
11755,0.037244,0.284147,0.678609,niche,1
11756,0.004705,0.10327,0.892025,niche,1
11757,0.001895,0.016958,0.981147,niche,1
11758,0.003549,0.232039,0.764412,niche,1
11759,0.005833,0.120152,0.874015,niche,1
11760,0.007603,0.945436,0.046961,mainstream,1
11761,0.004604,0.221291,0.774105,niche,1
11762,0.026243,0.941077,0.032679,mainstream,1
11763,0.000215,0.046389,0.953395,niche,1
11764,0.003288,0.395916,0.600796,niche,1
11765,0.000119,0.001022,0.998859,niche,1
11766,0.003616,0.235665,0.760719,niche,1
11767,0.101156,0.661318,0.237526,mainstream,1
11768,0.018694,0.860642,0.120663,mainstream,1
11769,0.000448,0.013477,0.986075,niche,1
11770,0.033883,0.955272,0.010845,mainstream,2
11771,0.841791,0.125165,0.033044,pop,1
11772,0.001412,0.231774,0.766814,niche,1
11773,0.001553,0.876169,0.122278,mainstream,1
11774,0.003583,0.336909,0.659508,niche,1
11775,0.010857,0.036472,0.952671,niche,1
11776,0.035339,0.723202,0.241459,mainstream,1
11777,0.240336,0.734087,0.025577,mainstream,1
11778,0.038366,0.108178,0.853455,niche,1
11779,0.013952,0.50985,0.476198,mainstream,1
11780,0.002964,0.4527,0.544336,niche,1
11781,0.000117,0.008562,0.991321,niche,1
11782,0.130158,0.215661,0.654182,niche,1
11783,0.00501,0.991974,0.003017,mainstream,1
11784,0.000107,0.079391,0.920502,niche,1
11785,0.368077,0.180745,0.451179,niche,1
11786,0.051397,0.07596,0.872643,niche,1
11787,0.100052,0.570986,0.328961,mainstream,1
11788,0.988868,0.01018,0.000952,pop,1
11789,0.080981,0.082775,0.836244,niche,1
11790,0.028337,0.559362,0.412301,mainstream,1
11791,0.001094,0.063231,0.935675,niche,1
11792,0.015181,0.107126,0.877692,niche,1
11793,0.996318,0.002832,0.00085,pop,1
11794,0.975573,0.019122,0.005304,pop,1
11795,0.003521,0.020162,0.976318,niche,1
11796,0.036434,0.432646,0.53092,niche,1
11797,0.019867,0.492449,0.487684,mainstream,1
11798,0.018049,0.967987,0.013964,mainstream,1
11799,0.0007,0.277263,0.722038,niche,1
11800,0.006177,0.159324,0.8345,niche,1
11801,0.000708,0.004555,0.994737,niche,1
11802,0.000762,0.890496,0.108741,mainstream,1
11803,0.947332,0.040611,0.012058,pop,1
11804,0.001685,0.266871,0.731444,niche,1
11805,0.003582,0.903141,0.093277,mainstream,1
11806,0.018372,0.699398,0.28223,mainstream,1
11807,0.001358,0.977262,0.02138,mainstream,1
11808,0.405124,0.260676,0.334199,pop,1
11809,0.00266,0.946943,0.050397,mainstream,1
11810,0.974155,0.019451,0.006394,pop,1
11811,0.001771,0.851259,0.14697,mainstream,1
11812,0.005335,0.013173,0.981492,niche,1
11813,0.012729,0.387049,0.600222,niche,1
11814,0.018599,0.271953,0.709448,niche,1
11815,0.004387,0.354726,0.640887,niche,1
11816,0.008646,0.527601,0.463753,mainstream,1
11817,0.354445,0.314344,0.331211,pop,1
11818,0.009889,0.026849,0.963262,niche,1
11819,0.242127,0.680568,0.077304,mainstream,1
11820,0.002048,0.347455,0.650496,niche,1
11821,0.000943,0.980691,0.018366,mainstream,1
11822,0.064669,0.513408,0.421922,mainstream,1
11823,9e-06,0.004184,0.995808,niche,1
11824,0.022782,0.714945,0.262272,mainstream,1
11825,0.000463,0.003265,0.996271,niche,1
11826,0.045163,0.607726,0.347111,mainstream,1
11827,0.050278,0.168507,0.781215,niche,1
11828,0.001317,0.930208,0.068474,mainstream,1
11829,0.006987,0.270074,0.722939,niche,1
11830,0.001915,0.701052,0.297032,mainstream,1
11831,0.028478,0.635451,0.336072,mainstream,1
11832,0.173051,0.13938,0.687569,niche,1
11833,0.003214,0.05555,0.941236,niche,1
11834,0.000716,0.258321,0.740963,niche,1
11835,0.020942,0.02001,0.959048,niche,1
11836,0.001132,0.081731,0.917138,niche,1
11837,0.002577,0.98566,0.011763,mainstream,1
11838,0.040384,0.025408,0.934207,niche,1
11839,0.896086,0.071243,0.032672,pop,1
11840,0.339148,0.24989,0.410963,niche,1
11841,0.000289,0.011034,0.988677,niche,1
11842,0.001332,0.776755,0.221913,mainstream,1
11843,0.002854,0.941645,0.055501,mainstream,1
11844,0.043901,0.293084,0.663015,niche,1
11845,0.001334,0.559561,0.439106,mainstream,1
11846,0.000416,0.02548,0.974104,niche,1
11847,0.077485,0.904011,0.018504,mainstream,1
11848,0.000837,0.032522,0.966641,niche,1
11849,0.022107,0.401988,0.575905,niche,1
11850,0.000417,0.218165,0.781418,niche,1
11851,0.000273,0.229079,0.770649,niche,1
11852,0.485358,0.239634,0.275008,pop,1
11853,0.000427,0.025705,0.973868,niche,1
11854,0.000443,0.001673,0.997884,niche,1
11855,0.114381,0.130351,0.755269,niche,1
11856,0.004169,0.084583,0.911248,niche,1
11857,0.005227,0.040595,0.954178,niche,1
11858,0.073404,0.686787,0.239809,mainstream,1
11859,0.003694,0.220374,0.775932,niche,1
11860,0.011225,0.333008,0.655768,niche,1
11861,0.015952,0.218465,0.765583,niche,1
11862,0.927198,0.062632,0.01017,pop,1
11863,0.002212,0.229666,0.768122,niche,1
11864,0.099403,0.734907,0.16569,mainstream,1
11865,0.002312,0.137861,0.859827,niche,1
11866,4.8e-05,0.003115,0.996837,niche,1
11867,0.000125,0.037002,0.962873,niche,1
11868,0.00605,0.676649,0.317301,mainstream,1
11869,0.006919,0.644229,0.348852,mainstream,1
11870,0.000856,0.986542,0.012603,mainstream,1
11871,0.008929,0.791979,0.199093,mainstream,1
11872,0.004568,0.322252,0.673181,niche,1
11873,0.008583,0.101277,0.89014,niche,1
11874,0.007578,0.339981,0.652441,niche,1
11875,0.010909,0.972784,0.016307,mainstream,1
11876,0.000672,0.258892,0.740436,niche,1
11877,0.010902,0.419002,0.570096,niche,1
11878,0.16272,0.108463,0.728817,niche,1
11879,0.207587,0.323943,0.46847,niche,1
11880,0.000131,0.004524,0.995346,niche,1
11881,3.2e-05,0.003237,0.996731,niche,1
11882,0.044496,0.901721,0.053782,mainstream,1
11883,0.02296,0.077819,0.899221,niche,1
11884,0.001672,0.034036,0.964292,niche,1
11885,0.015179,0.010559,0.974261,niche,1
11886,0.007617,0.03661,0.955773,niche,1
11887,0.002009,0.986665,0.011327,mainstream,1
11888,0.002804,0.458521,0.538675,niche,1
11889,0.00215,0.867328,0.130523,mainstream,1
11890,0.994075,0.005417,0.000508,pop,1
11891,0.004778,0.055208,0.940014,niche,1
11892,0.018,0.218985,0.763015,niche,1
11893,0.004906,0.249516,0.745578,niche,1
11894,0.004933,0.921868,0.073199,mainstream,1
11895,0.00166,0.982744,0.015596,mainstream,1
11896,0.015185,0.804644,0.180171,mainstream,1
11897,0.0043,0.380837,0.614863,niche,1
11898,0.78767,0.003416,0.208914,pop,1
11899,0.033928,0.613476,0.352596,mainstream,1
11900,0.012867,0.015748,0.971385,niche,1
11901,0.00048,0.056378,0.943142,niche,1
11902,0.008238,0.039792,0.95197,niche,1
11903,0.005966,0.105674,0.88836,niche,1
11904,0.003035,0.056454,0.940511,niche,1
11905,0.000293,9.2e-05,0.999615,niche,1
11906,0.009543,0.067324,0.923133,niche,1
11907,0.000896,0.00182,0.997284,niche,1
11908,0.000843,0.003206,0.99595,niche,1
11909,0.009133,0.831222,0.159645,mainstream,1
11910,0.004022,0.011513,0.984464,niche,1
11911,0.002481,0.002116,0.995402,niche,1
11912,0.02861,0.364667,0.606722,niche,1
11913,0.008002,0.036488,0.955509,niche,1
11914,0.000259,0.000417,0.999324,niche,1
11915,2.8e-05,0.001176,0.998795,niche,1
11916,0.005739,0.633099,0.361163,mainstream,1
11917,0.960871,0.001915,0.037214,pop,1
11918,0.000281,0.00141,0.998309,niche,1
11919,5e-06,0.000194,0.999801,niche,1
11920,0.027784,0.028561,0.943655,niche,1
11921,0.004094,0.007106,0.988801,niche,1
11922,0.000164,0.001123,0.998713,niche,1
11923,3.9e-05,0.003443,0.996518,niche,1
11924,0.001507,0.008148,0.990346,niche,1
11925,3.9e-05,6.2e-05,0.999899,niche,1
11926,0.000179,0.000146,0.999675,niche,1
11927,0.000485,0.004487,0.995028,niche,1
11928,0.000576,0.003828,0.995597,niche,1
11929,0.005615,0.01709,0.977295,niche,1
11930,0.009089,0.008729,0.982182,niche,1
11931,1.1e-05,0.000408,0.999581,niche,1
11932,0.000358,0.001121,0.998521,niche,1
11933,0.008685,0.004179,0.987136,niche,1
11934,0.007997,0.119565,0.872438,niche,1
11935,0.000715,0.016437,0.982847,niche,1
11936,0.008832,0.061209,0.929959,niche,1
11937,1.5e-05,8.9e-05,0.999895,niche,1
11938,0.002321,0.021118,0.976561,niche,1
11939,0.002495,0.023504,0.974001,niche,1
11940,0.067759,0.714319,0.217921,mainstream,1
11941,0.000694,0.005742,0.993565,niche,1
11942,0.016578,0.039296,0.944126,niche,1
11943,0.001883,0.030309,0.967808,niche,1
11944,8.5e-05,0.000205,0.99971,niche,1
11945,0.000707,0.012354,0.986939,niche,1
11946,0.002504,0.004452,0.993044,niche,1
11947,1.4e-05,4.5e-05,0.999941,niche,1
11948,3e-05,0.000138,0.999831,niche,1
11949,6.1e-05,0.000213,0.999725,niche,1
11950,0.000265,0.000792,0.998942,niche,1
11951,0.000279,0.001604,0.998117,niche,1
11952,0.054294,0.051262,0.894444,niche,1
11953,0.00095,0.006871,0.99218,niche,1
11954,0.000159,0.000137,0.999704,niche,1
11955,0.003891,0.014349,0.981759,niche,1
11956,0.2053,0.045538,0.749162,niche,1
11957,0.003354,0.076872,0.919774,niche,1
11958,0.000905,0.00538,0.993715,niche,1
11959,0.001196,0.10137,0.897434,niche,1
11960,0.007457,0.758895,0.233648,mainstream,1
11961,7.3e-05,0.005758,0.994169,niche,1
11962,0.020203,0.091081,0.888716,niche,1
11963,2.1e-05,0.000344,0.999635,niche,1
11964,0.000166,0.024487,0.975347,niche,1
11965,0.000286,0.000454,0.99926,niche,1
11966,7.8e-05,0.003189,0.996734,niche,1
11967,0.000332,0.003346,0.996322,niche,1
11968,0.000126,0.001289,0.998585,niche,1
11969,0.000209,0.000559,0.999232,niche,1
11970,0.0008,0.000688,0.998512,niche,1
11971,8e-05,0.000109,0.999811,niche,1
11972,0.024273,0.538811,0.436915,mainstream,1
11973,0.007792,0.247905,0.744303,niche,1
11974,0.007058,0.038609,0.954333,niche,1
11975,0.142405,0.1998,0.657795,niche,1
11976,0.000497,7.7e-05,0.999426,niche,1
11977,5.6e-05,0.001673,0.998272,niche,1
11978,0.000244,0.000618,0.999138,niche,1
11979,0.000149,0.000744,0.999106,niche,1
11980,0.001242,0.020724,0.978034,niche,1
11981,0.001312,0.003081,0.995607,niche,1
11982,0.002515,0.003434,0.994051,niche,1
11983,0.0005,0.033795,0.965705,niche,1
11984,3.7e-05,0.000177,0.999786,niche,1
11985,0.000907,0.004007,0.995086,niche,1
11986,0.000212,0.000875,0.998914,niche,1
11987,0.000245,0.000555,0.999199,niche,1
11988,0.001391,0.000381,0.998228,niche,1
11989,0.003029,0.00028,0.996691,niche,1
11990,0.01661,0.561105,0.422285,mainstream,1
11991,0.000732,0.014693,0.984574,niche,1
11992,0.012105,0.145123,0.842772,niche,1
11993,0.000293,0.001214,0.998492,niche,1
11994,0.18542,0.120706,0.693874,niche,1
11995,0.005337,0.013107,0.981556,niche,1
11996,0.053269,0.580744,0.365987,mainstream,1
11997,0.030459,0.027673,0.941869,niche,1
11998,0.000125,0.00207,0.997805,niche,1
11999,0.000113,0.000416,0.999471,niche,1
12000,0.004356,0.001257,0.994387,niche,1
12001,0.000415,0.005091,0.994494,niche,1
12002,0.966236,0.001344,0.032419,pop,1
12003,0.003815,0.004146,0.992038,niche,1
12004,0.018861,0.049086,0.932053,niche,1
12005,0.555628,0.12276,0.321612,pop,1
12006,0.000143,0.008612,0.991245,niche,1
12007,0.367446,0.241089,0.391464,niche,1
12008,0.063482,0.164899,0.771619,niche,1
12009,0.001658,0.017998,0.980344,niche,1
12010,0.064256,0.538537,0.397207,mainstream,1
12011,0.047879,0.012208,0.939913,niche,1
12012,0.000386,0.003404,0.99621,niche,1
12013,1.9e-05,0.000427,0.999554,niche,1
12014,0.002664,0.000331,0.997006,niche,1
12015,0.000464,0.001828,0.997708,niche,1
12016,0.000508,0.002709,0.996783,niche,1
12017,9.8e-05,0.000182,0.99972,niche,1
12018,0.000374,0.002734,0.996892,niche,1
12019,0.058026,0.113036,0.828938,niche,1
12020,0.001775,0.015608,0.982617,niche,1
12021,1.9e-05,0.000191,0.99979,niche,1
12022,0.003902,0.015952,0.980145,niche,1
12023,0.001025,0.00105,0.997925,niche,1
12024,0.000703,0.015591,0.983706,niche,1
12025,0.026563,0.760208,0.213229,mainstream,1
12026,0.000124,0.004529,0.995346,niche,1
12027,0.00262,0.025443,0.971937,niche,1
12028,0.113711,0.028547,0.857742,niche,1
12029,0.000847,0.001408,0.997746,niche,1
12030,0.003271,0.098081,0.898648,niche,1
12031,6.4e-05,0.007166,0.99277,niche,1
12032,0.110552,0.491521,0.397927,mainstream,1
12033,0.002838,0.09143,0.905732,niche,1
12034,0.000502,0.009055,0.990442,niche,1
12035,0.002829,0.049488,0.947683,niche,1
12036,0.003961,0.002168,0.99387,niche,1
12037,0.073047,0.031692,0.895262,niche,1
12038,0.000346,0.006951,0.992703,niche,1
12039,0.004782,0.159619,0.835599,niche,1
12040,0.886438,0.090692,0.022869,pop,1
12041,0.003593,0.017565,0.978842,niche,1
12042,0.241789,0.164019,0.594191,niche,1
12043,0.187376,0.041994,0.770631,niche,1
12044,3e-06,0.000155,0.999842,niche,1
12045,0.202585,0.638992,0.158424,mainstream,1
12046,4.5e-05,0.000857,0.999099,niche,1
12047,0.000664,0.000865,0.998472,niche,1
12048,0.000202,0.010856,0.988942,niche,1
12049,0.003954,0.239705,0.756341,niche,1
12050,0.018697,0.081921,0.899382,niche,1
12051,0.000118,0.000263,0.999619,niche,1
12052,0.998728,0.000397,0.000876,pop,1
12053,0.020456,0.33302,0.646524,niche,1
12054,0.153834,0.09237,0.753796,niche,1
12055,0.032294,0.705847,0.261858,mainstream,1
12056,0.059476,0.021009,0.919515,niche,1
12057,0.000236,0.011113,0.988651,niche,1
12058,0.007239,0.011291,0.98147,niche,1
12059,0.011714,0.720152,0.268134,mainstream,1
12060,0.00163,0.010615,0.987755,niche,1
12061,0.277174,0.466184,0.256642,mainstream,1
12062,0.005338,0.855089,0.139572,mainstream,1
12063,0.000562,0.014532,0.984906,niche,1
12064,0.016527,0.11196,0.871513,niche,1
12065,0.021823,0.093316,0.88486,niche,1
12066,0.006872,0.210591,0.782537,niche,1
12067,0.002615,0.005933,0.991452,niche,1
12068,0.000362,0.009849,0.989788,niche,1
12069,0.008256,0.766644,0.2251,mainstream,1
12070,0.003047,0.312955,0.683998,niche,1
12071,0.007993,0.210859,0.781148,niche,1
12072,0.000303,0.016324,0.983373,niche,1
12073,0.000433,0.00023,0.999338,niche,1
12074,0.000309,0.003897,0.995794,niche,1
12075,0.008795,0.074468,0.916737,niche,1
12076,0.002893,0.054764,0.942343,niche,1
12077,0.017462,0.020593,0.961945,niche,1
12078,0.010489,0.759043,0.230468,mainstream,1
12079,0.004183,0.028165,0.967652,niche,1
12080,0.005894,0.032257,0.961848,niche,1
12081,0.038011,0.096841,0.865148,niche,1
12082,0.057154,0.034044,0.908802,niche,1
12083,0.01185,0.812101,0.17605,mainstream,1
12084,0.006618,0.041965,0.951417,niche,1
12085,0.026766,0.02296,0.950274,niche,1
12086,0.000406,0.007591,0.992003,niche,1
12087,0.028657,0.000955,0.970388,niche,1
12088,0.039384,0.276441,0.684175,niche,1
12089,0.092584,0.026997,0.880419,niche,1
12090,0.005793,0.033821,0.960386,niche,1
12091,0.033234,0.249808,0.716958,niche,1
12092,0.121169,0.275408,0.603422,niche,1
12093,0.000754,0.050016,0.949231,niche,1
12094,0.002086,0.013198,0.984716,niche,1
12095,0.018405,0.33457,0.647025,niche,1
12096,0.000271,0.004416,0.995314,niche,1
12097,0.000141,0.000216,0.999643,niche,1
12098,0.00759,0.006098,0.986312,niche,1
12099,0.000404,0.000495,0.999101,niche,1
12100,0.056788,0.265477,0.677735,niche,1
12101,0.001574,0.006685,0.991741,niche,1
12102,0.169211,0.657626,0.173163,mainstream,1
12103,0.094945,0.148645,0.756409,niche,1
12104,0.001951,0.060826,0.937223,niche,1
12105,0.182932,0.075201,0.741867,niche,1
12106,0.009105,0.466267,0.524628,niche,1
12107,0.004667,0.01096,0.984372,niche,1
12108,0.009196,0.049706,0.941097,niche,1
12109,0.000198,0.007201,0.992601,niche,1
12110,0.969449,0.00246,0.028091,pop,1
12111,0.005735,0.341886,0.652379,niche,1
12112,0.068584,0.081213,0.850203,niche,1
12113,0.000132,0.00023,0.999637,niche,1
12114,0.011375,0.050777,0.937847,niche,1
12115,0.000428,0.02034,0.979232,niche,1
12116,0.000541,0.004992,0.994466,niche,1
12117,0.001663,0.009286,0.989052,niche,1
12118,5e-06,0.000936,0.99906,niche,1
12119,4.6e-05,0.006295,0.993659,niche,1
12120,0.051414,0.120677,0.82791,niche,1
12121,0.000246,0.040306,0.959448,niche,1
12122,0.088066,0.002759,0.909175,niche,1
12123,0.011621,0.060836,0.927543,niche,1
12124,0.002651,0.000721,0.996628,niche,1
12125,0.029418,0.004595,0.965986,niche,1
12126,0.036784,0.064726,0.89849,niche,1
12127,0.000386,0.012983,0.986631,niche,1
12128,0.004896,0.004235,0.990869,niche,1
12129,0.019143,0.390155,0.590702,niche,1
12130,0.011405,0.012364,0.976231,niche,1
12131,0.000427,0.064951,0.934622,niche,1
12132,0.000398,0.004021,0.99558,niche,1
12133,0.000834,0.003657,0.995509,niche,1
12134,0.010773,0.042844,0.946383,niche,1
12135,0.007674,0.119267,0.873059,niche,1
12136,0.002666,0.009735,0.987599,niche,1
12137,0.023418,0.14458,0.832001,niche,1
12138,0.000282,0.022077,0.977641,niche,1
12139,0.00905,0.103199,0.887751,niche,1
12140,0.000172,0.059966,0.939861,niche,1
12141,0.094047,0.208112,0.697841,niche,1
12142,0.014952,0.416484,0.568563,niche,1
12143,0.008833,0.051511,0.939656,niche,1
12144,8.6e-05,0.001054,0.998861,niche,1
12145,0.005638,0.070963,0.923399,niche,1
12146,1.2e-05,9.8e-05,0.999889,niche,1
12147,0.002288,0.00647,0.991242,niche,1
12148,0.000139,0.01339,0.98647,niche,1
12149,0.006333,0.003772,0.989895,niche,1
12150,7.7e-05,0.00191,0.998012,niche,1
12151,0.017379,0.052198,0.930423,niche,1
12152,0.038975,0.705093,0.255932,mainstream,1
12153,0.001064,0.001268,0.997668,niche,1
12154,0.000716,0.045212,0.954072,niche,1
12155,0.994171,0.001567,0.004263,pop,1
12156,0.000103,0.000734,0.999163,niche,1
12157,0.000134,0.000523,0.999343,niche,1
12158,9.6e-05,6.2e-05,0.999842,niche,1
12159,0.000446,0.022571,0.976983,niche,1
12160,0.006975,0.85082,0.142205,mainstream,1
12161,0.003555,0.006952,0.989493,niche,1
12162,0.00036,0.064925,0.934715,niche,1
12163,0.011855,0.031635,0.956509,niche,1
12164,0.002735,0.121798,0.875467,niche,1
12165,0.000181,0.000381,0.999438,niche,1
12166,0.051689,0.020685,0.927626,niche,1
12167,2.4e-05,0.000107,0.999869,niche,1
12168,0.006613,0.002702,0.990685,niche,1
12169,0.187914,0.015376,0.79671,niche,1
12170,0.000434,0.058584,0.940982,niche,1
12171,0.000307,0.000831,0.998862,niche,1
12172,0.725116,0.014916,0.259968,pop,1
12173,6.8e-05,0.012499,0.987433,niche,1
12174,0.007524,0.538455,0.454021,mainstream,1
12175,7.4e-05,0.000515,0.999411,niche,1
12176,0.079661,0.046734,0.873605,niche,1
12177,0.156452,0.02314,0.820407,niche,1
12178,0.002157,0.003113,0.994729,niche,1
12179,0.105198,0.206084,0.688718,niche,1
12180,0.022011,0.241828,0.73616,niche,1
12181,0.084918,0.765673,0.14941,mainstream,1
12182,0.035698,0.095816,0.868486,niche,1
12183,0.001525,0.026698,0.971777,niche,1
12184,0.00067,0.051178,0.948152,niche,1
12185,0.003969,0.150807,0.845223,niche,1
12186,0.037677,0.035702,0.926621,niche,1
12187,0.001922,0.00208,0.995998,niche,1
12188,0.006125,0.614998,0.378877,mainstream,1
12189,0.123108,0.029779,0.847113,niche,1
12190,0.048884,0.123259,0.827856,niche,1
12191,0.001596,0.002681,0.995723,niche,1
12192,0.000677,0.000351,0.998971,niche,1
12193,0.777875,0.069886,0.152239,pop,1
12194,0.008837,0.02971,0.961453,niche,1
12195,8.6e-05,0.005082,0.994832,niche,1
12196,0.058288,0.016734,0.924978,niche,1
12197,0.015183,0.217916,0.766902,niche,1
12198,0.000718,0.004568,0.994714,niche,1
12199,0.023154,0.079263,0.897584,niche,1
12200,0.001183,0.002735,0.996081,niche,1
12201,0.009085,0.626038,0.364878,mainstream,1
12202,0.006038,0.476373,0.517589,niche,1
12203,0.006329,0.013796,0.979875,niche,1
12204,0.002388,0.070829,0.926782,niche,1
12205,0.027362,0.147845,0.824793,niche,1
12206,0.001661,0.015478,0.982861,niche,1
12207,0.965656,0.026295,0.008049,pop,1
12208,0.004038,0.062592,0.93337,niche,1
12209,0.023384,0.468247,0.508369,niche,1
12210,0.000278,0.000211,0.999512,niche,1
12211,0.017981,0.251826,0.730192,niche,1
12212,0.04694,0.016208,0.936851,niche,1
12213,0.012845,0.166305,0.82085,niche,1
12214,0.000129,0.000163,0.999708,niche,1
12215,0.003125,0.000721,0.996154,niche,1
12216,0.000988,0.080087,0.918925,niche,1
12217,0.001663,0.004383,0.993955,niche,1
12218,0.002843,0.00589,0.991267,niche,1
12219,0.006609,0.006712,0.986679,niche,1
12220,0.044983,0.006809,0.948209,niche,1
12221,0.000204,0.006859,0.992937,niche,1
12222,6.2e-05,0.01417,0.985768,niche,1
12223,0.001267,0.252574,0.746159,niche,1
12224,0.010417,0.220897,0.768686,niche,1
12225,0.01662,0.879442,0.103939,mainstream,1
12226,0.01251,0.025935,0.961555,niche,1
12227,0.00066,0.001715,0.997625,niche,1
12228,0.006827,0.039644,0.953529,niche,1
12229,0.008061,0.647884,0.344055,mainstream,1
12230,0.007874,0.030282,0.961844,niche,1
12231,0.002082,0.456896,0.541022,niche,1
12232,0.001917,0.039594,0.958489,niche,1
12233,0.001965,0.009634,0.9884,niche,1
12234,0.007502,0.082803,0.909696,niche,1
12235,0.000256,0.007112,0.992633,niche,1
12236,0.000635,0.000659,0.998706,niche,1
12237,0.000307,0.090573,0.90912,niche,1
12238,0.052895,0.02811,0.918995,niche,1
12239,0.000443,0.006995,0.992562,niche,1
12240,0.006512,0.231995,0.761493,niche,1
12241,0.001039,0.009038,0.989923,niche,1
12242,5.6e-05,0.000162,0.999782,niche,1
12243,0.00556,0.019418,0.975022,niche,1
12244,0.160387,0.044462,0.795151,niche,1
12245,0.011271,0.03591,0.952819,niche,1
12246,0.005127,0.005442,0.989431,niche,1
12247,0.000283,0.009754,0.989963,niche,1
12248,0.005489,0.11175,0.882761,niche,1
12249,0.011825,0.578216,0.409959,mainstream,1
12250,0.000111,0.002394,0.997495,niche,1
12251,0.000107,0.001759,0.998134,niche,1
12252,0.01811,0.022433,0.959458,niche,1
12253,5.6e-05,0.005877,0.994067,niche,1
12254,0.221601,0.017672,0.760726,niche,1
12255,0.042452,0.830025,0.127524,mainstream,1
12256,6.2e-05,0.000132,0.999806,niche,1
12257,0.052798,0.019333,0.927869,niche,1
12258,0.000896,0.019661,0.979443,niche,1
12259,0.001781,0.029795,0.968424,niche,1
12260,0.023025,0.002341,0.974634,niche,1
12261,0.006911,0.004082,0.989007,niche,1
12262,5.2e-05,0.000749,0.999199,niche,1
12263,0.018743,0.071535,0.909723,niche,1
12264,0.010075,0.00169,0.988235,niche,1
12265,0.004283,0.037038,0.958679,niche,1
12266,0.237343,0.465194,0.297463,mainstream,1
12267,0.000887,0.006934,0.992179,niche,1
12268,0.000146,0.004477,0.995377,niche,1
12269,0.163507,0.016933,0.81956,niche,1
12270,0.379983,0.078045,0.541972,niche,1
12271,0.112552,0.041067,0.84638,niche,1
12272,0.00484,0.397754,0.597406,niche,1
12273,0.01183,0.002614,0.985556,niche,1
12274,0.001007,0.02281,0.976183,niche,1
12275,0.006239,0.006085,0.987676,niche,1
12276,0.03362,0.446386,0.519994,niche,1
12277,0.000151,0.009711,0.990138,niche,1
12278,0.400515,0.004541,0.594944,niche,1
12279,0.002583,0.008464,0.988953,niche,1
12280,0.000219,0.009437,0.990344,niche,1
12281,0.00023,0.001042,0.998728,niche,1
12282,0.968225,0.002082,0.029693,pop,1
12283,0.207054,0.13124,0.661706,niche,1
12284,0.0001,0.004005,0.995895,niche,1
12285,0.000137,0.002847,0.997016,niche,1
12286,0.024764,0.0069,0.968336,niche,1
12287,0.000873,0.015587,0.98354,niche,1
12288,0.010812,0.020393,0.968796,niche,1
12289,0.006947,0.198324,0.794729,niche,1
12290,0.001245,0.003754,0.995,niche,1
12291,0.327859,0.057653,0.614488,niche,1
12292,0.014395,0.108745,0.87686,niche,1
12293,0.016443,0.4218,0.561757,niche,1
12294,0.005856,0.519391,0.474753,mainstream,1
12295,0.034988,0.045434,0.919578,niche,1
12296,9.1e-05,0.000621,0.999288,niche,1
12297,0.043414,0.567745,0.388841,mainstream,1
12298,0.02486,0.004523,0.970618,niche,1
12299,0.013607,0.075704,0.910688,niche,1
12300,0.000653,0.000949,0.998398,niche,1
12301,0.008186,0.181344,0.81047,niche,1
12302,6.1e-05,0.002337,0.997601,niche,1
12303,0.000173,0.007851,0.991976,niche,1
12304,0.003856,0.005196,0.990949,niche,1
12305,0.030885,0.141927,0.827188,niche,1
12306,0.00815,0.567778,0.424072,mainstream,1
12307,0.000456,0.020238,0.979306,niche,1
12308,0.334383,0.01372,0.651896,niche,1
12309,0.017022,0.639833,0.343145,mainstream,1
12310,0.012595,0.027263,0.960142,niche,1
12311,0.000849,0.019452,0.979699,niche,1
12312,0.009022,0.012496,0.978482,niche,1
12313,6.8e-05,0.001407,0.998525,niche,1
12314,0.014037,0.334623,0.65134,niche,1
12315,0.007602,0.001739,0.990659,niche,1
12316,0.044434,0.137304,0.818263,niche,1
12317,0.000161,0.000948,0.998891,niche,1
12318,0.446982,0.236912,0.316106,pop,1
12319,0.0052,0.015285,0.979516,niche,1
12320,0.00629,0.123508,0.870202,niche,1
12321,0.024354,0.496956,0.47869,mainstream,1
12322,0.011619,0.029603,0.958778,niche,1
12323,0.006201,0.157216,0.836583,niche,1
12324,0.091177,0.341421,0.567401,niche,1
12325,0.000697,0.00433,0.994974,niche,1
12326,0.280287,0.494354,0.225359,mainstream,1
12327,0.025654,0.001369,0.972976,niche,1
12328,0.300487,0.55126,0.148253,mainstream,1
12329,0.007652,0.023089,0.96926,niche,1
12330,0.030298,0.066054,0.903648,niche,1
12331,0.022819,0.024265,0.952916,niche,1
12332,0.002802,0.001824,0.995374,niche,1
12333,0.000318,0.05846,0.941223,niche,1
12334,0.023768,0.836017,0.140216,mainstream,1
12335,0.00351,0.004839,0.991651,niche,1
12336,0.336434,0.019804,0.643762,niche,1
12337,0.588877,0.197141,0.213982,pop,1
12338,0.00111,0.001481,0.997409,niche,1
12339,0.000372,0.001835,0.997793,niche,1
12340,0.030997,0.590264,0.378738,mainstream,1
12341,0.005722,0.187541,0.806736,niche,1
12342,0.000819,0.079918,0.919262,niche,1
12343,0.042246,0.360073,0.597681,niche,1
12344,0.020375,0.186298,0.793326,niche,1
12345,0.133767,0.025321,0.840912,niche,1
12346,0.063678,0.202248,0.734074,niche,1
12347,0.011422,0.033699,0.954879,niche,1
12348,0.000862,0.023609,0.975529,niche,1
12349,0.004374,0.000624,0.995002,niche,1
12350,0.000514,0.003274,0.996213,niche,1
12351,0.001455,0.045256,0.953289,niche,1
12352,0.000442,0.003152,0.996405,niche,1
12353,0.645722,0.073711,0.280568,pop,1
12354,0.01145,0.387156,0.601393,niche,1
12355,0.005116,0.602867,0.392017,mainstream,1
12356,0.006581,0.005985,0.987434,niche,1
12357,0.212647,0.125818,0.661535,niche,1
12358,0.000119,0.004182,0.9957,niche,1
12359,0.054645,0.009184,0.936171,niche,1
12360,0.001291,0.522337,0.476372,mainstream,1
12361,0.058784,0.069666,0.871551,niche,1
12362,0.032545,0.102309,0.865146,niche,1
12363,0.012696,0.073371,0.913933,niche,1
12364,0.040705,0.830827,0.128468,mainstream,1
12365,0.000474,0.032816,0.96671,niche,1
12366,0.002122,0.836933,0.160945,mainstream,1
12367,0.014569,0.723504,0.261927,mainstream,1
12368,0.005241,0.864294,0.130465,mainstream,1
12369,0.157416,0.040613,0.801971,niche,1
12370,0.033296,0.949026,0.017678,mainstream,1
12371,0.000751,0.901793,0.097456,mainstream,1
12372,9.4e-05,0.005184,0.994721,niche,1
12373,0.1026,0.67163,0.225769,mainstream,1
12374,0.519632,0.287951,0.192417,pop,1
12375,0.079512,0.110563,0.809925,niche,1
12376,0.082988,0.741607,0.175405,mainstream,1
12377,0.304672,0.058835,0.636493,niche,1
12378,0.050672,0.015113,0.934214,niche,1
12379,0.647533,0.214694,0.137773,pop,1
12380,0.002289,0.132617,0.865094,niche,1
12381,0.001096,0.071818,0.927087,niche,1
12382,0.085249,0.005738,0.909013,niche,1
12383,0.000664,0.000791,0.998545,niche,1
12384,0.051726,0.180838,0.767436,niche,1
12385,0.017635,0.768023,0.214342,mainstream,1
12386,0.004283,0.965008,0.030709,mainstream,1
12387,0.005689,0.898027,0.096285,mainstream,1
12388,0.002912,0.015173,0.981915,niche,1
12389,0.029143,0.60618,0.364677,mainstream,1
12390,0.015695,0.367924,0.616381,niche,1
12391,0.059296,0.884172,0.056532,mainstream,1
12392,0.887396,0.039793,0.072812,pop,1
12393,0.373076,0.508646,0.118277,mainstream,1
12394,0.000683,0.039195,0.960122,niche,1
12395,0.000193,0.00692,0.992887,niche,1
12396,0.006948,0.053783,0.93927,niche,1
12397,0.01597,0.051965,0.932065,niche,1
12398,0.001244,0.372207,0.626549,niche,1
12399,0.000325,0.544908,0.454767,mainstream,1
12400,0.1396,0.25348,0.60692,niche,1
12401,0.7073,0.201398,0.091302,pop,1
12402,0.002374,0.758041,0.239584,mainstream,1
12403,0.011345,0.110244,0.878411,niche,1
12404,0.009466,0.767626,0.222908,mainstream,1
12405,0.004803,0.584458,0.410739,mainstream,1
12406,0.096199,0.169197,0.734604,niche,1
12407,0.008393,0.375134,0.616473,niche,1
12408,0.021627,0.123591,0.854782,niche,1
12409,0.17229,0.063717,0.763993,niche,1
12410,0.007808,0.118118,0.874074,niche,1
12411,0.05899,0.618808,0.322202,mainstream,1
12412,0.00302,0.063062,0.933918,niche,1
12413,0.059886,0.012372,0.927742,niche,1
12414,0.957371,0.015791,0.026838,pop,1
12415,0.048871,0.203149,0.74798,niche,1
12416,0.005422,0.957794,0.036784,mainstream,1
12417,0.001903,0.032605,0.965492,niche,1
12418,0.006702,0.355082,0.638216,niche,1
12419,0.003982,0.222061,0.773957,niche,1
12420,0.041217,0.580307,0.378476,mainstream,1
12421,0.007643,0.796693,0.195664,mainstream,1
12422,0.043173,0.463522,0.493304,niche,1
12423,0.041738,0.02022,0.938042,niche,1
12424,0.16329,0.026017,0.810693,niche,1
12425,0.001281,0.021605,0.977114,niche,1
12426,0.001758,0.102519,0.895723,niche,1
12427,0.014909,0.179959,0.805132,niche,1
12428,0.07754,0.009663,0.912797,niche,1
12429,0.000459,0.006185,0.993356,niche,1
12430,0.024804,0.902452,0.072743,mainstream,1
12431,0.000137,0.007408,0.992456,niche,1
12432,0.005043,0.728183,0.266774,mainstream,1
12433,0.001029,0.022664,0.976307,niche,1
12434,0.040223,0.032395,0.927382,niche,1
12435,0.635252,0.296117,0.068631,pop,1
12436,0.00117,0.158807,0.840024,niche,1
12437,0.006848,0.265605,0.727546,niche,1
12438,4.8e-05,0.003116,0.996836,niche,1
12439,0.000513,0.472698,0.526789,niche,1
12440,0.011875,0.324673,0.663453,niche,1
12441,0.011594,0.752286,0.23612,mainstream,1
12442,0.009021,0.004586,0.986393,niche,1
12443,0.133408,0.810776,0.055815,mainstream,1
12444,0.001127,0.001966,0.996907,niche,1
12445,9.5e-05,0.014979,0.984926,niche,1
12446,0.060893,0.24098,0.698128,niche,1
12447,0.125355,0.163782,0.710862,niche,1
12448,0.001823,0.308821,0.689355,niche,1
12449,0.007745,0.132745,0.85951,niche,1
12450,0.043564,0.203121,0.753314,niche,1
12451,0.000699,0.124671,0.87463,niche,1
12452,0.023867,0.179332,0.796801,niche,1
12453,0.006372,0.001121,0.992507,niche,1
12454,5.9e-05,0.046136,0.953805,niche,1
12455,0.00011,0.00139,0.9985,niche,1
12456,0.192332,0.548354,0.259314,mainstream,1
12457,0.009467,0.021321,0.969212,niche,1
12458,0.068526,0.251457,0.680017,niche,1
12459,0.176907,0.499016,0.324078,mainstream,1
12460,0.000742,0.031245,0.968013,niche,1
12461,0.001336,0.003251,0.995413,niche,1
12462,0.400123,0.073412,0.526465,niche,1
12463,0.028193,0.40582,0.565987,niche,1
12464,0.000679,0.01214,0.987181,niche,1
12465,0.026453,0.503317,0.47023,mainstream,1
12466,0.001075,0.941005,0.057919,mainstream,1
12467,0.927664,0.021363,0.050973,pop,1
12468,0.055731,0.776168,0.168101,mainstream,1
12469,0.005382,0.094435,0.900183,niche,1
12470,0.000834,0.009447,0.989719,niche,1
12471,0.978753,0.012137,0.00911,pop,1
12472,0.00446,0.880851,0.11469,mainstream,1
12473,0.002021,0.888595,0.109384,mainstream,1
12474,0.00011,0.002255,0.997635,niche,1
12475,0.008983,0.491507,0.49951,niche,1
12476,0.009492,0.116254,0.874255,niche,1
12477,0.000551,0.223889,0.77556,niche,1
12478,0.006711,0.104431,0.888858,niche,1
12479,0.017323,0.090116,0.892561,niche,1
12480,0.001681,0.318731,0.679588,niche,1
12481,0.012609,0.072507,0.914884,niche,1
12482,0.002526,0.818686,0.178789,mainstream,1
12483,0.151106,0.080896,0.767998,niche,1
12484,0.002511,0.586141,0.411347,mainstream,1
12485,0.532391,0.257188,0.21042,pop,1
12486,0.039991,0.836099,0.12391,mainstream,1
12487,0.08631,0.295969,0.61772,niche,1
12488,0.003545,0.01055,0.985904,niche,1
12489,0.494363,0.023116,0.482522,pop,1
12490,0.008363,0.874223,0.117415,mainstream,1
12491,0.000642,0.017006,0.982352,niche,1
12492,0.002797,0.830261,0.166942,mainstream,1
12493,0.014094,0.82724,0.158667,mainstream,1
12494,0.051005,0.849799,0.099196,mainstream,1
12495,0.150966,0.318617,0.530417,niche,1
12496,1.9e-05,0.000892,0.999089,niche,1
12497,0.001447,0.003682,0.99487,niche,1
12498,0.965043,0.022489,0.012468,pop,1
12499,0.007341,0.379053,0.613605,niche,1
12500,0.030005,0.539004,0.430991,mainstream,1
12501,0.028589,0.074242,0.89717,niche,1
12502,0.938198,0.044633,0.017168,pop,1
12503,0.002223,0.034688,0.963089,niche,1
12504,0.008898,0.174099,0.817003,niche,1
12505,0.000457,0.013155,0.986388,niche,1
12506,0.010423,0.664152,0.325425,mainstream,1
12507,0.043489,0.01626,0.940251,niche,1
12508,0.006496,0.070798,0.922706,niche,1
12509,0.006478,0.093037,0.900485,niche,1
12510,0.095945,0.293099,0.610957,niche,1
12511,0.066956,0.260369,0.672675,niche,1
12512,0.000134,0.003358,0.996508,niche,1
12513,0.026449,0.042278,0.931273,niche,1
12514,0.000809,0.002531,0.99666,niche,1
12515,0.004182,0.954967,0.040852,mainstream,1
12516,0.005399,0.874437,0.120165,mainstream,1
12517,0.319753,0.057904,0.622344,niche,1
12518,0.284473,0.534045,0.181482,mainstream,1
12519,0.01266,0.97343,0.01391,mainstream,1
12520,0.000234,0.066628,0.933138,niche,1
12521,0.000273,0.000277,0.99945,niche,1
12522,0.001485,0.002689,0.995826,niche,1
12523,0.004237,0.09675,0.899013,niche,1
12524,3.2e-05,0.001684,0.998284,niche,1
12525,0.009095,0.03793,0.952975,niche,1
12526,0.010148,0.088214,0.901638,niche,1
12527,0.160599,0.142686,0.696715,niche,1
12528,0.002672,0.018945,0.978384,niche,1
12529,0.000591,0.003377,0.996032,niche,1
12530,0.013404,0.013462,0.973135,niche,1
12531,0.004115,0.627969,0.367916,mainstream,1
12532,0.001812,0.022928,0.97526,niche,1
12533,0.007315,0.514867,0.477817,mainstream,1
12534,0.00495,0.01254,0.98251,niche,1
12535,0.001328,0.083813,0.914859,niche,1
12536,0.081702,0.551504,0.366793,mainstream,1
12537,0.085153,0.082083,0.832764,niche,1
12538,0.000104,0.005379,0.994517,niche,1
12539,0.035665,0.334773,0.629562,niche,1
12540,0.002724,0.035306,0.96197,niche,1
12541,0.002243,0.021833,0.975924,niche,1
12542,0.41144,0.359601,0.228959,pop,1
12543,0.00015,0.017192,0.982657,niche,1
12544,0.00232,0.051527,0.946153,niche,1
12545,0.151264,0.46219,0.386546,mainstream,1
12546,0.000319,0.005503,0.994179,niche,1
12547,0.033967,0.69982,0.266214,mainstream,1
12548,0.000107,0.004935,0.994958,niche,1
12549,0.002047,0.073482,0.924471,niche,1
12550,0.048691,0.079762,0.871547,niche,1
12551,0.000649,0.007523,0.991828,niche,1
12552,0.991303,0.00676,0.001937,pop,1
12553,0.012046,0.023281,0.964674,niche,1
12554,4.2e-05,0.000479,0.999479,niche,1
12555,0.001005,0.0022,0.996795,niche,1
12556,0.018264,0.008456,0.97328,niche,1
12557,0.730066,0.042291,0.227643,pop,1
12558,0.024844,0.043611,0.931546,niche,1
12559,0.749593,0.037063,0.213344,pop,1
12560,0.000669,0.385905,0.613426,niche,1
12561,0.008817,0.010194,0.98099,niche,1
12562,0.007333,0.697364,0.295303,mainstream,1
12563,0.064305,0.031778,0.903918,niche,1
12564,0.006998,0.953318,0.039684,mainstream,1
12565,0.011435,0.914278,0.074287,mainstream,1
12566,0.003332,0.981546,0.015122,mainstream,1
12567,0.003911,0.963145,0.032943,mainstream,1
12568,0.026193,0.884456,0.089351,mainstream,1
12569,0.007498,0.134854,0.857648,niche,1
12570,0.028114,0.055319,0.916567,niche,1
12571,0.428267,0.236043,0.33569,pop,1
12572,0.019325,0.321532,0.659143,niche,1
12573,0.00336,0.046664,0.949976,niche,1
12574,0.004232,0.143753,0.852016,niche,1
12575,0.01463,0.954961,0.03041,mainstream,1
12576,0.393011,0.014938,0.592051,niche,1
12577,0.002257,0.087921,0.909821,niche,1
12578,0.004043,0.457117,0.53884,niche,1
12579,0.015995,0.012494,0.971512,niche,1
12580,0.001036,0.093369,0.905595,niche,1
12581,0.011399,0.019956,0.968645,niche,1
12582,0.000742,0.049235,0.950023,niche,1
12583,0.100188,0.113727,0.786085,niche,1
12584,0.515283,0.275179,0.209538,pop,1
12585,0.093083,0.447078,0.459838,niche,1
12586,0.000583,0.422512,0.576904,niche,1
12587,0.019722,0.202695,0.777583,niche,1
12588,0.069657,0.882727,0.047616,mainstream,1
12589,0.000841,0.000875,0.998283,niche,1
12590,0.029144,0.273566,0.69729,niche,1
12591,0.002893,0.005225,0.991882,niche,1
12592,0.239573,0.564331,0.196096,mainstream,1
12593,0.036057,0.93693,0.027013,mainstream,1
12594,0.002631,0.242732,0.754637,niche,1
12595,0.010336,0.070683,0.918981,niche,1
12596,0.088016,0.048704,0.86328,niche,1
12597,0.007597,0.542406,0.449996,mainstream,1
12598,0.008821,0.179118,0.812061,niche,1
12599,0.000202,0.017215,0.982583,niche,1
12600,0.070768,0.55852,0.370712,mainstream,1
12601,0.000215,0.001407,0.998378,niche,1
12602,0.001742,0.110222,0.888035,niche,1
12603,0.004145,0.169903,0.825952,niche,1
12604,0.994376,0.005359,0.000265,pop,1
12605,0.004301,0.051842,0.943856,niche,1
12606,0.002464,0.018554,0.978982,niche,1
12607,0.001425,0.108508,0.890067,niche,1
12608,0.000279,0.00155,0.998171,niche,1
12609,0.002316,0.036205,0.961479,niche,1
12610,0.001448,0.343568,0.654984,niche,1
12611,9e-05,0.013608,0.986302,niche,1
12612,0.009067,0.607635,0.383297,mainstream,1
12613,0.001703,0.302564,0.695733,niche,1
12614,0.009382,0.19131,0.799307,niche,1
12615,0.016182,0.608604,0.375214,mainstream,1
12616,0.004272,0.089931,0.905798,niche,1
12617,0.093998,0.124572,0.78143,niche,1
12618,0.002915,0.043774,0.953311,niche,1
12619,0.00014,0.000913,0.998947,niche,1
12620,0.094418,0.462374,0.443208,mainstream,1
12621,0.002469,0.008986,0.988545,niche,1
12622,0.015087,0.163746,0.821167,niche,1
12623,0.000483,0.012222,0.987295,niche,1
12624,0.005444,0.011186,0.98337,niche,1
12625,0.964957,0.005719,0.029325,pop,1
12626,0.00132,0.125055,0.873625,niche,1
12627,0.003527,0.23743,0.759043,niche,1
12628,0.39092,0.498491,0.11059,mainstream,1
12629,0.007534,0.595879,0.396587,mainstream,1
12630,0.191617,0.296368,0.512015,niche,1
12631,0.1979,0.572317,0.229783,mainstream,1
12632,0.00091,0.943818,0.055272,mainstream,1
12633,0.055832,0.020404,0.923763,niche,1
12634,0.010276,0.007985,0.981739,niche,1
12635,0.974777,0.011768,0.013455,pop,1
12636,0.030594,0.792769,0.176637,mainstream,1
12637,0.000942,0.032457,0.966602,niche,1
12638,0.003415,0.044265,0.95232,niche,1
12639,0.004332,0.826525,0.169143,mainstream,1
12640,0.918124,0.027867,0.054009,pop,1
12641,0.581346,0.296243,0.122411,pop,1
12642,0.103022,0.535611,0.361367,mainstream,1
12643,0.063992,0.079052,0.856955,niche,1
12644,0.984384,0.012001,0.003614,pop,1
12645,0.000436,0.155082,0.844483,niche,1
12646,0.358601,0.283514,0.357885,pop,1
12647,0.000336,0.015675,0.983989,niche,1
12648,0.00019,0.079224,0.920586,niche,1
12649,0.000996,0.227523,0.771481,niche,1
12650,0.097757,0.115645,0.786598,niche,1
12651,0.078346,0.272008,0.649646,niche,1
12652,0.032231,0.059343,0.908426,niche,1
12653,0.009634,0.270008,0.720357,niche,1
12654,0.005398,0.061441,0.933161,niche,1
12655,0.002278,0.009571,0.988151,niche,1
12656,0.00114,0.171404,0.827456,niche,1
12657,0.029338,0.009403,0.961259,niche,1
12658,0.070335,0.193149,0.736515,niche,1
12659,0.000197,0.00224,0.997563,niche,1
12660,0.038088,0.169796,0.792116,niche,1
12661,0.017866,0.039011,0.943123,niche,1
12662,0.029095,0.915717,0.055188,mainstream,1
12663,0.008602,0.548551,0.442848,mainstream,1
12664,0.016813,0.102403,0.880784,niche,1
12665,0.000635,0.010937,0.988428,niche,1
12666,0.051897,0.781706,0.166397,mainstream,1
12667,3.2e-05,0.001155,0.998813,niche,1
12668,0.021575,0.097819,0.880606,niche,1
12669,0.101181,0.508825,0.389994,mainstream,1
12670,0.000143,0.002225,0.997632,niche,1
12671,0.002347,0.095486,0.902167,niche,1
12672,0.011699,0.022213,0.966088,niche,1
12673,0.017045,0.007629,0.975326,niche,1
12674,0.979551,0.010056,0.010393,pop,1
12675,0.962607,0.02602,0.011373,pop,1
12676,0.165584,0.171842,0.662573,niche,1
12677,0.245131,0.541633,0.213236,mainstream,1
12678,0.001188,0.65551,0.343302,mainstream,1
12679,0.11503,0.432424,0.452546,niche,1
12680,0.003487,0.120059,0.876454,niche,1
12681,0.009494,0.007528,0.982978,niche,1
12682,0.020271,0.023231,0.956498,niche,1
12683,0.00204,0.976994,0.020966,mainstream,1
12684,0.007774,0.00445,0.987776,niche,1
12685,0.02309,0.064654,0.912256,niche,1
12686,0.008014,0.027146,0.96484,niche,1
12687,0.208272,0.205569,0.586159,niche,1
12688,0.206048,0.281298,0.512653,niche,1
12689,0.001258,0.949092,0.04965,mainstream,1
12690,0.885234,0.097196,0.017569,pop,1
12691,0.000712,0.048235,0.951053,niche,1
12692,0.200023,0.50728,0.292697,mainstream,1
12693,0.000955,0.048338,0.950707,niche,1
12694,0.045125,0.470371,0.484504,niche,1
12695,0.045913,0.557048,0.397039,mainstream,1
12696,0.00227,0.005279,0.992451,niche,1
12697,0.000587,0.001331,0.998082,niche,1
12698,0.002368,0.802946,0.194685,mainstream,1
12699,0.323528,0.121983,0.554489,niche,1
12700,0.012984,0.118603,0.868413,niche,1
12701,0.255715,0.642447,0.101838,mainstream,1
12702,0.248571,0.378905,0.372523,mainstream,1
12703,0.111903,0.613304,0.274793,mainstream,1
12704,0.032031,0.656379,0.31159,mainstream,1
12705,0.702021,0.032931,0.265048,pop,1
12706,0.000819,0.395299,0.603882,niche,1
12707,0.070592,0.421842,0.507566,niche,1
12708,0.0001,0.007683,0.992218,niche,1
12709,0.005936,0.872543,0.121521,mainstream,1
12710,0.951924,0.02322,0.024856,pop,1
12711,0.004631,0.003027,0.992342,niche,1
12712,0.014609,0.008188,0.977203,niche,1
12713,6e-05,0.004864,0.995076,niche,1
12714,0.019364,0.89746,0.083176,mainstream,1
12715,0.008503,0.118267,0.87323,niche,1
12716,0.005898,0.056406,0.937696,niche,1
12717,0.018357,0.915556,0.066087,mainstream,1
12718,0.038389,0.142076,0.819535,niche,1
12719,0.012135,0.114154,0.873712,niche,1
12720,0.043891,0.930466,0.025644,mainstream,1
12721,0.001414,0.002024,0.996562,niche,1
12722,0.982316,0.015553,0.002131,pop,1
12723,0.145987,0.181042,0.672971,niche,1
12724,0.008838,0.83021,0.160952,mainstream,1
12725,0.00197,0.409032,0.588998,niche,1
12726,8.4e-05,0.010516,0.9894,niche,1
12727,0.001809,0.151588,0.846603,niche,1
12728,0.00825,0.004696,0.987054,niche,1
12729,0.000637,0.009461,0.989903,niche,1
12730,0.02114,0.764337,0.214522,mainstream,1
12731,0.289034,0.13304,0.577926,niche,1
12732,0.252039,0.73059,0.017371,mainstream,1
12733,0.016064,0.053056,0.93088,niche,1
12734,0.002775,0.05487,0.942355,niche,1
12735,0.976749,0.013585,0.009667,pop,1
12736,0.00564,0.951302,0.043058,mainstream,1
12737,0.341161,0.58789,0.070949,mainstream,1
12738,0.991625,0.00075,0.007625,pop,1
12739,0.004639,0.285797,0.709564,niche,1
12740,0.013551,0.952829,0.03362,mainstream,1
12741,0.002278,0.643313,0.354409,mainstream,1
12742,0.000573,0.002392,0.997034,niche,1
12743,0.00512,0.796305,0.198575,mainstream,1
12744,0.99331,0.005734,0.000956,pop,1
12745,0.017004,0.036083,0.946913,niche,1
12746,0.009495,0.921097,0.069408,mainstream,1
12747,0.023547,0.691738,0.284715,mainstream,1
12748,0.000106,0.009829,0.990065,niche,1
12749,0.005156,0.022914,0.97193,niche,1
12750,0.000321,0.016988,0.982691,niche,1
12751,0.080572,0.726238,0.19319,mainstream,1
12752,0.00589,0.204906,0.789204,niche,1
12753,0.043082,0.122198,0.83472,niche,1
12754,0.098553,0.243579,0.657868,niche,1
12755,0.065617,0.122148,0.812235,niche,1
12756,0.307773,0.349882,0.342345,mainstream,1
12757,0.002482,0.833197,0.164321,mainstream,1
12758,0.085921,0.750019,0.164059,mainstream,1
12759,0.045105,0.668109,0.286786,mainstream,1
12760,0.077274,0.226899,0.695826,niche,1
12761,0.002188,0.056814,0.940998,niche,1
12762,0.000125,0.000197,0.999678,niche,1
12763,0.01096,0.326959,0.662081,niche,1
12764,0.001607,0.004683,0.99371,niche,1
12765,0.224418,0.049365,0.726217,niche,1
12766,0.002381,0.375293,0.622327,niche,1
12767,0.000101,0.001505,0.998394,niche,1
12768,0.043503,0.742501,0.213996,mainstream,1
12769,0.921376,0.052065,0.026559,pop,1
12770,0.073985,0.046806,0.879208,niche,1
12771,0.068831,0.121138,0.810031,niche,1
12772,0.190764,0.204512,0.604724,niche,1
12773,0.000224,0.001514,0.998262,niche,1
12774,0.003822,0.964492,0.031686,mainstream,1
12775,0.025078,0.934588,0.040334,mainstream,1
12776,0.391845,0.284263,0.323891,pop,1
12777,0.001901,0.110987,0.887112,niche,1
12778,0.003504,0.114826,0.88167,niche,1
12779,0.000315,0.033806,0.965879,niche,1
12780,0.006087,0.034647,0.959266,niche,1
12781,5.9e-05,0.004325,0.995616,niche,1
12782,0.038285,0.161252,0.800464,niche,1
12783,0.110358,0.043583,0.846059,niche,1
12784,0.000447,0.018227,0.981326,niche,1
12785,0.000144,0.000597,0.999259,niche,1
12786,0.159394,0.711761,0.128844,mainstream,1
12787,0.042313,0.271791,0.685897,niche,1
12788,0.010257,0.102585,0.887158,niche,1
12789,0.009448,0.071231,0.91932,niche,1
12790,0.000215,0.046389,0.953395,niche,1
12791,0.003616,0.235665,0.760719,niche,1
12792,0.000448,0.013477,0.986075,niche,1
12793,0.100052,0.570986,0.328961,mainstream,1
12794,0.015181,0.107126,0.877692,niche,1
12795,0.000708,0.004555,0.994737,niche,1
12796,0.018372,0.699398,0.28223,mainstream,1
12797,0.405124,0.260676,0.334199,pop,1
12798,9e-06,0.004184,0.995808,niche,1
12799,0.022782,0.714945,0.262272,mainstream,1
12800,0.045163,0.607726,0.347111,mainstream,1
12801,0.001317,0.930208,0.068474,mainstream,1
12802,0.173051,0.13938,0.687569,niche,1
12803,0.020942,0.02001,0.959048,niche,1
12804,0.040384,0.025408,0.934207,niche,1
12805,0.896086,0.071243,0.032672,pop,1
12806,0.000837,0.032522,0.966641,niche,1
12807,0.485358,0.239634,0.275008,pop,1
12808,0.005227,0.040595,0.954178,niche,1
12809,0.073404,0.686787,0.239809,mainstream,1
12810,0.002312,0.137861,0.859827,niche,1
12811,4.8e-05,0.003115,0.996837,niche,1
12812,0.004778,0.055208,0.940014,niche,1
12813,0.78767,0.003416,0.208914,pop,1
12814,0.033928,0.613476,0.352596,mainstream,1
12815,0.012867,0.015748,0.971385,niche,1
12816,0.00048,0.056378,0.943142,niche,1
12817,0.008238,0.039792,0.95197,niche,1
12818,0.005966,0.105674,0.88836,niche,1
12819,0.003035,0.056454,0.940511,niche,1
12820,0.000293,9.2e-05,0.999615,niche,1
12821,0.007532,0.646073,0.346394,mainstream,1
12822,0.009543,0.067324,0.923133,niche,1
12823,0.000896,0.00182,0.997284,niche,1
12824,0.000843,0.003206,0.99595,niche,1
12825,0.009133,0.831222,0.159645,mainstream,1
12826,0.004022,0.011513,0.984464,niche,1
12827,0.002481,0.002116,0.995402,niche,1
12828,0.02861,0.364667,0.606722,niche,1
12829,0.008002,0.036488,0.955509,niche,1
12830,0.204209,0.080012,0.71578,niche,1
12831,0.011432,0.229187,0.759381,niche,1
12832,0.000259,0.000417,0.999324,niche,1
12833,2.8e-05,0.001176,0.998795,niche,1
12834,0.005739,0.633099,0.361163,mainstream,1
12835,0.004295,0.004563,0.991141,niche,1
12836,0.000281,0.00141,0.998309,niche,1
12837,5e-06,0.000194,0.999801,niche,1
12838,0.027784,0.028561,0.943655,niche,1
12839,0.004094,0.007106,0.988801,niche,1
12840,3.2e-05,0.000709,0.999259,niche,1
12841,0.000329,0.004582,0.995089,niche,1
12842,0.000164,0.001123,0.998713,niche,1
12843,0.119746,0.690108,0.190145,mainstream,1
12844,3.9e-05,0.003443,0.996518,niche,1
12845,0.001507,0.008148,0.990346,niche,1
12846,3.9e-05,6.2e-05,0.999899,niche,1
12847,0.000179,0.000146,0.999675,niche,1
12848,0.000485,0.004487,0.995028,niche,1
12849,0.000576,0.003828,0.995597,niche,1
12850,0.005615,0.01709,0.977295,niche,1
12851,0.009089,0.008729,0.982182,niche,1
12852,0.001007,0.000454,0.998539,niche,1
12853,1.1e-05,0.000408,0.999581,niche,1
12854,0.000358,0.001121,0.998521,niche,1
12855,0.008685,0.004179,0.987136,niche,1
12856,0.007997,0.119565,0.872438,niche,1
12857,0.000715,0.016437,0.982847,niche,1
12858,0.012356,0.041825,0.945819,niche,1
12859,0.008832,0.061209,0.929959,niche,1
12860,1.5e-05,8.9e-05,0.999895,niche,1
12861,0.002495,0.023504,0.974001,niche,1
12862,0.023536,0.093239,0.883224,niche,1
12863,0.243148,0.054291,0.70256,niche,1
12864,0.000694,0.005742,0.993565,niche,1
12865,0.016578,0.039296,0.944126,niche,1
12866,0.000707,0.012354,0.986939,niche,1
12867,0.002504,0.004452,0.993044,niche,1
12868,1.4e-05,4.5e-05,0.999941,niche,1
12869,3e-05,0.000138,0.999831,niche,1
12870,6.1e-05,0.000213,0.999725,niche,1
12871,0.002916,0.013954,0.98313,niche,1
12872,0.000265,0.000792,0.998942,niche,1
12873,0.054294,0.051262,0.894444,niche,1
12874,0.000159,0.000137,0.999704,niche,1
12875,0.001595,0.010531,0.987874,niche,1
12876,0.003891,0.014349,0.981759,niche,1
12877,0.2053,0.045538,0.749162,niche,1
12878,0.001196,0.10137,0.897434,niche,1
12879,7.3e-05,0.005758,0.994169,niche,1
12880,0.000201,0.049652,0.950148,niche,1
12881,0.020203,0.091081,0.888716,niche,1
12882,0.005396,0.570049,0.424554,mainstream,1
12883,0.000215,0.002437,0.997349,niche,1
12884,0.001003,0.013521,0.985476,niche,1
12885,2.1e-05,0.000344,0.999635,niche,1
12886,0.000166,0.024487,0.975347,niche,1
12887,0.000286,0.000454,0.99926,niche,1
12888,0.000332,0.003346,0.996322,niche,1
12889,0.000126,0.001289,0.998585,niche,1
12890,0.000209,0.000559,0.999232,niche,1
12891,0.0008,0.000688,0.998512,niche,1
12892,8e-05,0.000109,0.999811,niche,1
12893,0.024273,0.538811,0.436915,mainstream,1
12894,0.007792,0.247905,0.744303,niche,1
12895,0.007058,0.038609,0.954333,niche,1
12896,0.67653,0.046825,0.276645,pop,1
12897,0.142405,0.1998,0.657795,niche,1
12898,0.000497,7.7e-05,0.999426,niche,1
12899,0.000244,0.000618,0.999138,niche,1
12900,0.001242,0.020724,0.978034,niche,1
12901,0.001312,0.003081,0.995607,niche,1
12902,0.002515,0.003434,0.994051,niche,1
12903,0.0005,0.033795,0.965705,niche,1
12904,3.7e-05,0.000177,0.999786,niche,1
12905,0.000907,0.004007,0.995086,niche,1
12906,0.001391,0.000381,0.998228,niche,1
12907,0.001907,0.004628,0.993465,niche,1
12908,0.001289,0.023078,0.975634,niche,1
12909,0.003029,0.00028,0.996691,niche,1
12910,0.000227,0.010947,0.988827,niche,1
12911,0.012105,0.145123,0.842772,niche,1
12912,0.00134,0.006254,0.992405,niche,1
12913,0.000293,0.001214,0.998492,niche,1
12914,0.18542,0.120706,0.693874,niche,1
12915,0.003213,0.029282,0.967506,niche,1
12916,0.005337,0.013107,0.981556,niche,1
12917,0.030459,0.027673,0.941869,niche,1
12918,0.000125,0.00207,0.997805,niche,1
12919,0.000113,0.000416,0.999471,niche,1
12920,0.004356,0.001257,0.994387,niche,1
12921,0.000415,0.005091,0.994494,niche,1
12922,0.966236,0.001344,0.032419,pop,1
12923,0.003815,0.004146,0.992038,niche,1
12924,0.018021,0.208402,0.773577,niche,1
12925,0.018861,0.049086,0.932053,niche,1
12926,0.000143,0.008612,0.991245,niche,1
12927,0.367446,0.241089,0.391464,niche,1
12928,0.063482,0.164899,0.771619,niche,1
12929,0.002504,0.147998,0.849499,niche,1
12930,0.001658,0.017998,0.980344,niche,1
12931,0.018386,0.024691,0.956923,niche,1
12932,0.064256,0.538537,0.397207,mainstream,1
12933,0.047879,0.012208,0.939913,niche,1
12934,1.9e-05,0.000427,0.999554,niche,1
12935,0.004372,0.862836,0.132792,mainstream,1
12936,0.002664,0.000331,0.997006,niche,1
12937,0.000464,0.001828,0.997708,niche,1
12938,0.000508,0.002709,0.996783,niche,1
12939,9.8e-05,0.000182,0.99972,niche,1
12940,0.001648,0.016284,0.982068,niche,1
12941,0.000374,0.002734,0.996892,niche,1
12942,0.011578,0.03098,0.957443,niche,1
12943,0.058026,0.113036,0.828938,niche,1
12944,0.001775,0.015608,0.982617,niche,1
12945,0.055538,0.576753,0.367709,mainstream,1
12946,1.9e-05,0.000191,0.99979,niche,1
12947,0.001025,0.00105,0.997925,niche,1
12948,8.9e-05,0.000295,0.999616,niche,1
12949,0.000124,0.004529,0.995346,niche,1
12950,0.000959,0.014,0.985041,niche,1
12951,0.03131,0.436721,0.531969,niche,1
12952,0.000615,0.009854,0.989531,niche,1
12953,0.001565,0.095595,0.90284,niche,1
12954,0.000847,0.001408,0.997746,niche,1
12955,0.000677,0.045258,0.954065,niche,1
12956,1.8e-05,0.000334,0.999648,niche,1
12957,0.002838,0.09143,0.905732,niche,1
12958,0.000502,0.009055,0.990442,niche,1
12959,0.002829,0.049488,0.947683,niche,1
12960,0.00042,0.901223,0.098357,mainstream,1
12961,0.018234,0.49947,0.482296,mainstream,1
12962,0.073047,0.031692,0.895262,niche,1
12963,0.00028,0.005232,0.994488,niche,1
12964,0.000346,0.006951,0.992703,niche,1
12965,0.004782,0.159619,0.835599,niche,1
12966,0.886438,0.090692,0.022869,pop,1
12967,0.003593,0.017565,0.978842,niche,1
12968,0.241789,0.164019,0.594191,niche,1
12969,0.187376,0.041994,0.770631,niche,1
12970,3e-06,0.000155,0.999842,niche,1
12971,0.202585,0.638992,0.158424,mainstream,1
12972,0.000664,0.000865,0.998472,niche,1
12973,0.064047,0.75395,0.182003,mainstream,1
12974,0.000677,0.001959,0.997363,niche,1
12975,0.006441,0.851557,0.142002,mainstream,1
12976,0.000118,0.000263,0.999619,niche,1
12977,0.001039,0.022608,0.976353,niche,1
12978,0.007493,0.112968,0.879539,niche,1
12979,0.153834,0.09237,0.753796,niche,1
12980,0.059476,0.021009,0.919515,niche,1
12981,0.015574,0.012099,0.972327,niche,1
12982,0.00163,0.010615,0.987755,niche,1
12983,0.277174,0.466184,0.256642,mainstream,1
12984,0.089788,0.314276,0.595936,niche,1
12985,0.000562,0.014532,0.984906,niche,1
12986,0.006872,0.210591,0.782537,niche,1
12987,0.002615,0.005933,0.991452,niche,1
12988,0.000362,0.009849,0.989788,niche,1
12989,0.000801,0.0276,0.971599,niche,1
12990,0.002161,0.310845,0.686994,niche,1
12991,0.007993,0.210859,0.781148,niche,1
12992,0.047089,0.055552,0.897359,niche,1
12993,0.000303,0.016324,0.983373,niche,1
12994,0.077455,0.135828,0.786717,niche,1
12995,0.008795,0.074468,0.916737,niche,1
12996,0.002893,0.054764,0.942343,niche,1
12997,0.017462,0.020593,0.961945,niche,1
12998,0.010489,0.759043,0.230468,mainstream,1
12999,0.004183,0.028165,0.967652,niche,1
13000,0.038011,0.096841,0.865148,niche,1
13001,0.057154,0.034044,0.908802,niche,1
13002,0.006618,0.041965,0.951417,niche,1
13003,0.021796,0.375983,0.602221,niche,1
13004,0.988884,0.001997,0.009119,pop,1
13005,0.005597,0.583797,0.410607,mainstream,1
13006,0.026766,0.02296,0.950274,niche,1
13007,0.000406,0.007591,0.992003,niche,1
13008,0.000381,0.012979,0.98664,niche,1
13009,0.058583,0.169573,0.771845,niche,1
13010,0.028657,0.000955,0.970388,niche,1
13011,0.005672,0.208726,0.785601,niche,1
13012,0.039384,0.276441,0.684175,niche,1
13013,0.092584,0.026997,0.880419,niche,1
13014,0.033234,0.249808,0.716958,niche,1
13015,0.121169,0.275408,0.603422,niche,1
13016,0.000754,0.050016,0.949231,niche,1
13017,9e-05,0.004263,0.995647,niche,1
13018,0.000141,0.000216,0.999643,niche,1
13019,0.995369,0.001731,0.0029,pop,1
13020,0.055729,0.428901,0.51537,niche,1
13021,0.00759,0.006098,0.986312,niche,1
13022,0.037552,0.299801,0.662646,niche,1
13023,0.000404,0.000495,0.999101,niche,1
13024,0.056788,0.265477,0.677735,niche,1
13025,0.003015,0.001342,0.995642,niche,1
13026,0.000108,0.00568,0.994213,niche,1
13027,0.001574,0.006685,0.991741,niche,1
13028,0.169211,0.657626,0.173163,mainstream,1
13029,0.094945,0.148645,0.756409,niche,1
13030,0.008642,0.059033,0.932325,niche,1
13031,0.000356,0.001495,0.998149,niche,1
13032,0.004779,0.004757,0.990464,niche,1
13033,0.001951,0.060826,0.937223,niche,1
13034,0.182932,0.075201,0.741867,niche,1
13035,0.009196,0.049706,0.941097,niche,1
13036,0.035378,0.073557,0.891065,niche,1
13037,0.001125,0.002704,0.996171,niche,1
13038,0.000507,0.050281,0.949212,niche,1
13039,0.000198,0.007201,0.992601,niche,1
13040,0.969449,0.00246,0.028091,pop,1
13041,0.010341,0.2598,0.729859,niche,1
13042,0.068584,0.081213,0.850203,niche,1
13043,0.000132,0.00023,0.999637,niche,1
13044,0.000184,0.00069,0.999126,niche,1
13045,0.000153,0.039839,0.960008,niche,1
13046,0.000428,0.02034,0.979232,niche,1
13047,0.004589,0.009105,0.986306,niche,1
13048,0.001663,0.009286,0.989052,niche,1
13049,0.072325,0.027748,0.899927,niche,1
13050,4.6e-05,0.006295,0.993659,niche,1
13051,0.051414,0.120677,0.82791,niche,1
13052,0.000511,0.036025,0.963463,niche,1
13053,0.059416,0.008099,0.932485,niche,1
13054,0.001245,0.121339,0.877416,niche,1
13055,0.041991,0.408839,0.54917,niche,1
13056,0.011621,0.060836,0.927543,niche,1
13057,0.065232,0.383835,0.550933,niche,1
13058,0.002651,0.000721,0.996628,niche,1
13059,0.003099,0.216853,0.780048,niche,1
13060,0.036784,0.064726,0.89849,niche,1
13061,0.000386,0.012983,0.986631,niche,1
13062,0.000545,0.320571,0.678883,niche,1
13063,0.004896,0.004235,0.990869,niche,1
13064,0.019143,0.390155,0.590702,niche,1
13065,0.034848,0.037736,0.927416,niche,1
13066,0.011405,0.012364,0.976231,niche,1
13067,0.019557,0.573829,0.406614,mainstream,1
13068,0.00171,0.867236,0.131054,mainstream,1
13069,0.10884,0.146306,0.744854,niche,1
13070,0.000792,0.01264,0.986568,niche,1
13071,0.000398,0.004021,0.99558,niche,1
13072,0.000834,0.003657,0.995509,niche,1
13073,0.010773,0.042844,0.946383,niche,1
13074,0.007268,0.005164,0.987568,niche,1
13075,0.094047,0.208112,0.697841,niche,1
13076,0.004135,0.921273,0.074593,mainstream,1
13077,0.003135,0.091573,0.905292,niche,1
13078,0.05071,0.549346,0.399944,mainstream,1
13079,0.008833,0.051511,0.939656,niche,1
13080,0.992517,0.00095,0.006533,pop,1
13081,0.107583,0.105924,0.786493,niche,1
13082,0.005079,0.058792,0.936129,niche,1
13083,0.005638,0.070963,0.923399,niche,1
13084,1.2e-05,9.8e-05,0.999889,niche,1
13085,0.006333,0.003772,0.989895,niche,1
13086,7.7e-05,0.00191,0.998012,niche,1
13087,0.09912,0.496204,0.404676,mainstream,1
13088,0.009177,0.037794,0.953029,niche,1
13089,0.017379,0.052198,0.930423,niche,1
13090,0.001064,0.001268,0.997668,niche,1
13091,0.000716,0.045212,0.954072,niche,1
13092,0.994171,0.001567,0.004263,pop,1
13093,0.000103,0.000734,0.999163,niche,1
13094,0.000134,0.000523,0.999343,niche,1
13095,9.6e-05,6.2e-05,0.999842,niche,1
13096,0.000446,0.022571,0.976983,niche,1
13097,0.006975,0.85082,0.142205,mainstream,1
13098,0.003555,0.006952,0.989493,niche,1
13099,5.3e-05,0.002971,0.996976,niche,1
13100,0.011855,0.031635,0.956509,niche,1
13101,0.002735,0.121798,0.875467,niche,1
13102,0.05844,0.261984,0.679576,niche,1
13103,0.000181,0.000381,0.999438,niche,1
13104,0.051689,0.020685,0.927626,niche,1
13105,2.4e-05,0.000107,0.999869,niche,1
13106,0.187914,0.015376,0.79671,niche,1
13107,0.001186,0.465015,0.533799,niche,1
13108,0.005751,0.579792,0.414457,mainstream,1
13109,0.135744,0.759739,0.104517,mainstream,1
13110,0.006575,0.022186,0.971239,niche,1
13111,6.8e-05,0.012499,0.987433,niche,1
13112,0.007524,0.538455,0.454021,mainstream,1
13113,7.4e-05,0.000515,0.999411,niche,1
13114,0.007697,0.353882,0.638421,niche,1
13115,0.079661,0.046734,0.873605,niche,1
13116,0.027532,0.957536,0.014932,mainstream,1
13117,0.050172,0.031091,0.918737,niche,1
13118,0.000194,0.001661,0.998145,niche,1
13119,0.072619,0.761764,0.165617,mainstream,1
13120,0.003104,0.760184,0.236711,mainstream,1
13121,0.004138,0.030518,0.965344,niche,1
13122,0.035698,0.095816,0.868486,niche,1
13123,0.008822,0.739914,0.251264,mainstream,1
13124,4.3e-05,0.000297,0.999659,niche,1
13125,0.001534,0.187708,0.810758,niche,1
13126,0.037677,0.035702,0.926621,niche,1
13127,0.001922,0.00208,0.995998,niche,1
13128,0.006125,0.614998,0.378877,mainstream,1
13129,0.123108,0.029779,0.847113,niche,1
13130,0.000177,0.004349,0.995474,niche,1
13131,0.000677,0.000351,0.998971,niche,1
13132,0.038651,0.016987,0.944362,niche,1
13133,0.008837,0.02971,0.961453,niche,1
13134,8.6e-05,0.005082,0.994832,niche,1
13135,0.058288,0.016734,0.924978,niche,1
13136,0.0215,0.00989,0.96861,niche,1
13137,0.008969,0.401236,0.589795,niche,1
13138,0.938261,0.028072,0.033667,pop,1
13139,0.001661,0.015478,0.982861,niche,1
13140,0.316174,0.279083,0.404742,niche,1
13141,0.039256,0.238953,0.721792,niche,1
13142,0.87438,0.012051,0.11357,pop,1
13143,0.207203,0.028689,0.764108,niche,1
13144,0.00316,0.018744,0.978097,niche,1
13145,0.004038,0.062592,0.93337,niche,1
13146,0.023384,0.468247,0.508369,niche,1
13147,0.000278,0.000211,0.999512,niche,1
13148,0.017981,0.251826,0.730192,niche,1
13149,0.025387,0.083485,0.891129,niche,1
13150,0.04694,0.016208,0.936851,niche,1
13151,0.00011,0.000745,0.999145,niche,1
13152,0.012845,0.166305,0.82085,niche,1
13153,0.000129,0.000163,0.999708,niche,1
13154,0.003125,0.000721,0.996154,niche,1
13155,0.000988,0.080087,0.918925,niche,1
13156,0.002843,0.00589,0.991267,niche,1
13157,0.044983,0.006809,0.948209,niche,1
13158,0.060186,0.081011,0.858803,niche,1
13159,0.001267,0.252574,0.746159,niche,1
13160,0.969304,0.021265,0.009431,pop,1
13161,0.01251,0.025935,0.961555,niche,1
13162,0.00066,0.001715,0.997625,niche,1
13163,0.007874,0.030282,0.961844,niche,1
13164,0.001206,0.005223,0.993571,niche,1
13165,0.000256,0.007112,0.992633,niche,1
13166,0.000635,0.000659,0.998706,niche,1
13167,0.000307,0.090573,0.90912,niche,1
13168,0.248272,0.176646,0.575082,niche,1
13169,0.025568,0.111343,0.863089,niche,1
13170,0.00556,0.019418,0.975022,niche,1
13171,0.160387,0.044462,0.795151,niche,1
13172,0.005127,0.005442,0.989431,niche,1
13173,0.000283,0.009754,0.989963,niche,1
13174,0.005489,0.11175,0.882761,niche,1
13175,0.002987,0.001108,0.995905,niche,1
13176,0.00199,0.00632,0.991691,niche,1
13177,0.000107,0.001759,0.998134,niche,1
13178,0.017833,0.96815,0.014016,mainstream,1
13179,0.01811,0.022433,0.959458,niche,1
13180,0.004206,0.016531,0.979263,niche,1
13181,0.221601,0.017672,0.760726,niche,1
13182,0.042452,0.830025,0.127524,mainstream,1
13183,0.00474,0.016812,0.978448,niche,1
13184,0.052798,0.019333,0.927869,niche,1
13185,0.036399,0.008894,0.954707,niche,1
13186,0.000162,0.006143,0.993695,niche,1
13187,0.013432,0.037478,0.94909,niche,1
13188,0.000896,0.019661,0.979443,niche,1
13189,0.001071,0.056761,0.942168,niche,1
13190,0.41987,0.136696,0.443434,niche,1
13191,0.023025,0.002341,0.974634,niche,1
13192,0.006911,0.004082,0.989007,niche,1
13193,0.018743,0.071535,0.909723,niche,1
13194,0.000995,0.041205,0.9578,niche,1
13195,0.010075,0.00169,0.988235,niche,1
13196,0.00683,0.074037,0.919133,niche,1
13197,0.237343,0.465194,0.297463,mainstream,1
13198,0.009702,0.165682,0.824615,niche,1
13199,0.000887,0.006934,0.992179,niche,1
13200,0.296268,0.04943,0.654302,niche,1
13201,0.059914,0.671687,0.268399,mainstream,1
13202,0.163507,0.016933,0.81956,niche,1
13203,0.379983,0.078045,0.541972,niche,1
13204,0.00484,0.397754,0.597406,niche,1
13205,0.01183,0.002614,0.985556,niche,1
13206,0.001007,0.02281,0.976183,niche,1
13207,0.006239,0.006085,0.987676,niche,1
13208,0.000151,0.009711,0.990138,niche,1
13209,0.400515,0.004541,0.594944,niche,1
13210,0.000363,0.006322,0.993315,niche,1
13211,0.00023,0.001042,0.998728,niche,1
13212,0.968225,0.002082,0.029693,pop,1
13213,0.207054,0.13124,0.661706,niche,1
13214,0.001297,0.033587,0.965117,niche,1
13215,0.007994,0.141965,0.850041,niche,1
13216,0.024764,0.0069,0.968336,niche,1
13217,0.005463,0.553719,0.440817,mainstream,1
13218,0.000722,0.006282,0.992996,niche,1
13219,0.00246,0.0304,0.96714,niche,1
13220,0.001245,0.003754,0.995,niche,1
13221,0.604251,0.249053,0.146696,pop,1
13222,0.001917,0.870472,0.127611,mainstream,1
13223,0.001939,0.694458,0.303603,mainstream,1
13224,0.007769,0.862448,0.129783,mainstream,1
13225,0.006411,0.087354,0.906235,niche,1
13226,0.005856,0.519391,0.474753,mainstream,1
13227,0.034988,0.045434,0.919578,niche,1
13228,0.002123,0.003374,0.994502,niche,1
13229,9.1e-05,0.000621,0.999288,niche,1
13230,0.043414,0.567745,0.388841,mainstream,1
13231,0.02486,0.004523,0.970618,niche,1
13232,0.013607,0.075704,0.910688,niche,1
13233,0.000653,0.000949,0.998398,niche,1
13234,0.986397,0.004767,0.008837,pop,1
13235,0.000173,0.007851,0.991976,niche,1
13236,0.003856,0.005196,0.990949,niche,1
13237,0.030885,0.141927,0.827188,niche,1
13238,0.000456,0.020238,0.979306,niche,1
13239,0.002264,0.051529,0.946207,niche,1
13240,0.334383,0.01372,0.651896,niche,1
13241,0.012595,0.027263,0.960142,niche,1
13242,0.000849,0.019452,0.979699,niche,1
13243,0.002781,0.046745,0.950474,niche,1
13244,0.009022,0.012496,0.978482,niche,1
13245,6.8e-05,0.001407,0.998525,niche,1
13246,0.064864,0.542895,0.392242,mainstream,1
13247,0.007602,0.001739,0.990659,niche,1
13248,0.006449,0.914018,0.079533,mainstream,1
13249,0.001665,0.001877,0.996459,niche,1
13250,0.446982,0.236912,0.316106,pop,1
13251,0.003978,0.17783,0.818192,niche,1
13252,0.0052,0.015285,0.979516,niche,1
13253,0.000932,0.083013,0.916055,niche,1
13254,0.011619,0.029603,0.958778,niche,1
13255,0.006201,0.157216,0.836583,niche,1
13256,0.000697,0.00433,0.994974,niche,1
13257,0.003959,0.259302,0.736739,niche,1
13258,0.025654,0.001369,0.972976,niche,1
13259,0.001075,0.200721,0.798205,niche,1
13260,0.007452,0.033428,0.95912,niche,1
13261,0.022819,0.024265,0.952916,niche,1
13262,0.002802,0.001824,0.995374,niche,1
13263,0.000848,0.016516,0.982635,niche,1
13264,0.071723,0.336783,0.591494,niche,1
13265,0.00351,0.004839,0.991651,niche,1
13266,0.336434,0.019804,0.643762,niche,1
13267,0.00111,0.001481,0.997409,niche,1
13268,0.030997,0.590264,0.378738,mainstream,1
13269,0.00222,0.021257,0.976523,niche,1
13270,0.133767,0.025321,0.840912,niche,1
13271,0.063678,0.202248,0.734074,niche,1
13272,0.000862,0.023609,0.975529,niche,1
13273,0.000176,0.004148,0.995676,niche,1
13274,0.004374,0.000624,0.995002,niche,1
13275,0.382297,0.218832,0.398871,niche,1
13276,0.001914,0.006288,0.991798,niche,1
13277,0.645722,0.073711,0.280568,pop,1
13278,0.010331,0.723592,0.266077,mainstream,1
13279,0.006581,0.005985,0.987434,niche,1
13280,0.000119,0.004182,0.9957,niche,1
13281,0.054645,0.009184,0.936171,niche,1
13282,0.001291,0.522337,0.476372,mainstream,1
13283,0.014652,0.054715,0.930634,niche,1
13284,0.012696,0.073371,0.913933,niche,1
13285,0.040705,0.830827,0.128468,mainstream,1
13286,0.000474,0.032816,0.96671,niche,1
13287,0.00795,0.140882,0.851168,niche,1
13288,0.157416,0.040613,0.801971,niche,1
13289,0.125134,0.55443,0.320436,mainstream,1
13290,0.056021,0.592026,0.351952,mainstream,1
13291,0.001058,0.034012,0.96493,niche,1
13292,9.4e-05,0.005184,0.994721,niche,1
13293,0.000142,0.010484,0.989374,niche,1
13294,0.266642,0.128074,0.605285,niche,1
13295,0.519632,0.287951,0.192417,pop,1
13296,0.967393,0.017197,0.01541,pop,1
13297,0.304672,0.058835,0.636493,niche,1
13298,0.861615,0.110027,0.028357,pop,1
13299,0.001096,0.071818,0.927087,niche,1
13300,0.085249,0.005738,0.909013,niche,1
13301,0.000664,0.000791,0.998545,niche,1
13302,0.017635,0.768023,0.214342,mainstream,1
13303,0.005689,0.898027,0.096285,mainstream,1
13304,0.035401,0.143331,0.821267,niche,1
13305,0.002912,0.015173,0.981915,niche,1
13306,0.015695,0.367924,0.616381,niche,1
13307,0.059296,0.884172,0.056532,mainstream,1
13308,0.241558,0.630374,0.128068,mainstream,1
13309,0.373076,0.508646,0.118277,mainstream,1
13310,0.000683,0.039195,0.960122,niche,1
13311,0.006948,0.053783,0.93927,niche,1
13312,0.330699,0.215145,0.454156,niche,1
13313,0.01597,0.051965,0.932065,niche,1
13314,0.040717,0.72134,0.237943,mainstream,1
13315,0.029818,0.150525,0.819657,niche,1
13316,0.1396,0.25348,0.60692,niche,1
13317,0.096199,0.169197,0.734604,niche,1
13318,0.000677,0.136016,0.863307,niche,1
13319,0.021627,0.123591,0.854782,niche,1
13320,0.17229,0.063717,0.763993,niche,1
13321,0.000581,0.042995,0.956424,niche,1
13322,0.00302,0.063062,0.933918,niche,1
13323,0.059886,0.012372,0.927742,niche,1
13324,0.003634,0.061971,0.934395,niche,1
13325,0.001903,0.032605,0.965492,niche,1
13326,0.041217,0.580307,0.378476,mainstream,1
13327,0.040497,0.095331,0.864172,niche,1
13328,0.001758,0.102519,0.895723,niche,1
13329,0.001047,0.08478,0.914173,niche,1
13330,0.07754,0.009663,0.912797,niche,1
13331,0.000459,0.006185,0.993356,niche,1
13332,0.00197,0.274965,0.723065,niche,1
13333,0.024804,0.902452,0.072743,mainstream,1
13334,0.00273,0.027762,0.969508,niche,1
13335,0.000137,0.007408,0.992456,niche,1
13336,0.005043,0.728183,0.266774,mainstream,1
13337,0.003418,0.711814,0.284768,mainstream,1
13338,0.001029,0.022664,0.976307,niche,1
13339,0.055601,0.604669,0.339731,mainstream,1
13340,0.531722,0.214819,0.25346,pop,1
13341,0.429298,0.13334,0.437361,niche,1
13342,0.040223,0.032395,0.927382,niche,1
13343,0.635252,0.296117,0.068631,pop,1
13344,0.00051,0.007551,0.991939,niche,1
13345,0.00117,0.158807,0.840024,niche,1
13346,0.001377,0.042287,0.956336,niche,1
13347,0.011594,0.752286,0.23612,mainstream,1
13348,0.133408,0.810776,0.055815,mainstream,1
13349,0.001127,0.001966,0.996907,niche,1
13350,0.009055,0.105402,0.885543,niche,1
13351,9.5e-05,0.014979,0.984926,niche,1
13352,0.125355,0.163782,0.710862,niche,1
13353,0.008012,0.486083,0.505904,niche,1
13354,0.005432,0.014225,0.980343,niche,1
13355,0.001823,0.308821,0.689355,niche,1
13356,0.008611,0.930647,0.060742,mainstream,1
13357,0.004263,0.138591,0.857146,niche,1
13358,0.003645,0.310561,0.685794,niche,1
13359,0.006372,0.001121,0.992507,niche,1
13360,0.00011,0.00139,0.9985,niche,1
13361,0.192332,0.548354,0.259314,mainstream,1
13362,0.009467,0.021321,0.969212,niche,1
13363,0.068526,0.251457,0.680017,niche,1
13364,0.000742,0.031245,0.968013,niche,1
13365,0.001336,0.003251,0.995413,niche,1
13366,0.005671,0.050495,0.943833,niche,1
13367,0.009495,0.052592,0.937913,niche,1
13368,0.00634,0.962975,0.030685,mainstream,1
13369,0.927664,0.021363,0.050973,pop,1
13370,0.005522,0.118311,0.876168,niche,1
13371,0.055731,0.776168,0.168101,mainstream,1
13372,0.000834,0.009447,0.989719,niche,1
13373,0.978753,0.012137,0.00911,pop,1
13374,0.00446,0.880851,0.11469,mainstream,1
13375,0.007098,0.814582,0.17832,mainstream,1
13376,0.006711,0.104431,0.888858,niche,1
13377,9.1e-05,0.009817,0.990092,niche,1
13378,0.005095,0.392098,0.602807,niche,1
13379,0.017323,0.090116,0.892561,niche,1
13380,0.012609,0.072507,0.914884,niche,1
13381,0.002526,0.818686,0.178789,mainstream,1
13382,0.532391,0.257188,0.21042,pop,1
13383,0.08631,0.295969,0.61772,niche,1
13384,0.904475,0.083664,0.011861,pop,1
13385,0.494363,0.023116,0.482522,pop,1
13386,0.980027,0.013942,0.00603,pop,1
13387,0.056156,0.154813,0.789032,niche,1
13388,0.150966,0.318617,0.530417,niche,1
13389,1.9e-05,0.000892,0.999089,niche,1
13390,0.007546,0.211317,0.781138,niche,1
13391,0.001447,0.003682,0.99487,niche,1
13392,0.965043,0.022489,0.012468,pop,1
13393,0.007341,0.379053,0.613605,niche,1
13394,0.028589,0.074242,0.89717,niche,1
13395,0.938198,0.044633,0.017168,pop,1
13396,0.002223,0.034688,0.963089,niche,1
13397,0.025111,0.199158,0.775731,niche,1
13398,0.000457,0.013155,0.986388,niche,1
13399,0.043489,0.01626,0.940251,niche,1
13400,0.001459,0.988673,0.009867,mainstream,1
13401,0.006478,0.093037,0.900485,niche,1
13402,0.001516,0.764734,0.233751,mainstream,1
13403,0.000134,0.003358,0.996508,niche,1
13404,0.054001,0.525825,0.420175,mainstream,1
13405,0.177106,0.766142,0.056752,mainstream,1
13406,0.000809,0.002531,0.99666,niche,1
13407,0.004182,0.954967,0.040852,mainstream,1
13408,0.000257,0.095832,0.903911,niche,1
13409,0.000425,0.11952,0.880055,niche,1
13410,0.757239,0.196031,0.04673,pop,1
13411,0.319753,0.057904,0.622344,niche,1
13412,0.284473,0.534045,0.181482,mainstream,1
13413,0.013673,0.275449,0.710878,niche,1
13414,0.032123,0.289733,0.678143,niche,1
13415,0.001485,0.002689,0.995826,niche,1
13416,0.001581,0.045352,0.953067,niche,1
13417,0.004237,0.09675,0.899013,niche,1
13418,0.002672,0.018945,0.978384,niche,1
13419,0.000591,0.003377,0.996032,niche,1
13420,0.012204,0.096059,0.891738,niche,1
13421,0.016794,0.17519,0.808016,niche,1
13422,0.004785,0.167916,0.827299,niche,1
13423,0.000937,0.110304,0.888759,niche,1
13424,0.026492,0.125865,0.847643,niche,1
13425,0.081702,0.551504,0.366793,mainstream,1
13426,0.085153,0.082083,0.832764,niche,1
13427,0.031445,0.085879,0.882676,niche,1
13428,0.001765,0.95655,0.041685,mainstream,1
13429,0.002724,0.035306,0.96197,niche,1
13430,0.002243,0.021833,0.975924,niche,1
13431,0.070575,0.132112,0.797313,niche,1
13432,0.009644,0.153785,0.836571,niche,1
13433,0.00015,0.017192,0.982657,niche,1
13434,0.041221,0.640099,0.318679,mainstream,1
13435,0.000107,0.004935,0.994958,niche,1
13436,0.002047,0.073482,0.924471,niche,1
13437,0.048691,0.079762,0.871547,niche,1
13438,0.991303,0.00676,0.001937,pop,1
13439,0.01871,0.114327,0.866963,niche,1
13440,4.2e-05,0.000479,0.999479,niche,1
13441,0.001005,0.0022,0.996795,niche,1
13442,0.018264,0.008456,0.97328,niche,1
13443,0.730066,0.042291,0.227643,pop,1
13444,0.749593,0.037063,0.213344,pop,1
13445,0.090111,0.297874,0.612015,niche,1
13446,0.000669,0.385905,0.613426,niche,1
13447,0.064305,0.031778,0.903918,niche,1
13448,0.011435,0.914278,0.074287,mainstream,1
13449,0.803756,0.135414,0.060829,pop,1
13450,0.001057,0.16488,0.834063,niche,1
13451,0.016351,0.080148,0.903501,niche,1
13452,0.007498,0.134854,0.857648,niche,1
13453,0.114058,0.705607,0.180335,mainstream,1
13454,0.004232,0.143753,0.852016,niche,1
13455,0.005342,0.023407,0.971251,niche,1
13456,0.393011,0.014938,0.592051,niche,1
13457,0.001518,0.030642,0.96784,niche,1
13458,0.010344,0.204921,0.784735,niche,1
13459,0.002729,0.117011,0.880259,niche,1
13460,0.001772,0.105243,0.892986,niche,1
13461,0.015995,0.012494,0.971512,niche,1
13462,0.001036,0.093369,0.905595,niche,1
13463,0.011399,0.019956,0.968645,niche,1
13464,0.000742,0.049235,0.950023,niche,1
13465,0.100188,0.113727,0.786085,niche,1
13466,0.515283,0.275179,0.209538,pop,1
13467,0.093083,0.447078,0.459838,niche,1
13468,0.004587,0.009592,0.985821,niche,1
13469,0.000841,0.000875,0.998283,niche,1
13470,0.029144,0.273566,0.69729,niche,1
13471,0.002893,0.005225,0.991882,niche,1
13472,0.039706,0.489306,0.470988,mainstream,1
13473,0.000215,0.017125,0.98266,niche,1
13474,0.036057,0.93693,0.027013,mainstream,1
13475,0.226579,0.503144,0.270277,mainstream,1
13476,0.022517,0.643782,0.333701,mainstream,1
13477,0.010336,0.070683,0.918981,niche,1
13478,0.007597,0.542406,0.449996,mainstream,1
13479,0.008821,0.179118,0.812061,niche,1
13480,0.070768,0.55852,0.370712,mainstream,1
13481,0.000215,0.001407,0.998378,niche,1
13482,0.001742,0.110222,0.888035,niche,1
13483,0.994376,0.005359,0.000265,pop,1
13484,0.002464,0.018554,0.978982,niche,1
13485,0.001425,0.108508,0.890067,niche,1
13486,0.000279,0.00155,0.998171,niche,1
13487,0.002316,0.036205,0.961479,niche,1
13488,0.070724,0.449909,0.479366,niche,1
13489,9e-05,0.013608,0.986302,niche,1
13490,0.009479,0.944364,0.046157,mainstream,1
13491,0.001703,0.302564,0.695733,niche,1
13492,0.025609,0.121959,0.852432,niche,1
13493,0.004272,0.089931,0.905798,niche,1
13494,0.002915,0.043774,0.953311,niche,1
13495,0.003878,0.390757,0.605365,niche,1
13496,0.002092,0.767182,0.230726,mainstream,1
13497,0.003697,0.021953,0.97435,niche,1
13498,0.01511,0.447031,0.537859,niche,1
13499,0.016032,0.045176,0.938792,niche,1
13500,0.000359,0.065841,0.9338,niche,1
13501,0.00014,0.000913,0.998947,niche,1
13502,0.002469,0.008986,0.988545,niche,1
13503,0.005444,0.011186,0.98337,niche,1
13504,0.964957,0.005719,0.029325,pop,1
13505,0.003527,0.23743,0.759043,niche,1
13506,0.39092,0.498491,0.11059,mainstream,1
13507,0.008348,0.941928,0.049724,mainstream,1
13508,0.191617,0.296368,0.512015,niche,1
13509,0.055832,0.020404,0.923763,niche,1
13510,0.000716,0.454217,0.545067,niche,1
13511,0.010276,0.007985,0.981739,niche,1
13512,0.004738,0.118782,0.87648,niche,1
13513,0.002711,0.263115,0.734174,niche,1
13514,0.000942,0.032457,0.966602,niche,1
13515,0.003415,0.044265,0.95232,niche,1
13516,0.004332,0.826525,0.169143,mainstream,1
13517,0.918124,0.027867,0.054009,pop,1
13518,0.581346,0.296243,0.122411,pop,1
13519,0.001754,0.490717,0.507529,niche,1
13520,0.063992,0.079052,0.856955,niche,1
13521,0.000436,0.155082,0.844483,niche,1
13522,0.000262,0.017369,0.982368,niche,1
13523,0.039346,0.065583,0.895071,niche,1
13524,0.001856,0.945604,0.052541,mainstream,1
13525,5.2e-05,0.005575,0.994374,niche,1
13526,0.00019,0.079224,0.920586,niche,1
13527,0.408596,0.554342,0.037062,mainstream,1
13528,0.000176,0.004355,0.995468,niche,1
13529,0.027213,0.291571,0.681216,niche,1
13530,0.097757,0.115645,0.786598,niche,1
13531,0.902346,0.087187,0.010467,pop,1
13532,0.009634,0.270008,0.720357,niche,1
13533,0.005398,0.061441,0.933161,niche,1
13534,0.002278,0.009571,0.988151,niche,1
13535,0.003364,0.867322,0.129314,mainstream,1
13536,0.029338,0.009403,0.961259,niche,1
13537,0.070335,0.193149,0.736515,niche,1
13538,0.010853,0.06355,0.925597,niche,1
13539,0.038088,0.169796,0.792116,niche,1
13540,0.000635,0.010937,0.988428,niche,1
13541,0.051897,0.781706,0.166397,mainstream,1
13542,0.003248,0.812657,0.184095,mainstream,1
13543,0.021575,0.097819,0.880606,niche,1
13544,0.000817,0.078786,0.920397,niche,1
13545,0.011699,0.022213,0.966088,niche,1
13546,0.042759,0.116558,0.840683,niche,1
13547,0.017045,0.007629,0.975326,niche,1
13548,0.236137,0.714225,0.049638,mainstream,1
13549,0.165584,0.171842,0.662573,niche,1
13550,0.014215,0.085543,0.900242,niche,1
13551,0.245131,0.541633,0.213236,mainstream,1
13552,0.001461,0.089639,0.9089,niche,1
13553,0.004701,0.882219,0.11308,mainstream,1
13554,0.000489,0.044833,0.954678,niche,1
13555,0.002662,0.199444,0.797895,niche,1
13556,0.009494,0.007528,0.982978,niche,1
13557,0.020271,0.023231,0.956498,niche,1
13558,0.007774,0.00445,0.987776,niche,1
13559,0.015596,0.649362,0.335041,mainstream,1
13560,0.208272,0.205569,0.586159,niche,1
13561,0.206048,0.281298,0.512653,niche,1
13562,0.001258,0.949092,0.04965,mainstream,1
13563,0.000712,0.048235,0.951053,niche,1
13564,0.001315,0.949972,0.048713,mainstream,1
13565,0.045913,0.557048,0.397039,mainstream,1
13566,0.039611,0.106016,0.854373,niche,1
13567,0.048459,0.073404,0.878137,niche,1
13568,0.000587,0.001331,0.998082,niche,1
13569,0.904081,0.081175,0.014744,pop,1
13570,0.881479,0.107754,0.010767,pop,1
13571,0.323528,0.121983,0.554489,niche,1
13572,0.286903,0.515356,0.197742,mainstream,1
13573,0.012984,0.118603,0.868413,niche,1
13574,0.248571,0.378905,0.372523,mainstream,1
13575,0.111903,0.613304,0.274793,mainstream,1
13576,0.070592,0.421842,0.507566,niche,1
13577,0.008835,0.423566,0.567598,niche,1
13578,0.951924,0.02322,0.024856,pop,1
13579,0.148007,0.250688,0.601305,niche,1
13580,0.004631,0.003027,0.992342,niche,1
13581,0.01223,0.939515,0.048255,mainstream,1
13582,0.102978,0.073858,0.823164,niche,1
13583,6e-05,0.004864,0.995076,niche,1
13584,0.008503,0.118267,0.87323,niche,1
13585,0.006422,0.271623,0.721954,niche,1
13586,0.018357,0.915556,0.066087,mainstream,1
13587,0.038389,0.142076,0.819535,niche,1
13588,0.043891,0.930466,0.025644,mainstream,1
13589,0.681454,0.185282,0.133264,pop,1
13590,0.001484,0.069831,0.928685,niche,1
13591,0.001414,0.002024,0.996562,niche,1
13592,0.396137,0.209787,0.394076,pop,1
13593,0.145987,0.181042,0.672971,niche,1
13594,0.067475,0.043305,0.889219,niche,1
13595,0.007838,0.919836,0.072325,mainstream,1
13596,0.004155,0.022934,0.97291,niche,1
13597,0.005044,0.494959,0.499998,niche,1
13598,0.008838,0.83021,0.160952,mainstream,1
13599,0.001809,0.151588,0.846603,niche,1
13600,0.00825,0.004696,0.987054,niche,1
13601,0.000637,0.009461,0.989903,niche,1
13602,0.289034,0.13304,0.577926,niche,1
13603,0.06117,0.356258,0.582573,niche,1
13604,0.016064,0.053056,0.93088,niche,1
13605,0.976749,0.013585,0.009667,pop,1
13606,0.00564,0.951302,0.043058,mainstream,1
13607,0.027406,0.946314,0.02628,mainstream,1
13608,0.991625,0.00075,0.007625,pop,1
13609,0.013551,0.952829,0.03362,mainstream,1
13610,0.003796,0.036599,0.959605,niche,1
13611,0.166266,0.340135,0.493599,niche,1
13612,0.99331,0.005734,0.000956,pop,1
13613,0.017004,0.036083,0.946913,niche,1
13614,0.000106,0.009829,0.990065,niche,1
13615,0.005156,0.022914,0.97193,niche,1
13616,0.080572,0.726238,0.19319,mainstream,1
13617,0.043082,0.122198,0.83472,niche,1
13618,0.307773,0.349882,0.342345,mainstream,1
13619,0.896312,0.056217,0.04747,pop,1
13620,0.085921,0.750019,0.164059,mainstream,1
13621,0.155465,0.395624,0.448911,niche,1
13622,0.002297,0.002943,0.994761,niche,1
13623,0.077274,0.226899,0.695826,niche,1
13624,0.001607,0.004683,0.99371,niche,1
13625,0.000245,0.036815,0.96294,niche,1
13626,0.224418,0.049365,0.726217,niche,1
13627,0.000101,0.001505,0.998394,niche,1
13628,0.004313,0.251744,0.743942,niche,1
13629,0.990825,0.008773,0.000401,pop,1
13630,0.009314,0.903135,0.087551,mainstream,1
13631,0.043503,0.742501,0.213996,mainstream,1
13632,0.124181,0.727973,0.147846,mainstream,1
13633,0.073985,0.046806,0.879208,niche,1
13634,0.068831,0.121138,0.810031,niche,1
13635,0.190764,0.204512,0.604724,niche,1
13636,7.5e-05,0.002085,0.99784,niche,1
13637,0.003017,0.021673,0.97531,niche,1
13638,0.010151,0.36561,0.624239,niche,1
13639,0.000224,0.001514,0.998262,niche,1
13640,0.025078,0.934588,0.040334,mainstream,1
13641,0.034181,0.848815,0.117005,mainstream,1
13642,0.013882,0.044923,0.941196,niche,1
13643,0.006087,0.034647,0.959266,niche,1
13644,0.000125,0.043103,0.956772,niche,1
13645,5.9e-05,0.004325,0.995616,niche,1
13646,0.000906,0.012979,0.986115,niche,1
13647,0.038285,0.161252,0.800464,niche,1
13648,0.027131,0.827187,0.145682,mainstream,1
13649,0.015242,0.932729,0.052029,mainstream,1
13650,0.110358,0.043583,0.846059,niche,1
13651,0.014765,0.576391,0.408844,mainstream,1
13652,0.007362,0.080484,0.912155,niche,1
13653,0.014669,0.672666,0.312665,mainstream,1
13654,0.000144,0.000597,0.999259,niche,1
13655,0.119503,0.45421,0.426287,mainstream,1
13656,0.010257,0.102585,0.887158,niche,1
13657,0.007313,0.028325,0.964362,niche,1
13658,0.001895,0.016958,0.981147,niche,1
13659,0.001553,0.876169,0.122278,mainstream,1
13660,0.035339,0.723202,0.241459,mainstream,1
13661,0.000117,0.008562,0.991321,niche,1
13662,0.000708,0.004555,0.994737,niche,1
13663,0.001685,0.266871,0.731444,niche,1
13664,0.405124,0.260676,0.334199,pop,1
13665,0.974155,0.019451,0.006394,pop,1
13666,0.018599,0.271953,0.709448,niche,1
13667,9e-06,0.004184,0.995808,niche,1
13668,0.001317,0.930208,0.068474,mainstream,1
13669,0.173051,0.13938,0.687569,niche,1
13670,0.020942,0.02001,0.959048,niche,1
13671,0.339148,0.24989,0.410963,niche,1
13672,0.005227,0.040595,0.954178,niche,1
13673,0.073404,0.686787,0.239809,mainstream,1
13674,0.927198,0.062632,0.01017,pop,1
13675,0.002212,0.229666,0.768122,niche,1
13676,4.8e-05,0.003115,0.996837,niche,1
13677,0.004778,0.055208,0.940014,niche,1
13678,0.018,0.218985,0.763015,niche,1
13679,0.000346,0.000446,0.999208,niche,1
13680,0.005939,0.015919,0.978142,niche,1
13681,2.9e-05,0.000478,0.999492,niche,1
13682,0.127166,0.437423,0.435411,mainstream,1
13683,3.6e-05,8.5e-05,0.999878,niche,1
13684,0.000711,0.001808,0.997482,niche,1
13685,1e-05,4.4e-05,0.999946,niche,1
13686,1.3e-05,0.000259,0.999728,niche,1
13687,0.072159,0.143316,0.784525,niche,1
13688,0.015091,0.009502,0.975407,niche,1
13689,2e-05,4.8e-05,0.999932,niche,1
13690,0.000827,0.017378,0.981795,niche,1
13691,0.000876,0.000978,0.998146,niche,1
13692,1.7e-05,5.4e-05,0.99993,niche,1
13693,2.7e-05,0.000154,0.999819,niche,1
13694,0.000643,0.075324,0.924033,niche,1
13695,0.000528,0.002275,0.997197,niche,1
13696,2e-06,1.3e-05,0.999986,niche,1
13697,0.000911,0.000442,0.998647,niche,1
13698,0.06743,0.003181,0.929389,niche,1
13699,0.982133,0.001537,0.016331,pop,1
13700,0.016802,0.043444,0.939754,niche,1
13701,5.2e-05,0.000311,0.999637,niche,1
13702,0.000247,0.001163,0.99859,niche,1
13703,0.000118,0.000277,0.999605,niche,1
13704,0.045012,0.006677,0.948311,niche,1
13705,0.000552,0.005793,0.993655,niche,1
13706,0.041257,0.007111,0.951632,niche,1
13707,0.069541,0.003507,0.926951,niche,1
13708,0.012116,0.006813,0.98107,niche,1
13709,0.130759,0.046596,0.822645,niche,1
13710,0.038145,0.412952,0.548902,niche,1
13711,0.000131,0.000199,0.999671,niche,1
13712,3.9e-05,0.000109,0.999852,niche,1
13713,0.035162,0.015258,0.94958,niche,1
13714,0.014395,0.038473,0.947132,niche,1
13715,0.001025,0.015327,0.983648,niche,1
13716,0.001548,0.091458,0.906994,niche,1
13717,8.1e-05,0.002551,0.997368,niche,1
13718,0.000332,0.01742,0.982248,niche,1
13719,0.051367,0.003862,0.944771,niche,1
13720,0.001075,0.008711,0.990214,niche,1
13721,0.003719,0.06588,0.930401,niche,1
13722,0.014191,0.190697,0.795112,niche,1
13723,0.005882,0.029919,0.964199,niche,1
13724,0.003048,0.044126,0.952826,niche,1
13725,0.057602,0.064713,0.877686,niche,1
13726,0.004491,0.000396,0.995113,niche,1
13727,0.001124,0.000596,0.998279,niche,1
13728,0.013303,0.043115,0.943583,niche,1
13729,6.2e-05,7.7e-05,0.999861,niche,1
13730,0.000223,0.001796,0.997981,niche,1
13731,1e-05,6e-05,0.99993,niche,1
13732,0.029942,0.288478,0.68158,niche,1
13733,0.008768,0.089433,0.901798,niche,1
13734,0.00985,0.059855,0.930295,niche,1
13735,2.5e-05,0.001235,0.99874,niche,1
13736,0.000126,0.000669,0.999205,niche,1
13737,1.8e-05,7.5e-05,0.999907,niche,1
13738,0.003208,0.147472,0.84932,niche,1
13739,0.004365,0.002244,0.99339,niche,1
13740,0.02163,0.108648,0.869722,niche,1
13741,0.000561,0.151924,0.847515,niche,1
13742,0.005743,0.007936,0.986321,niche,1
13743,0.003841,0.038513,0.957646,niche,1
13744,0.178781,0.275313,0.545905,niche,1
13745,0.027437,0.13234,0.840223,niche,1
13746,0.020194,0.060157,0.919649,niche,1
13747,0.000545,0.00046,0.998995,niche,1
13748,6.8e-05,0.000619,0.999313,niche,1
13749,0.001249,0.03041,0.968341,niche,1
13750,0.024335,0.748087,0.227578,mainstream,1
13751,2.3e-05,9.3e-05,0.999883,niche,1
13752,0.010503,0.006015,0.983482,niche,1
13753,0.004175,0.000197,0.995628,niche,1
13754,0.002861,0.036526,0.960612,niche,1
13755,0.000191,0.012745,0.987064,niche,1
13756,3.3e-05,0.000181,0.999786,niche,1
13757,0.621992,0.258189,0.119819,pop,1
13758,2e-06,0.000111,0.999887,niche,1
13759,3.1e-05,0.000219,0.99975,niche,1
13760,1.1e-05,0.000106,0.999883,niche,1
13761,0.101101,0.066704,0.832194,niche,1
13762,0.137787,0.06527,0.796943,niche,1
13763,4.7e-05,0.000171,0.999783,niche,1
13764,6.3e-05,0.000197,0.99974,niche,1
13765,0.000126,0.000465,0.999408,niche,1
13766,0.000203,0.000907,0.99889,niche,1
13767,0.002914,0.013389,0.983696,niche,1
13768,0.000299,0.000744,0.998958,niche,1
13769,0.000327,0.000355,0.999318,niche,1
13770,0.000113,0.000195,0.999692,niche,1
13771,0.006618,0.653687,0.339695,mainstream,1
13772,0.005575,0.040615,0.95381,niche,1
13773,0.000685,0.002582,0.996732,niche,1
13774,0.014543,0.174217,0.811241,niche,1
13775,0.144626,0.123767,0.731606,niche,1
13776,0.000181,0.002001,0.997817,niche,1
13777,0.000164,0.005569,0.994268,niche,1
13778,0.001805,0.004265,0.99393,niche,1
13779,0.383836,0.055286,0.560879,niche,1
13780,0.00099,0.00259,0.996419,niche,1
13781,0.000667,0.002108,0.997226,niche,1
13782,1.2e-05,0.000645,0.999343,niche,1
13783,0.004731,0.010494,0.984775,niche,1
13784,0.009002,0.004535,0.986463,niche,1
13785,0.173796,0.129369,0.696835,niche,1
13786,1.4e-05,0.000265,0.999722,niche,1
13787,0.000495,0.015518,0.983987,niche,1
13788,0.905859,0.028289,0.065852,pop,1
13789,0.002235,0.049959,0.947805,niche,1
13790,0.003882,0.94554,0.050577,mainstream,1
13791,0.147586,0.366248,0.486167,niche,1
13792,0.007946,0.1936,0.798453,niche,1
13793,8e-06,0.000111,0.999882,niche,1
13794,0.001266,0.430549,0.568184,niche,1
13795,0.001954,0.009531,0.988514,niche,1
13796,0.002168,0.025888,0.971944,niche,1
13797,0.000966,0.001059,0.997975,niche,1
13798,3.7e-05,0.002397,0.997566,niche,1
13799,0.000595,0.002285,0.99712,niche,1
13800,0.000123,0.010201,0.989676,niche,1
13801,0.000829,0.030249,0.968921,niche,1
13802,0.003131,0.012087,0.984783,niche,1
13803,0.001072,0.020817,0.97811,niche,1
13804,0.991083,0.001896,0.00702,pop,1
13805,0.006571,0.024927,0.968502,niche,1
13806,0.010703,0.028833,0.960464,niche,1
13807,0.288257,0.002539,0.709204,niche,1
13808,0.012607,0.062773,0.924621,niche,1
13809,0.0001,0.000842,0.999058,niche,1
13810,0.000176,0.004082,0.995742,niche,1
13811,0.00087,0.005709,0.993421,niche,1
13812,6e-05,5.6e-05,0.999884,niche,1
13813,0.001679,0.002809,0.995512,niche,1
13814,0.000238,0.001534,0.998227,niche,1
13815,0.000668,0.002096,0.997236,niche,1
13816,0.00109,0.000451,0.998459,niche,1
13817,0.001742,0.023126,0.975131,niche,1
13818,0.004191,0.01288,0.982929,niche,1
13819,0.002625,0.027684,0.969691,niche,1
13820,0.000595,0.009141,0.990264,niche,1
13821,0.005232,0.011471,0.983297,niche,1
13822,3.2e-05,0.00163,0.998337,niche,1
13823,0.524564,0.33714,0.138296,pop,1
13824,0.002706,0.508717,0.488577,mainstream,1
13825,0.001444,0.002172,0.996384,niche,1
13826,0.038706,0.51914,0.442154,mainstream,1
13827,0.001894,0.052321,0.945784,niche,1
13828,0.002737,0.002486,0.994777,niche,1
13829,0.001549,0.004612,0.993839,niche,1
13830,0.000174,0.069839,0.929987,niche,1
13831,0.020422,0.01449,0.965088,niche,1
13832,8.7e-05,0.011741,0.988172,niche,1
13833,0.082246,0.122646,0.795108,niche,1
13834,0.07893,0.125469,0.795601,niche,1
13835,0.001625,0.009601,0.988774,niche,1
13836,0.004902,0.010707,0.984391,niche,1
13837,0.005177,0.405384,0.589439,niche,1
13838,0.103511,0.039773,0.856716,niche,1
13839,0.002656,0.680136,0.317207,mainstream,1
13840,0.002838,0.127219,0.869942,niche,1
13841,0.006718,0.013712,0.97957,niche,1
13842,0.003802,0.740519,0.255678,mainstream,1
13843,0.000735,0.006249,0.993017,niche,1
13844,0.014915,0.280661,0.704425,niche,1
13845,0.004744,0.004198,0.991058,niche,1
13846,0.000136,0.000698,0.999166,niche,1
13847,0.014233,0.470214,0.515552,niche,1
13848,0.000726,0.098984,0.90029,niche,1
13849,0.095776,0.013169,0.891054,niche,1
13850,0.02778,0.644694,0.327526,mainstream,1
13851,0.006269,0.501207,0.492524,mainstream,1
13852,0.000469,0.041936,0.957595,niche,1
13853,0.001045,0.003674,0.995281,niche,1
13854,0.001571,0.040449,0.957979,niche,1
13855,0.530062,0.066418,0.40352,pop,1
13856,0.000123,0.028977,0.9709,niche,1
13857,0.017947,0.024642,0.957411,niche,1
13858,0.002366,0.032803,0.964831,niche,1
13859,0.013342,0.071574,0.915083,niche,1
13860,0.644043,0.327694,0.028262,pop,1
13861,0.012196,0.166947,0.820857,niche,1
13862,0.997157,0.002374,0.000468,pop,1
13863,0.001011,0.046415,0.952574,niche,1
13864,0.037088,0.177375,0.785537,niche,1
13865,0.004271,0.037598,0.958131,niche,1
13866,0.994932,0.003507,0.001561,pop,1
13867,0.000482,0.000173,0.999345,niche,1
13868,0.095781,0.00194,0.90228,niche,1
13869,0.007342,0.924019,0.068639,mainstream,1
13870,0.003604,0.013959,0.982437,niche,1
13871,0.000312,0.051957,0.94773,niche,1
13872,0.702451,0.226086,0.071464,pop,1
13873,0.027987,0.169658,0.802354,niche,1
13874,0.001001,0.066551,0.932448,niche,1
13875,0.002913,0.781195,0.215893,mainstream,1
13876,0.009484,0.081031,0.909485,niche,1
13877,0.000577,0.019593,0.97983,niche,1
13878,0.003229,0.251765,0.745007,niche,1
13879,0.061497,0.265533,0.672971,niche,1
13880,7.4e-05,0.00135,0.998576,niche,1
13881,1.6e-05,0.0003,0.999684,niche,1
13882,0.005591,0.06571,0.928699,niche,1
13883,0.001084,0.03078,0.968136,niche,1
13884,0.00803,0.220527,0.771443,niche,1
13885,0.463119,0.188137,0.348744,pop,1
13886,0.003116,0.03705,0.959834,niche,1
13887,0.006915,0.072366,0.920719,niche,1
13888,0.001467,0.268605,0.729929,niche,1
13889,0.188103,0.182652,0.629245,niche,1
13890,0.001685,0.823217,0.175098,mainstream,1
13891,0.043189,0.367814,0.588998,niche,1
13892,0.011657,0.047522,0.940821,niche,1
13893,0.007167,0.004353,0.988479,niche,1
13894,0.01296,0.032336,0.954705,niche,1
13895,0.01516,0.093622,0.891218,niche,1
13896,0.069405,0.026834,0.903761,niche,1
13897,0.027444,0.018861,0.953696,niche,1
13898,0.006175,0.102454,0.891371,niche,1
13899,0.002579,0.152237,0.845183,niche,1
13900,0.005046,0.60047,0.394484,mainstream,1
13901,0.001479,0.719814,0.278707,mainstream,1
13902,0.000222,0.007914,0.991864,niche,1
13903,0.002168,0.016937,0.980896,niche,1
13904,0.007474,0.056707,0.935819,niche,1
13905,0.026353,0.047111,0.926536,niche,1
13906,0.047555,0.409004,0.543441,niche,1
13907,0.012724,0.22068,0.766596,niche,1
13908,0.000452,0.263425,0.736122,niche,1
13909,0.00015,0.002118,0.997733,niche,1
13910,0.049769,0.547772,0.402459,mainstream,1
13911,0.017151,0.025378,0.957471,niche,1
13912,0.04444,0.772371,0.183189,mainstream,1
13913,0.001435,0.032624,0.965941,niche,1
13914,0.004765,0.54867,0.446565,mainstream,1
13915,0.000252,0.002057,0.997691,niche,1
13916,2.3e-05,0.001662,0.998314,niche,1
13917,8.6e-05,0.007592,0.992322,niche,1
13918,0.010609,0.034264,0.955127,niche,1
13919,0.01582,0.662134,0.322046,mainstream,1
13920,0.083081,0.384022,0.532897,niche,1
13921,0.02797,0.049597,0.922433,niche,1
13922,0.000786,0.002281,0.996933,niche,1
13923,0.097767,0.03402,0.868213,niche,1
13924,0.001622,0.14654,0.851838,niche,1
13925,6.4e-05,0.012173,0.987762,niche,1
13926,0.000291,0.023185,0.976524,niche,1
13927,0.000621,0.014583,0.984797,niche,1
13928,0.003488,0.002819,0.993694,niche,1
13929,0.002812,0.001156,0.996032,niche,1
13930,0.004953,0.097067,0.89798,niche,1
13931,0.033443,0.03057,0.935987,niche,1
13932,0.004161,0.614647,0.381192,mainstream,1
13933,0.003198,0.156486,0.840316,niche,1
13934,0.003787,0.608756,0.387457,mainstream,1
13935,0.012636,0.794016,0.193349,mainstream,1
13936,0.00033,0.030919,0.968751,niche,1
13937,0.000862,0.020487,0.978651,niche,1
13938,0.001805,0.133986,0.864209,niche,1
13939,0.027978,0.008954,0.963068,niche,1
13940,0.075324,0.545403,0.379273,mainstream,1
13941,0.001375,0.01539,0.983235,niche,1
13942,0.000119,0.001022,0.998859,niche,1
13943,0.000463,0.003265,0.996271,niche,1
13944,0.000443,0.001673,0.997884,niche,1
13945,0.004169,0.084583,0.911248,niche,1
13946,0.000131,0.004524,0.995346,niche,1
13947,3.2e-05,0.003237,0.996731,niche,1
13948,0.000346,0.000446,0.999208,niche,1
13949,0.005939,0.015919,0.978142,niche,1
13950,2.9e-05,0.000478,0.999492,niche,1
13951,0.127166,0.437423,0.435411,mainstream,1
13952,3.6e-05,8.5e-05,0.999878,niche,1
13953,0.000711,0.001808,0.997482,niche,1
13954,1e-05,4.4e-05,0.999946,niche,1
13955,1.3e-05,0.000259,0.999728,niche,1
13956,0.072159,0.143316,0.784525,niche,1
13957,0.015091,0.009502,0.975407,niche,1
13958,2e-05,4.8e-05,0.999932,niche,1
13959,0.000827,0.017378,0.981795,niche,1
13960,0.000876,0.000978,0.998146,niche,1
13961,1.7e-05,5.4e-05,0.99993,niche,1
13962,2.7e-05,0.000154,0.999819,niche,1
13963,0.000528,0.002275,0.997197,niche,1
13964,2e-06,1.3e-05,0.999986,niche,1
13965,0.000911,0.000442,0.998647,niche,1
13966,0.06743,0.003181,0.929389,niche,1
13967,0.982133,0.001537,0.016331,pop,1
13968,5.2e-05,0.000311,0.999637,niche,1
13969,0.000247,0.001163,0.99859,niche,1
13970,0.000118,0.000277,0.999605,niche,1
13971,0.045012,0.006677,0.948311,niche,1
13972,0.000552,0.005793,0.993655,niche,1
13973,0.041257,0.007111,0.951632,niche,1
13974,0.069541,0.003507,0.926951,niche,1
13975,0.012116,0.006813,0.98107,niche,1
13976,0.130759,0.046596,0.822645,niche,1
13977,0.038145,0.412952,0.548902,niche,1
13978,0.000131,0.000199,0.999671,niche,1
13979,3.9e-05,0.000109,0.999852,niche,1
13980,0.035162,0.015258,0.94958,niche,1
13981,0.001025,0.015327,0.983648,niche,1
13982,8.1e-05,0.002551,0.997368,niche,1
13983,0.000332,0.01742,0.982248,niche,1
13984,0.051367,0.003862,0.944771,niche,1
13985,0.001075,0.008711,0.990214,niche,1
13986,0.003719,0.06588,0.930401,niche,1
13987,0.000907,0.024419,0.974673,niche,1
13988,0.005882,0.029919,0.964199,niche,1
13989,0.003048,0.044126,0.952826,niche,1
13990,0.057602,0.064713,0.877686,niche,1
13991,4.4e-05,0.002355,0.997601,niche,1
13992,0.004491,0.000396,0.995113,niche,1
13993,0.001124,0.000596,0.998279,niche,1
13994,0.013303,0.043115,0.943583,niche,1
13995,6.2e-05,7.7e-05,0.999861,niche,1
13996,0.000223,0.001796,0.997981,niche,1
13997,1e-05,6e-05,0.99993,niche,1
13998,0.029942,0.288478,0.68158,niche,1
13999,0.008768,0.089433,0.901798,niche,1
14000,0.00985,0.059855,0.930295,niche,1
14001,2.5e-05,0.001235,0.99874,niche,1
14002,0.000126,0.000669,0.999205,niche,1
14003,1.8e-05,7.5e-05,0.999907,niche,1
14004,0.003208,0.147472,0.84932,niche,1
14005,0.004365,0.002244,0.99339,niche,1
14006,0.02163,0.108648,0.869722,niche,1
14007,0.005743,0.007936,0.986321,niche,1
14008,0.178781,0.275313,0.545905,niche,1
14009,0.027437,0.13234,0.840223,niche,1
14010,0.020194,0.060157,0.919649,niche,1
14011,0.000545,0.00046,0.998995,niche,1
14012,0.001386,0.063446,0.935168,niche,1
14013,0.001249,0.03041,0.968341,niche,1
14014,0.024335,0.748087,0.227578,mainstream,1
14015,2.3e-05,9.3e-05,0.999883,niche,1
14016,0.010503,0.006015,0.983482,niche,1
14017,0.004175,0.000197,0.995628,niche,1
14018,0.000191,0.012745,0.987064,niche,1
14019,3.3e-05,0.000181,0.999786,niche,1
14020,3.1e-05,0.000219,0.99975,niche,1
14021,1.1e-05,0.000106,0.999883,niche,1
14022,0.101101,0.066704,0.832194,niche,1
14023,0.137787,0.06527,0.796943,niche,1
14024,4.7e-05,0.000171,0.999783,niche,1
14025,6.3e-05,0.000197,0.99974,niche,1
14026,0.000126,0.000465,0.999408,niche,1
14027,0.000203,0.000907,0.99889,niche,1
14028,0.002914,0.013389,0.983696,niche,1
14029,0.000299,0.000744,0.998958,niche,1
14030,0.000327,0.000355,0.999318,niche,1
14031,0.000113,0.000195,0.999692,niche,1
14032,0.005575,0.040615,0.95381,niche,1
14033,0.000685,0.002582,0.996732,niche,1
14034,0.014543,0.174217,0.811241,niche,1
14035,0.000164,0.005569,0.994268,niche,1
14036,0.001805,0.004265,0.99393,niche,1
14037,0.383836,0.055286,0.560879,niche,1
14038,0.00099,0.00259,0.996419,niche,1
14039,0.001605,0.003318,0.995076,niche,1
14040,0.000667,0.002108,0.997226,niche,1
14041,1.2e-05,0.000645,0.999343,niche,1
14042,0.004731,0.010494,0.984775,niche,1
14043,0.009002,0.004535,0.986463,niche,1
14044,0.173796,0.129369,0.696835,niche,1
14045,1.4e-05,0.000265,0.999722,niche,1
14046,0.905859,0.028289,0.065852,pop,1
14047,0.002235,0.049959,0.947805,niche,1
14048,0.00035,0.004286,0.995363,niche,1
14049,0.147586,0.366248,0.486167,niche,1
14050,8e-06,0.000111,0.999882,niche,1
14051,0.000736,0.000989,0.998275,niche,1
14052,0.001954,0.009531,0.988514,niche,1
14053,0.002168,0.025888,0.971944,niche,1
14054,0.000966,0.001059,0.997975,niche,1
14055,3.7e-05,0.002397,0.997566,niche,1
14056,0.001675,0.164879,0.833446,niche,1
14057,0.000595,0.002285,0.99712,niche,1
14058,0.000123,0.010201,0.989676,niche,1
14059,2.2e-05,0.000198,0.99978,niche,1
14060,0.000829,0.030249,0.968921,niche,1
14061,0.028858,0.104071,0.867071,niche,1
14062,0.001072,0.020817,0.97811,niche,1
14063,0.000432,0.001187,0.998381,niche,1
14064,0.991083,0.001896,0.00702,pop,1
14065,0.006571,0.024927,0.968502,niche,1
14066,0.010703,0.028833,0.960464,niche,1
14067,0.288257,0.002539,0.709204,niche,1
14068,0.012607,0.062773,0.924621,niche,1
14069,0.0001,0.000842,0.999058,niche,1
14070,0.000176,0.004082,0.995742,niche,1
14071,0.004712,0.010624,0.984664,niche,1
14072,0.039119,0.081917,0.878964,niche,1
14073,0.000526,0.000402,0.999072,niche,1
14074,0.00087,0.005709,0.993421,niche,1
14075,6e-05,5.6e-05,0.999884,niche,1
14076,0.001679,0.002809,0.995512,niche,1
14077,0.000238,0.001534,0.998227,niche,1
14078,0.000668,0.002096,0.997236,niche,1
14079,0.00109,0.000451,0.998459,niche,1
14080,0.647334,0.013129,0.339537,pop,1
14081,0.004191,0.01288,0.982929,niche,1
14082,0.066862,0.028797,0.904341,niche,1
14083,0.000595,0.009141,0.990264,niche,1
14084,0.005232,0.011471,0.983297,niche,1
14085,3.2e-05,0.00163,0.998337,niche,1
14086,0.007727,0.00412,0.988154,niche,1
14087,0.524564,0.33714,0.138296,pop,1
14088,0.002706,0.508717,0.488577,mainstream,1
14089,0.01265,0.049027,0.938323,niche,1
14090,0.001444,0.002172,0.996384,niche,1
14091,0.038706,0.51914,0.442154,mainstream,1
14092,0.001894,0.052321,0.945784,niche,1
14093,0.002737,0.002486,0.994777,niche,1
14094,0.004372,0.629395,0.366233,mainstream,1
14095,0.002614,0.429588,0.567798,niche,1
14096,0.000174,0.069839,0.929987,niche,1
14097,0.020422,0.01449,0.965088,niche,1
14098,8.7e-05,0.011741,0.988172,niche,1
14099,0.082246,0.122646,0.795108,niche,1
14100,0.07893,0.125469,0.795601,niche,1
14101,0.004902,0.010707,0.984391,niche,1
14102,0.002851,0.007171,0.989979,niche,1
14103,0.103511,0.039773,0.856716,niche,1
14104,0.020921,0.316285,0.662794,niche,1
14105,0.006718,0.013712,0.97957,niche,1
14106,0.000735,0.006249,0.993017,niche,1
14107,0.004416,0.804349,0.191235,mainstream,1
14108,0.000898,0.064863,0.934239,niche,1
14109,0.004744,0.004198,0.991058,niche,1
14110,0.000726,0.098984,0.90029,niche,1
14111,0.095776,0.013169,0.891054,niche,1
14112,0.02778,0.644694,0.327526,mainstream,1
14113,0.006269,0.501207,0.492524,mainstream,1
14114,0.000469,0.041936,0.957595,niche,1
14115,0.001045,0.003674,0.995281,niche,1
14116,0.004152,0.148253,0.847595,niche,1
14117,0.530062,0.066418,0.40352,pop,1
14118,0.017947,0.024642,0.957411,niche,1
14119,0.002366,0.032803,0.964831,niche,1
14120,0.013342,0.071574,0.915083,niche,1
14121,0.012196,0.166947,0.820857,niche,1
14122,0.001011,0.046415,0.952574,niche,1
14123,0.037088,0.177375,0.785537,niche,1
14124,0.004271,0.037598,0.958131,niche,1
14125,0.994932,0.003507,0.001561,pop,1
14126,0.000482,0.000173,0.999345,niche,1
14127,0.095781,0.00194,0.90228,niche,1
14128,0.007342,0.924019,0.068639,mainstream,1
14129,0.003604,0.013959,0.982437,niche,1
14130,0.017581,0.237196,0.745223,niche,1
14131,0.702451,0.226086,0.071464,pop,1
14132,0.027987,0.169658,0.802354,niche,1
14133,0.001001,0.066551,0.932448,niche,1
14134,0.009484,0.081031,0.909485,niche,1
14135,0.000647,0.043585,0.955768,niche,1
14136,0.000577,0.019593,0.97983,niche,1
14137,7.4e-05,0.00135,0.998576,niche,1
14138,0.037699,0.604279,0.358022,mainstream,1
14139,1.6e-05,0.0003,0.999684,niche,1
14140,0.005591,0.06571,0.928699,niche,1
14141,0.000287,0.326593,0.67312,niche,1
14142,0.00803,0.220527,0.771443,niche,1
14143,0.463119,0.188137,0.348744,pop,1
14144,0.003116,0.03705,0.959834,niche,1
14145,0.006915,0.072366,0.920719,niche,1
14146,0.188103,0.182652,0.629245,niche,1
14147,0.000249,0.004398,0.995353,niche,1
14148,0.000451,0.51495,0.484598,mainstream,1
14149,0.001263,0.868644,0.130094,mainstream,1
14150,0.011657,0.047522,0.940821,niche,1
14151,0.007167,0.004353,0.988479,niche,1
14152,0.01296,0.032336,0.954705,niche,1
14153,0.01516,0.093622,0.891218,niche,1
14154,0.069405,0.026834,0.903761,niche,1
14155,0.027444,0.018861,0.953696,niche,1
14156,0.006175,0.102454,0.891371,niche,1
14157,0.000222,0.007914,0.991864,niche,1
14158,0.002168,0.016937,0.980896,niche,1
14159,0.047555,0.409004,0.543441,niche,1
14160,0.000452,0.263425,0.736122,niche,1
14161,0.00015,0.002118,0.997733,niche,1
14162,0.049769,0.547772,0.402459,mainstream,1
14163,0.017151,0.025378,0.957471,niche,1
14164,0.04444,0.772371,0.183189,mainstream,1
14165,0.001435,0.032624,0.965941,niche,1
14166,0.000252,0.002057,0.997691,niche,1
14167,2.3e-05,0.001662,0.998314,niche,1
14168,8.6e-05,0.007592,0.992322,niche,1
14169,0.010609,0.034264,0.955127,niche,1
14170,0.083081,0.384022,0.532897,niche,1
14171,0.00021,0.003084,0.996705,niche,1
14172,0.000638,0.118111,0.881251,niche,1
14173,0.097767,0.03402,0.868213,niche,1
14174,0.001622,0.14654,0.851838,niche,1
14175,6.4e-05,0.012173,0.987762,niche,1
14176,7.2e-05,0.001875,0.998053,niche,1
14177,0.00101,0.099479,0.89951,niche,1
14178,0.000291,0.023185,0.976524,niche,1
14179,0.002812,0.001156,0.996032,niche,1
14180,0.004953,0.097067,0.89798,niche,1
14181,0.033443,0.03057,0.935987,niche,1
14182,0.004161,0.614647,0.381192,mainstream,1
14183,0.003198,0.156486,0.840316,niche,1
14184,0.003787,0.608756,0.387457,mainstream,1
14185,0.012636,0.794016,0.193349,mainstream,1
14186,0.00033,0.030919,0.968751,niche,1
14187,0.000862,0.020487,0.978651,niche,1
14188,0.001805,0.133986,0.864209,niche,1
14189,0.027978,0.008954,0.963068,niche,1
14190,0.001375,0.01539,0.983235,niche,1
14191,0.003118,0.411418,0.585464,niche,1
14192,0.000119,0.001022,0.998859,niche,1
14193,0.051397,0.07596,0.872643,niche,1
14194,0.019867,0.492449,0.487684,mainstream,1
14195,0.002048,0.347455,0.650496,niche,1
14196,0.000463,0.003265,0.996271,niche,1
14197,0.006987,0.270074,0.722939,niche,1
14198,0.000443,0.001673,0.997884,niche,1
14199,3.2e-05,0.003237,0.996731,niche,1
14200,0.02296,0.077819,0.899221,niche,1
