subtitle_id,pattern_match_id,title,subtitle,llm_market_tier,llm_market_tier_confidence,llm_market_tier_rationale
4503,10,"Slaves, masters, and the art of authority in Plautine comedy",,niche,0.99,Classical literature scholarship on Plautine comedy and authority structures.
7722,15,"Literature, art and the pursuit of decay in twentieth-century France",,niche,0.97,A literary-cultural study of twentieth-century France with an interpretive theme ('pursuit of decay') is squarely scholarly.
10300,20,"Knowledge, social institutions, and the division of labour",,niche,0.98,Economics/social theory terminology ('division of labour') signals an academic book for a specialized readership.
11733,23,Writing space,"computers, hypertext, and the remediation of print",niche,0.99,"Computers, hypertext, and print remediation are classic literary/media theory topics with a specialist academic market."
20502,39,Bootstrapping,"Douglas Engelbart, coevolution, and the origins of personal computing",mainstream,0.74,"The history of personal computing and Douglas Engelbart is accessible to a broad nonfiction audience, even if research-driven."
20671,40,"Brianna, Jamaica, and the Dance of Spring",,mainstream,0.61,"The named-character, story-like title feels accessible and trade-oriented, likely aimed at a general fiction or children's audience rather than specialists."
26141,51,The Institute for Learning and Teaching in Higher Education,"institutions, academics, and the assessment of prior experiential learning",niche,0.99,"This is clearly about higher-education institutions and experiential-learning assessment, pointing to a professional/academic audience."
43478,61,Urban environmental management in Addis Ababa,"problems, policies, perspectives, and the role of NGOs",niche,0.98,"A specialized academic-looking study of urban planning/environmental management in one city, aimed at scholars or practitioners rather than general readers."
46821,64,"Mao Zedong, Zhou Enlai and the evolution of the Chinese communist leadership",,niche,0.98,Chinese communist leadership history is a narrow political-history subject with specialist buyers.
117892,69,"Health, wealth, and the blessing of friends",,pop,0.62,"The title is simple, uplifting, and self-help-like, promising broad-life benefits in an instantly legible way."
225614,71,"Business, free enterprise and the organization of peace,",,niche,0.93,Political economy and peace studies phrasing suggests a scholarly monograph rather than a broad market book.
382615,83,"Fengpitou, Tapenkeng, and the prehistory of Taiwan",,niche,0.99,Archaeology/prehistory of Taiwan is a specialized scholarly subject with a narrow natural audience.
470473,107,System 37 Viggen,"Arms, technology and the demestication of glory",niche,0.97,Military hardware and technical history make this a specialist aviation/defense title.
531932,122,America by design,"science, technology, and the rise of corporate capitalism",mainstream,0.74,"Historical nonfiction about science, technology, and corporate capitalism feels accessible to a broad trade audience, though more substantial than mass-market pop."
585975,139,"Rationality, education, and the social organization of knowledge",,niche,0.98,Philosophy/education theory language about rationality and knowledge organization points to an academic readership.
587206,140,"Human needs, human rights, and the theory of development",,niche,0.97,Development studies/philosophy academic title centered on theory and human rights.
594596,141,"Parsons, behavioralism, and the notion of responsibility",,niche,0.98,References to Parsons and behavioralism make this look like a specialized sociology/theory text for an academic audience.
610062,146,"Economics, politics, and the age of inflation",,mainstream,0.68,"Broad, accessible historical/political framing around inflation suggests serious general nonfiction more than specialist economics."
681536,177,The time falling bodies take to light,"mythology, sexuality, and the origins of culture",niche,0.98,"The poetic, opaque title and theoretical subtitle point to literary/critical studies with a narrow audience."
684426,179,"Women, men, and the division of labor",,niche,0.97,"A social-science title on gender and labor division, typical of academic economics/sociology readership."
697524,182,"Seats, votes, and the spatial organisation of elections",,niche,0.99,Spatial organisation of elections is a technical political-science/quantitative methods topic with an academic audience.
714832,188,"Depreciation, inflation, and the taxation of income from capital",,niche,0.99,"Depreciation, inflation, and taxation are technical economics/tax terms that point to a specialist professional or academic readership."
729824,190,"Marxism, science, and the movement of history",,niche,0.99,"Academic-looking theory title on Marxism, science, and historiography; aimed at scholars/students rather than general trade readers."
740809,192,"Evolution, morality, and the meaning of life",,niche,0.82,Philosophy and ethics topic with an academic framing rather than a general-trade hook.
750370,197,"Security, strategy, and the logic of Chinese foreign policy",,niche,0.98,"Heavy political-science/IR phrasing about Chinese foreign policy signals a scholarly audience, not general readership."
756490,199,A legitimate joy,"Trollope, fox-hunting, and the nature of the tale",niche,0.96,"A literary-critical book on Trollope and fox-hunting, clearly aimed at scholars and dedicated literary readers."
767278,207,"State, class, peasants and the initiation of Kenyan self-help",,niche,0.98,"Focused on Kenyan self-help, class, peasants, and state politics, which points to area studies and academic buyers."
804168,222,Biography of a planet,"geology, astronomy, and the evolution of life on earth",pop,0.9,"A broad, readable popular-science framing of Earth’s history and life’s evolution has wide general-audience appeal."
805596,224,The Chicago school of sociology,"institutionalization, diversity, and the rise of sociological research",niche,0.99,A specialist sociology history with academic language and a narrow scholarly audience.
814118,236,"Maternity, mortality, and the literature of madness",,niche,0.96,"Literary studies topic with abstract critical phrasing, aimed at scholars rather than general trade readers."
850932,249,Fictions of consciousness,"Mill, Newman, and the reading of Victorian prose",niche,0.98,"A literary-critical study of Mill, Newman, and Victorian prose is classic academic criticism with a narrow scholarly audience."
854646,251,"Cosmetics, fashions, and the exploitation of women",,niche,0.92,"Feminist critique with an academic, analytical tone that suggests a specialized, course-adoption-friendly audience."
874389,255,"Worker power, firm power, and the structure of labor markets",,niche,0.99,"Technical labor-economics title aimed at economists, students, and policy specialists."
880909,257,"Love, death, and the changing of the seasons",,mainstream,0.67,"This is lyrical and literary in tone, with broad enough appeal for general trade and book-club readers."
903793,270,"Cosmology, epistemology, and the history of geography",,niche,0.98,"Cosmology, epistemology, and geography history is highly academic and discipline-specific rather than trade-oriented."
913999,273,"Divorce, separation, and the distribution of property",,niche,0.99,"Legal wording about divorce, separation, and property distribution strongly suggests a practitioner or academic law book."
955201,294,"Conflict, migration, and the expression of ethnicity",,niche,0.98,"Abstract social-science/humanities treatment of conflict, migration, and ethnicity."
986798,311,"Family structure, race, and the feminization of poverty",,niche,0.99,"Sociology/economics analysis of family structure, race, and poverty—clearly scholarly and field-specific."
992312,315,Beyond the frontier,"writers, Western regionalism, and a sense of place",niche,0.91,"The focus on writers, Western regionalism, and sense of place suggests literary criticism and regional studies more than a broad trade audience."
1005350,328,"Russell, idealism, and the emergence of analytic philosophy",,niche,0.99,"History of philosophy monograph on Russell, idealism, and analytic philosophy."
1037670,349,No crooked death,"Coatesville, Pennsylvania, and the lynching of Zachariah Walker",mainstream,0.82,"A historical lynching case with strong human and civil-rights stakes, appealing to general readers even though it’s place-specific."
1041804,356,The trial of curiosity,"Henry James, William James, and the challenge of modernity",niche,0.82,Henry James/William James and 'modernity' signal literary-intellectual criticism with a scholarly rather than wide commercial market.
1043530,357,The bluestocking circle,"women, friendship, and the life of the mind in eighteenth-century England",mainstream,0.79,"Women’s history and intellectual-life nonfiction in eighteenth-century England is highly readable and trade-friendly, with book-club and library appeal."
1050370,366,Deciphering the enterprise culture,"entrepreneurship, petty capitalism, and the restructuring of Britain",niche,0.98,"The phrasing signals an academic analysis of British enterprise culture and restructuring, with a scholarly/sociological audience rather than general consumers."
1051750,368,On the shoulders of Freud,"Freud, Lacan, and the psychoanalysis of phallic ideology",niche,0.98,"Freud, Lacan, and phallic ideology clearly place this in psychoanalytic theory and academic criticism."
1052303,370,Shouting at the crocodile,"Popo Molefe, Patrick Lekota, and the freeing of South Africa",mainstream,0.61,"An accessible political history/biographical account of South Africa’s liberation figures has broader narrative nonfiction appeal, though the subject is somewhat specific."
1061871,374,"Social change, social work, and the adoption of children",,niche,0.98,A social-work and adoption-focused title points to a professional or academic audience rather than broad consumer demand.
1082598,386,"Economic hierarchies, organization, and the structure of production",,niche,0.96,Abstract economics/organizational theory language signals an academic or specialist audience.
1084895,388,In the wake of the goddesses,"women, culture, and the biblical transformation of pagan myth",niche,0.98,"Biblical myth, pagan transformation, and women/culture mark this as a scholarly religious studies or gender-studies book."
1085481,390,An education in Georgia,"Charlayne Hunter, Hamilton Holmes, and the integration of the University of Georgia",mainstream,0.81,"Civil-rights integration history centered on recognizable figures, likely accessible to a broad general and book-club audience."
1087233,396,"Markets, firms, and the management of labour in modern Britain",,niche,0.98,Specialist labor/economic history title with academic phrasing and a narrow scholarly audience.
1094382,406,Zion and state,"nation, class, and the shaping of modern Israel",niche,0.93,"Modern Israel, nation, and class point to a serious political-history monograph with scholarly appeal."
1110359,416,A propensity to protect,"butter, margarine, and the rise of urban culture in Canada",mainstream,0.73,"Food and urban-cultural history is accessible to general readers, though the Canada-specific focus keeps it somewhat specialized."
1122057,417,Romantic correspondence,"women, politics, and the fiction of letters",niche,0.95,"Literary/epistolary scholarship on women and politics, aimed at academic and specialist readers."
1125192,422,"Schools, mathematics, and the world of reality",,niche,0.93,A philosophy of mathematics/education title with an academic tone and limited general-audience pull.
1128987,428,"Communication, technology, and the development of people",,niche,0.94,"The abstract, research-style phrasing suggests a communication/development studies text for an academic audience."
1129386,430,"Martin Luther King, Jr., and the sermonic power of public discourse",,niche,0.99,Academic rhetoric/religious studies topic centered on Martin Luther King Jr. and public discourse.
1134791,444,"Benjamin Franklin, Jonathan Edwards, and the representation of American culture",,niche,0.99,A scholarly-sounding study of Franklin and Edwards in American culture; the abstract historical/literary framing signals academic rather than trade readership.
1135189,447,"Optimal pricing, inflation, and the cost of price adjustment",,niche,0.98,"Pricing, inflation, and price adjustment are technical economics topics that naturally target economists and students."
1146171,458,"George Wallace, Richard Nixon, and the transformation of American politics",,mainstream,0.84,A recognizable political-history subject presented in accessible narrative form for general trade readers.
1173449,470,"Barnaby Mouse, detective, and the mystery of the big book",,pop,0.72,"A cute, character-driven children's mystery title with an easy, playful hook has broad mass-market potential."
1181545,480,"Whitman, slavery, and the emergence of Leaves of grass",,niche,0.98,A literary scholarship title on Whitman and slavery; clearly aimed at academics and serious literary readers rather than general trade buyers.
1186203,486,Winchell,"gossip, power, and the culture of celebrity",mainstream,0.82,Biography/cultural history of Winchell and celebrity gossip has broad trade appeal beyond a specialist niche.
1219030,503,"New forces, old forces, and the future of world politics",,niche,0.9,International relations/political science framing makes this feel like a scholarly or policy book rather than a mass-market title.
1225638,513,"Conversos, Inquisition, and the expulsion of the Jews from Spain",,niche,0.97,"Focused historical study of the Conversos, Inquisition, and expulsion of Jews from Spain; niche scholarly history."
1232011,524,"Christians, feminists, and the culture of pornography",,niche,0.95,"A culture-and-theology title about pornography indicates a focused academic, religious, or ethics-oriented readership."
1235351,529,Critical social theory,"culture, history, and the challenge of difference",niche,0.97,Critical theory with abstract academic framing and a conceptual subtitle is most likely for a specialized scholarly audience.
1236595,534,"Children, parents, and the rise of the novel",,niche,0.94,A literary-history topic about the novel and family reading cultures; clearly academic and aimed at specialists or students rather than a mass trade audience.
1256520,541,Centring the periphery,"chaos, order, and the ethnohistory of Dominica",niche,0.99,"Ethnohistory of Dominica is region-specific and academic, aimed at historians and Caribbean studies readers."
1268189,544,The bell curve wars,"race, intelligence, and the future of America",mainstream,0.88,"A controversial but broadly recognizable debate about race, intelligence, and U.S. politics; accessible to general nonfiction readers rather than a specialist audience."
1282735,566,"Photography, vision, and the production of modern bodies",,niche,0.97,"This is arts/cultural theory scholarship about photography, vision, and the modern body, not a mass-market trade title."
1284068,571,Retreating from the cold war,"Germany, Russia, and the withdrawal of the Western Group of Forces",niche,0.97,"The subtitle names a very specific post-Cold War military withdrawal event and regional actors, which strongly narrows the natural readership to historians and policy specialists."
1289997,585,"Huns, Vandals, and the fall of the Roman Empire",,pop,0.78,"High-concept historical hook about Rome's fall, which is broad and legible to casual history readers."
1308971,589,"Agricultural practices, farm policy, and the conservation of biological diversity",,niche,0.99,Agricultural policy and biodiversity conservation is a technical academic/professional subject.
1320933,592,"Chaos theory, complexity, cinema, and the evolution of the French novel",,niche,0.99,"Highly specialized literary/cultural theory title, likely for scholars of French literature and film studies."
1335342,612,"Spinoza, liberalism, and the question of Jewish identity",,niche,0.98,"Spinoza, liberalism, and Jewish identity is a focused philosophy/religion scholarly topic aimed at academic readers."
1336159,614,"Mathematical undecidability, quantum nonlocality, and the question of the existence of God",,niche,0.97,"Dense philosophical/scientific inquiry combining undecidability, quantum nonlocality, and God; strongly scholarly and specialized."
1340337,621,"Philosophy, religion, and the question of intolerance",,niche,0.95,Philosophy and religion with an abstract question of intolerance reads like a scholarly or seminar-level book.
1387214,676,The future once happened here,"New York, D.C., L.A., and the fate of America's big cities",mainstream,0.83,"A big-cities urban-history premise with clear stakes and broad civic appeal, but still literary nonfiction rather than mass-market pop."
1387418,677,Hitler's silent partners,"Swiss banks, Nazi gold, and the pursuit of justice",pop,0.95,"The Nazi gold/Swiss banks/justice hook is immediately legible, scandal-driven, and strongly commercial."
1393002,685,Medusa's mirrors,"Spenser, Shakespeare, Milton, and the metamorphosis of the female self",niche,0.98,"A literary-criticism title about Spenser, Shakespeare, and Milton is aimed at academic readers and scholars."
1397091,690,Shifting the blame,"literature, law, and the theory of accidents in nineteenth-century America",niche,0.97,"An academic interdisciplinary study of literature, law, and accident theory in nineteenth-century America; clearly scholarly and specialist in scope."
1442449,733,"Moral authority, ideology, and the future of American social welfare",,niche,0.95,"Abstract policy-history framing around moral authority, ideology, and welfare suggests an academic/public-policy audience, not mass-market readership."
1442556,734,"Elites, crises, and the origins of regimes",,niche,0.98,"Political science/history of regimes and elites is classic scholarly territory, not broad commercial nonfiction."
1478610,759,Ecclesiology and ethics,"ecumenical ethical engagement, moral formation and the nature of the church",niche,0.99,"Specialized theology and ethics language aimed at church/academic readers, not a general trade audience."
1489537,767,Founding friendship,"George Washington, James Madison, and the creation of the American republic",mainstream,0.81,"George Washington and James Madison provide broad historical appeal, but the subtitle suggests a substantive narrative history rather than mass-market pop."
1489820,768,Spain at the crossroads,"civil society, politics, and the rule of law",niche,0.93,"Sounds like a political science/bookish academic treatment of Spain’s institutions and law, aimed more at scholars and informed readers than the general trade market."
1491499,771,Fishy business,"salmon, biology, and the social construction of nature",niche,0.96,"The title and subtitle signal science-and-society scholarship about salmon and the social construction of nature, which is specialized and academic."
1502984,794,"Nature, woman, and the art of politics",,niche,0.97,"Nature, woman, and the art of politics sounds like feminist political theory or literary criticism, which is specialist and academic."
1513645,802,Prepare for saints,"Gertrude Stein, Virgil Thomson, and the mainstreaming of American modernism",mainstream,0.77,Centers on recognizable modernist figures and a cultural-history claim that should appeal to educated general readers and book-club audiences.
1540114,815,American sensations,"class, empire, and the production of popular culture",mainstream,0.76,"A readable cultural-history title with broad themes like class, empire, and popular culture, though the wording still feels scholarly."
1546761,827,"Myth, memory, and the making of the American landscape",,mainstream,0.72,"Though analytical, ""Myth, memory"" and ""the making of the American landscape"" read like an accessible cultural-history book with broad general-interest appeal."
1551755,834,The shield of Achilles,"war, peace, and the course of history",mainstream,0.84,"A big, provocative history title with a widely legible hook, but the subject matter is substantial and trade-nonfiction oriented rather than pure pop."
1561871,850,"Foreign policy, democracy, and the art of association",,niche,0.95,"Foreign policy, democracy, and the art of association reads like a scholarly political science or international relations study with a narrow academic audience."
1576878,858,The other side of Eden,"hunters, farmers and the shaping of the world",mainstream,0.72,"The subtitle frames a big, accessible story about hunters, farmers, and human development, with broad history/anthropology appeal."
1611305,919,Forging peace,"intervention, human rights, and the management of media space",niche,0.98,"An academic-sounding study of intervention, human rights, and media space; this reads like IR/media scholarship rather than a broad trade book."
1625291,937,"Averroes, Aquinas and the rediscovery of Aristotle in Western Europe",,niche,0.99,"Specialized scholarly philosophy/history title about Averroes, Aquinas, and Aristotle; aimed at academic readers rather than general trade buyers."
1637925,943,Battle of the Titans,"Sir Ronald Trotter, Hugh Fletcher, and the rise and fall of Fletcher Challenge",niche,0.89,"A corporate biography/business history centered on specific executives and a regional company, appealing mainly to business-history and local-interest readers."
1645511,956,Welcome to the creative age,"bananas, business and the death of marketing",pop,0.83,"The title promises a big, punchy critique of marketing and the subtitle uses catchy, mass-audience language that fits popular business nonfiction."
1652995,968,Higher ground,"Stevie Wonder, Aretha Franklin, Curtis Mayfield, and the rise and fall of American soul",pop,0.84,Big-name musicians and a familiar music-history hook make this broadly accessible to general nonfiction readers.
1659432,982,"Austin, cleared for takeoff","aviators, businessmen, and the growth of an American city",niche,0.93,"A local-history title about Austin's aviators, businessmen, and city growth is regionally focused and most appealing to local-interest or history readers."
1664191,994,"Culture, technology, and the creation of America's national parks",,mainstream,0.78,"A historical/cultural nonfiction title about America's national parks is accessible to general readers, though more substantial than pop."
1664219,995,"Cellular phones, public fears, and a culture of precaution",,niche,0.94,"Cellular phones, public fears, and a culture of precaution has a social-science framing that suggests an academic or policy-oriented study."
1672282,1010,"Missions, nationalism, and the end of empire",,niche,0.97,Mission history and nationalism/end of empire is historical scholarship with limited mainstream commercial appeal.
1686841,1019,"Credit risk, capital structure and the pricing of equity options",,niche,0.99,"Highly technical finance terminology about credit risk, capital structure, and equity option pricing signals a specialist economics/finance audience."
1715432,1048,Father hunger,"fathers, daughters, and the pursuit of thinness",mainstream,0.69,"Body image and family dynamics are broadly legible and potentially book-club friendly, but the subject feels more serious trade nonfiction than pure pop."
1721531,1060,(Re)Writing craft,"composition, creative writing, and the future of English studies",niche,0.98,Composition and English studies are textbook/academic subjects with course-adoption appeal.
1722688,1062,"Men, women, and the birthing of modern science",,mainstream,0.62,"A readable history-of-science title with broad appeal, though it still feels scholarly rather than purely commercial."
1726450,1073,"Faith, reason, and the existence of God",,niche,0.99,"Classic philosophy/theology topic aimed at readers interested in arguments about religion and metaphysics, not a broad commercial audience."
1727551,1074,"Imperialism, sovereignty, and the making of international law",,niche,0.99,"Imperialism, sovereignty, and the making of international law is an unmistakably academic legal-history title for a scholarly audience."
1736369,1091,"Natural law, science, and the social construction of reality",,niche,0.98,"Natural law, science, and the social construction of reality is classic philosophy/sociology scholarship, appealing mainly to academic readers."
1746066,1099,Seeking the truth of change in the church,"reception, communion, and the ordination of women",niche,0.97,Church reception theory and the ordination of women signal a specialized theological and ecclesial audience.
1746572,1100,Religion and empire,"people, power, and the life of the spirit",mainstream,0.67,"Broad religious and historical theme, but the phrasing and subtitle suggest a serious trade nonfiction book rather than a mass-market pop title."
1752421,1104,"Urban violence, ethnic militias, and the challenge of democratic consolidation in Nigeria",,niche,0.99,"Academic political-science topic on Nigerian democracy, militias, and urban violence; aimed at scholars and specialists."
1770224,1117,Peril in paradise,"theology, science, and the age of the earth",niche,0.84,"Theology, science, and the age of the earth signals a religion/science debate book with a defined interested audience."
1787412,1160,Delusions of intelligence,"Enigma, Ultra and the end of secure ciphers",mainstream,0.73,"Codebreaking and Enigma/Ultra have popular-history appeal, but the wording is more specialized and historical than true mass-market pop."
1789596,1165,"Ethics codes, corporations, and the challenge of globalization",,niche,0.97,"Business ethics and globalization are professional topics, but the phrasing is academic and suited to a specialist audience."
1793730,1174,"Marx, reason, and the art of freedom",,niche,0.95,"Philosophical title on Marx and freedom, with an academic tone that suggests a narrow scholarly audience."
1795942,1181,"Partisan politics, narrative realism, and the rise of the British novel",,niche,0.98,"Literary history/criticism title with technical terms like ""narrative realism"" and ""rise of the British novel,"" signaling a scholarly audience."
1807498,1190,"Identity, multiculturalism, and the formation of nation states in Southeast Asia",,niche,0.98,"Area-studies academic phrasing about identity, multiculturalism, and nation-state formation in Southeast Asia is specialist territory."
1813176,1196,Intersections,"photography, history and the National Library of Australia",niche,0.97,"A library- and photography-history title tied to the National Library of Australia, signaling specialist institutional interest."
1818294,1198,"Britain, Southeast Asia, and the impact of the Korean War",,niche,0.98,"Historical study of Britain, Southeast Asia, and the Korean War; specialized history readership rather than broad trade."
1830945,1215,Lord of the cosmos,"Mithras, Paul, and the gospel of Mark",niche,0.97,"Mithras, Paul, and Mark signal specialized religious/biblical scholarship aimed at academic or theology readers."
1837085,1235,"Republicanism, religion, and the soul of America",,mainstream,0.72,"Broad, topical framing about American identity and religion feels accessible to general trade and book-club readers."
1846485,1260,"Robert Bloomfield, romanticism and the poetry of community",,niche,0.98,Literary scholarship on Robert Bloomfield and Romanticism; reads like an academic monograph for specialists in literature.
1846542,1261,"Race, neighborhoods, and the misuse of social capital",,niche,0.96,"Social-science jargon about race, neighborhoods, and social capital suggests a scholarly or professional readership."
1852734,1279,"Documentation, disappearance and the representation of live performance",,niche,0.99,"Performance studies language like ""documentation,"" ""disappearance,"" and ""representation of live performance"" clearly targets an academic niche."
1859123,1292,The end of faith,"religion, terror, and the future of reason",pop,0.96,"The blunt, provocative framing of religion, terror, and reason signals a high-visibility polemical nonfiction title with broad bestseller appeal."
1862166,1294,"Zina, transnational feminism, and the moral regulation of Pakistani women",,niche,0.99,A gender-studies/sociology title about transnational feminism and Pakistani women is clearly scholarly and field-specific.
1865377,1298,"City, countryside, and the spatial organization of value in classical antiquity",,niche,0.98,"Classical antiquity with an abstract scholarly topic suggests a specialized academic audience, not a mass market one."
1874248,1304,Petrodollar warfare,"oil, Iraq and the future of the dollar",pop,0.79,"The title has a punchy, provocative hook, and oil/Iraq/the dollar make it feel like broad, high-concept political nonfiction."
1886341,1311,You are what you grow,"life, land and the pursuit of happiness",mainstream,0.71,"The title is catchy and accessible, but the subtitle suggests reflective narrative nonfiction or nature/lifestyle writing rather than pure mass-market self-help."
1890553,1314,"Reputations, relationships and the enforcement of incomplete contracts",,niche,0.99,Abstract contract theory phrasing signals economics/management scholarship for specialists.
1890733,1315,"Differential mortality, uncertain medical expenses, and the saving of elderly singles",,niche,0.98,Highly specialized actuarial/health-economics language about mortality and medical expenses signals a narrow professional or academic readership.
1890938,1316,"Taylor rules, mccallum rules and the term structure of interest rates",,niche,0.99,"Specialized macro/monetary economics terminology ('Taylor rules,' 'McCallum rules,' 'term structure') strongly signals a technical audience."
1891279,1320,"Consumption excess sensitivity, liquidity constraints and the collateral role of housing",,niche,0.99,"The title is dense econometric jargon, clearly pointing to an economics or finance research audience."
1905412,1341,Disguised as Clark Kent,"Jews, comics, and the creation of the superhero",mainstream,0.79,"A lively cultural-history angle on superheroes and Jewish identity, with a title that feels accessible beyond academia."
1906900,1344,"Men, women, and the mystery of love",,pop,0.74,"The broad, plain-language promise of love and relationships feels like accessible mass-market self-help/pop psychology."
1916907,1370,"Music, madness, and the unworking of language",,niche,0.97,"Dense, theoretical phrasing about music, madness, and language signals literary theory or humanities scholarship."
1917582,1372,"Africa, Brazil, and the construction of trans-Atlantic Black identities",,niche,0.98,"Diaspora/identity studies centered on Africa, Brazil, and trans-Atlantic Black identities is clearly scholarly and niche."
1919398,1382,From metaphysics to midrash,"myth, history, and the interpretation of Scripture in Lurianic Kabbala",niche,0.99,"A deeply specialized religious studies topic involving midrash, Kabbala, and Scripture interpretation, clearly aimed at scholars and practitioners."
1925872,1395,"Voice, visibility and the gendering of organizations",,niche,0.98,Organization and gender studies language signals an academic social-science readership.
1933003,1405,"Charlemagne, Muhammad, and the Arab roots of capitalism",,niche,0.79,"Big-idea historical claim, but the names and thesis-driven framing feel like academic history more than general pop history."
1939212,1407,Reluctant Indonesians,"Australia, Indonesia , and the future of West Papua",niche,0.83,"This is a focused geopolitical topic centered on Australia, Indonesia, and West Papua, appealing mainly to policy and area-studies readers."
1973494,1450,"Heroes, gods and the role of epiphany in English epic poetry",,niche,0.98,"Literary-critical study of epiphany in English epic poetry, aimed at specialists."
1973785,1452,Capitalist development in Korea,"labour, capital and the myth of the developmental state",niche,0.97,"The phrasing is academic and theory-driven, focused on labor, capital, and development economics, which points to a specialist audience."
1980200,1469,Family properties,"race, real estate, and the exploitation of Black urban America",mainstream,0.82,"Race, housing, and urban exploitation is a serious but broadly legible public-interest nonfiction topic with trade appeal."
1989407,1494,The fragile fabric of Union,"cotton, federal politics, and the global origins of the Civil War",mainstream,0.7,"Civil War history has broad general-reader appeal, and the subtitle suggests an accessible historical synthesis even though it is still fairly scholarly."
1991290,1500,Relationship with the land,"Hugh Hammond Bennett, Aldo Leopold, and the future of the conservation land ethic",mainstream,0.72,"Environmental history with well-known conservation figures gives it broad nonfiction appeal, though it still reads as serious trade nonfiction."
1991668,1502,Psychopedagogy,"Freud, Lacan, and the psychoanalytic theory of education",niche,0.98,"A technical/theoretical work linking Freud, Lacan, and education theory, with strong appeal to scholars and practitioners in psychoanalysis and pedagogy."
1992784,1504,"Imperialism, sovereignty, and the making of international law",,niche,0.98,International law history framed in academic terms; natural audience is scholars and law/history readers.
1995956,1510,God and gold,"Britain, America, and the making of the modern world",mainstream,0.78,"Accessible narrative history with a big, legible scope—Britain, America, and modernity—aimed at general trade readers."
1996542,1512,Femme fatale,"love, lies, and the unknown life of Mata Hari",pop,0.88,"The sexy, high-hook subtitle on Mata Hari promises intrigue, scandal, and biography in an instantly legible mass-market package."
2013406,1526,The Bishopric of Durham in the late Middle Ages,"lordship, community, and the cult of St. Cuthbert",niche,0.98,Medieval diocesan history and the cult of St. Cuthbert signal a specialist academic audience rather than broad trade readership.
2017582,1531,"Urban violence, ethnic militias, and the challenge of democratic consolidation in Nigeria",,niche,0.99,"This is a highly specific political science/regional studies topic focused on Nigeria and democratic consolidation, aimed at specialists."
2033448,1553,In the mind's eye,"creative visual thinkers, gifted dyslexics, and the rise of visual technologies",mainstream,0.76,"The subtitle combines dyslexia, creative thinking, and visual technology in an accessible narrative-nonfiction frame."
2034746,1559,The origins of the Libyan nation,"colonial legacy, exile and the emergence of a new nation-state",niche,0.95,A nation-building and colonial-history monograph on Libya reads as specialist area-studies/history interest.
2036727,1561,Hindenburg,"power, myth, and the rise of the Nazis",pop,0.81,Hindenburg and the rise of the Nazis is a high-recognition historical hook that fits popular history with broad readership potential.
2039687,1570,Environmental city,"people, place, politics, and the meaning of modern Austin",niche,0.93,"A local urban-history book centered on Austin, with regional and civic-interest appeal."
2045844,1588,Race to the end,"Amundsen, Scott, and the attainment of the South Pole",pop,0.86,"A famous polar race with well-known historical figures and a vivid, high-stakes hook makes this broadly legible and shelf-friendly."
2050342,1601,"Civil society, philanthropy, and the fate of the commons",,niche,0.84,"Civil society, philanthropy, and the commons reads like policy/sociology scholarship with a defined institutional audience."
2052446,1607,Media houses,"architecture, media and the production of centrality",niche,0.98,Architecture/media theory phrasing makes this look like an academic design and cultural-studies title for specialists.
2066981,1627,"Ethnicity, conflict, and the future of African states",,niche,0.93,"Political science/area-studies framing on ethnicity, conflict, and African states is accessible but primarily aimed at an academic and policy audience."
2087544,1644,The supergirls,"fashion, feminism, fantasy, and the history of comic book heroines",mainstream,0.74,"Comic-book heroines, feminism, and fashion suggest a lively pop-cultural history that is broad and readable, but not quite mass-market self-help or thriller pop."
2099664,1676,Carry the rock,"race, football, and the soul of an American city",mainstream,0.86,"Race, football, and city life give this narrative nonfiction broad commercial and book-club appeal."
2103604,1685,"Gender inequalities, households and the production of well-being in modern Europe",,niche,0.98,Sounds like an academic social-science/history study aimed at scholars of gender and household economics.
2111938,1700,Henry Ives Cobb's Chicago,"architecture, institutions, and the making of a modern metropolis",niche,0.96,"Centered on a specific architect and Chicago architectural history, this is most natural for specialists, local-interest readers, and academic buyers."
2115313,1711,"Holiness, truth, and the presence of God",,niche,0.94,"Theological language about holiness and the presence of God points to a religious, scholarly audience."
2118315,1721,Birds of fire,"jazz, rock, funk, and the creation of fusion",mainstream,0.74,"Music-history topic with broad cultural appeal, but it reads more like a serious trade history of fusion than a mass-market pop title."
2121790,1729,"Love, friendship, and the self","intimacy, identity, and the social nature of persons",niche,0.93,Philosophical and sociological language about personhood and intimacy suggests an academic or specialist readership.
2128296,1741,"Linguistics, ideology and the discourse of linguistic nationalism",,niche,0.99,"Linguistics, ideology, and linguistic nationalism is a specialized scholarly topic with a narrow natural audience."
2155886,1764,"Life, liberty and the pursuit of sausages",,pop,0.72,"Playful, instantly legible pun on a familiar phrase; the food/humor hook reads as broad, accessible nonfiction."
2160301,1769,"Roosevelt, Franco, and the end of the Second World War",,mainstream,0.9,"A readable historical nonfiction title about Roosevelt, Franco, and World War II with clear general-interest appeal."
2182004,1837,A free man of color and his hotel,"race, Reconstruction, and the role of the federal government",niche,0.95,"A specific historical case study on race, Reconstruction, and federal policy reads like an academic monograph for history scholars and libraries."
2182603,1839,Christian Hebraism in the Reformation era (1500-1660),"authors, books, and the transmission of Jewish learning",niche,0.98,"A clearly academic religious/history study with a dated scholarly scope and technical topic, aimed at specialists."
2192089,1860,"Southern Baptists, evangelicals, and the future of denominationalism",,niche,0.98,"Religious studies/denominational history wording signals a church-history or theology audience, not mass-market general readers."
2212427,1876,Flames after midnight,"murder, vengeance, and the desolation of a Texas community",pop,0.84,"The title plus subtitle promise a true-crime-style story of murder and vengeance in a Texas community, which is instantly legible and broadly marketable."
2220778,1880,"Fisher, Neyman, and the creation of classical statistics",,niche,0.99,"This is clearly a history-of-statistics title, appealing to technical and academic readers rather than the general trade market."
2226561,1897,Private,"Bradley Manning, Wikileaks, and the biggest exposure of official secrets in American history",pop,0.92,"Bradley Manning and Wikileaks are immediate, topical hooks with broad media and mass-market nonfiction appeal."
2230059,1913,Establishing academic freedom,"politics, principles, and the development of core values",niche,0.98,"Higher-education and academic-freedom discourse signals a scholarly, institutional audience."
2242169,1950,"Victorian women writers, radical grandmothers, and the gendering of God",,niche,0.97,Literary/gender/religion criticism focused on Victorian women writers and theological themes signals an academic humanities audience.
2249794,1967,Shocking frogs,"Galvani, Volta, and the electric origins of neuroscience",pop,0.79,The catchy title and accessible science-history hook make this feel like popular science/history for a broad audience.
2251678,1972,Lawrence in Arabia,"war, deceit, imperial folly and the making of the modern Middle East",pop,0.91,"A sweeping, dramatic history with war, deceit, and imperial folly is strongly accessible and has the broad-appeal framing of a bestseller history title."
2259849,1984,"Inequality, rents, and the long-run transformation of India",,niche,0.98,Economics/development wording about inequality and rents indicates an academic or policy-oriented readership.
2278499,2003,"Sir William Temple, William III and the balance of power in Europe",,niche,0.97,Specific early-modern political history centered on Sir William Temple and William III is aimed at historians.
2286081,2010,"Strategy, Innovation and the Theory of the Firm",,niche,0.98,"Strategy, innovation, and the theory of the firm is classic business/economics academic language, suited to specialist readers."
2291493,2024,For creative geographies,"geography, visual arts and the making of worlds",niche,0.98,Interdisciplinary academic phrasing about geography and visual arts points to a scholarly or classroom audience.
2291943,2027,Divine multiplicity,"trinities, diversities, and the nature of relation",niche,0.99,Theological/philosophical language about trinities and relation signals a specialist religious studies or theology audience.
2293045,2032,"Colonialism, Maasina rule, and the origins of Malaitan kastom",,niche,0.99,Very region-specific colonial history/anthropology title centered on Malaitan kastom and Maasina rule.
2294748,2036,The great tamasha,"cricket, corruption and the turbulent rise of modern India",mainstream,0.83,"Cultural history/reportage around cricket, corruption, and modern India, packaged for broad nonfiction readers rather than specialists."
2298415,2046,Assessing dynamics of democratisation,"transformative politics, new institutions, and the case of Indonesia",niche,0.97,"This reads like political science scholarship: abstract framing, institutional language, and a specific case study of Indonesia."
2304670,2081,"Psychology, law, and the wellbeing of children",,niche,0.97,"Applied psychology/law topic focused on children's wellbeing, suggesting professional, clinical, or academic readership."
2305435,2083,Democratic vanguardism,"modernity, intervention, and the making of the Bush Doctrine",niche,0.98,Political theory and Bush Doctrine analysis points to scholarly/IR readers rather than a general audience.
2314152,2104,"Disability, human rights and the limits of humanitarianism",,niche,0.98,Human rights and humanitarianism framed as a specialized scholarly critique in disability studies.
2315461,2108,Gender and nation in Meiji Japan,"modernity, loss, and the doing of history",niche,0.98,"The phrasing marks an academic history/gender studies book about Meiji Japan, with a narrow scholarly audience."
2316337,2112,Inventing Eden,"primitivism, millennialism, and the making of New England",niche,0.94,"A scholarly historical study of primitivism, millennialism, and New England origins rather than broad trade nonfiction."
2330552,2132,"Water, Christianity and the rise of capitalism",,niche,0.97,Academic-sounding historical/theological topic with specific conceptual framing; aimed at scholars or graduate readers rather than general trade audiences.
2332539,2136,Canoe nation,"nature, race, and the making of a Canadian icon",niche,0.71,"A culturally specific study of a Canadian icon shaped by nature and race, suggesting academic or national-interest readership more than broad trade demand."
2337551,2144,Special affects,"cinema, animation and the translation of consumer culture",niche,0.98,Cinema/animation theory with academic jargon ('translation of consumer culture') signals a specialist media-studies readership.
2337604,2145,OuterSpeares,"Shakespeare, intermedia, and the limits of adaptation",niche,0.98,Shakespeare adaptation/intermedia theory is a specialized literary studies topic for academic readers.
2349046,2165,"Corporate power, oligopolies, and the crisis of the state",,niche,0.97,Theory-heavy economics/political economy language about corporate power and the state; reads like an academic monograph.
2349855,2169,Women and Islam,"myths, apologies, and the limits of feminist critique",niche,0.97,"The subtitle signals a scholarly argument in religion, feminism, and critique, which fits an academic/specialist market."
2350490,2173,The war of the three gods,"Romans, Persians, and the rise of Islam",mainstream,0.77,"The dramatic title and sweeping Romans-to-Islam historical frame are accessible to general readers, though still serious history."
2350626,2176,"Ethnicity, identity, and the development of nationalism in Iran",,niche,0.98,Academic-sounding study of ethnicity and nationalism in Iran; narrow scholarly/political history market.
2360258,2210,Oscar Wilde's Chatterton,"literary history, romanticism, and the art of forgery",niche,0.95,"A literary-historical study of Wilde, romanticism, and forgery is aimed at scholars and serious literary readers."
2361292,2212,Ethnic ambiguity and the African past,"materiality, history, and the shaping of cultural identities",niche,0.96,"Materiality, history, and cultural identity in the African past points to an academic audience in history and anthropology."
2367216,2232,The legacy of Polish solidarity,"social activism, regime collapse, and the building of a new society",niche,0.97,"A political-history study of Polish Solidarity and regime collapse, best suited to academic and serious history audiences."
2370552,2239,"Women, enjoyment, and the defense of virtue in Boccaccio's Decameron",,niche,0.99,"Literary scholarship on Boccaccio's Decameron, with a dense academic framing that naturally serves specialists and students."
2385509,2256,"Mary Immaculate Church, 1905-1980","Bellport, New York and a history of Catholic America",niche,0.97,"A local church history with dates and place-name specificity, aimed at Catholic history or regional-interest readers."
2392803,2264,The ethics of everyday life,"moral theology, social anthropology, and the imagination of the human",niche,0.97,Theology and anthropology framing makes this a specialist scholarly title rather than broad trade nonfiction.
2404959,2308,Planet/Cuba,"art, culture, and the future of the island",niche,0.93,"Sounds like cultural studies or area-studies nonfiction about Cuba, aimed at academic or specialist readers rather than a broad trade audience."
2411140,2327,The Gumilev mystique,"biopolitics, Eurasianism, and the construction of community in modern Russia",niche,0.98,"References to biopolitics, Eurasianism, and modern Russia indicate an academic political/cultural studies book."
2424068,2348,"Europe, India, and the limits of secularism",,niche,0.97,An abstract comparative-title on secularism and regions/continents reads like academic religion/political theory scholarship.
2428165,2357,When good drugs go bad,"opium, medicine, and the origins of Canada's drug laws",niche,0.97,"Drug-law and medical-history scholarship with a country-specific, academic framing; natural audience is history/policy readers."
2461841,2363,"Painting Culture, Painting Nature","Stephen Mopope, Oscar Jacobson, and the Development of Indian Art in Oklahoma",niche,0.98,"Art-history scholarship focused on specific artists and Oklahoma Indian art, suggesting a specialized academic audience."
2471920,2384,"Philosophy, Society and the Cunning of History in Eastern Europe",,niche,0.98,"Dense philosophy and Eastern Europe intellectual history title that signals academic, specialist readership."
2507874,2398,Globalization of Martyrdom,"Al Qaeda, Salafi Jihad, and the Diffusion of Suicide Attacks",niche,0.96,"A terrorism/jihad studies title with technical geopolitical framing, most natural for academic, policy, or specialist readers."
2509488,2403,Age Later,"Health Span, Life Span, and the New Science of Longevity",pop,0.93,"Longevity, health span, and lifespan are broad, benefit-driven topics with clear popular-science and self-improvement appeal."
2510348,2405,Bloom's Morning,"Coffee, Comforters, and the Secret Meaning of Everyday Life",mainstream,0.74,"Accessible cultural nonfiction about everyday life, with a readable hook and broad appeal, though not pure mass-market pop."
2515817,2407,"Pragmatism, Postmodernism and the Future of Philosophy",,niche,0.98,"Pragmatism, postmodernism, and philosophy are clearly academic philosophy topics aimed at a specialist audience."
2519313,2410,"States, Citizens and the Privatisation of Security",,niche,0.97,Political science/security-policy language about privatization of security is clearly specialist and research-oriented.
2556744,2441,World of Paper,"Louis XIV, Colbert de Torcy, and the Rise of the Information State",niche,0.97,"A specialized historical study of Louis XIV and the information state, aimed at academic readers rather than the general trade market."
2599989,2465,Just Defiance,"Bombmakers, Insurgents, and the Treason Trial of the Delmas Four",mainstream,0.87,"A true-crime/political-history setup with insurgents and a trial, giving it broad narrative appeal beyond a specialist audience."
2607531,2475,Problem of Pleasure,"Sport, Recreation and the Crisis of Victorian Religion",niche,0.98,Victorian religion and sport/recreation is specialized historical scholarship rather than a broad trade topic.
2631195,2491,Voicing America,"Language, Literary Form, and the Origins of the United States",niche,0.96,"This is a literary/historical scholarly study of language and form in the origins of the United States, suited to academic readers."
2641128,2492,"Nation, state and the coexistence of differentcommunities",,niche,0.95,"Abstract political theory on nation, state, and community coexistence; reads like a scholarly monograph."
2647549,2499,"Pragmatics, Semantics and the Case of Scalar Implicatures",,niche,0.99,"Technical linguistics terms like pragmatics, semantics, and scalar implicatures make this an academic specialist book."
2649953,2502,"Gender Inequalities, Households and the Production of Well-Being in Modern Europe",,niche,0.97,"Highly academic social-history/sociology framing around gender, households, and well-being in Europe."
2654115,2507,"Life, Liberty and the Pursuit of Health Care",,mainstream,0.78,"The title is a clever, accessible political hook about healthcare, suggesting broad public-interest appeal without being pure mass-market pop."
2691325,2522,"Gender, Sport, and the Role of Alter Ego in Roller Derby",,niche,0.96,"Sports/gender studies with a specific subject, roller derby, suggests a specialist academic or community audience."
2733499,2550,Shakespearean Melancholy,"Philosophy, Form and the Transformation of Comedy",niche,0.98,"Literary criticism/philosophy of Shakespeare and comedy is clearly academic, with a narrow scholarly market."
2759383,2572,"India, Habermas and the Normative Structure of Public Sphere",,niche,0.98,"References Habermas, public sphere, and India in a theory-driven way typical of academic social theory and humanities publishing."
2791764,2593,"Investment, valuation, and the managerial theory of the firm",,niche,0.98,Finance/management theory language signals a specialist academic audience.
2797139,2596,Roman Britain's Pirate King,"Carausius, Constantius Chlorus and the Fourth Roman Invasion of Britain",niche,0.83,"Ancient-history topic with named historical figures and a specific military event; interesting, but naturally best suited to history specialists and enthusiasts."
2820522,2606,Rojava,"revolution, war and the future of Syria's Kurds",niche,0.92,"A specific regional/political study of Rojava and Syria’s Kurds, aimed more at specialists in Middle East studies and conflict politics than broad trade readers."
2821500,2609,"Transnationalism, Gender and the History of Education",,niche,0.99,Education history plus transnationalism and gender points to a specialized academic monograph.
2829889,2625,Qualitative Complexity,"Ecology, Cognitive Processes and the Re-Emergence of Structures in Post-Humanist Social Theory",niche,0.98,"Dense academic title and subtitle signal specialist social theory, ecology, and cognitive science readership."
2869603,2645,"Critical Theory, Pedagogy and the Reconstruction of Education",,niche,0.98,"Education theory and critical pedagogy are specialist academic topics, not broad-market nonfiction."
2874635,2647,Constructing Ethnopolitics in the Soviet Union,"Samizdat, Deprivation and the Rise of Ethnic Nationalism",niche,0.99,"The Soviet Union, samizdat, and ethnic nationalism place this firmly in specialist historical/political scholarship."
2874668,2648,"Public Opinion, Transatlantic Relations and the Use of Force",,niche,0.99,"This is classic political science/international relations phrasing focused on public opinion, transatlantic relations, and force use—strongly academic."
2880990,2656,"Life, Liberty and the Pursuit of Sexual Health",,mainstream,0.66,"The title uses a broad, accessible hook around sexual health and liberty, giving it some general trade appeal despite an issue-focused subject."
2882586,2660,"Japanese Models, Chinese Culture and the Dilemma of Taiwanese Language Reform",,niche,0.99,A very specific regional and linguistic issue—Taiwanese language reform through Japanese and Chinese influences—marks this as specialist scholarship.
2912719,2676,"Misplacing Ogden, Utah","Race, Class, Immigration, and the Construction of Urban Reputations",niche,0.97,"Local urban-history framing tied to race, class, and immigration suggests regionally and academically oriented interest."
2940094,2700,"Jeremiah, Zedekiah, and the Fall of Jerusalem",,niche,0.99,Biblical-historical scholarship on Jeremiah and Jerusalem is clearly specialist religious/academic publishing.
2957908,2712,Inside Linda Lovelace's Deep Throat,"Degradation, Porno Chic, and the Rise of Feminism",pop,0.91,"A high-concept true-story title tied to Deep Throat, pornography, and feminism, with clear pop-culture hook and broad curiosity appeal."
2990327,2732,"Jesus, a new vision","spirit, culture, and the life of discipleship",niche,0.88,Religious/theological wording points to Christian readers and church-study audiences rather than the broad trade market.
2997330,2738,"Transitional Justice, Judicial Accountability and the Rule of Law",,niche,0.98,Jargon-heavy law and politics title on transitional justice and rule of law; squarely in scholarly/policy territory.
3004067,2746,Deadly Embrace,"Pakistan, America, and the Future of the Global Jihad",mainstream,0.79,"The geopolitical hook is strong and legible, but the subject matter is serious current-affairs analysis rather than mass-market pop nonfiction."
3014682,2751,Cryptomania,"Hype, Hope, and the Fall of FTX's Billion-Dollar Fintech Empire",pop,0.95,"The crypto/FTX collapse is a timely, high-interest financial scandal with an instantly legible hook for a wide audience."
3030880,2756,Activism!,"direct action, hacktivism and the future of society",mainstream,0.66,"Punchy title plus timely subjects like activism and hacktivism make it accessible to general nonfiction readers, though still somewhat issue-focused."
3039162,2760,"Jefferson, Madison, and the Making of the Constitution",,mainstream,0.76,Founding-era historical subject matter with prominent names is broadly legible and likely to appeal to general history readers.
3058021,2771,Emprise of Poetry,"Durs Grünbein, America, Antisemitism, and the Pursuit of Liberty",niche,0.97,"Literary criticism focused on Durs Grünbein and specific themes, aimed at academic/literary readers."
3065811,2776,In The Wake of the Goddesses,"Women, Culture, and the Biblical Transformation of Pagan Myth",niche,0.96,"Biblical studies, myth, and women/culture signal an academic religious studies title with a narrow specialist readership."
3082916,2794,Bodhisattva Question,"Krishnamurti, Rudolf Steiner, Valentin Tomberg, and the Mystery of the Twentieth-Century Master",niche,0.98,"References to Krishnamurti, Steiner, Tomberg, and a 'twentieth-century master' point to an esoteric, niche spiritual-intellectual readership."
3086834,2801,Broken Constitution,"Lincoln, Slavery, and the Refounding of America",mainstream,0.88,"A historical book about Lincoln, slavery, and Reconstruction-era refounding has broad general-interest appeal, but in a serious trade-history lane."
3109938,2808,"History, Literature And the Writing of the Canadian Prairies",,niche,0.98,Regional literary-history topic aimed at scholars and readers of Canadian studies rather than a broad trade market.
3141143,2829,"John, Jesus, and the Renewal of Israel",,niche,0.98,"A theology and biblical-studies title centered on John, Jesus, and Israel renewal is aimed at scholars and seminary readers."
3166406,2844,"Scientific Statesmanship, Governance and the History of Political Philosophy",,niche,0.99,Dense academic phrasing on governance and political philosophy points to a scholarly audience.
3176271,2858,"Globalization, Biosecurity, and the Future of the Life Sciences",,niche,0.96,"Policy and life-sciences analysis with technical terms like biosecurity and globalization, suited to expert or institutional readers."
3195958,2868,Strange Liberators,"Militarism, Mayhem, and the Pursuit of Profit",mainstream,0.76,"Militarism, profit, and mayhem suggest an accessible critique/history with general-interest appeal, not a narrowly professional one."
3210342,2878,"Communication, Technology, and the Development of People",,niche,0.95,"Abstract, theory-driven wording about communication and technology suggests an academic or professional studies book, not a mass-market read."
3210913,2879,"Robert Bloomfield, Romanticism and the Poetry of Community",,niche,0.98,"A literary study of a specific poet and concept (“Romanticism,” “Poetry of Community”) is squarely scholarly."
3214967,2884,"Neoliberalism, Economic Radicalism, and the Normalization of Violence",,niche,0.97,Heavy social-theory language and abstract concepts suggest an academic or specialist readership.
3256354,2910,Game Over,"Jerry Sandusky, Penn State, and the Cullture of Silence",pop,0.93,A high-profile true-crime/scandal subject with instantly legible stakes and broad mainstream appeal.
3260287,2915,"Race, Ethnicity and the Challenge of Multiculturalism",,niche,0.98,"Abstract academic framing on race, ethnicity, and multiculturalism suggests a scholarly social-science audience."
3343890,2957,Tragedy in Ovid,"Theater, Metatheater, and the Transformation of a Genre",niche,0.98,A classicist/literary-critical study of Ovid and tragedy is specialized and primarily academic.
3353773,2961,Driven,"Business Strategy, Human Actions, And The Creation Of Wealth",mainstream,0.67,"A business/wealth title with broad professional appeal, but the abstract phrasing feels more general-trade than pure mass-market pop."
3375339,2977,"Religion, Magic, and the Origins of Science in Early Modern England",,niche,0.97,A scholarly history-of-science/religion topic set in early modern England is aimed at academic readers rather than the general trade market.
3418172,2990,"China, Christianity, and the Question of Culture",,niche,0.98,"This reads like a theology/culture studies title aimed at scholars or seminary readers, not a broad consumer market."
3419239,2991,"W. B. Yeats, Ezra Pound, and the Poetry of Paradise",,niche,0.98,"A literary-studies title centered on Yeats and Pound, aimed at readers of poetry scholarship rather than general trade buyers."
3422547,3000,Bound by the City,"Greek Tragedy, Sexual Difference, and the Formation of the Polis",niche,0.96,"Classical studies with terms like Greek tragedy, sexual difference, and polis signal an academic audience."
3460616,3021,Tales of Two Cities,"Paris, London and the Birth of the Modern City",mainstream,0.88,"An accessible urban-history premise about Paris and London shaping modernity, suited to trade and book-club readers."
3495721,3042,"""L'Art inconscient"" and ""L'Esthétique des esprits""","science, spiritualism and the imaging of the unconscious in French Symbolist art",niche,0.98,"Dense art-history/symbolism scholarship with French titles and academic subtitles points to a specialist, university-press readership."
3526508,3063,"Museums, Prejudice and the Reframing of Difference",,niche,0.96,Museum studies and cultural-theory language signals a specialized academic/curatorial readership.
3549361,3074,"Advertising, Subjectivity and the Nineteenth-Century Novel","Dickens, Balzac and the Language of the Walls",niche,0.98,"Literary-critical academic study of the nineteenth-century novel, with specialist theoretical framing and named canonical authors."
3583645,3095,Suicide in East German Literature,"Fiction, Rhetoric, and the Self-Destruction of Literary Heritage",niche,0.98,"A specialized literary-studies topic focused on East German literature and suicide, clearly aimed at scholars and students."
3584488,3097,"Artificial Intelligence, Robots, and the Future of Humanity",,pop,0.88,"Artificial intelligence, robots, and the future of humanity is an instantly legible high-concept hook with broad pop-science appeal."
3584769,3099,"Identity, Invention, and the Culture of Personalized Medicine Patenting",,niche,0.98,"Specialized academic topic in patent law, personalized medicine, and medicine/technology policy."
3607736,3121,"Myth, Memory, and the Making of the American Landscape",,mainstream,0.7,Accessible cultural history with a strong conceptual hook and broad American-history appeal.
3622070,3125,Being with the Dead,"Burial, Ancestral Politics, and the Roots of Historical Consciousness",niche,0.95,Anthropology/philosophy-style treatment of burial and historical consciousness points to an academic audience.
3630686,3136,"Authority, Experience and the Life of Power",,niche,0.93,"Abstract theoretical language about authority, experience, and power indicates an academic philosophy or political theory text."
3648755,3146,History of the Cholas Kings,"Kings, Temples and the Making of an Empire",niche,0.97,"A specialized historical topic centered on the Chola kings and empire, likely aimed at scholars or enthusiasts of South Asian history."
3664058,3152,Beyond Mechanical Markets,"Asset Price Swings, Risk, and the Role of the State",niche,0.98,"Economics/finance theory language (“asset price swings,” “role of the state”) signals an academic or professional readership."
3666942,3162,Non-Policy Politics,"Richer Voters, Poorer Voters, and the Diversification of Electoral Strategies",niche,0.98,"This is explicit political science terminology with a methodological subtitle, pointing to an academic audience."
3689172,3172,"Rational choice, collective action and the paradox of rebellion",,niche,0.98,Political science/political theory framing with abstract concepts like collective action and rebellion.
3746761,3209,"Museums, Societies and the Creation of Value",,niche,0.98,Reads like an academic arts-and-culture study; museum/value discourse is specialist rather than mass-market.
3747634,3212,"Magna Carta, Religion and the Rule of Law",,niche,0.99,"Legal-religious history framed as a scholarly topic, aimed at academic or library buyers."
3747638,3213,"Intelligibility, Oral Communication, and the Teaching of Pronunciation",,niche,0.99,Technical language about pronunciation teaching indicates a linguistics/ESL professional or academic market.
3747899,3214,"Max Chambers, P. I. and the Case of the Nazi Ghost",,niche,0.83,"A genre detective title with a narrow mystery/P.I. audience, and the oddball premise suggests a specialized genre readership more than broad bestseller appeal."
3764060,3224,"Common law, civil law and the future of categories",,niche,0.99,A legal-theory title about common law and civil law categories is highly specialized and law-school oriented.
3771035,3228,"Machiavelli, Hobbes, and the Formation of a Liberal Republicanism in England",,niche,0.98,A scholarly comparison of Machiavelli and Hobbes in political philosophy is classic academic monograph territory.
3784219,3232,"Aquinas, Original Sin, and the Challenge of Evolution",,niche,0.98,"Theology/philosophy crossover on Aquinas, original sin, and evolution; clearly specialist and academic."
3787745,3249,"Jimmie Durham, Europe, and the Art of Relations",,niche,0.97,"The combination of a named artist, Europe, and ""the Art of Relations"" suggests art-history/theory scholarship rather than broad trade reading."
3822122,3272,A duel of giants,"Bismarck, Napoleon III, and the origins of the Franco-Prussian War",mainstream,0.82,"A war-history book centered on Bismarck and Napoleon III has broad general-history appeal, even if it is still fairly scholarly."
3829833,3281,Making the Miscellany,"Poetry, Print, and the History of the Book in Early Modern England",niche,0.98,"This is a book-history and early-modern literature topic with specialized scholarly vocabulary, suited to academic readers."
3844723,3295,"Marx, Lenin and the Science of Revolution",,niche,0.98,A Marx/Lenin revolutionary theory title with an explicitly scholarly orientation and limited general-market appeal.
3864222,3299,The fifty billion dollar drain,"alcohol, drugs, and the high cost of insurance",niche,0.86,"A health-policy/economics topic with a specific cost-analysis angle, more institutional than mass-market."
3866713,3306,"Coloniality, Ontology, and the Question of the Posthuman",,niche,0.99,"Theoretical humanities language like ""coloniality,"" ""ontology,"" and ""posthuman"" is strongly academic and specialist."
3873108,3315,Critical Political Economy,"Complexity, Rationality, and the Logic of Post-Orthodox Pluralism",niche,0.99,Dense theoretical language and an academic subject in political economy signal a specialist scholarly audience.
3904401,3331,"Centralisation, Devolution and the Future of Local Government in England",,niche,0.96,"Policy-oriented public administration title about local government in England, suited to a specialist audience."
3918344,3346,"Transitional Justice, Judicial Accountability and the Rule of Law",,niche,0.99,Legal-political academic topic with technical terms that point to a specialist readership.
3922128,3350,Radio Phonics Laboratory,"Telecommunications, Speech Synthesis and the Birth of Electronic Music",niche,0.96,"Technical cultural history of telecommunications, speech synthesis, and electronic music fits a specialist readership."
3933730,3354,Ghosts of Passion,"Martyrdom, Gender, and the Origins of the Spanish Civil War",niche,0.91,"Martyrdom, gender, and the origins of the Spanish Civil War suggest a serious historical study aimed at scholarly and library buyers."
3957782,3372,"Britain and the Greek Civil War, 1944-1949","British imperialism, public opinion and the coming of the Cold War",niche,0.99,A tightly scoped historical study of the Greek Civil War and British imperial politics is academic and specialist.
3983629,3379,Color of Creatorship,"Intellectual Property, Race, and the Making of Americans",niche,0.98,"The subtitle is specialized academic/legal theory about IP, race, and American identity, pointing to scholarly and professional readers."
4023740,3408,Punishment and Inclusion,"Race, Membership, and the Limits of American Liberalism",niche,0.96,"Academic-sounding political theory/history subtitle aimed at readers of race, liberalism, and membership studies."
4032681,3427,"Global Health, Human Rights and the Challenge of Neoliberal Policies",,niche,0.96,This is policy and global-health scholarship with academic framing around human rights and neoliberalism.
4053317,3439,The bell curve wars,"race, intelligence, and the future of America",mainstream,0.82,"The provocative race-and-intelligence debate has broad public interest, but the subject is more serious than pure mass-market pop."
4092065,3458,"Life, Limbs, and the Pursuit of Happiness",,mainstream,0.55,"Evocative, memoir-like title with an accessible hook and self-help/adversity feel suggests broad trade appeal."
4104771,3466,Cultural Conundrums,"Gender, Race, Nation, and the Making of Caribbean Cultural Politics",niche,0.98,"A dense scholarly subtitle on Caribbean cultural politics, gender, race, and nation indicates academic specialty appeal."
4141447,3486,"Music, Madness, and the Unworking of Language",,niche,0.95,"Abstract critical/studies language about music, madness, and language signals a specialized humanities monograph."
4142851,3490,Sperm Tales,"Masculinity, Technology and the Cultural Meaning of Sperm",niche,0.97,Cultural studies/masculinity analysis of sperm reads as academic and specialist rather than broad trade.
4181975,3519,"John Hunter, A. A. Berthold, and the origins of endocrinology",,niche,0.98,Specialized history of medicine/endocrinology with named historical figures; natural audience is academic and medical-history readers.
4206970,3544,Who Owns the Children,"Public Compulsion, Private Responsibility, and the Dilemma of Ultimate Authority",niche,0.91,"Policy/legal-social theory language about authority over children reads scholarly and specialized, with a narrower institutional audience."
4219903,3556,"Communication, Conflict and the Management of Difference",,niche,0.96,"Conflict-management and communication reads like a professional or academic text, not broad trade nonfiction."
4242778,3572,"Bread, Milk, and a Chance of Snow",,mainstream,0.67,"The title is accessible and evocative, suggesting a general trade novel or memoir with broad but not mass-market appeal."
4259391,3581,Empowering Revolution,"America, Poland, and the End of the Cold War",mainstream,0.79,"A broad historical-political narrative about the end of the Cold War, with accessible international stakes and general trade appeal."
4294570,3598,Some like it hot,"climate change, biodiversity and the survival of the species",pop,0.9,"A punchy, familiar title paired with climate-change and biodiversity framing makes this feel like accessible pop science/nonfiction."
4298954,3607,Echoes of Empire,"Memory, Identity and the Legacy of Imperialism",mainstream,0.74,"This is accessible historical/cultural nonfiction with broad intellectual appeal, though it leans more serious and essayistic than pop."
4303501,3617,"Populism, Eco-Populism, and the Future of Environmentalism",,niche,0.95,Political and environmental theory wording signals a specialist policy/academic readership.
4320051,3625,Journey North,"Jefferson, Madison, and the Forging of a Friendship",mainstream,0.89,Founding-era historical nonfiction with an accessible but serious angle on Jefferson and Madison; broad trade appeal rather than mass-market pop.
4373106,3647,"Education, incarceration, segregation, and the future of U.S. multiracial democracy",,niche,0.93,"Education, incarceration, segregation, and multiracial democracy suggests a serious research or policy monograph with an academic/social-justice audience."
4379677,3652,Postcolonial Historical Novel,"Realism, Allegory, and the Representation of Contested Pasts",niche,0.98,This is clearly a literary-studies academic book on the postcolonial historical novel and its representation of contested pasts.
4392474,3661,Mark Twain's Joan of Arc,"Political Wisdom, Divine Justice, and the Origins of Modernity",niche,0.9,Literary-historical criticism about Mark Twain and Joan of Arc suggests an academic or highbrow niche readership rather than a broad commercial one.
4413137,3665,Bad Faith,"Teachers, Liberalism, and the Origins of Mccarthyism",mainstream,0.74,"McCarthyism is a recognizable historical subject and the title is punchy, but the subtitle suggests a more substantial history book than mass-market pop."
4430730,3680,"Qualitative Inquiry, Cartography, and the Promise of Material Change",,niche,0.97,Methodology-heavy qualitative research title for scholars and graduate students.
4452893,3696,Fourth Way?,"Privatization, Property, and the Emergence of New Market Economies",niche,0.95,"The subtitle signals academic political economy about privatization and market formation, which reads as scholarly rather than trade."
4457657,3700,Non-Lethal Weapons As Legitimising Forces?,"Technology, Politics and the Management of Conflict",niche,0.98,Defense/security-studies topic with technical policy language; natural buyers are specialists and institutions.
4458667,3704,Staging Power in Tudor and Stuart English History Plays,"History, Political Thought, and the Redefinition of Sovereignty",niche,0.98,"This is a clearly academic literary-history title about Tudor and Stuart plays, political thought, and sovereignty."
4491705,3727,"Prisons, Punishment and the Pursuit of Security",,niche,0.82,"A serious criminology/policy title; accessible theme, but the framing suggests academic or expert readership."
4508620,3739,"Systemic Risk, International Regulation, and the Limits of Coordination",,niche,0.99,Technical finance/policy topic with scholarly framing and abstract language aimed at specialists or graduate-level readers.
4535197,3755,Coral Lives,"Literature, Labor, and the Making of America",niche,0.94,"The subtitle signals academic literary/cultural studies rather than a general-trade narrative, aimed at scholars and students."
4542212,3756,"Einstein, Popper and the Crisis of Theoretical Physics",,niche,0.98,A specialist philosophy/physics-history title about Einstein and Popper; it signals academic readership rather than broad trade appeal.
4570301,3774,"Ecology, Ethics, and the Future of Humanity",,niche,0.95,"Abstract, philosophical treatment of ecology and ethics; reads like scholarly or conference-level nonfiction rather than mass-market trade."
4589386,3785,From NEUROSCIENCE To NEUROLOGY,"Neuroscience, Molecular Medicine, and the Therapeutic Transformation of Neurology",niche,0.99,"Medical/scientific transformation of neurology is clearly professional and academic, aimed at practitioners and researchers."
4603049,3789,Millennials in Architecture,"Generations, Disruption, and the Legacy of a Profession",niche,0.97,"Architecture and generational change in a profession is a specialist, professional-audience topic with clear niche appeal."
4604806,3793,Values in Sport,"Elitism, Nationalism, Gender Equality and the Scientific Manufacturing of Winners",niche,0.97,"Values, elitism, nationalism, and gender equality in sport suggests sociology/ethics scholarship aimed at a defined academic readership."
4643320,3822,Welcome to the Machine,"Science, Surveillance, and the Culture of Control",pop,0.91,"Science, surveillance, and control are high-concept, contemporary nonfiction themes with broad mainstream appeal."
4643930,3823,"Technology, Industrial Conflict and the Development of Technical Education in 19th-Century England",,niche,0.98,The title describes a specialized historical study of technical education and industrial conflict in 19th-century England.
4681719,3845,Negative Dialectics and Event,"Nonidentity, Culture, and the Historical Adequacy of Consciousness",niche,0.99,"Philosophical terminology like Negative Dialectics, Nonidentity, and Historical Adequacy signals a highly academic readership."
4682283,3847,Trauma of Doctrine,"New Calvinism, Religious Abuse, and the Experience of God",niche,0.97,Religious studies/theology focus on New Calvinism and doctrine is clearly aimed at a defined scholarly or church audience.
4711468,3863,America insecure,"arms transfers, global interventionism, and the erosion of national security",niche,0.87,Policy and security-analysis language points to an IR/defense specialist audience more than a broad trade market.
4760883,3889,"Governmental Inerventions, Social Needs, and the Management of U. S. Forests",,niche,0.98,"The title signals policy/history scholarship on U.S. forest management and government intervention, which is specialist terrain."
4796255,3904,"Austerity, Community Action, and the Future of Citizenship in Europe",,niche,0.9,"Scholarly political/social analysis of citizenship and austerity in Europe, aimed at academics and policy readers rather than general trade buyers."
4831060,3918,"Corporate Power, Oligopolies, and the Crisis of the State",,niche,0.99,"Political economy language ('corporate power,' 'oligopolies,' 'crisis of the state') points to scholarly or policy-oriented readership."
4831955,3920,"Innovation, Knowledge Communities, and the Hidden Structure of Technology",,niche,0.96,"Sounds like academic work in technology studies/organizational theory, with specialist terminology and a research-driven frame."
4835749,3922,Japanese Tree Burial,"Ecology, Kinship and the Culture of Death",niche,0.96,An ethnographic-sounding study of Japanese burial practices and death culture is specialized academic nonfiction with a narrow natural audience.
4844537,3924,"Sex, discrimination, and the division of labor",,niche,0.99,A theoretical social-science title about labor division and discrimination; natural audience is academic readers.
4845608,3926,Infrared vapour spectra,"group frequency correlations, sample handling and the examination of gas chromatographic fractions",niche,0.99,"This is highly technical spectroscopy language with specific methods and sample types, clearly aimed at specialists."
4868782,3936,Masters of Command,"Alexander, Hannibal, Caesar, and the Genius of Leadership",pop,0.92,Big-name historical figures plus a clear leadership payoff make this feel like a mass-market history/self-improvement hook.
4868937,3937,Uncommon Readers,"Denis Donoghue, Frank Kermode, George Steiner, and the Tradition of the Common Reader",niche,0.95,Literary criticism centered on named theorists and the 'common reader' tradition is specialized scholarly work.
4874157,3946,"Jonathan Edwards, art and the sense of the heart",,niche,0.98,Religious/intellectual history focused on Jonathan Edwards and aesthetics; niche scholarly appeal.
4879975,3947,Orienting Arthur Waley,"Japonism, Orientalism, and the Creation of Japanese Literature in English",niche,0.97,"A scholarly study of Arthur Waley, Japonism, and Orientalism, clearly for specialist literary and area-studies audiences."
4882470,3949,New Orleans Pralines,"Plantation Sugar, Louisiana Pecans, and the Marketing of Southern Nostalgia",niche,0.93,A local food/cultural history centered on New Orleans pralines and Southern nostalgia; strongest appeal is regional and specialist rather than mass-market.
4888350,3951,"Wales, Romanticism, and the Making of Imperial Culture",,niche,0.98,"Literary-historical criticism centered on Wales, Romanticism, and imperial culture is squarely scholarly."
4902910,3958,False Promise of Liberal Order,"Nostalgia, Delusion and the Rise of Trump",mainstream,0.84,"Trump and the crisis of liberal order give it broad topical relevance, but the framing is serious political analysis rather than pop self-help or memoir."
4905296,3963,Scientific Way of War,"Antebellum Military Science, West Point, and the Origins of American Military Thought",niche,0.96,Antebellum military science and West Point make this an academic military-history title with a specialist audience.
4907865,3964,Korea and the Fall of the Mongol Empire,"Alliance, Upheaval, and the Rise of a New East Asian Order",niche,0.99,"This is a specialist historical work on Korea and the Mongol Empire, with a clearly academic East Asian history audience."
4929941,3976,"Ideas, Cultural Forces and the Development of International Relations",,niche,0.98,Abstract scholarly framing about international relations theory and cultural forces is typical of an academic monograph.
4966996,3993,Gnostic Anthropology,"Evolution, Devolution, and the Fate of Humanity",niche,0.97,"Gnosticism, anthropology, and human evolution/devolution signal an esoteric philosophical-academic audience."
4981040,4003,"Hoarders, Doomsday Preppers, and the Culture of Apocalypse",,pop,0.88,"The title is instantly legible and high-hook, using familiar pop-culture terms like ""Hoarders"" and ""Doomsday Preppers"" with a broad apocalypse angle."
4997938,4008,"Cosmetics, Fashion, and the Exploitation of Women",,mainstream,0.63,"A broad, immediately legible feminist critique of consumer culture that could appeal beyond academia to general readers interested in gender politics."
5071597,4043,"Security, sovereignty and the challenge of world politics",,niche,0.99,"Sounds like a political science/IR textbook or monograph on world politics, aimed at specialists and students."
5091568,4057,Binding the Ghost,"Theology, Mystery, and the Transcendence of Literature",niche,0.94,"Theology, mystery, and transcendence of literature points to an academic/religious studies niche rather than mainstream consumers."
5092268,4060,Energy Medicine Technologies,"Ozone Healing, Microcrystals, Frequency Therapy, and the Future of Health",pop,0.93,"Alternative-health promises like ozone healing, frequency therapy, and the future of health are aimed at a wide consumer wellness audience."
5122513,4068,"Nuclear winter, deterrence, and the prevention of nuclear war",,niche,0.98,"Technical nuclear policy/strategy title aimed at specialists in security studies and deterrence, not general trade readers."
5131382,4088,"Wine, Sugar, and the Making of Modern France",,mainstream,0.84,"A narrative historical title with specific cultural hooks, appealing to general trade and serious nonfiction readers."
5144625,4094,"Fanon, Zizek, and the Violence of Resistance",,niche,0.97,"Theory-heavy title invoking Fanon and Žižek, signaling a narrow academic audience in philosophy, critical theory, or political studies."
5159884,4102,Shaping Jazz,"Cities, Labels, and the Global Emergence of an Art Form",mainstream,0.68,"Jazz history has broad cultural appeal, and the title is accessible, though the subtitle signals a serious trade/history treatment rather than mass-market pop."
5196987,4118,Two Dreams in One Bed,"Empire, Social Life, and the Origins of the North Korean Revolution in Manchuria",niche,0.98,"Highly specific historical topic, region, and revolutionary context; natural audience is academic history/area studies readers."
5198985,4124,Apocalypse Without God,"Apocalyptic Thought, Ideal Politics, and the Limits of Utopian Hope",niche,0.95,Abstract philosophical/theological language and a specialized subject matter point to an academic or seminary audience.
5213999,4132,"GATT, WTO and the Regulation of International Trade in Textiles",,niche,0.99,"Highly specialized international trade and textiles regulation subject, clearly aimed at legal, policy, or academic readers."
5237471,4149,Race to the New World,"Christopher Columbus, John Cabot, and a Lost History of Discovery",pop,0.86,High-concept historical nonfiction about Columbus and Cabot with a ‘lost history’ hook that is immediately legible and broadly marketable.
5272595,4168,"Freewomen, Patriarchal Authority, and the Accusation of Prostitution",,niche,0.99,"Specialized scholarly analysis of gender, authority, and accusations of prostitution."
5279023,4171,"Food, Africa, and the Pursuit of Contentedness",,niche,0.9,"Looks like cultural/food studies focused on Africa, a specialized academic or university-press audience."
5304202,4178,Pinball wizards,"jackpots, drains, and the cult of the silver ball",niche,0.98,"Pinball is a defined hobbyist subculture, and the subtitle leans into enthusiast language that signals a specialized audience."
5310933,4187,"Ethnicity, Gender and the Subversion of Nationalism",,niche,0.99,"The combination of ethnicity, gender, nationalism signals a specialized academic work in political theory or cultural studies, not a mass-market trade book."
5315819,4191,Tackling the Global Food Crisis,"Impact, Policy Response, and the Role of the IMF",niche,0.99,Policy-response language and the IMF make this sound like an economics/institutional report for specialists and policy readers.
5343728,4206,"Radical Realism, Autofictional Narratives and the Reinvention of the Novel",,niche,0.95,"A literary-criticism title about autofiction and the novel, suggesting a scholarly audience interested in contemporary fiction studies."
5366862,4214,"Slavery, Slaveholding and the Free Black Population of Antebellum Baltimore",,niche,0.99,Highly specific historical research on slavery and free Black populations in antebellum Baltimore is academic/local scholarship.
5377449,4225,"Alfred H. Barr, Jr. and the Intellectual Origins of the Museum of Modern Art",,niche,0.92,Art history/intellectual history of MoMA and Alfred H. Barr reads as scholarly rather than mass-market.
5379610,4228,Invention of Power,"Popes, Kings, and the Birth of the West",mainstream,0.74,"Big, readable historical synthesis about popes, kings, and the West has broad trade appeal, but feels more substantive than pop."
5413961,4245,Bioregional Economy,"Land, Liberty and the Pursuit of Happiness",niche,0.98,"Reads like a specialized environmental/policy study on regional economics and land use, aimed at academic or practitioner audiences."
5415929,4248,"Hermeneutics, Intertextuality and the Contemporary Meaning of Scripture",,niche,0.99,"Hermeneutics, intertextuality, and scripture are technical terms from theology and literary criticism, clearly aimed at specialists."
5448393,4260,Stony the Road,"Reconstruction, White Supremacy, and the Rise of Jim Crow",mainstream,0.88,"A highly legible, big-topic American history title about Reconstruction and Jim Crow, with strong general-audience book-club appeal."
5464975,4275,"Advances, Applications and the Future of Haptic Technology",,niche,0.99,"A technical survey of haptic technology advances and applications, clearly for practitioners/researchers."
5471442,4278,Men Writing the Feminine,"Literature, Theory, and the Question of Genders",niche,0.95,Literary theory and gender-question framing makes this a scholarly criticism title with limited natural audience outside academia.
5488853,4293,"Brianna, Jamaica, and the Dance of Spring",,mainstream,0.46,"Whimsical, narrative-sounding title feels like general literary or children’s trade rather than technical or academic."
5559482,4338,Independence Day,"Myth, Symbol, and the Creation of Modern Poland",niche,0.86,A history of modern Poland’s symbolism and mythmaking is substantial but fairly specialized national-historical scholarship.
5571530,4346,Embodied Performance,"Warriors, Dancers, and the Origins of Noh Theater",niche,0.99,"Focused on Noh theater origins and performance history, which points to a specialist humanities audience."
5602799,4364,"Health, Happiness and the Pursuit of Herbs",,niche,0.72,"The title suggests herbs, health, and lifestyle, but the phrasing still feels like a specialized herbalism or hobbyist book rather than a broad bestseller."
5616856,4371,Remote Control,"Power, Cultures, and the World of Appearances",niche,0.95,Abstract cultural/power language signals theory-heavy work with a specialist audience rather than general trade readership.
5630884,4375,Great Improvisation,"Franklin, France, and the Birth of America",mainstream,0.86,"Readable historical nonfiction about Franklin and France in the founding era, with broad trade-market appeal."
5658492,4382,"Money, inflation and the constitutional position of the central bank",,niche,0.99,The constitutional position of the central bank and the economic terms signal legal/economic analysis for specialists.
5668905,4393,Security Archipelago,"Human-Security States, Sexuality Politics, and the End of Neoliberalism",niche,0.99,"Dense theoretical language about human-security states, sexuality politics, and neoliberalism signals an academic political/gender studies audience."
5695194,4406,"Political economy, ideology, and the impact of economics on theThird World",,niche,0.97,Dense political-economy framing and mention of the Third World indicate an academic development/economics audience.
5698169,4408,"Performativity, Politics, and the Production of Social Space",,niche,0.98,Theoretical terms like performativity and social space signal post-structural/social theory for specialists.
5698621,4410,"Pompey, Cato, and the Governance of the Roman Empire",,niche,0.98,Classical-history subject and governance focus point to a classics or ancient-history specialist audience.
5698710,4411,Infertility Treadmill,"Feminist Ethics, Personal Choice, and the Use of Reproductive Technologies",niche,0.97,"The feminist ethics and reproductive-technology framing makes this a scholarly, field-specific book rather than a broad trade title."
5699687,4415,Stalled Democracy,"Capital, Labor, and the Paradox of State-Sponsored Development",niche,0.92,"Political economy and development studies framing suggests a scholarly, policy-oriented audience."
5780424,4454,Japanese Tree Burial,"Ecology, Kinship and the Culture of Death",niche,0.92,An ethnographic-sounding study of a specific Japanese burial practice and its cultural meanings; specialized and scholarly.
5788539,4458,"Habit, Production, and the Cross-Section of Stock Returns",,niche,0.99,Technical finance/econometrics phrasing ('cross-section of stock returns') makes this clearly a specialist professional or academic book.
5793607,4460,Alchemy Tried in the Fire,"Starkey, Boyle, and the Fate of Helmontian Chymistry",niche,0.99,"Early modern chemistry history centered on Starkey, Boyle, and Helmontian chymistry is clearly for specialist readers."
5808291,4468,"God, Eternity and the Nature of Time",,niche,0.96,Theological/philosophical treatment of time and eternity strongly suggests academic religious studies or philosophy readership.
5841438,4482,Irreconcilable Founders,"Spencer Roane, John Marshall, and the Nature of America's Constitutional Republic",niche,0.84,"Constitutional/legal history focused on named figures and an interpretive argument, which is more specialist than broad general interest."
5872198,4492,"Life, liberty and the pursuit of a nation",,mainstream,0.64,The title is broad and rhetorically polished enough for a general-history or civic narrative audience.
5878246,4496,Emergence of Religious Toleration in Eighteenth-Century New England,"Baptists, Congregationalists, and the Contribution of John Callender",niche,0.98,"A focused historical-religious monograph on eighteenth-century New England and a named clerical contribution, clearly academic in scope."
5880044,4497,"Spenser, Milton, and the Redemption of the Epic Hero",,niche,0.98,"This is a close literary-critical study of Spenser and Milton, clearly intended for scholars and serious students of literature."
5880746,4499,Women and Islam,"Myths, Apologies, and the Limits of Feminist Critique",mainstream,0.81,"A timely, public-facing debate about women, Islam, and feminism that should interest general trade readers."
5919311,4516,"Black Women, Citizenship, and the Making of Modern Cuba",,niche,0.95,A history/area-studies title centered on Black women and citizenship in Cuba is scholarly and likely aimed at academic readers.
5958367,4551,Ned Kelly As Memory Dispositif,"Media, Time, Power, and the Development of Australian Identities",niche,0.99,Dense theoretical wording and cultural-studies framing signal an academic audience centered on memory studies and Australian identity.
5958954,4552,"Frontiers, Territories and the Making of Hittite Political Landscapes",,niche,0.99,"Highly specific ancient history/archaeology topic about Hittite political landscapes, aimed at specialists."
5978308,4559,Hockey Night Fever,"Mullets, Mayhem and the Game's Coming of Age",mainstream,0.8,"A lively sports-history package that is accessible to general readers and hockey fans, though not mass-market broad."
5980713,4563,Bound to Read,"Compilations, Collections, and the Making of Renaissance Literature",niche,0.98,Renaissance literature and book-history terminology points to a specialist literary scholarship audience.
5995173,4571,"Jeshie, Cent and the Evolution of God",,niche,0.99,"Obscure names and a theology-of-religion phrasing point to a scholarly, narrowly targeted audience."
6002472,4575,"Life, Libby, and the Pursuit of Happiness",,mainstream,0.57,"An emotionally legible, character-driven title with a self-help/fictional feel, but not strongly mass-market pop-coded."
6024154,4585,"Estates, communities and the Constitution of the Latin Kingdom",,niche,0.98,Very specialized historical/constitutional study of the Latin Kingdom and estates/communities; narrow academic audience.
6062959,4609,"Rousseau, Nietzsche, and the Image of the Human",,niche,0.98,"A philosophical/theoretical title about Rousseau, Nietzsche, and ""the Image of the Human"" signals a specialist humanities readership."
6063900,4611,"Boswell, Johnson, and the petition of James Wilson",,niche,0.99,"A highly specific scholarly/literary-historical topic centered on Boswell, Johnson, and James Wilson, aimed at specialists."
6088174,4630,"Drugs, Power, and Politics","Narco Wars, Big Pharma, and the Subversion of Democracy",mainstream,0.83,"Topical investigative nonfiction about drugs, pharma, and democracy is broad and accessible, but more reported and substantial than pure pop."
6114233,4647,"American culture, canons, and the case of Elizabeth Stoddard",,niche,0.97,Literary-critical framing around American canons and Elizabeth Stoddard signals a university-press audience in literary studies.
6114252,4649,"Missions, nationalism, and the end of empire",,niche,0.95,"Historical-religious scholarship about missions and nationalism, likely for academic readers."
6130238,4669,"Luther, Calvin and the Mission of the Church",,niche,0.97,Church history/theology about Luther and Calvin; natural readership is scholarly or confessional rather than broad trade.
6155243,4683,On Not Being Able to Play,"Scholars, Musicians and the Crisis of the Psyche",niche,0.98,"Scholars, musicians, and psychoanalytic crisis indicate a highly specialized academic or theory-driven audience."
6189119,4698,"Style, Politics and the Future of Philosophy",,niche,0.97,"Style, politics, and the future of philosophy is highly theoretical and disciplinary, aimed at philosophy or humanities readers rather than a broad trade market."
6221976,4718,Searching for Place,"Ukrainian Displaced Persons, Canada, and the Migration of Memory",niche,0.98,Diaspora and migration-memory studies are clearly academic and specialized rather than mass-market.
6256138,4736,Wilde Times,"Patricia Wilde, George Balanchine, and the Rise of New York City Ballet",niche,0.88,"A dance-history/biography title centered on Patricia Wilde and George Balanchine; strong appeal for ballet and performing-arts readers, not the general mass market."
6257500,4740,"Modernismo, Modernity and the Development of Spanish American Literature",,niche,0.99,A specialized literary-history title about Spanish American modernismo is typical academic criticism and course-adoption territory.
6322408,4772,"Water, Christianity and the Rise of Capitalism",,niche,0.99,Religion and economic history argument linking Christianity and capitalism; strongly academic and specialized.
6324325,4773,China,"Bioethics, Trust, and the Challenge of the Market",niche,0.97,"Bioethics, trust, and market reform in China signals specialized scholarly social-science/humanities readership."
6340775,4776,Artifak,"Cultural Revival, Tourism, and the Recrafting of History in Vanuatu",niche,0.98,Anthropology/local history topic on Vanuatu cultural revival and tourism; clearly scholarly and region-specific.
6345464,4778,Bosnia and Herzegovina,"Identity, Nationalist Landscapes and the Future of the State",niche,0.97,"This is a country-specific political/identity study with policy implications, best suited to specialists and academic readers."
6355166,4781,For All These Rights,"Business, Labor, and the Shaping of America's Public-Private Welfare State",mainstream,0.71,"Serious history/policy nonfiction about labor, business, and the welfare state, but still broad enough for general trade readers interested in U.S. social history."
6355190,4782,"America, Germany, and the Future of Europe",,mainstream,0.74,Geopolitical and historical but still widely legible to general readers interested in Europe and U.S.-Germany relations.
6369823,4792,"Arthur, Origins, Identities and the Legendary History of Britain",,niche,0.99,Arthurian/British legendary-history scholarship is clearly aimed at a narrow academic or enthusiast audience.
6386928,4798,"David Dale, Robert Owen and the story of New Lanark",,niche,0.96,"Local/industrial history centered on New Lanark and historical figures, suggesting a specialist regional/history readership."
6393151,4804,Religious Transactions in Colonial South India,"Language, Translation, and the Making of Protestant Identity",niche,0.99,"A specialized academic history of colonial South India, language, translation, and Protestant identity clearly targets scholars and institutional readers."
6400214,4811,John Cennick,"Methodism, Moravianism and the Rise of Evangelicalism",niche,0.99,"Methodism, Moravianism, and evangelical history indicate a highly specialized religious-history readership."
6424493,4819,"Creativity, Psychology and the History of Science",,niche,0.96,"Broad-sounding words, but the combination of psychology and history of science signals scholarly humanities/social-science nonfiction."
6478113,4848,E-Therapy,"Case Studies, Guiding Principles, and the Clinical Potential of the Internet",niche,0.97,Clinical case studies and guiding principles for internet-based therapy point to a professional psychology/health audience.
6480451,4849,"Public Employees, Unions, and the Erosion of Civic Trust",,niche,0.94,"Policy/labor studies framing around public employees, unions, and civic trust signals a specialist audience."
6529448,4876,Nation S Tortured Body,"Violence, Representation, and the Formation of a Sikh Diaspora",niche,0.96,"Scholarly diaspora, violence, and representation framing signals academic postcolonial/Sikh studies readership."
6530201,4877,Merchant of Power,"Sam Insull, Thomas Edison, and the Creation of the Modern Metropolis",mainstream,0.86,A biography/history of Edison and Sam Insull with 'creation of the modern metropolis' offers readable narrative nonfiction for a broad audience.
6559740,4887,Bede's Historiae,"Genre, Rhetoric and the Construction of the Anglo-Saxon Church History",niche,0.99,"The focus on Bede, genre, rhetoric, and Anglo-Saxon church history is highly specialized and academic."
6572114,4892,Vulture Capitalism,"Corporate Crimes, Backdoor Bailouts, and the Death of Freedom",pop,0.95,"Punchy, polemical language about corporate crimes and bailouts gives this strong mass-market nonfiction appeal and a clear high-concept hook."
6592688,4903,Emotion Machine,"Commonsense Thinking, Artificial Intelligence, and the Future of the Human Mind",pop,0.91,"The title promises a big, accessible hook about AI and the human mind, fitting popular science appeal."
6601275,4906,"Music, dance and the art of seduction",,mainstream,0.66,"The title is accessible and evocative, with a broad cultural hook around music, dance, and seduction, though still likely trade nonfiction rather than mass-market pop."
6610608,4911,"Luigi Dallapiccola, America, and the Unlocking of Visionary Creativity",,niche,0.98,A composer-specific title about Luigi Dallapiccola and visionary creativity points to musicology or arts scholarship with limited natural readership.
6629985,4929,Conversations with Mark Frost,"Twin Peaks, Hill Street Blues, and the Education of a Writer",mainstream,0.72,"A conversation book with TV creator Mark Frost and references to Twin Peaks/Hill Street Blues has clear pop-culture appeal, but in a serious interview/life-of-writer format."
6630724,4930,Lessons from North Carolina,"Race, Religion, Tribe, and the Future of America",mainstream,0.74,"Race, religion, and national future are broad civic themes, but the framing still feels like serious trade nonfiction rather than pop."
6693251,4963,Antibiotic Era,"Reform, Resistance, and the Pursuit of a Rational Therapeutics",niche,0.96,"Medical-history/professional wording (“rational therapeutics,” antibiotic reform and resistance) suggests a specialist audience."
6697211,4967,"Civilization, Indigenous Peoples, and the Expansion of International Society",,niche,0.96,Conceptual international-relations/history title about civilization and Indigenous peoples; reads like an academic monograph for a defined scholarly audience.
6697988,4969,New Studies in the Age of Goethe,"Romanticism, Origins, and the History of Heredity",niche,0.98,"A scholarly, period-specific literary studies title aimed at academics and specialists in Goethe/Romanticism rather than general readers."
6704396,4971,"Concepts, Technologies, Challenges, and the Future of Web 3",,niche,0.93,"A survey-style title about Web3 concepts, technologies, and challenges points to a technical/professional readership rather than broad consumer appeal."
6705847,4974,"Humor, Horror, and the Heart of the Badge",,niche,0.73,"The badge suggests a law-enforcement/professional angle, making it more niche than broadly commercial."
6749125,4999,"Plague, SARS, And the Story of Medicine in Hong Kong",,niche,0.94,"A regional medical history focused on plague, SARS, and Hong Kong medicine; clearly geared to academic or local-history readers rather than a broad trade audience."
6758992,5003,Making Ammonia,"Fritz Haber, Walther Nernst, and the Nature of Scientific Discovery",niche,0.91,History of chemistry/science with named scientists and a scholarly subtitle; strongest appeal is to history-of-science readers.
6760665,5009,"Democracy, Religious Pluralism and the Liberal Dilemma of Accommodation",,niche,0.98,Abstract political-theory language about liberal accommodation and pluralism points to an academic readership rather than a mass audience.
6804928,5027,Other Side of Eden,"Hunters, Farmers, and the Shaping of the World",mainstream,0.84,"Sweeping human-history framing around hunters, farmers, and world-shaping processes is accessible and ambitious, though still more substantial than pop nonfiction."
6825778,5034,"Ethnic Identity, Social Mobility and the Role of Soulmates",,niche,0.95,Dense sociological phrasing about ethnic identity and social mobility points to specialist academic readership.
6843808,5040,Writing Power,"Intellectuals, Legitimacy, and the Making of Knowledge",niche,0.95,"An abstract scholarly title about intellectuals and knowledge production, signaling academic/social-theory readership."
6856425,5044,Courting Change,"Queer Parents, Judges, and the Transformation of American Family Law",niche,0.89,"Law, queer family policy, and judicial transformation indicate a specialized legal-history audience."
6924779,5080,"Mycenaean Greece, Mediterranean Commerce, and the Formation of Identity",,niche,0.98,A specialized ancient-history/archaeology title focused on Mycenaean Greece and commerce; natural audience is academic and library rather than general trade.
6990273,5105,Careless People,"Murder, Mayhem and the Invention of the Great Gatsby",pop,0.88,"The subtitle uses a strong hook—murder, mayhem, and Gatsby—combining true-crime energy with a famous literary reference for mass appeal."
7008196,5111,In the Mind's Eye,"Creative Visual Thinkers, Gifted Dyslexics, and the Rise of Visual Technologies",pop,0.84,"Creative thinking, dyslexia, and visual technologies promise an accessible pop-science/history hook for a wide general audience."
7022101,5119,This Happened Here,"Amerikaners, Neoliberals, and the Trumping of America",mainstream,0.7,"A politically charged analysis of Trump-era America is broadly legible, though the phrasing suggests a more essayistic/intellectual trade audience."
7057893,5142,Restitution of All Things,"Israel, Christians, and the End of the Age",niche,0.95,"Religious/theological study of Israel, Christians, and eschatology; reads like a specialized academic or confessional audience title."
7058249,5143,Gaga Aesthetics,"Art, Fashion, Popular Culture, and the up-Ending of Tradition",niche,0.94,"Despite the pop-reference title, the art/fashion/pop culture framing suggests a cultural-studies or theory audience."
7084203,5152,"Authority, identity and the social history of the Great War",,niche,0.97,"Historical sociology of the Great War, framed as a scholarly social-history work."
7086368,5155,Cinema's Baroque Flesh,"Film, Phenomenology and the Art of Entanglement",niche,0.97,Film theory with phenomenology and baroque aesthetics is specialized criticism for an academic or cinephile scholarly audience.
7087643,5158,Becoming Rwandan,"Education, Reconciliation, and the Making of a Post-Genocide Citizen",niche,0.95,"This is area-studies/social-science nonfiction about post-genocide citizenship in Rwanda, which naturally targets academic and specialist readers."
7090870,5160,God's Country,"Faith, Hope, and the Future of the Rural Church",niche,0.93,A focused religious/nonprofit audience: it’s about the future of the rural church rather than a broad general-interest premise.
7092579,5162,"Long-Term Commitment, Trust and the Rise of Foreign Banking in China",,niche,0.98,"Long-Term Commitment, Trust and the Rise of Foreign Banking in China is clearly a specialized business/economics or finance-history study."
7142439,5181,"Knowledge Economy, Development and the Future of Higher Education",,niche,0.98,Higher-education policy language and the 'knowledge economy' framing indicate an academic/professional market.
7186109,5202,Latino Politics,"Power, Intersectionality, and the Future of American Democracy",niche,0.86,"A politics book aimed at scholars/students of Latino studies and political science, with an explicitly academic subtitle."
7192897,5206,"High Principle, Low Politics, and the Emergence of the Supreme Court",,niche,0.97,"Reads like a scholarly legal-historical study of the Supreme Court, aimed at academic or serious law readers rather than a broad trade audience."
7217032,5223,Muslims in America,"Context, Controversy and the Pursuit of Identity",mainstream,0.77,"A clear, accessible overview of Muslims in America with topical controversy and identity themes suited to general readers."
7251008,5242,"Student Mobilities, Migration and the Internationalization of Higher Education",,niche,0.99,"Higher-education research on student mobilities, migration, and internationalization is squarely in the academic-policy niche."
7311415,5273,Ancient privileges,"Beowulf, law and the making of Germanic antiquity",niche,0.98,Beowulf and Germanic antiquity indicate a scholarly literary/history study with an academic audience.
7334313,5284,"Kierkegaard, Religion and the Nineteenth-Century Crisis of Culture",,niche,0.98,"Dense philosophical/religious academic title centered on Kierkegaard and nineteenth-century culture crisis, typical of specialist scholarship."
7347082,5287,Tomorrow's Child,"Imagination, Creativity, and the Rebirth of Culture",pop,0.78,"Uplifting, aspirational framing around creativity and a cultural rebirth makes this feel broadly legible and marketable to a wide nonfiction audience."
7356266,5289,Music for Victory at Sea,"Richard Rodgers, Robert Russell Bennett, and the Making of a TV Masterpiece",niche,0.89,"A behind-the-scenes history of a specific TV masterpiece and its composers is appealing, but mostly to media-history and music-history readers."
7361426,5293,"Christianity, Evolution and the Breath of Life",,niche,0.98,"Theology/evolution dialogue title is niche academic or church-intellectual nonfiction, with limited broad-market reach."
7474391,5332,"Pragmatism, Technology, and the Persistence of the Postmodern",,niche,0.97,"Dense philosophical terms like pragmatism, postmodernism, and technology indicate an academic audience."
7493537,5338,Murder in Music City,"Corruption, Scandal, and the Framing of an Innocent Man",pop,0.96,"A true-crime hook with murder, corruption, scandal, and an innocent man is instantly legible and highly marketable to a broad mass audience."
7537142,5353,In bed with Gore Vidal,"hustlers, Hollywood, and the private world of an American master",pop,0.94,"Celebrity name recognition plus a provocative, high-hook subtitle make this broadly marketable and instantly legible."
7543751,5361,Pitch Invasion,"Adidas, Puma and the Making of Modern Sport",pop,0.89,"Brand-name sports history with a punchy, instantly legible hook about Adidas, Puma, and modern sport."
7581538,5377,"Calais, Boulogne and the North of France",,niche,0.98,"A very specific place-based history title aimed at readers of regional or historical studies, not a broad trade audience."
7607391,5386,"Sex, Liberty and the Pursuit of Happiness",,mainstream,0.78,"Broad, highly legible concepts and a catchy triad make this feel accessible to general trade readers, though still somewhat intellectual."
7632001,5391,"Terrorism, Rights and the Rule of Law",,niche,0.95,A legal/political-theory subject on terrorism and the rule of law is timely but still specialist and scholarly in framing.
7636415,5398,"Satire, Sarcasm and an Accumulation of Wisdom",,mainstream,0.57,"Literary-essay style title with a broad, accessible theme, but it still reads more like a serious trade or criticism book than a mass-market hook."
7664284,5411,Conversations with a Mathematician,"Math, Art, Science and the Limits of Reason",mainstream,0.68,"An interview/conversation book about math, art, science, and reason feels broadly intellectual and accessible, if still somewhat specialized."
7763730,5464,"Law, Liberty, and the Rule of Law",,niche,0.93,Abstract legal/philosophical framing suggests an academic or specialist law readership rather than general consumers.
7791327,5471,Khrushchev's Cold Summer,"Gulag Returnees, Crime, and the Fate of Reform after Stalin",mainstream,0.82,An evocative historical subtitle about Gulag returnees and reform after Stalin suggests serious narrative history with broad trade appeal.
7792703,5479,Earliest Relationship,"Parents, Infants, and the Drama of Early Attachment",mainstream,0.76,"The attachment/parenting theme is accessible to a wide audience and has some self-help and popular psychology appeal, though it still sounds substantive."
7796986,5483,"Partisan Politics, Narrative Realism, and the Rise of the British Novel",,niche,0.97,"This is a literary studies monograph on British novel history and narrative theory, which naturally fits a scholarly niche."
7821573,5494,"Sir Charles Tupper, Bart., and the unification of the Empire",,niche,0.98,A historical biography/political history focused on Sir Charles Tupper and imperial unification is aimed at readers of specialized history.
7827759,5502,"Rhodes Scholars, Oxford, and the Creation of an American Elite",,niche,0.95,"Elite-history/social-history study of Rhodes Scholars and Oxford, appealing to a specialized academic audience."
7853924,5517,"Vaccines, autoimmunity, and the changing nature of childhood",,niche,0.99,"Medical/social history framing about vaccines, autoimmunity, and childhood, indicating a scholarly or professional audience."
7854643,5519,New Industrial Revolution,"Consumers, Globalization and the End of Mass Production",mainstream,0.66,"Broad business-and-society framing around globalization and production makes it accessible trade nonfiction, though still more analytical than pop."
7874119,5526,"Resources, deprivation and the measurement of poverty",,niche,0.99,"The language of resources, deprivation, and poverty measurement indicates a specialized economics/social-policy readership."
7961485,5573,Creatures of Fashion,"Animals, Global Markets, and the Transformation of Patagonia",mainstream,0.78,"A readable narrative nonfiction premise about animals, global markets, and Patagonia with broad environmental/business appeal, but not quite mass-market pop."
7970177,5578,Imperial and Soviet Russia,"power, privilege, and the challenge of modernity",mainstream,0.67,"A broad historical subject with an accessible framing, though the academic-sounding subtitle keeps it above pure pop."
8055242,5614,"Genre, Race, and the Production of Subjectivity in German Romanticism",,niche,0.98,Specialized literary-theory/romanticism scholarship with academic concepts like race and subjectivity.
8091014,5631,Impact of International Financial Institutions in Pakistan,"Development, Governance and the Rule of Law",niche,0.99,International finance and governance in Pakistan is a narrow academic/policy subject with institutional appeal.
8107741,5637,"Poverty Reduction, Education, and the Global Diffusion of Conditional Cash Transfers",,niche,0.99,"This is development/economics scholarship on conditional cash transfers, a technical topic with a narrow natural audience."
8114136,5639,"Iraq, Democracy and the Future of the Muslim World",,mainstream,0.78,Geopolitics/current-affairs framing promises accessible serious nonfiction for a broad general readership.
8166448,5654,"Postmodernism, Religion, and the Future of Social Work",,niche,0.97,"A professional/academic social work title focused on theory and practice, not general trade reading."
8172317,5657,Was Hinduism Invented?,"Britons, Indians, and the Colonial Construction of Religion",mainstream,0.74,"The title poses a broad, provocative question about Hinduism, giving it wider trade appeal even though the subtitle signals a serious scholarly history."
8186542,5664,Controversies in Soviet Social Thought,"Democratization, Social Justice, and the Erosion of Official Ideology",niche,0.99,Soviet social thought and official ideology are narrow scholarly topics with institutional/academic buyers.
8200423,5675,Projected Art History,"Biopics, Celebrity Culture, and the Popularizing of American Art",niche,0.95,Art-history scholarship with biopics and celebrity culture as its lens is primarily for academic and specialist readers.
8229437,5686,"Imperialism, Reform and the Making of Englishness in Jane Eyre",,niche,0.99,"This is literary criticism focused on Jane Eyre and imperialism, clearly for an academic audience."
8240677,5691,"Fiction, Philosophy and the Ideal of Conversation",,niche,0.96,Philosophy and literary theory language makes this a specialist critical study for an academic audience.
8258248,5695,Great Alignment,"Race, Party Transformation, and the Rise of Donald Trump",mainstream,0.74,"Trump, race, and party transformation give it broad contemporary relevance, but the subtitle is still scholarly and more trade-nonfiction than mass-market pop."
8265027,5702,"Alfred Poland, George Elt and the Victorian Discovery of Poland Syndrome",,niche,0.98,Medical-historical title about the discovery of Poland syndrome; this is clearly for a specialist academic audience.
8276068,5704,"Punishment, Labour and the Legitimation of Power",,niche,0.99,"Abstract, theoretical wording about punishment, labor, and power is characteristic of academic social theory or criminology."
8277687,5706,Earliest Relationship,"Parents, Infants, and the Drama of Early Attachment",mainstream,0.76,"Accessible parenting/psychology framing, but with a more substantive attachment-theory angle."
8292038,5717,"Race, Regret, and the Reassurance of Love",,mainstream,0.71,"Emotionally resonant, literary-sounding title with broad appeal, but it reads more like trade fiction/literary nonfiction than mass-market pop."
8353577,5735,"SARS, Governance and the Globalization of Disease",,niche,0.97,"SARS, governance, and disease globalization is clearly a public-health/political-science topic aimed at specialists and students."
8381141,5740,Civic Talk,"Peers, Politics, and the Future of Democracy",mainstream,0.74,"Accessible political title about democracy and peers, with a broad civic theme that could reach general trade and book-club readers."
8393965,5748,Lest Devon Forgets,"Service, Sacrifice and the Creation of Great War Memorials",niche,0.96,"A Devon-specific memorials book is strongly local-interest and commemorative, with a narrow natural readership."
8431093,5760,A Mighty Baptism,"Race, Gender, and the Creation of American Protestantism",niche,0.92,A historical study of American Protestantism with race and gender framing suggests academic or specialist history readership.
8444427,5770,"Smart Cities, Citizen Welfare, and the Implementation of Sustainable Development Goals",,niche,0.99,"Policy/urban-studies terminology like ""Smart Cities,"" ""Citizen Welfare,"" and ""Sustainable Development Goals"" points to a specialist academic or professional audience."
8454004,5771,"Malicious Objects, Anger Management, and the Question of Modern Literature",,niche,0.97,Academic literary criticism; the abstract phrasing and scholarly focus on modern literature signal a specialist audience.
8521621,5791,Love in a time of AIDS,"women, health, and the challenge of HIV",mainstream,0.68,The AIDS/HIV theme and accessible framing give it broader public-interest appeal despite a serious subject.
8563526,5811,Fictitious Capital,"Silk, Cotton, and the Rise of the Arabic Novel",niche,0.96,Literary history of the Arabic novel with specialized cultural context is aimed at academic and serious literary readers.
8633650,5851,"Underdevelopment, development and the future of Africa",,niche,0.98,"Development studies title about Africa's underdevelopment and future, aimed at policy, academic, or regional specialists."
8687914,5874,"Public Procurement, Corruption and the Crisis of Governance in Africa",,niche,0.99,"Public procurement, corruption, and governance in Africa reads as policy/area-studies scholarship for a defined academic audience."
8698116,5876,"Geopolitics, Trade Blocks, and the Fragmentation of World Commerce",,niche,0.95,Looks like an economics or international relations scholarly treatment of trade blocs and global commerce.
8715944,5883,"Jay Treaty Debate, Public Opinion, and the Evolution of Early American Political Culture",,niche,0.99,Heavy historical scholarship framing a specific debate and its implications for early American political culture is academic and narrow.
8742181,5894,"Law, economics and the legacy of Chicago",,niche,0.98,Law and economics plus Chicago legacy signals an academic or professional economics/law readership.
8744762,5895,Just Words,"Lillian Hellman, Mary McCarthy, and the Failure of Public Conversation in America",mainstream,0.84,A literary-historical treatment of Hellman and McCarthy with a broad cultural argument fits general trade and book-club readership.
8804847,5920,Declared Defective,"Native Americans, Eugenics, and the Myth of Nam Hollow",niche,0.96,Native American history plus eugenics and a local place reference points to scholarly or regional-interest nonfiction with a limited natural audience.
8868201,5946,Stairway to the Stars,"Sufism, Gurdjieff and the Inner Tradition of Mankind",niche,0.97,Sufism and Gurdjieff indicate an esoteric spiritual/religious niche with limited general-market reach.
8896133,5969,Greening of Costa Rica,"Women, Peasants, Indigenous Peoples, and the Remaking of Nature",niche,0.98,"A detailed environmental and social history of Costa Rica focused on women, peasants, and Indigenous peoples points to academic niche readership."
8935291,5986,"Logic, Language, and the Structure of Scientific Theories",,niche,0.99,Philosophy of science/logic title with technical terms; strongly academic and course-adoption oriented.
8943522,5990,Fantasies of the Master Race,"Literature, Cinema and the Colonization of American Indians",niche,0.98,"Critical analysis of literature, cinema, and colonization of American Indians is a scholarly/postcolonial studies book with a defined academic market."
9016020,6007,"Adequacy, Accountability, and the Future of Public Education Funding",,niche,0.96,"Education finance policy language ('adequacy,' 'accountability') indicates a specialist policy or academic market."
9032539,6013,Lowcountry Daytrips,"Plantations, Gardens, and a Natural History of the Charleston Region",niche,0.89,"A regional day-trip and local-history guide to the Charleston lowcountry, appealing mainly to travelers and local-interest readers."
9035456,6014,Men writing the feminine,"literature, theory, and the question of genders",niche,0.95,Literature theory and gender studies signal a scholarly critical work with a defined academic audience.
9043737,6018,Virtues of Ignorance,"Complexity, Sustainability, and the Limits of Knowledge",niche,0.96,"Abstract, theory-driven treatment of complexity and sustainability that reads like philosophy or academic environmental studies."
9130683,6046,"Bede, archaeology, and the cult of relics",,niche,0.98,"Medieval studies title referencing Bede, archaeology, and relic cults is highly specialized and scholarly."
9150582,6054,Dawkins' God,"Genes, Memes, and the Meaning of Life",pop,0.84,"Uses a well-known public intellectual reference and a big-idea subtitle about genes, memes, and meaning of life, which has broad pop-science appeal."
9174889,6064,Naked Draftsman,"Life Drawing, Nudity and the Function of Clothing",niche,0.95,An art/life-drawing and theory-driven subtitle suggests a specialist or art-school readership.
9275979,6092,Twins,"genes, environment and the mystery of human identity",pop,0.84,"Twins plus genes, environment, and human identity signals accessible popular science with broad curiosity appeal beyond a specialist readership."
9290603,6100,"F. A. Smitt, Marine Bryozoa, and the Introduction of Darwin into Sweden",,niche,0.99,"The combination of a named scientist, marine bryozoa, and Darwin's introduction into Sweden is unmistakably specialist scientific/history-of-science material."
9348774,6116,Hostes,"Hospitality, Femininity, and the Expropriation of Identity",niche,0.99,"Highly theoretical language about hospitality, femininity, and identity points to academic gender/cultural studies readership."
9367541,6121,"Britain, France, and the Financing of the First World War",,niche,0.98,"This is a specialized historical study of war finance, which naturally fits academic history and research-library audiences."
9375049,6125,Convinced That God Had Called Us,"Dreams, Visions, and the Perception of God's Will in Luke-Acts",niche,0.98,Biblical studies on Luke-Acts and divine guidance is theological scholarship for a defined readership.
9396962,6137,Assessing Dynamics of Democratisation,"Transformative Politics, New Institutions, and the Case of Indonesia",niche,0.97,"Political science/institutional analysis of democratization, framed as a case study of Indonesia for a specialist readership."
9398631,6138,"Epistemology, Knowledge and the Impact of Interaction",,niche,0.99,"Epistemology is a philosophy subfield, and the phrasing is distinctly academic, indicating a specialist audience."
9424915,6147,Scholastic Affect,"Gender, Maternity and the History of Emotions",niche,0.99,"Academic phrasing about gender, maternity, and the history of emotions signals a scholarly humanities audience."
9426179,6150,"Corporate Power, Class Conflict, and the Crisis of the New Globalization",,niche,0.97,Political economy and globalization language signals a specialist academic or policy readership.
9484828,6166,Building a Civil Society,"Associations, Public Life, and the Origins of Modern Italy",niche,0.98,"This is an academic historical analysis of civil society and modern Italy, not a broad commercial title."
9487147,6168,And Who Is My Neighbor?,"Poverty, Privilege, and the Gospel of Christ",niche,0.95,"Explicitly religious and theological in tone, suggesting a Christian or ministry-oriented audience rather than a general trade market."
9512254,6177,"Culture, Technology, and the Creation of America's National Parks",,mainstream,0.69,"A cultural history of America’s national parks has broad public appeal and an accessible historical hook, even if likely trade nonfiction."
9512890,6179,Little Theologians,"Children, Culture, and the Making of Theological Meaning",niche,0.96,Theological meaning and children/culture suggest a specialized religious-studies audience.
9597932,6206,"Arms, Indians, and the mismanagement of New Mexico",,niche,0.98,"A highly specific regional history title with an academic tone, likely for historians and local-interest readers."
9627151,6213,"Islam, Fundamentalism and the Betrayal of Tradition",,niche,0.96,"This is framed as a religion/culture critique with a formal, argumentative scholarly tone, suggesting a specialist audience."
9641887,6221,"Cyber Noodles, Orphan Nukes and the Failure of the US National Security State",,mainstream,0.66,"The title is catchy and high-concept, with a broad political hook, though the subject still leans toward serious policy nonfiction."
9646869,6222,Five Fires,"Race, Catastrophe, and the Shaping of California",mainstream,0.81,"Race, catastrophe, and California is a broad, topical historical nonfiction hook with public-facing appeal beyond a specialist audience."
9657753,6225,"Islam, Science, and the Challenge of History",,niche,0.98,"Scholarly framing around Islam, science, and history signals an academic/religious-studies monograph rather than a general trade book."
9691919,6232,"Popper, Otto Selz and the Rise of Evolutionary Epistemology",,niche,0.98,"Academic history of philosophy/epistemology centered on Popper and Otto Selz, clearly specialist-oriented."
9733301,6239,Safetyfication of Education,"Neoliberalism, Psychopolitics and the End of Critical Education",niche,0.99,Highly theoretical education jargon and academic framing signal a scholarly audience in critical education studies.
9746810,6244,"Digital Transformation, Industry Use Cases, and the Impact of Disruptive Technologies",,niche,0.98,"Corporate/technology management topic with jargon-heavy framing around digital transformation and disruptive technologies, suited to professional or academic readers."
9749099,6247,"Prisons, Punishment and the Pursuit of Security",,niche,0.94,Criminology and security studies title with policy/academic framing; likely for scholarly readers and libraries.
9774430,6255,Focus,"Music, Nationalism, and the Making of the New Europe",niche,0.95,"Music, nationalism, and modern Europe reads like scholarly cultural history aimed at specialists and library buyers."
9862792,6293,Reckoning,"Debt, Democracy, and the Future of American Power",mainstream,0.78,"Broad political/economic framing with a clear public-interest hook, but it reads more like serious current affairs than mass-market pop."
9888390,6301,Images of Occupation in Dutch Film,"Memory, Myth and the Cultural Legacy of War",niche,0.98,"Film-studies and memory-history treatment of Dutch occupation imagery, which is specialist academic territory."
9891163,6305,"Privatization, Corporate Governance and the Emergence of Markets",,niche,0.96,"Economics/business concepts like privatization, corporate governance, and market emergence strongly suggest a scholarly or professional audience."
9901844,6308,"Conspirators, Assassins, and the Death of Abraham Lincoln",,pop,0.88,"Abraham Lincoln plus conspirators and assassins creates a vivid, suspenseful hook that is broadly legible to casual readers."
9947734,6325,"Fiscal Policy, Public Debt and the Term Structure of Interest Rates",,niche,0.99,"Fiscal policy, public debt, and interest-rate term structure are finance/economics topics aimed at economists and practitioners."
9974720,6333,Defining America in the Radical 1760s,"John Dickinson, George III and the Fate of Empire",mainstream,0.68,"A historical title about America, empire, and the 1760s has broad nonfiction appeal, though it remains scholarly."
9974913,6334,Technology for Modelling,"Electrical Analogies, Engineering Practice, and the Development of Analogue Computing",niche,0.98,"Engineering practice and analogue computing are technical, specialist topics with clear practitioner and academic appeal."
10028863,6349,"Fish, fishing and the meaning of life",,mainstream,0.74,"A reflective, accessible title with a humanistic hook; it feels book-club or general trade rather than specialist."
10084240,6364,The hubris syndrome,"Bush, Blair and the intoxication of power",mainstream,0.74,"Political bestseller-style nonfiction about Bush and Blair with a catchy concept, but still more public-affairs than mass pop."
10175624,6394,Inner Experience of the Chinese People,"Globalization, Social Transformation, and the Evolution of Social Mentality",niche,0.97,"The title and subtitle point to a specialized social-science/China studies work on social mentality and globalization, which is primarily academic."
10183895,6398,"Basic Education, Poverty Reduction and the Realisation of Equality in Northern Uganda",,niche,0.95,"Education policy and poverty-reduction in Northern Uganda is highly specific, research-oriented, and regionally focused."
10190197,6401,Most Extraordinary Ride,"Space, Politics, and the Pursuit of a Canadian Dream",mainstream,0.77,"A readable narrative nonfiction title about space, politics, and a national dream; accessible to general trade readers, though the Canadian angle narrows it a bit."
10304395,6446,Higher Ground,"Stevie Wonder, Aretha Franklin, Curtis Mayfield, and the Rise and Fall of American Soul",mainstream,0.84,"Well-known soul musicians and a cultural-history frame make this broadly accessible, though more substantial than mass-market pop."
10315496,6449,"Robots, Ethics and the Future of Jobs",,pop,0.9,"Clear, high-concept topic with broad consumer appeal: robots, ethics, and jobs is instantly legible pop nonfiction."
10370310,6470,Great Escape,"Health, Wealth, and the Origins of Inequality",mainstream,0.8,"'Great Escape' is a catchy, broadly legible hook, but the subject—health, wealth, and inequality—is serious trade nonfiction rather than pure pop."
10416367,6484,"Religion, Society, and the Meaning of Life",,mainstream,0.62,"Religion, Society, and the Meaning of Life is broad and legible to general readers, though it still sounds like a reflective nonfiction or philosophy title rather than pop self-help."
10417818,6485,"Risk, Hazard and the Potential of Crime",,niche,0.96,"The title uses technical criminology language around risk and hazard, indicating a specialist academic or professional readership."
10430561,6487,"France, NATO and the Limits of Independence",,niche,0.97,"International relations/history topic with a focused France-NATO angle, suited to academic and policy readers."
10463109,6498,"India, Habermas and the Normative Structure of Public Sphere",,niche,0.99,Dense theory-and-politics phrasing centered on Habermas and the public sphere signals a scholarly audience.
10487934,6508,"Consciousness, Brain Evolution and the Atomic Science of Minds",,niche,0.97,Philosophy/neuroscience style title about consciousness and brain evolution points to a scholarly audience.
10621149,6546,"Intelligibility, Oral Communication, and the Teaching of Pronunciation",,niche,0.99,Technical applied-linguistics/teacher-training topic about pronunciation pedagogy; natural audience is specialists and educators.
10622939,6549,"Linnaeus, Natural History and the Circulation of Knowledge",,niche,0.94,"A scholarly history-of-science title about Linnaeus and knowledge circulation, aimed at academic readers."
10715815,6582,Not So Sorry,"Abusers, False Apologies, and the Limits of Forgiveness",pop,0.92,"A clear, topical social-issue title about abuse, apology, and forgiveness with broad self-help appeal."
10815466,6619,"Britain, Germany and the Future of the European Union",,mainstream,0.62,"A current-affairs/politics title on Britain, Germany, and the EU that could appeal to general trade readers, though still fairly policy-focused."
10852589,6630,Oceans 2020,"Science, Trends, and the Challenge of Sustainability",niche,0.97,"The report-style subtitle ('Science, Trends, and the Challenge of Sustainability') signals a technical or policy-oriented audience, likely specialist or institutional."
10859682,6632,"Life, Love and the Pursuit of Happiness",,pop,0.74,"Broad, uplifting, instantly legible phrase that suggests self-help or inspirational nonfiction with mass appeal."
10868720,6639,Rational Southerner,"Black Mobilization, Republican Growth, and the Partisan Transformation of the American South",niche,0.96,A political history/analysis subtitle with specialist framing around Southern party realignment; reads like academic monograph rather than trade general-interest.
10939821,6661,"Rehabilitation Engineering, Assistive Technologies and the Future of Healthcare Using Robotics",,niche,0.99,"Technical healthcare engineering and robotics language points to professional, academic, or practitioner readers."
10942195,6664,"Households, Sects, and the Origins of Rabbinic Judaism",,niche,0.98,Specific religious studies topic about rabbinic Judaism origins; natural market is academic or specialist library use.
10951808,6667,Diplomacy and the Modern Novel,"France, Britain, and the Mission of Literature",niche,0.98,"A literary-studies title about diplomacy and the modern novel clearly targets scholars, students, and specialist readers."
10979300,6677,"Journalism, Online Comments, and the Future of Public Discourse",,niche,0.97,Media studies topic with a research-oriented title that would mostly attract scholars and practitioners.
10980640,6678,"Media, Family Interaction and the Digitalisation of Childhood",,niche,0.98,"A research-style social science title about media, family interaction, and digital childhood is clearly academic/specialist."
11007267,6688,"Life, liberty, and the pursuit of holiness",,niche,0.93,"Religious-philosophical phrasing suggests a theology or faith-studies audience, not mass-market nonfiction."
